season,round,race_name,circuit_id,race_date,driver_id,driver_code,constructor_id,finish_position,grid_position,status,quali_position,driver_prev_season_pts,driver_prev_season_pos,driver_prev_season_wins,constr_prev_season_pts,constr_prev_season_pos,constr_prev_season_wins,driver_avg_finish_l5,driver_avg_finish_l10,driver_dnf_rate_l10,constr_avg_finish_l5,circuit_avg_finish,circuit_appearances,circuit_podium_rate,season_round,season_year
2010,1,Bahrain Grand Prix,bahrain,2010-03-14,alonso,ALO,ferrari,1,3,Finished,3.0,0.0,20.0,0.0,0.0,10.0,0.0,11.0,11.0,0.1,6.0,11.0,0,0.0,1,2010
2010,1,Bahrain Grand Prix,bahrain,2010-03-14,massa,MAS,ferrari,2,2,Finished,2.0,0.0,20.0,0.0,0.0,10.0,0.0,11.0,11.0,0.1,6.0,11.0,0,0.0,1,2010
2010,1,Bahrain Grand Prix,bahrain,2010-03-14,hamilton,HAM,mclaren,3,4,Finished,4.0,0.0,20.0,0.0,0.0,10.0,0.0,11.0,11.0,0.1,6.0,11.0,0,0.0,1,2010
2010,1,Bahrain Grand Prix,bahrain,2010-03-14,vettel,VET,red_bull,4,1,Finished,1.0,0.0,20.0,0.0,0.0,10.0,0.0,11.0,11.0,0.1,6.0,11.0,0,0.0,1,2010
2010,1,Bahrain Grand Prix,bahrain,2010-03-14,rosberg,ROS,mercedes,5,5,Finished,5.0,0.0,20.0,0.0,0.0,10.0,0.0,11.0,11.0,0.1,6.0,11.0,0,0.0,1,2010
2010,1,Bahrain Grand Prix,bahrain,2010-03-14,michael_schumacher,MSC,mercedes,6,7,Finished,7.0,0.0,20.0,0.0,0.0,10.0,0.0,11.0,11.0,0.1,6.0,11.0,0,0.0,1,2010
2010,1,Bahrain Grand Prix,bahrain,2010-03-14,button,BUT,mclaren,7,8,Finished,8.0,0.0,20.0,0.0,0.0,10.0,0.0,11.0,11.0,0.1,6.0,11.0,0,0.0,1,2010
2010,1,Bahrain Grand Prix,bahrain,2010-03-14,webber,WEB,red_bull,8,6,Finished,6.0,0.0,20.0,0.0,0.0,10.0,0.0,11.0,11.0,0.1,6.0,11.0,0,0.0,1,2010
2010,1,Bahrain Grand Prix,bahrain,2010-03-14,liuzzi,LIU,force_india,9,12,Finished,12.0,0.0,20.0,0.0,0.0,10.0,0.0,11.0,11.0,0.1,6.0,11.0,0,0.0,1,2010
2010,1,Bahrain Grand Prix,bahrain,2010-03-14,barrichello,BAR,williams,10,11,Finished,11.0,0.0,20.0,0.0,0.0,10.0,0.0,11.0,11.0,0.1,6.0,11.0,0,0.0,1,2010
2010,1,Bahrain Grand Prix,bahrain,2010-03-14,kubica,KUB,renault,11,9,Finished,9.0,0.0,20.0,0.0,0.0,10.0,0.0,11.0,11.0,0.1,6.0,11.0,0,0.0,1,2010
2010,1,Bahrain Grand Prix,bahrain,2010-03-14,sutil,SUT,force_india,12,10,Finished,10.0,0.0,20.0,0.0,0.0,10.0,0.0,11.0,11.0,0.1,6.0,11.0,0,0.0,1,2010
2010,1,Bahrain Grand Prix,bahrain,2010-03-14,alguersuari,ALG,toro_rosso,13,18,Finished,18.0,0.0,20.0,0.0,0.0,10.0,0.0,11.0,11.0,0.1,6.0,11.0,0,0.0,1,2010
2010,1,Bahrain Grand Prix,bahrain,2010-03-14,hulkenberg,HUL,williams,14,13,+1 Lap,13.0,0.0,20.0,0.0,0.0,10.0,0.0,11.0,11.0,0.1,6.0,11.0,0,0.0,1,2010
2010,1,Bahrain Grand Prix,bahrain,2010-03-14,kovalainen,KOV,lotus_racing,15,21,+2 Laps,21.0,0.0,20.0,0.0,0.0,10.0,0.0,11.0,11.0,0.1,6.0,11.0,0,0.0,1,2010
2010,1,Bahrain Grand Prix,bahrain,2010-03-14,buemi,BUE,toro_rosso,16,15,Electrical,15.0,0.0,20.0,0.0,0.0,10.0,0.0,11.0,11.0,0.1,6.0,11.0,0,0.0,1,2010
2010,1,Bahrain Grand Prix,bahrain,2010-03-14,trulli,TRU,lotus_racing,17,20,Hydraulics,20.0,0.0,20.0,0.0,0.0,10.0,0.0,11.0,11.0,0.1,6.0,11.0,0,0.0,1,2010
2010,1,Bahrain Grand Prix,bahrain,2010-03-14,rosa,DLR,sauber,18,14,Hydraulics,14.0,0.0,20.0,0.0,0.0,10.0,0.0,11.0,11.0,0.1,6.0,11.0,0,0.0,1,2010
2010,1,Bahrain Grand Prix,bahrain,2010-03-14,bruno_senna,SEN,hrt,19,23,Overheating,23.0,0.0,20.0,0.0,0.0,10.0,0.0,11.0,11.0,0.1,6.0,11.0,0,0.0,1,2010
2010,1,Bahrain Grand Prix,bahrain,2010-03-14,glock,GLO,virgin,20,19,Gearbox,19.0,0.0,20.0,0.0,0.0,10.0,0.0,11.0,11.0,0.1,6.0,11.0,0,0.0,1,2010
2010,1,Bahrain Grand Prix,bahrain,2010-03-14,petrov,PET,renault,21,17,Suspension,17.0,0.0,20.0,0.0,0.0,10.0,0.0,11.0,11.0,0.1,6.0,11.0,0,0.0,1,2010
2010,1,Bahrain Grand Prix,bahrain,2010-03-14,kobayashi,KOB,sauber,22,16,Hydraulics,16.0,0.0,20.0,0.0,0.0,10.0,0.0,11.0,11.0,0.1,6.0,11.0,0,0.0,1,2010
2010,1,Bahrain Grand Prix,bahrain,2010-03-14,grassi,DIG,virgin,23,22,Hydraulics,22.0,0.0,20.0,0.0,0.0,10.0,0.0,11.0,11.0,0.1,6.0,11.0,0,0.0,1,2010
2010,1,Bahrain Grand Prix,bahrain,2010-03-14,chandhok,CHA,hrt,24,24,Accident,24.0,0.0,20.0,0.0,0.0,10.0,0.0,11.0,11.0,0.1,6.0,11.0,0,0.0,1,2010
2010,2,Australian Grand Prix,albert_park,2010-03-28,button,BUT,mclaren,1,4,Finished,4.0,0.0,20.0,0.0,0.0,10.0,0.0,7.0,7.0,0.0,3.0,11.0,0,0.0,2,2010
2010,2,Australian Grand Prix,albert_park,2010-03-28,kubica,KUB,renault,2,9,Finished,9.0,0.0,20.0,0.0,0.0,10.0,0.0,11.0,11.0,0.0,11.0,11.0,0,0.0,2,2010
2010,2,Australian Grand Prix,albert_park,2010-03-28,massa,MAS,ferrari,3,5,Finished,5.0,0.0,20.0,0.0,0.0,10.0,0.0,2.0,2.0,0.0,1.0,11.0,0,0.0,2,2010
2010,2,Australian Grand Prix,albert_park,2010-03-28,alonso,ALO,ferrari,4,3,Finished,3.0,0.0,20.0,0.0,0.0,10.0,0.0,1.0,1.0,0.0,1.0,11.0,0,0.0,2,2010
2010,2,Australian Grand Prix,albert_park,2010-03-28,rosberg,ROS,mercedes,5,6,Finished,6.0,0.0,20.0,0.0,0.0,10.0,0.0,5.0,5.0,0.0,5.0,11.0,0,0.0,2,2010
2010,2,Australian Grand Prix,albert_park,2010-03-28,hamilton,HAM,mclaren,6,11,Finished,11.0,0.0,20.0,0.0,0.0,10.0,0.0,3.0,3.0,0.0,3.0,11.0,0,0.0,2,2010
2010,2,Australian Grand Prix,albert_park,2010-03-28,liuzzi,LIU,force_india,7,13,Finished,13.0,0.0,20.0,0.0,0.0,10.0,0.0,9.0,9.0,0.0,9.0,11.0,0,0.0,2,2010
2010,2,Australian Grand Prix,albert_park,2010-03-28,barrichello,BAR,williams,8,8,Finished,8.0,0.0,20.0,0.0,0.0,10.0,0.0,10.0,10.0,0.0,10.0,11.0,0,0.0,2,2010
2010,2,Australian Grand Prix,albert_park,2010-03-28,webber,WEB,red_bull,9,2,Finished,2.0,0.0,20.0,0.0,0.0,10.0,0.0,8.0,8.0,0.0,4.0,11.0,0,0.0,2,2010
2010,2,Australian Grand Prix,albert_park,2010-03-28,michael_schumacher,MSC,mercedes,10,7,Finished,7.0,0.0,20.0,0.0,0.0,10.0,0.0,6.0,6.0,0.0,5.0,11.0,0,0.0,2,2010
2010,2,Australian Grand Prix,albert_park,2010-03-28,alguersuari,ALG,toro_rosso,11,17,Finished,17.0,0.0,20.0,0.0,0.0,10.0,0.0,13.0,13.0,0.0,13.0,11.0,0,0.0,2,2010
2010,2,Australian Grand Prix,albert_park,2010-03-28,rosa,DLR,sauber,12,14,Finished,14.0,0.0,20.0,0.0,0.0,10.0,0.0,18.0,18.0,1.0,18.0,11.0,0,0.0,2,2010
2010,2,Australian Grand Prix,albert_park,2010-03-28,kovalainen,KOV,lotus_racing,13,19,+2 Laps,19.0,0.0,20.0,0.0,0.0,10.0,0.0,15.0,15.0,0.0,15.0,11.0,0,0.0,2,2010
2010,2,Australian Grand Prix,albert_park,2010-03-28,chandhok,CHA,hrt,14,22,+5 Laps,24.0,0.0,20.0,0.0,0.0,10.0,0.0,24.0,24.0,1.0,19.0,11.0,0,0.0,2,2010
2010,2,Australian Grand Prix,albert_park,2010-03-28,glock,GLO,virgin,15,23,Suspension,21.0,0.0,20.0,0.0,0.0,10.0,0.0,20.0,20.0,1.0,20.0,11.0,0,0.0,2,2010
2010,2,Australian Grand Prix,albert_park,2010-03-28,grassi,DIG,virgin,16,24,Hydraulics,22.0,0.0,20.0,0.0,0.0,10.0,0.0,23.0,23.0,1.0,20.0,11.0,0,0.0,2,2010
2010,2,Australian Grand Prix,albert_park,2010-03-28,vettel,VET,red_bull,17,1,Wheel,1.0,0.0,20.0,0.0,0.0,10.0,0.0,4.0,4.0,0.0,4.0,11.0,0,0.0,2,2010
2010,2,Australian Grand Prix,albert_park,2010-03-28,sutil,SUT,force_india,18,10,Engine,10.0,0.0,20.0,0.0,0.0,10.0,0.0,12.0,12.0,0.0,9.0,11.0,0,0.0,2,2010
2010,2,Australian Grand Prix,albert_park,2010-03-28,petrov,PET,renault,19,18,Spun off,18.0,0.0,20.0,0.0,0.0,10.0,0.0,21.0,21.0,1.0,11.0,11.0,0,0.0,2,2010
2010,2,Australian Grand Prix,albert_park,2010-03-28,bruno_senna,SEN,hrt,20,21,Hydraulics,23.0,0.0,20.0,0.0,0.0,10.0,0.0,19.0,19.0,1.0,19.0,11.0,0,0.0,2,2010
2010,2,Australian Grand Prix,albert_park,2010-03-28,buemi,BUE,toro_rosso,21,12,Collision,12.0,0.0,20.0,0.0,0.0,10.0,0.0,16.0,16.0,1.0,13.0,11.0,0,0.0,2,2010
2010,2,Australian Grand Prix,albert_park,2010-03-28,hulkenberg,HUL,williams,22,15,Collision,15.0,0.0,20.0,0.0,0.0,10.0,0.0,14.0,14.0,0.0,10.0,11.0,0,0.0,2,2010
2010,2,Australian Grand Prix,albert_park,2010-03-28,kobayashi,KOB,sauber,23,16,Collision,16.0,0.0,20.0,0.0,0.0,10.0,0.0,22.0,22.0,1.0,18.0,11.0,0,0.0,2,2010
2010,2,Australian Grand Prix,albert_park,2010-03-28,trulli,TRU,lotus_racing,24,20,Hydraulics,20.0,0.0,20.0,0.0,0.0,10.0,0.0,17.0,17.0,1.0,15.0,11.0,0,0.0,2,2010
2010,3,Malaysian Grand Prix,sepang,2010-04-04,vettel,VET,red_bull,1,3,Finished,3.0,0.0,20.0,0.0,0.0,10.0,0.0,10.5,10.5,0.5,6.5,11.0,0,0.0,3,2010
2010,3,Malaysian Grand Prix,sepang,2010-04-04,webber,WEB,red_bull,2,1,Finished,1.0,0.0,20.0,0.0,0.0,10.0,0.0,8.5,8.5,0.0,6.5,11.0,0,0.0,3,2010
2010,3,Malaysian Grand Prix,sepang,2010-04-04,rosberg,ROS,mercedes,3,2,Finished,2.0,0.0,20.0,0.0,0.0,10.0,0.0,5.0,5.0,0.0,5.0,11.0,0,0.0,3,2010
2010,3,Malaysian Grand Prix,sepang,2010-04-04,kubica,KUB,renault,4,6,Finished,6.0,0.0,20.0,0.0,0.0,10.0,0.0,6.5,6.5,0.0,6.5,11.0,0,0.0,3,2010
2010,3,Malaysian Grand Prix,sepang,2010-04-04,sutil,SUT,force_india,5,4,Finished,4.0,0.0,20.0,0.0,0.0,10.0,0.0,15.0,15.0,0.5,8.0,11.0,0,0.0,3,2010
2010,3,Malaysian Grand Prix,sepang,2010-04-04,hamilton,HAM,mclaren,6,20,Finished,20.0,0.0,20.0,0.0,0.0,10.0,0.0,4.5,4.5,0.0,2.0,11.0,0,0.0,3,2010
2010,3,Malaysian Grand Prix,sepang,2010-04-04,massa,MAS,ferrari,7,21,Finished,21.0,0.0,20.0,0.0,0.0,10.0,0.0,2.5,2.5,0.0,2.0,11.0,0,0.0,3,2010
2010,3,Malaysian Grand Prix,sepang,2010-04-04,button,BUT,mclaren,8,17,Finished,17.0,0.0,20.0,0.0,0.0,10.0,0.0,4.0,4.0,0.0,2.0,11.0,0,0.0,3,2010
2010,3,Malaysian Grand Prix,sepang,2010-04-04,alguersuari,ALG,toro_rosso,9,14,Finished,14.0,0.0,20.0,0.0,0.0,10.0,0.0,12.0,12.0,0.0,12.0,11.0,0,0.0,3,2010
2010,3,Malaysian Grand Prix,sepang,2010-04-04,hulkenberg,HUL,williams,10,5,Finished,5.0,0.0,20.0,0.0,0.0,10.0,0.0,18.0,18.0,0.5,9.0,11.0,0,0.0,3,2010
2010,3,Malaysian Grand Prix,sepang,2010-04-04,buemi,BUE,toro_rosso,11,13,Finished,13.0,0.0,20.0,0.0,0.0,10.0,0.0,18.5,18.5,1.0,12.0,11.0,0,0.0,3,2010
2010,3,Malaysian Grand Prix,sepang,2010-04-04,barrichello,BAR,williams,12,7,+1 Lap,7.0,0.0,20.0,0.0,0.0,10.0,0.0,9.0,9.0,0.0,9.0,11.0,0,0.0,3,2010
2010,3,Malaysian Grand Prix,sepang,2010-04-04,alonso,ALO,ferrari,13,19,Engine,19.0,0.0,20.0,0.0,0.0,10.0,0.0,2.5,2.5,0.0,2.0,11.0,0,0.0,3,2010
2010,3,Malaysian Grand Prix,sepang,2010-04-04,grassi,DIG,virgin,14,24,+3 Laps,24.0,0.0,20.0,0.0,0.0,10.0,0.0,19.5,19.5,1.0,17.5,11.0,0,0.0,3,2010
2010,3,Malaysian Grand Prix,sepang,2010-04-04,chandhok,CHA,hrt,15,22,+3 Laps,22.0,0.0,20.0,0.0,0.0,10.0,0.0,19.0,19.0,0.5,16.5,11.0,0,0.0,3,2010
2010,3,Malaysian Grand Prix,sepang,2010-04-04,bruno_senna,SEN,hrt,16,23,+4 Laps,23.0,0.0,20.0,0.0,0.0,10.0,0.0,19.5,19.5,1.0,16.5,11.0,0,0.0,3,2010
2010,3,Malaysian Grand Prix,sepang,2010-04-04,trulli,TRU,lotus_racing,17,18,+5 Laps,18.0,0.0,20.0,0.0,0.0,10.0,0.0,20.5,20.5,1.0,14.0,11.0,0,0.0,3,2010
2010,3,Malaysian Grand Prix,sepang,2010-04-04,kovalainen,KOV,lotus_racing,18,15,+10 Laps,15.0,0.0,20.0,0.0,0.0,10.0,0.0,14.0,14.0,0.0,14.0,11.0,0,0.0,3,2010
2010,3,Malaysian Grand Prix,sepang,2010-04-04,petrov,PET,renault,19,11,Gearbox,11.0,0.0,20.0,0.0,0.0,10.0,0.0,20.0,20.0,1.0,6.5,11.0,0,0.0,3,2010
2010,3,Malaysian Grand Prix,sepang,2010-04-04,liuzzi,LIU,force_india,20,10,Throttle,10.0,0.0,20.0,0.0,0.0,10.0,0.0,8.0,8.0,0.0,8.0,11.0,0,0.0,3,2010
2010,3,Malaysian Grand Prix,sepang,2010-04-04,michael_schumacher,MSC,mercedes,21,8,Wheel,8.0,0.0,20.0,0.0,0.0,10.0,0.0,8.0,8.0,0.0,5.0,11.0,0,0.0,3,2010
2010,3,Malaysian Grand Prix,sepang,2010-04-04,kobayashi,KOB,sauber,22,9,Engine,9.0,0.0,20.0,0.0,0.0,10.0,0.0,22.5,22.5,1.0,15.0,11.0,0,0.0,3,2010
2010,3,Malaysian Grand Prix,sepang,2010-04-04,glock,GLO,virgin,23,16,Spun off,16.0,0.0,20.0,0.0,0.0,10.0,0.0,17.5,17.5,1.0,17.5,11.0,0,0.0,3,2010
2010,3,Malaysian Grand Prix,sepang,2010-04-04,rosa,DLR,sauber,24,12,Engine,12.0,0.0,20.0,0.0,0.0,10.0,0.0,15.0,15.0,0.5,15.0,11.0,0,0.0,3,2010
2010,4,Chinese Grand Prix,shanghai,2010-04-18,button,BUT,mclaren,1,5,Finished,5.0,0.0,20.0,0.0,0.0,10.0,0.0,5.333333333333333,5.333333333333333,0.0,3.3333333333333335,11.0,0,0.0,4,2010
2010,4,Chinese Grand Prix,shanghai,2010-04-18,hamilton,HAM,mclaren,2,6,Finished,6.0,0.0,20.0,0.0,0.0,10.0,0.0,5.0,5.0,0.0,3.3333333333333335,11.0,0,0.0,4,2010
2010,4,Chinese Grand Prix,shanghai,2010-04-18,rosberg,ROS,mercedes,3,4,Finished,4.0,0.0,20.0,0.0,0.0,10.0,0.0,4.333333333333333,4.333333333333333,0.0,4.333333333333333,11.0,0,0.0,4,2010
2010,4,Chinese Grand Prix,shanghai,2010-04-18,alonso,ALO,ferrari,4,3,Finished,3.0,0.0,20.0,0.0,0.0,10.0,0.0,6.0,6.0,0.3333333333333333,3.6666666666666665,11.0,0,0.0,4,2010
2010,4,Chinese Grand Prix,shanghai,2010-04-18,kubica,KUB,renault,5,8,Finished,8.0,0.0,20.0,0.0,0.0,10.0,0.0,5.666666666666667,5.666666666666667,0.0,5.666666666666667,11.0,0,0.0,4,2010
2010,4,Chinese Grand Prix,shanghai,2010-04-18,vettel,VET,red_bull,6,1,Finished,1.0,0.0,20.0,0.0,0.0,10.0,0.0,7.333333333333333,7.333333333333333,0.3333333333333333,4.666666666666667,11.0,0,0.0,4,2010
2010,4,Chinese Grand Prix,shanghai,2010-04-18,petrov,PET,renault,7,14,Finished,14.0,0.0,20.0,0.0,0.0,10.0,0.0,19.666666666666668,19.666666666666668,1.0,5.666666666666667,11.0,0,0.0,4,2010
2010,4,Chinese Grand Prix,shanghai,2010-04-18,webber,WEB,red_bull,8,2,Finished,2.0,0.0,20.0,0.0,0.0,10.0,0.0,6.333333333333333,6.333333333333333,0.0,4.666666666666667,11.0,0,0.0,4,2010
2010,4,Chinese Grand Prix,shanghai,2010-04-18,massa,MAS,ferrari,9,7,Finished,7.0,0.0,20.0,0.0,0.0,10.0,0.0,4.0,4.0,0.0,3.6666666666666665,11.0,0,0.0,4,2010
2010,4,Chinese Grand Prix,shanghai,2010-04-18,michael_schumacher,MSC,mercedes,10,9,Finished,9.0,0.0,20.0,0.0,0.0,10.0,0.0,12.333333333333334,12.333333333333334,0.3333333333333333,4.333333333333333,11.0,0,0.0,4,2010
2010,4,Chinese Grand Prix,shanghai,2010-04-18,sutil,SUT,force_india,11,10,Finished,10.0,0.0,20.0,0.0,0.0,10.0,0.0,11.666666666666666,11.666666666666666,0.3333333333333333,7.0,11.0,0,0.0,4,2010
2010,4,Chinese Grand Prix,shanghai,2010-04-18,barrichello,BAR,williams,12,11,Finished,11.0,0.0,20.0,0.0,0.0,10.0,0.0,10.0,10.0,0.0,9.333333333333334,11.0,0,0.0,4,2010
2010,4,Chinese Grand Prix,shanghai,2010-04-18,alguersuari,ALG,toro_rosso,13,12,Finished,12.0,0.0,20.0,0.0,0.0,10.0,0.0,11.0,11.0,0.0,11.0,11.0,0,0.0,4,2010
2010,4,Chinese Grand Prix,shanghai,2010-04-18,kovalainen,KOV,lotus_racing,14,21,+1 Lap,21.0,0.0,20.0,0.0,0.0,10.0,0.0,15.333333333333334,15.333333333333334,0.0,15.0,11.0,0,0.0,4,2010
2010,4,Chinese Grand Prix,shanghai,2010-04-18,hulkenberg,HUL,williams,15,16,+1 Lap,16.0,0.0,20.0,0.0,0.0,10.0,0.0,15.333333333333334,15.333333333333334,0.3333333333333333,9.333333333333334,11.0,0,0.0,4,2010
2010,4,Chinese Grand Prix,shanghai,2010-04-18,bruno_senna,SEN,hrt,16,23,+2 Laps,23.0,0.0,20.0,0.0,0.0,10.0,0.0,18.333333333333332,18.333333333333332,0.6666666666666666,16.0,11.0,0,0.0,4,2010
2010,4,Chinese Grand Prix,shanghai,2010-04-18,chandhok,CHA,hrt,17,24,+4 Laps,24.0,0.0,20.0,0.0,0.0,10.0,0.0,17.666666666666668,17.666666666666668,0.3333333333333333,16.0,11.0,0,0.0,4,2010
2010,4,Chinese Grand Prix,shanghai,2010-04-18,trulli,TRU,lotus_racing,18,20,Hydraulics,20.0,0.0,20.0,0.0,0.0,10.0,0.0,19.333333333333332,19.333333333333332,0.6666666666666666,15.0,11.0,0,0.0,4,2010
2010,4,Chinese Grand Prix,shanghai,2010-04-18,grassi,DIG,virgin,19,22,Clutch,22.0,0.0,20.0,0.0,0.0,10.0,0.0,17.666666666666668,17.666666666666668,0.6666666666666666,16.333333333333332,11.0,0,0.0,4,2010
2010,4,Chinese Grand Prix,shanghai,2010-04-18,rosa,DLR,sauber,20,17,Technical,17.0,0.0,20.0,0.0,0.0,10.0,0.0,18.0,18.0,0.6666666666666666,17.333333333333332,11.0,0,0.0,4,2010
2010,4,Chinese Grand Prix,shanghai,2010-04-18,buemi,BUE,toro_rosso,21,13,Accident,13.0,0.0,20.0,0.0,0.0,10.0,0.0,16.0,16.0,0.6666666666666666,11.0,11.0,0,0.0,4,2010
2010,4,Chinese Grand Prix,shanghai,2010-04-18,kobayashi,KOB,sauber,22,15,Accident,15.0,0.0,20.0,0.0,0.0,10.0,0.0,22.333333333333332,22.333333333333332,1.0,17.333333333333332,11.0,0,0.0,4,2010
2010,4,Chinese Grand Prix,shanghai,2010-04-18,liuzzi,LIU,force_india,23,18,Accident,18.0,0.0,20.0,0.0,0.0,10.0,0.0,12.0,12.0,0.3333333333333333,7.0,11.0,0,0.0,4,2010
2010,4,Chinese Grand Prix,shanghai,2010-04-18,glock,GLO,virgin,24,19,Engine,19.0,0.0,20.0,0.0,0.0,10.0,0.0,19.333333333333332,19.333333333333332,1.0,16.333333333333332,11.0,0,0.0,4,2010
2010,5,Spanish Grand Prix,catalunya,2010-05-09,webber,WEB,red_bull,1,1,Finished,1.0,0.0,20.0,0.0,0.0,10.0,0.0,6.75,6.75,0.0,5.0,11.0,0,0.0,5,2010
2010,5,Spanish Grand Prix,catalunya,2010-05-09,alonso,ALO,ferrari,2,4,Finished,4.0,0.0,20.0,0.0,0.0,10.0,0.0,5.5,5.5,0.25,3.75,11.0,0,0.0,5,2010
2010,5,Spanish Grand Prix,catalunya,2010-05-09,vettel,VET,red_bull,3,2,Finished,2.0,0.0,20.0,0.0,0.0,10.0,0.0,7.0,7.0,0.25,5.0,11.0,0,0.0,5,2010
2010,5,Spanish Grand Prix,catalunya,2010-05-09,michael_schumacher,MSC,mercedes,4,6,Finished,6.0,0.0,20.0,0.0,0.0,10.0,0.0,11.75,11.75,0.25,4.0,11.0,0,0.0,5,2010
2010,5,Spanish Grand Prix,catalunya,2010-05-09,button,BUT,mclaren,5,5,Finished,5.0,0.0,20.0,0.0,0.0,10.0,0.0,4.25,4.25,0.0,2.75,11.0,0,0.0,5,2010
2010,5,Spanish Grand Prix,catalunya,2010-05-09,massa,MAS,ferrari,6,9,Finished,9.0,0.0,20.0,0.0,0.0,10.0,0.0,5.25,5.25,0.0,3.75,11.0,0,0.0,5,2010
2010,5,Spanish Grand Prix,catalunya,2010-05-09,sutil,SUT,force_india,7,11,Finished,11.0,0.0,20.0,0.0,0.0,10.0,0.0,11.5,11.5,0.25,8.0,11.0,0,0.0,5,2010
2010,5,Spanish Grand Prix,catalunya,2010-05-09,kubica,KUB,renault,8,7,Finished,7.0,0.0,20.0,0.0,0.0,10.0,0.0,5.5,5.5,0.0,5.5,11.0,0,0.0,5,2010
2010,5,Spanish Grand Prix,catalunya,2010-05-09,barrichello,BAR,williams,9,17,+1 Lap,17.0,0.0,20.0,0.0,0.0,10.0,0.0,10.5,10.5,0.0,10.0,11.0,0,0.0,5,2010
2010,5,Spanish Grand Prix,catalunya,2010-05-09,alguersuari,ALG,toro_rosso,10,15,+1 Lap,15.0,0.0,20.0,0.0,0.0,10.0,0.0,11.5,11.5,0.0,11.5,11.0,0,0.0,5,2010
2010,5,Spanish Grand Prix,catalunya,2010-05-09,petrov,PET,renault,11,19,+1 Lap,19.0,0.0,20.0,0.0,0.0,10.0,0.0,16.5,16.5,0.75,5.5,11.0,0,0.0,5,2010
2010,5,Spanish Grand Prix,catalunya,2010-05-09,kobayashi,KOB,sauber,12,10,+1 Lap,10.0,0.0,20.0,0.0,0.0,10.0,0.0,22.25,22.25,1.0,18.0,11.0,0,0.0,5,2010
2010,5,Spanish Grand Prix,catalunya,2010-05-09,rosberg,ROS,mercedes,13,8,+1 Lap,8.0,0.0,20.0,0.0,0.0,10.0,0.0,4.0,4.0,0.0,4.0,11.0,0,0.0,5,2010
2010,5,Spanish Grand Prix,catalunya,2010-05-09,hamilton,HAM,mclaren,14,3,Puncture,3.0,0.0,20.0,0.0,0.0,10.0,0.0,4.25,4.25,0.0,2.75,11.0,0,0.0,5,2010
2010,5,Spanish Grand Prix,catalunya,2010-05-09,liuzzi,LIU,force_india,15,16,Engine,16.0,0.0,20.0,0.0,0.0,10.0,0.0,14.75,14.75,0.5,8.0,11.0,0,0.0,5,2010
2010,5,Spanish Grand Prix,catalunya,2010-05-09,hulkenberg,HUL,williams,16,13,+2 Laps,13.0,0.0,20.0,0.0,0.0,10.0,0.0,15.25,15.25,0.25,10.0,11.0,0,0.0,5,2010
2010,5,Spanish Grand Prix,catalunya,2010-05-09,trulli,TRU,lotus_racing,17,18,+3 Laps,18.0,0.0,20.0,0.0,0.0,10.0,0.0,19.0,19.0,0.75,14.75,11.0,0,0.0,5,2010
2010,5,Spanish Grand Prix,catalunya,2010-05-09,glock,GLO,virgin,18,22,+3 Laps,22.0,0.0,20.0,0.0,0.0,10.0,0.0,20.5,20.5,1.0,17.0,11.0,0,0.0,5,2010
2010,5,Spanish Grand Prix,catalunya,2010-05-09,grassi,DIG,virgin,19,23,+4 Laps,23.0,0.0,20.0,0.0,0.0,10.0,0.0,18.0,18.0,0.75,17.0,11.0,0,0.0,5,2010
2010,5,Spanish Grand Prix,catalunya,2010-05-09,buemi,BUE,toro_rosso,20,14,Hydraulics,14.0,0.0,20.0,0.0,0.0,10.0,0.0,17.25,17.25,0.75,11.5,11.0,0,0.0,5,2010
2010,5,Spanish Grand Prix,catalunya,2010-05-09,chandhok,CHA,hrt,21,24,Suspension,24.0,0.0,20.0,0.0,0.0,10.0,0.0,17.5,17.5,0.25,16.0,11.0,0,0.0,5,2010
2010,5,Spanish Grand Prix,catalunya,2010-05-09,rosa,DLR,sauber,22,12,Collision,12.0,0.0,20.0,0.0,0.0,10.0,0.0,18.5,18.5,0.75,18.0,11.0,0,0.0,5,2010
2010,5,Spanish Grand Prix,catalunya,2010-05-09,bruno_senna,SEN,hrt,23,21,Accident,21.0,0.0,20.0,0.0,0.0,10.0,0.0,17.75,17.75,0.5,16.0,11.0,0,0.0,5,2010
2010,5,Spanish Grand Prix,catalunya,2010-05-09,kovalainen,KOV,lotus_racing,24,20,Gearbox,20.0,0.0,20.0,0.0,0.0,10.0,0.0,15.0,15.0,0.0,14.75,11.0,0,0.0,5,2010
2010,6,Monaco Grand Prix,monaco,2010-05-16,webber,WEB,red_bull,1,1,Finished,1.0,0.0,20.0,0.0,0.0,10.0,0.0,5.6,5.6,0.0,4.2,11.0,0,0.0,6,2010
2010,6,Monaco Grand Prix,monaco,2010-05-16,vettel,VET,red_bull,2,3,Finished,3.0,0.0,20.0,0.0,0.0,10.0,0.0,6.2,6.2,0.2,4.2,11.0,0,0.0,6,2010
2010,6,Monaco Grand Prix,monaco,2010-05-16,kubica,KUB,renault,3,2,Finished,2.0,0.0,20.0,0.0,0.0,10.0,0.0,6.0,6.0,0.0,6.0,11.0,0,0.0,6,2010
2010,6,Monaco Grand Prix,monaco,2010-05-16,massa,MAS,ferrari,4,4,Finished,4.0,0.0,20.0,0.0,0.0,10.0,0.0,5.4,5.4,0.0,3.4,11.0,0,0.0,6,2010
2010,6,Monaco Grand Prix,monaco,2010-05-16,hamilton,HAM,mclaren,5,5,Finished,5.0,0.0,20.0,0.0,0.0,10.0,0.0,6.2,6.2,0.2,3.2,11.0,0,0.0,6,2010
2010,6,Monaco Grand Prix,monaco,2010-05-16,alonso,ALO,ferrari,6,24,Finished,24.0,0.0,20.0,0.0,0.0,10.0,0.0,4.8,4.8,0.2,3.4,11.0,0,0.0,6,2010
2010,6,Monaco Grand Prix,monaco,2010-05-16,rosberg,ROS,mercedes,7,6,Finished,6.0,0.0,20.0,0.0,0.0,10.0,0.0,5.8,5.8,0.0,4.0,11.0,0,0.0,6,2010
2010,6,Monaco Grand Prix,monaco,2010-05-16,sutil,SUT,force_india,8,12,Finished,12.0,0.0,20.0,0.0,0.0,10.0,0.0,10.6,10.6,0.2,7.8,11.0,0,0.0,6,2010
2010,6,Monaco Grand Prix,monaco,2010-05-16,liuzzi,LIU,force_india,9,10,Finished,10.0,0.0,20.0,0.0,0.0,10.0,0.0,14.8,14.8,0.6,7.8,11.0,0,0.0,6,2010
2010,6,Monaco Grand Prix,monaco,2010-05-16,buemi,BUE,toro_rosso,10,13,Finished,13.0,0.0,20.0,0.0,0.0,10.0,0.0,17.8,17.8,0.8,11.2,11.0,0,0.0,6,2010
2010,6,Monaco Grand Prix,monaco,2010-05-16,alguersuari,ALG,toro_rosso,11,17,Finished,17.0,0.0,20.0,0.0,0.0,10.0,0.0,11.2,11.2,0.0,11.2,11.0,0,0.0,6,2010
2010,6,Monaco Grand Prix,monaco,2010-05-16,michael_schumacher,MSC,mercedes,12,7,Finished,7.0,0.0,20.0,0.0,0.0,10.0,0.0,10.2,10.2,0.2,4.0,11.0,0,0.0,6,2010
2010,6,Monaco Grand Prix,monaco,2010-05-16,petrov,PET,renault,13,14,Brakes,14.0,0.0,20.0,0.0,0.0,10.0,0.0,15.4,15.4,0.6,6.0,11.0,0,0.0,6,2010
2010,6,Monaco Grand Prix,monaco,2010-05-16,chandhok,CHA,hrt,14,23,Collision,23.0,0.0,20.0,0.0,0.0,10.0,0.0,18.2,18.2,0.4,17.0,11.0,0,0.0,6,2010
2010,6,Monaco Grand Prix,monaco,2010-05-16,trulli,TRU,lotus_racing,15,19,Collision,19.0,0.0,20.0,0.0,0.0,10.0,0.0,18.6,18.6,0.6,15.2,11.0,0,0.0,6,2010
2010,6,Monaco Grand Prix,monaco,2010-05-16,kovalainen,KOV,lotus_racing,16,18,Steering,18.0,0.0,20.0,0.0,0.0,10.0,0.0,16.8,16.8,0.2,15.2,11.0,0,0.0,6,2010
2010,6,Monaco Grand Prix,monaco,2010-05-16,bruno_senna,SEN,hrt,17,22,Hydraulics,22.0,0.0,20.0,0.0,0.0,10.0,0.0,18.8,18.8,0.6,17.0,11.0,0,0.0,6,2010
2010,6,Monaco Grand Prix,monaco,2010-05-16,barrichello,BAR,williams,18,9,Suspension,9.0,0.0,20.0,0.0,0.0,10.0,0.0,10.2,10.2,0.0,9.8,11.0,0,0.0,6,2010
2010,6,Monaco Grand Prix,monaco,2010-05-16,kobayashi,KOB,sauber,19,16,Gearbox,16.0,0.0,20.0,0.0,0.0,10.0,0.0,20.2,20.2,0.8,16.8,11.0,0,0.0,6,2010
2010,6,Monaco Grand Prix,monaco,2010-05-16,grassi,DIG,virgin,20,21,Wheel,21.0,0.0,20.0,0.0,0.0,10.0,0.0,18.2,18.2,0.6,17.2,11.0,0,0.0,6,2010
2010,6,Monaco Grand Prix,monaco,2010-05-16,glock,GLO,virgin,21,20,Track rod,20.0,0.0,20.0,0.0,0.0,10.0,0.0,20.0,20.0,0.8,17.2,11.0,0,0.0,6,2010
2010,6,Monaco Grand Prix,monaco,2010-05-16,rosa,DLR,sauber,22,15,Hydraulics,15.0,0.0,20.0,0.0,0.0,10.0,0.0,19.2,19.2,0.8,16.8,11.0,0,0.0,6,2010
2010,6,Monaco Grand Prix,monaco,2010-05-16,button,BUT,mclaren,23,8,Engine,8.0,0.0,20.0,0.0,0.0,10.0,0.0,4.4,4.4,0.0,3.2,11.0,0,0.0,6,2010
2010,6,Monaco Grand Prix,monaco,2010-05-16,hulkenberg,HUL,williams,24,11,Front wing,11.0,0.0,20.0,0.0,0.0,10.0,0.0,15.4,15.4,0.2,9.8,11.0,0,0.0,6,2010
2010,7,Turkish Grand Prix,istanbul,2010-05-30,hamilton,HAM,mclaren,1,2,Finished,2.0,0.0,20.0,0.0,0.0,10.0,0.0,6.6,6.0,0.16666666666666666,3.6,11.0,0,0.0,7,2010
2010,7,Turkish Grand Prix,istanbul,2010-05-30,button,BUT,mclaren,2,4,Finished,4.0,0.0,20.0,0.0,0.0,10.0,0.0,7.6,7.5,0.16666666666666666,3.6,11.0,0,0.0,7,2010
2010,7,Turkish Grand Prix,istanbul,2010-05-30,webber,WEB,red_bull,3,1,Finished,1.0,0.0,20.0,0.0,0.0,10.0,0.0,4.2,4.833333333333333,0.0,3.6,11.0,0,0.0,7,2010
2010,7,Turkish Grand Prix,istanbul,2010-05-30,michael_schumacher,MSC,mercedes,4,5,Finished,5.0,0.0,20.0,0.0,0.0,10.0,0.0,11.4,10.5,0.16666666666666666,4.4,11.0,0,0.0,7,2010
2010,7,Turkish Grand Prix,istanbul,2010-05-30,rosberg,ROS,mercedes,5,6,Finished,6.0,0.0,20.0,0.0,0.0,10.0,0.0,6.2,6.0,0.0,4.4,11.0,0,0.0,7,2010
2010,7,Turkish Grand Prix,istanbul,2010-05-30,kubica,KUB,renault,6,7,Finished,7.0,0.0,20.0,0.0,0.0,10.0,0.0,4.4,5.5,0.0,4.4,11.0,0,0.0,7,2010
2010,7,Turkish Grand Prix,istanbul,2010-05-30,massa,MAS,ferrari,7,8,Finished,8.0,0.0,20.0,0.0,0.0,10.0,0.0,5.8,5.166666666666667,0.0,4.0,11.0,0,0.0,7,2010
2010,7,Turkish Grand Prix,istanbul,2010-05-30,alonso,ALO,ferrari,8,12,Finished,12.0,0.0,20.0,0.0,0.0,10.0,0.0,5.8,5.0,0.16666666666666666,4.0,11.0,0,0.0,7,2010
2010,7,Turkish Grand Prix,istanbul,2010-05-30,sutil,SUT,force_india,9,11,Finished,11.0,0.0,20.0,0.0,0.0,10.0,0.0,9.8,10.166666666666666,0.16666666666666666,7.6,11.0,0,0.0,7,2010
2010,7,Turkish Grand Prix,istanbul,2010-05-30,kobayashi,KOB,sauber,10,10,Finished,10.0,0.0,20.0,0.0,0.0,10.0,0.0,19.6,20.0,0.8333333333333334,17.0,11.0,0,0.0,7,2010
2010,7,Turkish Grand Prix,istanbul,2010-05-30,rosa,DLR,sauber,11,13,Finished,13.0,0.0,20.0,0.0,0.0,10.0,0.0,20.0,19.666666666666668,0.8333333333333334,17.0,11.0,0,0.0,7,2010
2010,7,Turkish Grand Prix,istanbul,2010-05-30,alguersuari,ALG,toro_rosso,12,16,Finished,16.0,0.0,20.0,0.0,0.0,10.0,0.0,10.8,11.166666666666666,0.0,10.6,11.0,0,0.0,7,2010
2010,7,Turkish Grand Prix,istanbul,2010-05-30,liuzzi,LIU,force_india,13,18,+1 Lap,18.0,0.0,20.0,0.0,0.0,10.0,0.0,14.8,13.833333333333334,0.5,7.6,11.0,0,0.0,7,2010
2010,7,Turkish Grand Prix,istanbul,2010-05-30,barrichello,BAR,williams,14,15,+1 Lap,15.0,0.0,20.0,0.0,0.0,10.0,0.0,11.8,11.5,0.16666666666666666,11.4,11.0,0,0.0,7,2010
2010,7,Turkish Grand Prix,istanbul,2010-05-30,petrov,PET,renault,15,9,+1 Lap,9.0,0.0,20.0,0.0,0.0,10.0,0.0,13.8,15.0,0.6666666666666666,4.4,11.0,0,0.0,7,2010
2010,7,Turkish Grand Prix,istanbul,2010-05-30,buemi,BUE,toro_rosso,16,14,+1 Lap,14.0,0.0,20.0,0.0,0.0,10.0,0.0,16.6,16.5,0.6666666666666666,10.6,11.0,0,0.0,7,2010
2010,7,Turkish Grand Prix,istanbul,2010-05-30,hulkenberg,HUL,williams,17,17,+1 Lap,17.0,0.0,20.0,0.0,0.0,10.0,0.0,17.4,16.833333333333332,0.3333333333333333,11.4,11.0,0,0.0,7,2010
2010,7,Turkish Grand Prix,istanbul,2010-05-30,glock,GLO,virgin,18,21,+3 Laps,21.0,0.0,20.0,0.0,0.0,10.0,0.0,20.2,20.166666666666668,0.8333333333333334,17.2,11.0,0,0.0,7,2010
2010,7,Turkish Grand Prix,istanbul,2010-05-30,grassi,DIG,virgin,19,23,+3 Laps,23.0,0.0,20.0,0.0,0.0,10.0,0.0,17.6,18.5,0.6666666666666666,17.2,11.0,0,0.0,7,2010
2010,7,Turkish Grand Prix,istanbul,2010-05-30,chandhok,CHA,hrt,20,24,Fuel pump,24.0,0.0,20.0,0.0,0.0,10.0,0.0,16.2,17.5,0.5,16.0,11.0,0,0.0,7,2010
2010,7,Turkish Grand Prix,istanbul,2010-05-30,bruno_senna,SEN,hrt,21,22,Fuel pressure,22.0,0.0,20.0,0.0,0.0,10.0,0.0,18.4,18.5,0.6666666666666666,16.0,11.0,0,0.0,7,2010
2010,7,Turkish Grand Prix,istanbul,2010-05-30,vettel,VET,red_bull,22,3,Collision,3.0,0.0,20.0,0.0,0.0,10.0,0.0,5.8,5.5,0.16666666666666666,3.6,11.0,0,0.0,7,2010
2010,7,Turkish Grand Prix,istanbul,2010-05-30,kovalainen,KOV,lotus_racing,23,20,Hydraulics,20.0,0.0,20.0,0.0,0.0,10.0,0.0,17.0,16.666666666666668,0.3333333333333333,15.2,11.0,0,0.0,7,2010
2010,7,Turkish Grand Prix,istanbul,2010-05-30,trulli,TRU,lotus_racing,24,19,Hydraulics,19.0,0.0,20.0,0.0,0.0,10.0,0.0,18.2,18.0,0.6666666666666666,15.2,11.0,0,0.0,7,2010
2010,8,Canadian Grand Prix,villeneuve,2010-06-13,hamilton,HAM,mclaren,1,1,Finished,1.0,0.0,20.0,0.0,0.0,10.0,0.0,5.6,5.285714285714286,0.14285714285714285,3.6,11.0,0,0.0,8,2010
2010,8,Canadian Grand Prix,villeneuve,2010-06-13,button,BUT,mclaren,2,4,Finished,4.0,0.0,20.0,0.0,0.0,10.0,0.0,7.8,6.714285714285714,0.14285714285714285,3.6,11.0,0,0.0,8,2010
2010,8,Canadian Grand Prix,villeneuve,2010-06-13,alonso,ALO,ferrari,3,3,Finished,3.0,0.0,20.0,0.0,0.0,10.0,0.0,6.6,5.428571428571429,0.14285714285714285,4.8,11.0,0,0.0,8,2010
2010,8,Canadian Grand Prix,villeneuve,2010-06-13,vettel,VET,red_bull,4,2,Finished,2.0,0.0,20.0,0.0,0.0,10.0,0.0,6.8,7.857142857142857,0.2857142857142857,2.4,11.0,0,0.0,8,2010
2010,8,Canadian Grand Prix,villeneuve,2010-06-13,webber,WEB,red_bull,5,7,Finished,7.0,0.0,20.0,0.0,0.0,10.0,0.0,3.0,4.571428571428571,0.0,2.4,11.0,0,0.0,8,2010
2010,8,Canadian Grand Prix,villeneuve,2010-06-13,rosberg,ROS,mercedes,6,10,Finished,10.0,0.0,20.0,0.0,0.0,10.0,0.0,6.2,5.857142857142857,0.0,4.2,11.0,0,0.0,8,2010
2010,8,Canadian Grand Prix,villeneuve,2010-06-13,kubica,KUB,renault,7,8,Finished,8.0,0.0,20.0,0.0,0.0,10.0,0.0,5.2,5.571428571428571,0.0,5.2,11.0,0,0.0,8,2010
2010,8,Canadian Grand Prix,villeneuve,2010-06-13,buemi,BUE,toro_rosso,8,15,+1 Lap,15.0,0.0,20.0,0.0,0.0,10.0,0.0,15.6,16.428571428571427,0.5714285714285714,10.8,11.0,0,0.0,8,2010
2010,8,Canadian Grand Prix,villeneuve,2010-06-13,liuzzi,LIU,force_india,9,5,+1 Lap,5.0,0.0,20.0,0.0,0.0,10.0,0.0,16.0,13.714285714285714,0.42857142857142855,8.0,11.0,0,0.0,8,2010
2010,8,Canadian Grand Prix,villeneuve,2010-06-13,sutil,SUT,force_india,10,9,+1 Lap,9.0,0.0,20.0,0.0,0.0,10.0,0.0,8.0,10.0,0.14285714285714285,8.0,11.0,0,0.0,8,2010
2010,8,Canadian Grand Prix,villeneuve,2010-06-13,michael_schumacher,MSC,mercedes,11,13,+1 Lap,13.0,0.0,20.0,0.0,0.0,10.0,0.0,10.2,9.571428571428571,0.14285714285714285,4.2,11.0,0,0.0,8,2010
2010,8,Canadian Grand Prix,villeneuve,2010-06-13,alguersuari,ALG,toro_rosso,12,16,+1 Lap,16.0,0.0,20.0,0.0,0.0,10.0,0.0,11.0,11.285714285714286,0.0,10.8,11.0,0,0.0,8,2010
2010,8,Canadian Grand Prix,villeneuve,2010-06-13,hulkenberg,HUL,williams,13,12,+1 Lap,12.0,0.0,20.0,0.0,0.0,10.0,0.0,16.4,16.857142857142858,0.2857142857142857,12.6,11.0,0,0.0,8,2010
2010,8,Canadian Grand Prix,villeneuve,2010-06-13,barrichello,BAR,williams,14,11,+1 Lap,11.0,0.0,20.0,0.0,0.0,10.0,0.0,13.0,11.857142857142858,0.14285714285714285,12.6,11.0,0,0.0,8,2010
2010,8,Canadian Grand Prix,villeneuve,2010-06-13,massa,MAS,ferrari,15,6,+1 Lap,6.0,0.0,20.0,0.0,0.0,10.0,0.0,6.6,5.428571428571429,0.0,4.8,11.0,0,0.0,8,2010
2010,8,Canadian Grand Prix,villeneuve,2010-06-13,kovalainen,KOV,lotus_racing,16,19,+2 Laps,19.0,0.0,20.0,0.0,0.0,10.0,0.0,19.0,17.571428571428573,0.42857142857142855,17.2,11.0,0,0.0,8,2010
2010,8,Canadian Grand Prix,villeneuve,2010-06-13,petrov,PET,renault,17,14,+2 Laps,14.0,0.0,20.0,0.0,0.0,10.0,0.0,13.0,15.0,0.5714285714285714,5.2,11.0,0,0.0,8,2010
2010,8,Canadian Grand Prix,villeneuve,2010-06-13,chandhok,CHA,hrt,18,24,+4 Laps,24.0,0.0,20.0,0.0,0.0,10.0,0.0,17.4,17.857142857142858,0.5714285714285714,17.2,11.0,0,0.0,8,2010
2010,8,Canadian Grand Prix,villeneuve,2010-06-13,grassi,DIG,virgin,19,23,+5 Laps,23.0,0.0,20.0,0.0,0.0,10.0,0.0,18.2,18.571428571428573,0.5714285714285714,17.8,11.0,0,0.0,8,2010
2010,8,Canadian Grand Prix,villeneuve,2010-06-13,glock,GLO,virgin,20,21,Mechanical,21.0,0.0,20.0,0.0,0.0,10.0,0.0,20.8,19.857142857142858,0.7142857142857143,17.8,11.0,0,0.0,8,2010
2010,8,Canadian Grand Prix,villeneuve,2010-06-13,trulli,TRU,lotus_racing,21,20,Brakes,20.0,0.0,20.0,0.0,0.0,10.0,0.0,18.2,18.857142857142858,0.7142857142857143,17.2,11.0,0,0.0,8,2010
2010,8,Canadian Grand Prix,villeneuve,2010-06-13,rosa,DLR,sauber,22,17,Engine,17.0,0.0,20.0,0.0,0.0,10.0,0.0,19.8,18.428571428571427,0.7142857142857143,16.6,11.0,0,0.0,8,2010
2010,8,Canadian Grand Prix,villeneuve,2010-06-13,bruno_senna,SEN,hrt,23,22,Hydraulics,22.0,0.0,20.0,0.0,0.0,10.0,0.0,18.6,18.857142857142858,0.7142857142857143,17.2,11.0,0,0.0,8,2010
2010,8,Canadian Grand Prix,villeneuve,2010-06-13,kobayashi,KOB,sauber,24,18,Accident,18.0,0.0,20.0,0.0,0.0,10.0,0.0,17.0,18.571428571428573,0.7142857142857143,16.6,11.0,0,0.0,8,2010
2010,9,European Grand Prix,valencia,2010-06-27,vettel,VET,red_bull,1,1,Finished,1.0,0.0,20.0,0.0,0.0,10.0,0.0,7.4,7.375,0.25,3.0,11.0,0,0.0,9,2010
2010,9,European Grand Prix,valencia,2010-06-27,hamilton,HAM,mclaren,2,3,Finished,3.0,0.0,20.0,0.0,0.0,10.0,0.0,4.6,4.75,0.125,2.6,11.0,0,0.0,9,2010
2010,9,European Grand Prix,valencia,2010-06-27,button,BUT,mclaren,3,7,Finished,7.0,0.0,20.0,0.0,0.0,10.0,0.0,6.6,6.125,0.125,2.6,11.0,0,0.0,9,2010
2010,9,European Grand Prix,valencia,2010-06-27,barrichello,BAR,williams,4,9,Finished,9.0,0.0,20.0,0.0,0.0,10.0,0.0,13.4,12.125,0.125,13.2,11.0,0,0.0,9,2010
2010,9,European Grand Prix,valencia,2010-06-27,kubica,KUB,renault,5,6,Finished,6.0,0.0,20.0,0.0,0.0,10.0,0.0,5.8,5.75,0.0,5.8,11.0,0,0.0,9,2010
2010,9,European Grand Prix,valencia,2010-06-27,sutil,SUT,force_india,6,13,Finished,13.0,0.0,20.0,0.0,0.0,10.0,0.0,9.0,10.0,0.125,8.8,11.0,0,0.0,9,2010
2010,9,European Grand Prix,valencia,2010-06-27,kobayashi,KOB,sauber,7,18,Finished,18.0,0.0,20.0,0.0,0.0,10.0,0.0,17.4,19.25,0.75,16.6,11.0,0,0.0,9,2010
2010,9,European Grand Prix,valencia,2010-06-27,alonso,ALO,ferrari,8,4,Finished,4.0,0.0,20.0,0.0,0.0,10.0,0.0,4.6,5.125,0.125,4.0,11.0,0,0.0,9,2010
2010,9,European Grand Prix,valencia,2010-06-27,buemi,BUE,toro_rosso,9,11,Finished,11.0,0.0,20.0,0.0,0.0,10.0,0.0,15.0,15.375,0.5,10.6,11.0,0,0.0,9,2010
2010,9,European Grand Prix,valencia,2010-06-27,rosberg,ROS,mercedes,10,12,Finished,12.0,0.0,20.0,0.0,0.0,10.0,0.0,6.8,5.875,0.0,4.8,11.0,0,0.0,9,2010
2010,9,European Grand Prix,valencia,2010-06-27,massa,MAS,ferrari,11,5,Finished,5.0,0.0,20.0,0.0,0.0,10.0,0.0,8.2,6.625,0.0,4.0,11.0,0,0.0,9,2010
2010,9,European Grand Prix,valencia,2010-06-27,rosa,DLR,sauber,12,16,Finished,16.0,0.0,20.0,0.0,0.0,10.0,0.0,19.4,18.875,0.75,16.6,11.0,0,0.0,9,2010
2010,9,European Grand Prix,valencia,2010-06-27,alguersuari,ALG,toro_rosso,13,17,Finished,17.0,0.0,20.0,0.0,0.0,10.0,0.0,11.6,11.375,0.0,10.6,11.0,0,0.0,9,2010
2010,9,European Grand Prix,valencia,2010-06-27,petrov,PET,renault,14,10,Finished,10.0,0.0,20.0,0.0,0.0,10.0,0.0,12.6,15.25,0.5,5.8,11.0,0,0.0,9,2010
2010,9,European Grand Prix,valencia,2010-06-27,michael_schumacher,MSC,mercedes,15,15,Finished,15.0,0.0,20.0,0.0,0.0,10.0,0.0,8.2,9.75,0.125,4.8,11.0,0,0.0,9,2010
2010,9,European Grand Prix,valencia,2010-06-27,liuzzi,LIU,force_india,16,14,Finished,14.0,0.0,20.0,0.0,0.0,10.0,0.0,13.8,13.125,0.375,8.8,11.0,0,0.0,9,2010
2010,9,European Grand Prix,valencia,2010-06-27,grassi,DIG,virgin,17,21,+1 Lap,21.0,0.0,20.0,0.0,0.0,10.0,0.0,19.2,18.625,0.5,18.8,11.0,0,0.0,9,2010
2010,9,European Grand Prix,valencia,2010-06-27,chandhok,CHA,hrt,18,23,+2 Laps,23.0,0.0,20.0,0.0,0.0,10.0,0.0,18.0,17.875,0.5,17.8,11.0,0,0.0,9,2010
2010,9,European Grand Prix,valencia,2010-06-27,glock,GLO,virgin,19,22,+2 Laps,22.0,0.0,20.0,0.0,0.0,10.0,0.0,20.2,19.875,0.75,18.8,11.0,0,0.0,9,2010
2010,9,European Grand Prix,valencia,2010-06-27,bruno_senna,SEN,hrt,20,24,+2 Laps,24.0,0.0,20.0,0.0,0.0,10.0,0.0,20.0,19.375,0.75,17.8,11.0,0,0.0,9,2010
2010,9,European Grand Prix,valencia,2010-06-27,trulli,TRU,lotus_racing,21,19,+4 Laps,19.0,0.0,20.0,0.0,0.0,10.0,0.0,19.0,19.125,0.75,17.0,11.0,0,0.0,9,2010
2010,9,European Grand Prix,valencia,2010-06-27,hulkenberg,HUL,williams,22,8,Exhaust,8.0,0.0,20.0,0.0,0.0,10.0,0.0,17.0,16.375,0.25,13.2,11.0,0,0.0,9,2010
2010,9,European Grand Prix,valencia,2010-06-27,kovalainen,KOV,lotus_racing,23,20,Collision,20.0,0.0,20.0,0.0,0.0,10.0,0.0,18.6,17.375,0.375,17.0,11.0,0,0.0,9,2010
2010,9,European Grand Prix,valencia,2010-06-27,webber,WEB,red_bull,24,2,Collision,2.0,0.0,20.0,0.0,0.0,10.0,0.0,3.6,4.625,0.0,3.0,11.0,0,0.0,9,2010
2010,10,British Grand Prix,silverstone,2010-07-11,webber,WEB,red_bull,1,2,Finished,2.0,0.0,20.0,0.0,0.0,10.0,0.0,6.8,6.777777777777778,0.1111111111111111,2.0,11.0,0,0.0,10,2010
2010,10,British Grand Prix,silverstone,2010-07-11,hamilton,HAM,mclaren,2,4,Finished,4.0,0.0,20.0,0.0,0.0,10.0,0.0,4.6,4.444444444444445,0.1111111111111111,2.8,11.0,0,0.0,10,2010
2010,10,British Grand Prix,silverstone,2010-07-11,rosberg,ROS,mercedes,3,5,Finished,5.0,0.0,20.0,0.0,0.0,10.0,0.0,8.2,6.333333333333333,0.0,6.2,11.0,0,0.0,10,2010
2010,10,British Grand Prix,silverstone,2010-07-11,button,BUT,mclaren,4,14,Finished,14.0,0.0,20.0,0.0,0.0,10.0,0.0,7.0,5.777777777777778,0.1111111111111111,2.8,11.0,0,0.0,10,2010
2010,10,British Grand Prix,silverstone,2010-07-11,barrichello,BAR,williams,5,8,Finished,8.0,0.0,20.0,0.0,0.0,10.0,0.0,11.8,11.222222222222221,0.1111111111111111,11.6,11.0,0,0.0,10,2010
2010,10,British Grand Prix,silverstone,2010-07-11,kobayashi,KOB,sauber,6,12,Finished,12.0,0.0,20.0,0.0,0.0,10.0,0.0,14.4,17.88888888888889,0.6666666666666666,14.0,11.0,0,0.0,10,2010
2010,10,British Grand Prix,silverstone,2010-07-11,vettel,VET,red_bull,7,1,Finished,1.0,0.0,20.0,0.0,0.0,10.0,0.0,6.4,6.666666666666667,0.2222222222222222,2.0,11.0,0,0.0,10,2010
2010,10,British Grand Prix,silverstone,2010-07-11,sutil,SUT,force_india,8,11,Finished,11.0,0.0,20.0,0.0,0.0,10.0,0.0,8.0,9.555555555555555,0.1111111111111111,7.8,11.0,0,0.0,10,2010
2010,10,British Grand Prix,silverstone,2010-07-11,michael_schumacher,MSC,mercedes,9,10,Finished,10.0,0.0,20.0,0.0,0.0,10.0,0.0,9.2,10.333333333333334,0.1111111111111111,6.2,11.0,0,0.0,10,2010
2010,10,British Grand Prix,silverstone,2010-07-11,hulkenberg,HUL,williams,10,13,Finished,13.0,0.0,20.0,0.0,0.0,10.0,0.0,18.4,17.0,0.3333333333333333,11.6,11.0,0,0.0,10,2010
2010,10,British Grand Prix,silverstone,2010-07-11,liuzzi,LIU,force_india,11,20,Finished,20.0,0.0,20.0,0.0,0.0,10.0,0.0,12.4,13.444444444444445,0.3333333333333333,7.8,11.0,0,0.0,10,2010
2010,10,British Grand Prix,silverstone,2010-07-11,buemi,BUE,toro_rosso,12,16,Finished,16.0,0.0,20.0,0.0,0.0,10.0,0.0,12.6,14.666666666666666,0.4444444444444444,9.8,11.0,0,0.0,10,2010
2010,10,British Grand Prix,silverstone,2010-07-11,petrov,PET,renault,13,15,Finished,15.0,0.0,20.0,0.0,0.0,10.0,0.0,14.0,15.11111111111111,0.4444444444444444,5.8,11.0,0,0.0,10,2010
2010,10,British Grand Prix,silverstone,2010-07-11,alonso,ALO,ferrari,14,3,Finished,3.0,0.0,20.0,0.0,0.0,10.0,0.0,5.4,5.444444444444445,0.1111111111111111,4.8,11.0,0,0.0,10,2010
2010,10,British Grand Prix,silverstone,2010-07-11,massa,MAS,ferrari,15,7,Finished,7.0,0.0,20.0,0.0,0.0,10.0,0.0,8.6,7.111111111111111,0.0,4.8,11.0,0,0.0,10,2010
2010,10,British Grand Prix,silverstone,2010-07-11,trulli,TRU,lotus_racing,16,21,+1 Lap,21.0,0.0,20.0,0.0,0.0,10.0,0.0,19.6,19.333333333333332,0.6666666666666666,18.4,11.0,0,0.0,10,2010
2010,10,British Grand Prix,silverstone,2010-07-11,kovalainen,KOV,lotus_racing,17,18,+1 Lap,18.0,0.0,20.0,0.0,0.0,10.0,0.0,20.4,18.0,0.4444444444444444,18.4,11.0,0,0.0,10,2010
2010,10,British Grand Prix,silverstone,2010-07-11,glock,GLO,virgin,18,19,+2 Laps,19.0,0.0,20.0,0.0,0.0,10.0,0.0,19.2,19.77777777777778,0.6666666666666666,18.4,11.0,0,0.0,10,2010
2010,10,British Grand Prix,silverstone,2010-07-11,chandhok,CHA,hrt,19,23,+2 Laps,23.0,0.0,20.0,0.0,0.0,10.0,0.0,18.2,17.88888888888889,0.4444444444444444,18.2,11.0,0,0.0,10,2010
2010,10,British Grand Prix,silverstone,2010-07-11,yamamoto,YAM,hrt,20,24,+2 Laps,24.0,0.0,20.0,0.0,0.0,10.0,0.0,11.0,11.0,0.1,18.2,11.0,0,0.0,10,2010
2010,10,British Grand Prix,silverstone,2010-07-11,alguersuari,ALG,toro_rosso,21,17,Brakes,17.0,0.0,20.0,0.0,0.0,10.0,0.0,11.6,11.555555555555555,0.0,9.8,11.0,0,0.0,10,2010
2010,10,British Grand Prix,silverstone,2010-07-11,rosa,DLR,sauber,22,9,Collision,9.0,0.0,20.0,0.0,0.0,10.0,0.0,17.8,18.11111111111111,0.6666666666666666,14.0,11.0,0,0.0,10,2010
2010,10,British Grand Prix,silverstone,2010-07-11,kubica,KUB,renault,23,6,Driveshaft,6.0,0.0,20.0,0.0,0.0,10.0,0.0,5.8,5.666666666666667,0.0,5.8,11.0,0,0.0,10,2010
2010,10,British Grand Prix,silverstone,2010-07-11,grassi,DIG,virgin,24,22,Hydraulics,22.0,0.0,20.0,0.0,0.0,10.0,0.0,18.8,18.444444444444443,0.4444444444444444,18.4,11.0,0,0.0,10,2010
2010,11,German Grand Prix,hockenheimring,2010-07-25,alonso,ALO,ferrari,1,2,Finished,2.0,0.0,20.0,0.0,0.0,10.0,0.0,7.8,6.3,0.1,7.2,11.0,0,0.0,11,2010
2010,11,German Grand Prix,hockenheimring,2010-07-25,massa,MAS,ferrari,2,3,Finished,3.0,0.0,20.0,0.0,0.0,10.0,0.0,10.4,7.9,0.0,7.2,11.0,0,0.0,11,2010
2010,11,German Grand Prix,hockenheimring,2010-07-25,vettel,VET,red_bull,3,1,Finished,1.0,0.0,20.0,0.0,0.0,10.0,0.0,7.2,6.7,0.2,2.0,11.0,0,0.0,11,2010
2010,11,German Grand Prix,hockenheimring,2010-07-25,hamilton,HAM,mclaren,4,6,Finished,6.0,0.0,20.0,0.0,0.0,10.0,0.0,2.2,4.2,0.1,2.2,11.0,0,0.0,11,2010
2010,11,German Grand Prix,hockenheimring,2010-07-25,button,BUT,mclaren,5,5,Finished,5.0,0.0,20.0,0.0,0.0,10.0,0.0,6.8,5.6,0.1,2.2,11.0,0,0.0,11,2010
2010,11,German Grand Prix,hockenheimring,2010-07-25,webber,WEB,red_bull,6,4,Finished,4.0,0.0,20.0,0.0,0.0,10.0,0.0,6.8,6.2,0.1,2.0,11.0,0,0.0,11,2010
2010,11,German Grand Prix,hockenheimring,2010-07-25,kubica,KUB,renault,7,7,+1 Lap,7.0,0.0,20.0,0.0,0.0,10.0,0.0,8.8,7.4,0.1,6.8,11.0,0,0.0,11,2010
2010,11,German Grand Prix,hockenheimring,2010-07-25,rosberg,ROS,mercedes,8,9,+1 Lap,9.0,0.0,20.0,0.0,0.0,10.0,0.0,6.2,6.0,0.0,6.0,11.0,0,0.0,11,2010
2010,11,German Grand Prix,hockenheimring,2010-07-25,michael_schumacher,MSC,mercedes,9,11,+1 Lap,11.0,0.0,20.0,0.0,0.0,10.0,0.0,10.2,10.2,0.1,6.0,11.0,0,0.0,11,2010
2010,11,German Grand Prix,hockenheimring,2010-07-25,petrov,PET,renault,10,13,+1 Lap,13.0,0.0,20.0,0.0,0.0,10.0,0.0,14.4,14.9,0.4,6.8,11.0,0,0.0,11,2010
2010,11,German Grand Prix,hockenheimring,2010-07-25,kobayashi,KOB,sauber,11,12,+1 Lap,12.0,0.0,20.0,0.0,0.0,10.0,0.0,13.2,16.7,0.6,12.8,11.0,0,0.0,11,2010
2010,11,German Grand Prix,hockenheimring,2010-07-25,barrichello,BAR,williams,12,8,+1 Lap,8.0,0.0,20.0,0.0,0.0,10.0,0.0,11.0,10.6,0.1,10.8,11.0,0,0.0,11,2010
2010,11,German Grand Prix,hockenheimring,2010-07-25,hulkenberg,HUL,williams,13,10,+1 Lap,10.0,0.0,20.0,0.0,0.0,10.0,0.0,17.2,16.3,0.3,10.8,11.0,0,0.0,11,2010
2010,11,German Grand Prix,hockenheimring,2010-07-25,rosa,DLR,sauber,14,14,+1 Lap,14.0,0.0,20.0,0.0,0.0,10.0,0.0,17.8,18.5,0.7,12.8,11.0,0,0.0,11,2010
2010,11,German Grand Prix,hockenheimring,2010-07-25,alguersuari,ALG,toro_rosso,15,15,+1 Lap,15.0,0.0,20.0,0.0,0.0,10.0,0.0,13.8,12.5,0.1,10.2,11.0,0,0.0,11,2010
2010,11,German Grand Prix,hockenheimring,2010-07-25,liuzzi,LIU,force_india,16,21,+2 Laps,21.0,0.0,20.0,0.0,0.0,10.0,0.0,11.6,13.2,0.3,8.0,11.0,0,0.0,11,2010
2010,11,German Grand Prix,hockenheimring,2010-07-25,sutil,SUT,force_india,17,19,+2 Laps,19.0,0.0,20.0,0.0,0.0,10.0,0.0,8.2,9.4,0.1,8.0,11.0,0,0.0,11,2010
2010,11,German Grand Prix,hockenheimring,2010-07-25,glock,GLO,virgin,18,23,+3 Laps,23.0,0.0,20.0,0.0,0.0,10.0,0.0,19.2,19.6,0.6,18.4,11.0,0,0.0,11,2010
2010,11,German Grand Prix,hockenheimring,2010-07-25,bruno_senna,SEN,hrt,19,20,+4 Laps,20.0,0.0,20.0,0.0,0.0,10.0,0.0,20.8,19.444444444444443,0.6666666666666666,17.8,11.0,0,0.0,11,2010
2010,11,German Grand Prix,hockenheimring,2010-07-25,kovalainen,KOV,lotus_racing,20,18,Collision,18.0,0.0,20.0,0.0,0.0,10.0,0.0,19.0,17.9,0.4,18.2,11.0,0,0.0,11,2010
2010,11,German Grand Prix,hockenheimring,2010-07-25,grassi,DIG,virgin,21,24,Gearbox,24.0,0.0,20.0,0.0,0.0,10.0,0.0,19.8,19.0,0.5,18.4,11.0,0,0.0,11,2010
2010,11,German Grand Prix,hockenheimring,2010-07-25,yamamoto,YAM,hrt,22,22,Engine,22.0,0.0,20.0,0.0,0.0,10.0,0.0,20.0,20.0,0.0,17.8,11.0,0,0.0,11,2010
2010,11,German Grand Prix,hockenheimring,2010-07-25,trulli,TRU,lotus_racing,23,17,Gearbox,17.0,0.0,20.0,0.0,0.0,10.0,0.0,19.4,19.0,0.6,18.2,11.0,0,0.0,11,2010
2010,11,German Grand Prix,hockenheimring,2010-07-25,buemi,BUE,toro_rosso,24,16,Collision,16.0,0.0,20.0,0.0,0.0,10.0,0.0,11.0,14.4,0.4,10.2,11.0,0,0.0,11,2010
2010,12,Hungarian Grand Prix,hungaroring,2010-08-01,webber,WEB,red_bull,1,2,Finished,2.0,0.0,20.0,0.0,0.0,10.0,0.0,7.8,6.0,0.1,2.4,11.0,0,0.0,12,2010
2010,12,Hungarian Grand Prix,hungaroring,2010-08-01,alonso,ALO,ferrari,2,3,Finished,3.0,0.0,20.0,0.0,0.0,10.0,0.0,6.8,6.3,0.1,6.6,11.0,0,0.0,12,2010
2010,12,Hungarian Grand Prix,hungaroring,2010-08-01,vettel,VET,red_bull,3,1,Finished,1.0,0.0,20.0,0.0,0.0,10.0,0.0,7.4,6.6,0.2,2.4,11.0,0,0.0,12,2010
2010,12,Hungarian Grand Prix,hungaroring,2010-08-01,massa,MAS,ferrari,4,4,Finished,4.0,0.0,20.0,0.0,0.0,10.0,0.0,10.0,7.9,0.0,6.6,11.0,0,0.0,12,2010
2010,12,Hungarian Grand Prix,hungaroring,2010-08-01,petrov,PET,renault,5,7,Finished,7.0,0.0,20.0,0.0,0.0,10.0,0.0,13.8,13.8,0.3,7.6,11.0,0,0.0,12,2010
2010,12,Hungarian Grand Prix,hungaroring,2010-08-01,hulkenberg,HUL,williams,6,10,Finished,10.0,0.0,20.0,0.0,0.0,10.0,0.0,15.0,16.2,0.3,9.6,11.0,0,0.0,12,2010
2010,12,Hungarian Grand Prix,hungaroring,2010-08-01,rosa,DLR,sauber,7,9,+1 Lap,9.0,0.0,20.0,0.0,0.0,10.0,0.0,16.2,18.1,0.6,11.2,11.0,0,0.0,12,2010
2010,12,Hungarian Grand Prix,hungaroring,2010-08-01,button,BUT,mclaren,8,11,+1 Lap,11.0,0.0,20.0,0.0,0.0,10.0,0.0,3.2,5.4,0.1,2.0,11.0,0,0.0,12,2010
2010,12,Hungarian Grand Prix,hungaroring,2010-08-01,kobayashi,KOB,sauber,9,23,+1 Lap,23.0,0.0,20.0,0.0,0.0,10.0,0.0,11.6,15.6,0.5,11.2,11.0,0,0.0,12,2010
2010,12,Hungarian Grand Prix,hungaroring,2010-08-01,barrichello,BAR,williams,10,12,+1 Lap,12.0,0.0,20.0,0.0,0.0,10.0,0.0,9.8,10.8,0.1,9.6,11.0,0,0.0,12,2010
2010,12,Hungarian Grand Prix,hungaroring,2010-08-01,michael_schumacher,MSC,mercedes,11,14,+1 Lap,14.0,0.0,20.0,0.0,0.0,10.0,0.0,9.6,10.5,0.1,6.2,11.0,0,0.0,12,2010
2010,12,Hungarian Grand Prix,hungaroring,2010-08-01,buemi,BUE,toro_rosso,12,15,+1 Lap,15.0,0.0,20.0,0.0,0.0,10.0,0.0,13.8,15.2,0.4,11.2,11.0,0,0.0,12,2010
2010,12,Hungarian Grand Prix,hungaroring,2010-08-01,liuzzi,LIU,force_india,13,16,+1 Lap,16.0,0.0,20.0,0.0,0.0,10.0,0.0,13.0,13.9,0.3,9.6,11.0,0,0.0,12,2010
2010,12,Hungarian Grand Prix,hungaroring,2010-08-01,kovalainen,KOV,lotus_racing,14,19,+3 Laps,19.0,0.0,20.0,0.0,0.0,10.0,0.0,19.8,18.4,0.5,19.2,11.0,0,0.0,12,2010
2010,12,Hungarian Grand Prix,hungaroring,2010-08-01,trulli,TRU,lotus_racing,15,20,+3 Laps,20.0,0.0,20.0,0.0,0.0,10.0,0.0,21.0,19.6,0.6,19.2,11.0,0,0.0,12,2010
2010,12,Hungarian Grand Prix,hungaroring,2010-08-01,glock,GLO,virgin,16,18,+3 Laps,18.0,0.0,20.0,0.0,0.0,10.0,0.0,18.6,19.4,0.5,18.0,11.0,0,0.0,12,2010
2010,12,Hungarian Grand Prix,hungaroring,2010-08-01,bruno_senna,SEN,hrt,17,22,+3 Laps,22.0,0.0,20.0,0.0,0.0,10.0,0.0,20.0,19.4,0.6,18.8,11.0,0,0.0,12,2010
2010,12,Hungarian Grand Prix,hungaroring,2010-08-01,grassi,DIG,virgin,18,21,+4 Laps,21.0,0.0,20.0,0.0,0.0,10.0,0.0,20.0,18.8,0.5,18.0,11.0,0,0.0,12,2010
2010,12,Hungarian Grand Prix,hungaroring,2010-08-01,yamamoto,YAM,hrt,19,24,+4 Laps,24.0,0.0,20.0,0.0,0.0,10.0,0.0,21.0,21.0,0.5,18.8,11.0,0,0.0,12,2010
2010,12,Hungarian Grand Prix,hungaroring,2010-08-01,hamilton,HAM,mclaren,20,5,Gearbox,5.0,0.0,20.0,0.0,0.0,10.0,0.0,2.0,4.3,0.1,2.0,11.0,0,0.0,12,2010
2010,12,Hungarian Grand Prix,hungaroring,2010-08-01,kubica,KUB,renault,21,8,Retired,8.0,0.0,20.0,0.0,0.0,10.0,0.0,9.6,7.0,0.1,7.6,11.0,0,0.0,12,2010
2010,12,Hungarian Grand Prix,hungaroring,2010-08-01,rosberg,ROS,mercedes,22,6,Wheel,6.0,0.0,20.0,0.0,0.0,10.0,0.0,6.4,6.3,0.0,6.2,11.0,0,0.0,12,2010
2010,12,Hungarian Grand Prix,hungaroring,2010-08-01,sutil,SUT,force_india,23,13,Collision,13.0,0.0,20.0,0.0,0.0,10.0,0.0,10.0,9.9,0.1,9.6,11.0,0,0.0,12,2010
2010,12,Hungarian Grand Prix,hungaroring,2010-08-01,alguersuari,ALG,toro_rosso,24,17,Engine,17.0,0.0,20.0,0.0,0.0,10.0,0.0,14.6,12.7,0.1,11.2,11.0,0,0.0,12,2010
2010,13,Belgian Grand Prix,spa,2010-08-29,hamilton,HAM,mclaren,1,2,Finished,2.0,0.0,20.0,0.0,0.0,10.0,0.0,5.8,5.7,0.2,3.4,11.0,0,0.0,13,2010
2010,13,Belgian Grand Prix,spa,2010-08-29,webber,WEB,red_bull,2,1,Finished,1.0,0.0,20.0,0.0,0.0,10.0,0.0,7.4,5.2,0.1,2.0,11.0,0,0.0,13,2010
2010,13,Belgian Grand Prix,spa,2010-08-29,kubica,KUB,renault,3,3,Finished,3.0,0.0,20.0,0.0,0.0,10.0,0.0,12.6,8.9,0.2,7.4,11.0,0,0.0,13,2010
2010,13,Belgian Grand Prix,spa,2010-08-29,massa,MAS,ferrari,4,6,Finished,6.0,0.0,20.0,0.0,0.0,10.0,0.0,9.4,8.0,0.0,5.6,11.0,0,0.0,13,2010
2010,13,Belgian Grand Prix,spa,2010-08-29,sutil,SUT,force_india,5,8,Finished,8.0,0.0,20.0,0.0,0.0,10.0,0.0,12.8,10.4,0.1,10.4,11.0,0,0.0,13,2010
2010,13,Belgian Grand Prix,spa,2010-08-29,rosberg,ROS,mercedes,6,14,Finished,14.0,0.0,20.0,0.0,0.0,10.0,0.0,9.8,8.0,0.1,7.6,11.0,0,0.0,13,2010
2010,13,Belgian Grand Prix,spa,2010-08-29,michael_schumacher,MSC,mercedes,7,21,Finished,21.0,0.0,20.0,0.0,0.0,10.0,0.0,11.0,10.6,0.1,7.6,11.0,0,0.0,13,2010
2010,13,Belgian Grand Prix,spa,2010-08-29,kobayashi,KOB,sauber,8,17,Finished,17.0,0.0,20.0,0.0,0.0,10.0,0.0,11.4,14.2,0.4,10.6,11.0,0,0.0,13,2010
2010,13,Belgian Grand Prix,spa,2010-08-29,petrov,PET,renault,9,23,Finished,23.0,0.0,20.0,0.0,0.0,10.0,0.0,11.8,12.4,0.2,7.4,11.0,0,0.0,13,2010
2010,13,Belgian Grand Prix,spa,2010-08-29,liuzzi,LIU,force_india,10,12,Finished,12.0,0.0,20.0,0.0,0.0,10.0,0.0,13.0,14.5,0.3,10.4,11.0,0,0.0,13,2010
2010,13,Belgian Grand Prix,spa,2010-08-29,rosa,DLR,sauber,11,24,Finished,24.0,0.0,20.0,0.0,0.0,10.0,0.0,15.4,17.6,0.6,10.6,11.0,0,0.0,13,2010
2010,13,Belgian Grand Prix,spa,2010-08-29,buemi,BUE,toro_rosso,12,16,Finished,16.0,0.0,20.0,0.0,0.0,10.0,0.0,13.0,14.3,0.3,11.2,11.0,0,0.0,13,2010
2010,13,Belgian Grand Prix,spa,2010-08-29,alguersuari,ALG,toro_rosso,13,11,Finished,11.0,0.0,20.0,0.0,0.0,10.0,0.0,17.0,14.0,0.2,11.2,11.0,0,0.0,13,2010
2010,13,Belgian Grand Prix,spa,2010-08-29,hulkenberg,HUL,williams,14,9,+1 Lap,9.0,0.0,20.0,0.0,0.0,10.0,0.0,12.8,14.6,0.2,8.0,11.0,0,0.0,13,2010
2010,13,Belgian Grand Prix,spa,2010-08-29,vettel,VET,red_bull,15,4,+1 Lap,4.0,0.0,20.0,0.0,0.0,10.0,0.0,3.6,5.2,0.1,2.0,11.0,0,0.0,13,2010
2010,13,Belgian Grand Prix,spa,2010-08-29,kovalainen,KOV,lotus_racing,16,13,+1 Lap,13.0,0.0,20.0,0.0,0.0,10.0,0.0,18.0,18.5,0.5,17.4,11.0,0,0.0,13,2010
2010,13,Belgian Grand Prix,spa,2010-08-29,grassi,DIG,virgin,17,22,+1 Lap,22.0,0.0,20.0,0.0,0.0,10.0,0.0,19.8,19.0,0.4,17.6,11.0,0,0.0,13,2010
2010,13,Belgian Grand Prix,spa,2010-08-29,glock,GLO,virgin,18,20,+1 Lap,20.0,0.0,20.0,0.0,0.0,10.0,0.0,18.2,19.5,0.4,17.6,11.0,0,0.0,13,2010
2010,13,Belgian Grand Prix,spa,2010-08-29,trulli,TRU,lotus_racing,19,15,+1 Lap,15.0,0.0,20.0,0.0,0.0,10.0,0.0,19.2,18.7,0.5,17.4,11.0,0,0.0,13,2010
2010,13,Belgian Grand Prix,spa,2010-08-29,yamamoto,YAM,hrt,20,19,+2 Laps,19.0,0.0,20.0,0.0,0.0,10.0,0.0,20.333333333333332,20.333333333333332,0.3333333333333333,18.2,11.0,0,0.0,13,2010
2010,13,Belgian Grand Prix,spa,2010-08-29,alonso,ALO,ferrari,21,10,Accident,10.0,0.0,20.0,0.0,0.0,10.0,0.0,5.6,6.1,0.1,5.6,11.0,0,0.0,13,2010
2010,13,Belgian Grand Prix,spa,2010-08-29,button,BUT,mclaren,22,5,Collision,5.0,0.0,20.0,0.0,0.0,10.0,0.0,4.4,6.1,0.1,3.4,11.0,0,0.0,13,2010
2010,13,Belgian Grand Prix,spa,2010-08-29,bruno_senna,SEN,hrt,23,18,Retired,18.0,0.0,20.0,0.0,0.0,10.0,0.0,20.0,19.2,0.5,18.2,11.0,0,0.0,13,2010
2010,13,Belgian Grand Prix,spa,2010-08-29,barrichello,BAR,williams,24,7,Collision,7.0,0.0,20.0,0.0,0.0,10.0,0.0,9.0,11.0,0.1,8.0,11.0,0,0.0,13,2010
2010,14,Italian Grand Prix,monza,2010-09-12,alonso,ALO,ferrari,1,1,Finished,1.0,0.0,20.0,0.0,0.0,10.0,0.0,9.2,6.9,0.1,5.8,11.0,0,0.0,14,2010
2010,14,Italian Grand Prix,monza,2010-09-12,button,BUT,mclaren,2,2,Finished,2.0,0.0,20.0,0.0,0.0,10.0,0.0,8.4,7.5,0.2,3.4,11.0,0,0.0,14,2010
2010,14,Italian Grand Prix,monza,2010-09-12,massa,MAS,ferrari,3,3,Finished,3.0,0.0,20.0,0.0,0.0,10.0,0.0,7.2,7.7,0.0,5.8,11.0,0,0.0,14,2010
2010,14,Italian Grand Prix,monza,2010-09-12,vettel,VET,red_bull,4,6,Finished,6.0,0.0,20.0,0.0,0.0,10.0,0.0,5.8,6.6,0.1,1.6,11.0,0,0.0,14,2010
2010,14,Italian Grand Prix,monza,2010-09-12,rosberg,ROS,mercedes,5,7,Finished,7.0,0.0,20.0,0.0,0.0,10.0,0.0,9.8,8.3,0.1,7.6,11.0,0,0.0,14,2010
2010,14,Italian Grand Prix,monza,2010-09-12,webber,WEB,red_bull,6,4,Finished,4.0,0.0,20.0,0.0,0.0,10.0,0.0,6.8,5.2,0.1,1.6,11.0,0,0.0,14,2010
2010,14,Italian Grand Prix,monza,2010-09-12,hulkenberg,HUL,williams,7,8,Finished,8.0,0.0,20.0,0.0,0.0,10.0,0.0,13.0,15.0,0.2,8.2,11.0,0,0.0,14,2010
2010,14,Italian Grand Prix,monza,2010-09-12,kubica,KUB,renault,8,9,Finished,9.0,0.0,20.0,0.0,0.0,10.0,0.0,11.8,8.8,0.2,6.6,11.0,0,0.0,14,2010
2010,14,Italian Grand Prix,monza,2010-09-12,michael_schumacher,MSC,mercedes,9,12,Finished,12.0,0.0,20.0,0.0,0.0,10.0,0.0,10.2,9.2,0.0,7.6,11.0,0,0.0,14,2010
2010,14,Italian Grand Prix,monza,2010-09-12,barrichello,BAR,williams,10,10,Finished,10.0,0.0,20.0,0.0,0.0,10.0,0.0,11.0,12.2,0.2,8.2,11.0,0,0.0,14,2010
2010,14,Italian Grand Prix,monza,2010-09-12,buemi,BUE,toro_rosso,11,14,Finished,14.0,0.0,20.0,0.0,0.0,10.0,0.0,13.8,14.4,0.3,12.0,11.0,0,0.0,14,2010
2010,14,Italian Grand Prix,monza,2010-09-12,liuzzi,LIU,force_india,12,19,Finished,19.0,0.0,20.0,0.0,0.0,10.0,0.0,13.2,13.5,0.2,9.6,11.0,0,0.0,14,2010
2010,14,Italian Grand Prix,monza,2010-09-12,petrov,PET,renault,13,20,Finished,20.0,0.0,20.0,0.0,0.0,10.0,0.0,10.2,11.4,0.1,6.6,11.0,0,0.0,14,2010
2010,14,Italian Grand Prix,monza,2010-09-12,rosa,DLR,sauber,14,16,+1 Lap,16.0,0.0,20.0,0.0,0.0,10.0,0.0,13.2,16.3,0.5,7.8,11.0,0,0.0,14,2010
2010,14,Italian Grand Prix,monza,2010-09-12,alguersuari,ALG,toro_rosso,15,15,+1 Lap,15.0,0.0,20.0,0.0,0.0,10.0,0.0,17.2,14.4,0.2,12.0,11.0,0,0.0,14,2010
2010,14,Italian Grand Prix,monza,2010-09-12,sutil,SUT,force_india,16,11,+1 Lap,11.0,0.0,20.0,0.0,0.0,10.0,0.0,11.8,10.4,0.1,9.6,11.0,0,0.0,14,2010
2010,14,Italian Grand Prix,monza,2010-09-12,glock,GLO,virgin,17,24,+2 Laps,24.0,0.0,20.0,0.0,0.0,10.0,0.0,17.8,19.0,0.3,17.2,11.0,0,0.0,14,2010
2010,14,Italian Grand Prix,monza,2010-09-12,kovalainen,KOV,lotus_racing,18,18,+2 Laps,18.0,0.0,20.0,0.0,0.0,10.0,0.0,18.0,18.3,0.5,17.4,11.0,0,0.0,14,2010
2010,14,Italian Grand Prix,monza,2010-09-12,yamamoto,YAM,hrt,19,23,+2 Laps,23.0,0.0,20.0,0.0,0.0,10.0,0.0,20.25,20.25,0.25,18.6,11.0,0,0.0,14,2010
2010,14,Italian Grand Prix,monza,2010-09-12,grassi,DIG,virgin,20,21,+3 Laps,21.0,0.0,20.0,0.0,0.0,10.0,0.0,19.4,19.3,0.4,17.2,11.0,0,0.0,14,2010
2010,14,Italian Grand Prix,monza,2010-09-12,trulli,TRU,lotus_racing,21,17,Engine,17.0,0.0,20.0,0.0,0.0,10.0,0.0,18.8,18.9,0.5,17.4,11.0,0,0.0,14,2010
2010,14,Italian Grand Prix,monza,2010-09-12,bruno_senna,SEN,hrt,22,22,Retired,22.0,0.0,20.0,0.0,0.0,10.0,0.0,20.4,19.5,0.5,18.6,11.0,0,0.0,14,2010
2010,14,Italian Grand Prix,monza,2010-09-12,hamilton,HAM,mclaren,23,5,Collision,5.0,0.0,20.0,0.0,0.0,10.0,0.0,5.8,5.2,0.2,3.4,11.0,0,0.0,14,2010
2010,14,Italian Grand Prix,monza,2010-09-12,kobayashi,KOB,sauber,24,13,Gearbox,13.0,0.0,20.0,0.0,0.0,10.0,0.0,8.2,12.8,0.3,7.8,11.0,0,0.0,14,2010
2010,15,Singapore Grand Prix,marina_bay,2010-09-26,alonso,ALO,ferrari,1,1,Finished,1.0,0.0,20.0,0.0,0.0,10.0,0.0,7.8,6.6,0.1,4.4,11.0,0,0.0,15,2010
2010,15,Singapore Grand Prix,marina_bay,2010-09-26,vettel,VET,red_bull,2,2,Finished,2.0,0.0,20.0,0.0,0.0,10.0,0.0,6.4,6.4,0.1,2.2,11.0,0,0.0,15,2010
2010,15,Singapore Grand Prix,marina_bay,2010-09-26,webber,WEB,red_bull,3,5,Finished,5.0,0.0,20.0,0.0,0.0,10.0,0.0,3.2,5.0,0.1,2.2,11.0,0,0.0,15,2010
2010,15,Singapore Grand Prix,marina_bay,2010-09-26,button,BUT,mclaren,4,4,Finished,4.0,0.0,20.0,0.0,0.0,10.0,0.0,8.2,7.6,0.2,3.4,11.0,0,0.0,15,2010
2010,15,Singapore Grand Prix,marina_bay,2010-09-26,rosberg,ROS,mercedes,5,7,Finished,7.0,0.0,20.0,0.0,0.0,10.0,0.0,8.8,8.5,0.1,6.6,11.0,0,0.0,15,2010
2010,15,Singapore Grand Prix,marina_bay,2010-09-26,barrichello,BAR,williams,6,6,Finished,6.0,0.0,20.0,0.0,0.0,10.0,0.0,12.2,12.0,0.2,8.8,11.0,0,0.0,15,2010
2010,15,Singapore Grand Prix,marina_bay,2010-09-26,kubica,KUB,renault,7,8,Finished,8.0,0.0,20.0,0.0,0.0,10.0,0.0,12.4,9.1,0.2,7.2,11.0,0,0.0,15,2010
2010,15,Singapore Grand Prix,marina_bay,2010-09-26,massa,MAS,ferrari,8,24,Finished,24.0,0.0,20.0,0.0,0.0,10.0,0.0,5.6,7.1,0.0,4.4,11.0,0,0.0,15,2010
2010,15,Singapore Grand Prix,marina_bay,2010-09-26,sutil,SUT,force_india,9,15,Finished,15.0,0.0,20.0,0.0,0.0,10.0,0.0,13.8,10.9,0.1,10.8,11.0,0,0.0,15,2010
2010,15,Singapore Grand Prix,marina_bay,2010-09-26,hulkenberg,HUL,williams,10,17,Finished,17.0,0.0,20.0,0.0,0.0,10.0,0.0,10.0,14.2,0.2,8.8,11.0,0,0.0,15,2010
2010,15,Singapore Grand Prix,marina_bay,2010-09-26,petrov,PET,renault,11,12,+1 Lap,12.0,0.0,20.0,0.0,0.0,10.0,0.0,10.0,12.0,0.1,7.2,11.0,0,0.0,15,2010
2010,15,Singapore Grand Prix,marina_bay,2010-09-26,alguersuari,ALG,toro_rosso,12,11,+1 Lap,11.0,0.0,20.0,0.0,0.0,10.0,0.0,17.6,14.6,0.2,12.4,11.0,0,0.0,15,2010
2010,15,Singapore Grand Prix,marina_bay,2010-09-26,michael_schumacher,MSC,mercedes,13,9,+1 Lap,9.0,0.0,20.0,0.0,0.0,10.0,0.0,9.0,9.1,0.0,6.6,11.0,0,0.0,15,2010
2010,15,Singapore Grand Prix,marina_bay,2010-09-26,buemi,BUE,toro_rosso,14,13,+1 Lap,13.0,0.0,20.0,0.0,0.0,10.0,0.0,14.2,13.4,0.2,12.4,11.0,0,0.0,15,2010
2010,15,Singapore Grand Prix,marina_bay,2010-09-26,grassi,DIG,virgin,15,20,+2 Laps,20.0,0.0,20.0,0.0,0.0,10.0,0.0,20.0,19.4,0.3,17.2,11.0,0,0.0,15,2010
2010,15,Singapore Grand Prix,marina_bay,2010-09-26,kovalainen,KOV,lotus_racing,16,19,Engine,19.0,0.0,20.0,0.0,0.0,10.0,0.0,17.0,18.7,0.5,16.8,11.0,0,0.0,15,2010
2010,15,Singapore Grand Prix,marina_bay,2010-09-26,glock,GLO,virgin,17,18,Hydraulics,18.0,0.0,20.0,0.0,0.0,10.0,0.0,17.4,18.3,0.2,17.2,11.0,0,0.0,15,2010
2010,15,Singapore Grand Prix,marina_bay,2010-09-26,heidfeld,HEI,sauber,18,14,Collision,14.0,0.0,20.0,0.0,0.0,10.0,0.0,11.0,11.0,0.1,9.2,11.0,0,0.0,15,2010
2010,15,Singapore Grand Prix,marina_bay,2010-09-26,hamilton,HAM,mclaren,19,3,Collision,3.0,0.0,20.0,0.0,0.0,10.0,0.0,10.0,7.3,0.3,3.4,11.0,0,0.0,15,2010
2010,15,Singapore Grand Prix,marina_bay,2010-09-26,klien,KLI,hrt,20,22,Hydraulics,22.0,0.0,20.0,0.0,0.0,10.0,0.0,11.0,11.0,0.1,18.8,11.0,0,0.0,15,2010
2010,15,Singapore Grand Prix,marina_bay,2010-09-26,kobayashi,KOB,sauber,21,10,Accident,10.0,0.0,20.0,0.0,0.0,10.0,0.0,11.6,13.0,0.3,9.2,11.0,0,0.0,15,2010
2010,15,Singapore Grand Prix,marina_bay,2010-09-26,bruno_senna,SEN,hrt,22,23,Accident,23.0,0.0,20.0,0.0,0.0,10.0,0.0,20.2,20.1,0.6,18.8,11.0,0,0.0,15,2010
2010,15,Singapore Grand Prix,marina_bay,2010-09-26,trulli,TRU,lotus_racing,23,21,Hydraulics,21.0,0.0,20.0,0.0,0.0,10.0,0.0,18.8,19.2,0.5,16.8,11.0,0,0.0,15,2010
2010,15,Singapore Grand Prix,marina_bay,2010-09-26,liuzzi,LIU,force_india,24,16,Collision,16.0,0.0,20.0,0.0,0.0,10.0,0.0,12.4,12.4,0.1,10.8,11.0,0,0.0,15,2010
2010,16,Japanese Grand Prix,suzuka,2010-10-10,vettel,VET,red_bull,1,1,Finished,1.0,0.0,20.0,0.0,0.0,10.0,0.0,5.4,6.3,0.1,2.4,11.0,0,0.0,16,2010
2010,16,Japanese Grand Prix,suzuka,2010-10-10,webber,WEB,red_bull,2,2,Finished,2.0,0.0,20.0,0.0,0.0,10.0,0.0,3.6,5.2,0.1,2.4,11.0,0,0.0,16,2010
2010,16,Japanese Grand Prix,suzuka,2010-10-10,alonso,ALO,ferrari,3,4,Finished,4.0,0.0,20.0,0.0,0.0,10.0,0.0,5.2,6.5,0.1,1.8,11.0,0,0.0,16,2010
2010,16,Japanese Grand Prix,suzuka,2010-10-10,button,BUT,mclaren,4,5,Finished,5.0,0.0,20.0,0.0,0.0,10.0,0.0,8.2,7.5,0.2,3.8,11.0,0,0.0,16,2010
2010,16,Japanese Grand Prix,suzuka,2010-10-10,hamilton,HAM,mclaren,5,8,Finished,8.0,0.0,20.0,0.0,0.0,10.0,0.0,13.4,7.8,0.3,3.8,11.0,0,0.0,16,2010
2010,16,Japanese Grand Prix,suzuka,2010-10-10,michael_schumacher,MSC,mercedes,6,10,Finished,10.0,0.0,20.0,0.0,0.0,10.0,0.0,9.8,10.0,0.0,7.0,11.0,0,0.0,16,2010
2010,16,Japanese Grand Prix,suzuka,2010-10-10,kobayashi,KOB,sauber,7,14,Finished,14.0,0.0,20.0,0.0,0.0,10.0,0.0,14.6,13.9,0.4,11.6,11.0,0,0.0,16,2010
2010,16,Japanese Grand Prix,suzuka,2010-10-10,heidfeld,HEI,sauber,8,11,Finished,11.0,0.0,20.0,0.0,0.0,10.0,0.0,18.0,18.0,1.0,11.6,11.0,0,0.0,16,2010
2010,16,Japanese Grand Prix,suzuka,2010-10-10,barrichello,BAR,williams,9,7,Finished,7.0,0.0,20.0,0.0,0.0,10.0,0.0,12.4,11.7,0.2,9.0,11.0,0,0.0,16,2010
2010,16,Japanese Grand Prix,suzuka,2010-10-10,buemi,BUE,toro_rosso,10,18,Finished,18.0,0.0,20.0,0.0,0.0,10.0,0.0,14.6,12.8,0.1,12.4,11.0,0,0.0,16,2010
2010,16,Japanese Grand Prix,suzuka,2010-10-10,alguersuari,ALG,toro_rosso,11,16,+1 Lap,16.0,0.0,20.0,0.0,0.0,10.0,0.0,15.8,14.8,0.2,12.4,11.0,0,0.0,16,2010
2010,16,Japanese Grand Prix,suzuka,2010-10-10,kovalainen,KOV,lotus_racing,12,20,+1 Lap,20.0,0.0,20.0,0.0,0.0,10.0,0.0,16.8,17.9,0.5,16.8,11.0,0,0.0,16,2010
2010,16,Japanese Grand Prix,suzuka,2010-10-10,trulli,TRU,lotus_racing,13,19,+2 Laps,19.0,0.0,20.0,0.0,0.0,10.0,0.0,20.2,19.8,0.6,16.8,11.0,0,0.0,16,2010
2010,16,Japanese Grand Prix,suzuka,2010-10-10,glock,GLO,virgin,14,22,+2 Laps,22.0,0.0,20.0,0.0,0.0,10.0,0.0,17.2,18.2,0.3,16.6,11.0,0,0.0,16,2010
2010,16,Japanese Grand Prix,suzuka,2010-10-10,bruno_senna,SEN,hrt,15,23,+2 Laps,23.0,0.0,20.0,0.0,0.0,10.0,0.0,20.6,20.7,0.7,19.0,11.0,0,0.0,16,2010
2010,16,Japanese Grand Prix,suzuka,2010-10-10,yamamoto,YAM,hrt,16,24,+3 Laps,24.0,0.0,20.0,0.0,0.0,10.0,0.0,20.0,20.0,0.2,19.0,11.0,0,0.0,16,2010
2010,16,Japanese Grand Prix,suzuka,2010-10-10,rosberg,ROS,mercedes,17,6,Suspension,6.0,0.0,20.0,0.0,0.0,10.0,0.0,9.2,7.7,0.1,7.0,11.0,0,0.0,16,2010
2010,16,Japanese Grand Prix,suzuka,2010-10-10,sutil,SUT,force_india,18,15,Oil leak,15.0,0.0,20.0,0.0,0.0,10.0,0.0,14.0,11.1,0.1,11.0,11.0,0,0.0,16,2010
2010,16,Japanese Grand Prix,suzuka,2010-10-10,kubica,KUB,renault,19,3,Wheel,3.0,0.0,20.0,0.0,0.0,10.0,0.0,9.2,9.0,0.2,6.0,11.0,0,0.0,16,2010
2010,16,Japanese Grand Prix,suzuka,2010-10-10,hulkenberg,HUL,williams,20,9,Accident,9.0,0.0,20.0,0.0,0.0,10.0,0.0,10.0,13.6,0.2,9.0,11.0,0,0.0,16,2010
2010,16,Japanese Grand Prix,suzuka,2010-10-10,massa,MAS,ferrari,21,12,Accident,12.0,0.0,20.0,0.0,0.0,10.0,0.0,4.2,7.3,0.0,1.8,11.0,0,0.0,16,2010
2010,16,Japanese Grand Prix,suzuka,2010-10-10,petrov,PET,renault,22,13,Accident,13.0,0.0,20.0,0.0,0.0,10.0,0.0,9.6,12.0,0.1,6.0,11.0,0,0.0,16,2010
2010,16,Japanese Grand Prix,suzuka,2010-10-10,liuzzi,LIU,force_india,23,17,Accident,17.0,0.0,20.0,0.0,0.0,10.0,0.0,15.0,13.3,0.1,11.0,11.0,0,0.0,16,2010
2010,16,Japanese Grand Prix,suzuka,2010-10-10,grassi,DIG,virgin,24,21,Suspension,21.0,0.0,20.0,0.0,0.0,10.0,0.0,18.2,19.0,0.3,16.6,11.0,0,0.0,16,2010
2010,17,Korean Grand Prix,yeongam,2010-10-24,alonso,ALO,ferrari,1,3,Finished,3.0,0.0,20.0,0.0,0.0,10.0,0.0,5.6,6.2,0.1,2.2,11.0,0,0.0,17,2010
2010,17,Korean Grand Prix,yeongam,2010-10-24,hamilton,HAM,mclaren,2,4,Finished,4.0,0.0,20.0,0.0,0.0,10.0,0.0,13.6,7.8,0.3,3.8,11.0,0,0.0,17,2010
2010,17,Korean Grand Prix,yeongam,2010-10-24,massa,MAS,ferrari,3,6,Finished,6.0,0.0,20.0,0.0,0.0,10.0,0.0,8.0,9.0,0.1,2.2,11.0,0,0.0,17,2010
2010,17,Korean Grand Prix,yeongam,2010-10-24,michael_schumacher,MSC,mercedes,4,9,Finished,9.0,0.0,20.0,0.0,0.0,10.0,0.0,9.2,9.4,0.0,6.6,11.0,0,0.0,17,2010
2010,17,Korean Grand Prix,yeongam,2010-10-24,kubica,KUB,renault,5,8,Finished,8.0,0.0,20.0,0.0,0.0,10.0,0.0,11.6,10.6,0.3,8.4,11.0,0,0.0,17,2010
2010,17,Korean Grand Prix,yeongam,2010-10-24,liuzzi,LIU,force_india,6,17,Finished,17.0,0.0,20.0,0.0,0.0,10.0,0.0,16.4,14.7,0.2,11.4,11.0,0,0.0,17,2010
2010,17,Korean Grand Prix,yeongam,2010-10-24,barrichello,BAR,williams,7,10,Finished,10.0,0.0,20.0,0.0,0.0,10.0,0.0,11.8,10.8,0.1,8.4,11.0,0,0.0,17,2010
2010,17,Korean Grand Prix,yeongam,2010-10-24,kobayashi,KOB,sauber,8,12,Finished,12.0,0.0,20.0,0.0,0.0,10.0,0.0,13.8,12.7,0.3,10.8,11.0,0,0.0,17,2010
2010,17,Korean Grand Prix,yeongam,2010-10-24,heidfeld,HEI,sauber,9,13,Finished,13.0,0.0,20.0,0.0,0.0,10.0,0.0,13.0,13.0,0.5,10.8,11.0,0,0.0,17,2010
2010,17,Korean Grand Prix,yeongam,2010-10-24,hulkenberg,HUL,williams,10,11,Finished,11.0,0.0,20.0,0.0,0.0,10.0,0.0,11.4,13.2,0.2,8.4,11.0,0,0.0,17,2010
2010,17,Korean Grand Prix,yeongam,2010-10-24,alguersuari,ALG,toro_rosso,11,15,Finished,15.0,0.0,20.0,0.0,0.0,10.0,0.0,15.0,14.8,0.2,11.4,11.0,0,0.0,17,2010
2010,17,Korean Grand Prix,yeongam,2010-10-24,button,BUT,mclaren,12,7,Finished,7.0,0.0,20.0,0.0,0.0,10.0,0.0,8.0,5.6,0.1,3.8,11.0,0,0.0,17,2010
2010,17,Korean Grand Prix,yeongam,2010-10-24,kovalainen,KOV,lotus_racing,13,21,+1 Lap,21.0,0.0,20.0,0.0,0.0,10.0,0.0,15.2,17.5,0.4,15.2,11.0,0,0.0,17,2010
2010,17,Korean Grand Prix,yeongam,2010-10-24,bruno_senna,SEN,hrt,14,24,+2 Laps,24.0,0.0,20.0,0.0,0.0,10.0,0.0,19.8,19.9,0.6,18.2,11.0,0,0.0,17,2010
2010,17,Korean Grand Prix,yeongam,2010-10-24,yamamoto,YAM,hrt,15,23,+2 Laps,23.0,0.0,20.0,0.0,0.0,10.0,0.0,19.2,19.333333333333332,0.16666666666666666,18.2,11.0,0,0.0,17,2010
2010,17,Korean Grand Prix,yeongam,2010-10-24,sutil,SUT,force_india,16,14,Collision,14.0,0.0,20.0,0.0,0.0,10.0,0.0,14.2,12.1,0.2,11.4,11.0,0,0.0,17,2010
2010,17,Korean Grand Prix,yeongam,2010-10-24,vettel,VET,red_bull,17,1,Engine,1.0,0.0,20.0,0.0,0.0,10.0,0.0,5.0,6.2,0.1,2.0,11.0,0,0.0,17,2010
2010,17,Korean Grand Prix,yeongam,2010-10-24,petrov,PET,renault,18,20,Accident,20.0,0.0,20.0,0.0,0.0,10.0,0.0,12.0,12.9,0.1,8.4,11.0,0,0.0,17,2010
2010,17,Korean Grand Prix,yeongam,2010-10-24,glock,GLO,virgin,19,19,Collision,19.0,0.0,20.0,0.0,0.0,10.0,0.0,16.4,17.5,0.2,15.8,11.0,0,0.0,17,2010
2010,17,Korean Grand Prix,yeongam,2010-10-24,buemi,BUE,toro_rosso,20,16,Collision,16.0,0.0,20.0,0.0,0.0,10.0,0.0,11.8,12.8,0.1,11.4,11.0,0,0.0,17,2010
2010,17,Korean Grand Prix,yeongam,2010-10-24,grassi,DIG,virgin,21,22,Accident,22.0,0.0,20.0,0.0,0.0,10.0,0.0,18.8,19.4,0.3,15.8,11.0,0,0.0,17,2010
2010,17,Korean Grand Prix,yeongam,2010-10-24,trulli,TRU,lotus_racing,22,18,Hydraulics,18.0,0.0,20.0,0.0,0.0,10.0,0.0,18.2,19.6,0.5,15.2,11.0,0,0.0,17,2010
2010,17,Korean Grand Prix,yeongam,2010-10-24,webber,WEB,red_bull,23,2,Accident,2.0,0.0,20.0,0.0,0.0,10.0,0.0,2.8,5.3,0.1,2.0,11.0,0,0.0,17,2010
2010,17,Korean Grand Prix,yeongam,2010-10-24,rosberg,ROS,mercedes,24,5,Collision,5.0,0.0,20.0,0.0,0.0,10.0,0.0,11.0,8.7,0.2,6.6,11.0,0,0.0,17,2010
2010,18,Brazilian Grand Prix,interlagos,2010-11-07,vettel,VET,red_bull,1,2,Finished,2.0,0.0,20.0,0.0,0.0,10.0,0.0,7.8,5.7,0.1,5.2,11.0,0,0.0,18,2010
2010,18,Brazilian Grand Prix,interlagos,2010-11-07,webber,WEB,red_bull,2,3,Finished,3.0,0.0,20.0,0.0,0.0,10.0,0.0,7.2,7.3,0.2,5.2,11.0,0,0.0,18,2010
2010,18,Brazilian Grand Prix,interlagos,2010-11-07,alonso,ALO,ferrari,3,5,Finished,5.0,0.0,20.0,0.0,0.0,10.0,0.0,5.4,5.5,0.1,2.0,11.0,0,0.0,18,2010
2010,18,Brazilian Grand Prix,interlagos,2010-11-07,hamilton,HAM,mclaren,4,4,Finished,4.0,0.0,20.0,0.0,0.0,10.0,0.0,10.0,7.9,0.3,2.6,11.0,0,0.0,18,2010
2010,18,Brazilian Grand Prix,interlagos,2010-11-07,button,BUT,mclaren,5,11,Finished,11.0,0.0,20.0,0.0,0.0,10.0,0.0,8.8,6.6,0.1,2.6,11.0,0,0.0,18,2010
2010,18,Brazilian Grand Prix,interlagos,2010-11-07,rosberg,ROS,mercedes,6,13,Finished,13.0,0.0,20.0,0.0,0.0,10.0,0.0,11.4,10.6,0.3,5.2,11.0,0,0.0,18,2010
2010,18,Brazilian Grand Prix,interlagos,2010-11-07,michael_schumacher,MSC,mercedes,7,8,Finished,8.0,0.0,20.0,0.0,0.0,10.0,0.0,7.8,9.4,0.0,5.2,11.0,0,0.0,18,2010
2010,18,Brazilian Grand Prix,interlagos,2010-11-07,hulkenberg,HUL,williams,8,1,+1 Lap,1.0,0.0,20.0,0.0,0.0,10.0,0.0,12.2,12.5,0.2,8.6,11.0,0,0.0,18,2010
2010,18,Brazilian Grand Prix,interlagos,2010-11-07,kubica,KUB,renault,9,7,+1 Lap,7.0,0.0,20.0,0.0,0.0,10.0,0.0,8.4,10.5,0.3,8.4,11.0,0,0.0,18,2010
2010,18,Brazilian Grand Prix,interlagos,2010-11-07,kobayashi,KOB,sauber,10,12,+1 Lap,12.0,0.0,20.0,0.0,0.0,10.0,0.0,13.6,12.5,0.3,11.0,11.0,0,0.0,18,2010
2010,18,Brazilian Grand Prix,interlagos,2010-11-07,alguersuari,ALG,toro_rosso,11,14,+1 Lap,14.0,0.0,20.0,0.0,0.0,10.0,0.0,12.4,14.7,0.2,11.2,11.0,0,0.0,18,2010
2010,18,Brazilian Grand Prix,interlagos,2010-11-07,sutil,SUT,force_india,12,22,+1 Lap,22.0,0.0,20.0,0.0,0.0,10.0,0.0,12.8,12.8,0.3,10.0,11.0,0,0.0,18,2010
2010,18,Brazilian Grand Prix,interlagos,2010-11-07,buemi,BUE,toro_rosso,13,19,+1 Lap,19.0,0.0,20.0,0.0,0.0,10.0,0.0,13.4,13.2,0.2,11.2,11.0,0,0.0,18,2010
2010,18,Brazilian Grand Prix,interlagos,2010-11-07,barrichello,BAR,williams,14,6,+1 Lap,6.0,0.0,20.0,0.0,0.0,10.0,0.0,11.2,10.1,0.1,8.6,11.0,0,0.0,18,2010
2010,18,Brazilian Grand Prix,interlagos,2010-11-07,massa,MAS,ferrari,15,9,+1 Lap,9.0,0.0,20.0,0.0,0.0,10.0,0.0,7.8,8.6,0.1,2.0,11.0,0,0.0,18,2010
2010,18,Brazilian Grand Prix,interlagos,2010-11-07,petrov,PET,renault,16,10,+1 Lap,10.0,0.0,20.0,0.0,0.0,10.0,0.0,14.6,13.2,0.2,8.4,11.0,0,0.0,18,2010
2010,18,Brazilian Grand Prix,interlagos,2010-11-07,heidfeld,HEI,sauber,17,15,+1 Lap,15.0,0.0,20.0,0.0,0.0,10.0,0.0,11.666666666666666,11.666666666666666,0.3333333333333333,11.0,11.0,0,0.0,18,2010
2010,18,Brazilian Grand Prix,interlagos,2010-11-07,kovalainen,KOV,lotus_racing,18,20,+2 Laps,20.0,0.0,20.0,0.0,0.0,10.0,0.0,15.0,16.5,0.3,15.0,11.0,0,0.0,18,2010
2010,18,Brazilian Grand Prix,interlagos,2010-11-07,trulli,TRU,lotus_racing,19,18,+2 Laps,18.0,0.0,20.0,0.0,0.0,10.0,0.0,19.6,19.4,0.5,15.0,11.0,0,0.0,18,2010
2010,18,Brazilian Grand Prix,interlagos,2010-11-07,glock,GLO,virgin,20,17,+2 Laps,17.0,0.0,20.0,0.0,0.0,10.0,0.0,17.0,17.6,0.3,16.4,11.0,0,0.0,18,2010
2010,18,Brazilian Grand Prix,interlagos,2010-11-07,bruno_senna,SEN,hrt,21,24,+2 Laps,24.0,0.0,20.0,0.0,0.0,10.0,0.0,19.2,19.6,0.5,17.6,11.0,0,0.0,18,2010
2010,18,Brazilian Grand Prix,interlagos,2010-11-07,klien,KLI,hrt,22,23,+6 Laps,23.0,0.0,20.0,0.0,0.0,10.0,0.0,20.0,20.0,1.0,17.6,11.0,0,0.0,18,2010
2010,18,Brazilian Grand Prix,interlagos,2010-11-07,grassi,DIG,virgin,23,21,+9 Laps,21.0,0.0,20.0,0.0,0.0,10.0,0.0,19.4,19.6,0.4,16.4,11.0,0,0.0,18,2010
2010,18,Brazilian Grand Prix,interlagos,2010-11-07,liuzzi,LIU,force_india,24,16,Accident,16.0,0.0,20.0,0.0,0.0,10.0,0.0,15.0,14.0,0.2,10.0,11.0,0,0.0,18,2010
2010,19,Abu Dhabi Grand Prix,yas_marina,2010-11-14,vettel,VET,red_bull,1,1,Finished,1.0,0.0,20.0,0.0,0.0,10.0,0.0,5.0,5.4,0.1,5.0,11.0,0,0.0,19,2010
2010,19,Abu Dhabi Grand Prix,yas_marina,2010-11-14,hamilton,HAM,mclaren,2,2,Finished,2.0,0.0,20.0,0.0,0.0,10.0,0.0,10.6,8.2,0.3,3.2,11.0,0,0.0,19,2010
2010,19,Abu Dhabi Grand Prix,yas_marina,2010-11-14,button,BUT,mclaren,3,4,Finished,4.0,0.0,20.0,0.0,0.0,10.0,0.0,5.4,6.9,0.1,3.2,11.0,0,0.0,19,2010
2010,19,Abu Dhabi Grand Prix,yas_marina,2010-11-14,rosberg,ROS,mercedes,4,9,Finished,9.0,0.0,20.0,0.0,0.0,10.0,0.0,11.4,10.6,0.3,5.2,11.0,0,0.0,19,2010
2010,19,Abu Dhabi Grand Prix,yas_marina,2010-11-14,kubica,KUB,renault,5,11,Finished,11.0,0.0,20.0,0.0,0.0,10.0,0.0,9.6,10.7,0.3,9.6,11.0,0,0.0,19,2010
2010,19,Abu Dhabi Grand Prix,yas_marina,2010-11-14,petrov,PET,renault,6,10,Finished,10.0,0.0,20.0,0.0,0.0,10.0,0.0,16.0,13.1,0.2,9.6,11.0,0,0.0,19,2010
2010,19,Abu Dhabi Grand Prix,yas_marina,2010-11-14,alonso,ALO,ferrari,7,3,Finished,3.0,0.0,20.0,0.0,0.0,10.0,0.0,1.8,5.5,0.1,1.8,11.0,0,0.0,19,2010
2010,19,Abu Dhabi Grand Prix,yas_marina,2010-11-14,webber,WEB,red_bull,8,5,Finished,5.0,0.0,20.0,0.0,0.0,10.0,0.0,7.2,7.0,0.2,5.0,11.0,0,0.0,19,2010
2010,19,Abu Dhabi Grand Prix,yas_marina,2010-11-14,alguersuari,ALG,toro_rosso,9,17,Finished,17.0,0.0,20.0,0.0,0.0,10.0,0.0,12.0,14.6,0.2,11.0,11.0,0,0.0,19,2010
2010,19,Abu Dhabi Grand Prix,yas_marina,2010-11-14,massa,MAS,ferrari,10,6,Finished,6.0,0.0,20.0,0.0,0.0,10.0,0.0,10.0,8.6,0.1,1.8,11.0,0,0.0,19,2010
2010,19,Abu Dhabi Grand Prix,yas_marina,2010-11-14,heidfeld,HEI,sauber,11,14,Finished,14.0,0.0,20.0,0.0,0.0,10.0,0.0,13.0,13.0,0.25,11.4,11.0,0,0.0,19,2010
2010,19,Abu Dhabi Grand Prix,yas_marina,2010-11-14,barrichello,BAR,williams,12,7,Finished,7.0,0.0,20.0,0.0,0.0,10.0,0.0,9.2,10.1,0.1,7.4,11.0,0,0.0,19,2010
2010,19,Abu Dhabi Grand Prix,yas_marina,2010-11-14,sutil,SUT,force_india,13,13,Finished,13.0,0.0,20.0,0.0,0.0,10.0,0.0,14.2,13.0,0.3,11.4,11.0,0,0.0,19,2010
2010,19,Abu Dhabi Grand Prix,yas_marina,2010-11-14,kobayashi,KOB,sauber,14,12,Finished,12.0,0.0,20.0,0.0,0.0,10.0,0.0,14.0,11.1,0.2,11.4,11.0,0,0.0,19,2010
2010,19,Abu Dhabi Grand Prix,yas_marina,2010-11-14,buemi,BUE,toro_rosso,15,18,Finished,18.0,0.0,20.0,0.0,0.0,10.0,0.0,13.6,13.7,0.2,11.0,11.0,0,0.0,19,2010
2010,19,Abu Dhabi Grand Prix,yas_marina,2010-11-14,hulkenberg,HUL,williams,16,15,Finished,15.0,0.0,20.0,0.0,0.0,10.0,0.0,11.0,12.0,0.2,7.4,11.0,0,0.0,19,2010
2010,19,Abu Dhabi Grand Prix,yas_marina,2010-11-14,kovalainen,KOV,lotus_racing,17,20,+1 Lap,20.0,0.0,20.0,0.0,0.0,10.0,0.0,15.4,16.7,0.3,15.4,11.0,0,0.0,19,2010
2010,19,Abu Dhabi Grand Prix,yas_marina,2010-11-14,grassi,DIG,virgin,18,22,+2 Laps,22.0,0.0,20.0,0.0,0.0,10.0,0.0,20.6,20.0,0.4,17.0,11.0,0,0.0,19,2010
2010,19,Abu Dhabi Grand Prix,yas_marina,2010-11-14,bruno_senna,SEN,hrt,19,23,+2 Laps,23.0,0.0,20.0,0.0,0.0,10.0,0.0,18.8,19.6,0.4,17.8,11.0,0,0.0,19,2010
2010,19,Abu Dhabi Grand Prix,yas_marina,2010-11-14,klien,KLI,hrt,20,24,+2 Laps,24.0,0.0,20.0,0.0,0.0,10.0,0.0,21.0,21.0,0.5,17.8,11.0,0,0.0,19,2010
2010,19,Abu Dhabi Grand Prix,yas_marina,2010-11-14,trulli,TRU,lotus_racing,21,19,Rear wing,19.0,0.0,20.0,0.0,0.0,10.0,0.0,19.6,19.2,0.4,15.4,11.0,0,0.0,19,2010
2010,19,Abu Dhabi Grand Prix,yas_marina,2010-11-14,glock,GLO,virgin,22,21,Gearbox,21.0,0.0,20.0,0.0,0.0,10.0,0.0,17.4,17.6,0.2,17.0,11.0,0,0.0,19,2010
2010,19,Abu Dhabi Grand Prix,yas_marina,2010-11-14,michael_schumacher,MSC,mercedes,23,8,Collision,8.0,0.0,20.0,0.0,0.0,10.0,0.0,7.8,9.0,0.0,5.2,11.0,0,0.0,19,2010
2010,19,Abu Dhabi Grand Prix,yas_marina,2010-11-14,liuzzi,LIU,force_india,24,16,Collision,16.0,0.0,20.0,0.0,0.0,10.0,0.0,17.8,15.5,0.3,11.4,11.0,0,0.0,19,2010
2011,1,Australian Grand Prix,albert_park,2011-03-27,vettel,VET,red_bull,1,1,Finished,1.0,256.0,1.0,5.0,498.0,1.0,9.0,4.4,5.4,0.1,4.4,17.0,1,0.0,1,2011
2011,1,Australian Grand Prix,albert_park,2011-03-27,hamilton,HAM,mclaren,2,2,Finished,2.0,240.0,4.0,3.0,454.0,2.0,5.0,6.4,8.2,0.3,3.2,6.0,1,0.0,1,2011
2011,1,Australian Grand Prix,albert_park,2011-03-27,petrov,PET,renault,3,6,Finished,6.0,27.0,13.0,0.0,163.0,5.0,0.0,14.6,12.3,0.2,9.0,19.0,1,0.0,1,2011
2011,1,Australian Grand Prix,albert_park,2011-03-27,alonso,ALO,ferrari,4,5,Finished,5.0,252.0,2.0,5.0,396.0,3.0,5.0,3.0,5.4,0.1,3.0,4.0,1,0.0,1,2011
2011,1,Australian Grand Prix,albert_park,2011-03-27,webber,WEB,red_bull,5,3,Finished,3.0,242.0,3.0,4.0,498.0,1.0,9.0,7.6,5.4,0.1,4.4,9.0,1,0.0,1,2011
2011,1,Australian Grand Prix,albert_park,2011-03-27,button,BUT,mclaren,6,4,Finished,4.0,214.0,5.0,2.0,454.0,2.0,5.0,5.6,6.9,0.1,3.2,1.0,1,1.0,1,2011
2011,1,Australian Grand Prix,albert_park,2011-03-27,massa,MAS,ferrari,7,8,Finished,8.0,144.0,6.0,0.0,396.0,3.0,5.0,11.4,8.5,0.1,3.0,3.0,1,1.0,1,2011
2011,1,Australian Grand Prix,albert_park,2011-03-27,buemi,BUE,toro_rosso,8,10,+1 Lap,10.0,8.0,16.0,0.0,13.0,9.0,0.0,14.4,14.3,0.2,10.6,21.0,1,0.0,1,2011
2011,1,Australian Grand Prix,albert_park,2011-03-27,sutil,SUT,force_india,9,16,+1 Lap,16.0,47.0,11.0,0.0,68.0,7.0,0.0,13.6,13.7,0.3,11.6,18.0,1,0.0,1,2011
2011,1,Australian Grand Prix,albert_park,2011-03-27,resta,DIR,force_india,10,14,+1 Lap,14.0,0.0,20.0,0.0,68.0,7.0,0.0,11.0,11.0,0.1,11.6,11.0,0,0.0,1,2011
2011,1,Australian Grand Prix,albert_park,2011-03-27,alguersuari,ALG,toro_rosso,11,12,+1 Lap,12.0,5.0,19.0,0.0,13.0,9.0,0.0,10.8,14.2,0.2,10.6,11.0,1,0.0,1,2011
2011,1,Australian Grand Prix,albert_park,2011-03-27,heidfeld,HEI,renault,12,18,+1 Lap,18.0,6.0,18.0,0.0,163.0,5.0,0.0,12.6,12.6,0.2,9.0,11.0,0,0.0,1,2011
2011,1,Australian Grand Prix,albert_park,2011-03-27,trulli,TRU,lotus_racing,13,20,+2 Laps,20.0,0.0,21.0,0.0,0.0,10.0,0.0,19.6,19.2,0.5,15.2,24.0,1,0.0,1,2011
2011,1,Australian Grand Prix,albert_park,2011-03-27,ambrosio,DAM,virgin,14,22,+4 Laps,22.0,0.0,20.0,0.0,0.0,12.0,0.0,11.0,11.0,0.1,17.2,11.0,0,0.0,1,2011
2011,1,Australian Grand Prix,albert_park,2011-03-27,glock,GLO,virgin,15,21,+9 Laps,21.0,0.0,25.0,0.0,0.0,12.0,0.0,18.4,17.9,0.3,17.2,15.0,1,0.0,1,2011
2011,1,Australian Grand Prix,albert_park,2011-03-27,barrichello,BAR,williams,16,17,Transmission,17.0,47.0,10.0,0.0,69.0,6.0,0.0,9.6,10.9,0.1,8.4,8.0,1,0.0,1,2011
2011,1,Australian Grand Prix,albert_park,2011-03-27,rosberg,ROS,mercedes,17,7,Collision,7.0,142.0,7.0,0.0,214.0,4.0,0.0,11.2,10.0,0.3,5.0,5.0,1,0.0,1,2011
2011,1,Australian Grand Prix,albert_park,2011-03-27,kovalainen,KOV,lotus_racing,18,19,Water leak,19.0,0.0,20.0,0.0,0.0,10.0,0.0,15.2,16.1,0.2,15.2,13.0,1,0.0,1,2011
2011,1,Australian Grand Prix,albert_park,2011-03-27,michael_schumacher,MSC,mercedes,19,11,Collision,11.0,72.0,9.0,0.0,214.0,4.0,0.0,10.6,9.8,0.1,5.0,10.0,1,0.0,1,2011
2011,1,Australian Grand Prix,albert_park,2011-03-27,maldonado,MAL,williams,20,15,Transmission,15.0,0.0,20.0,0.0,69.0,6.0,0.0,11.0,11.0,0.1,8.4,11.0,0,0.0,1,2011
2011,1,Australian Grand Prix,albert_park,2011-03-27,kobayashi,KOB,sauber,21,9,Disqualified,9.0,32.0,12.0,0.0,44.0,8.0,0.0,12.0,11.8,0.2,10.8,23.0,1,0.0,1,2011
2011,1,Australian Grand Prix,albert_park,2011-03-27,perez,PER,sauber,22,13,Disqualified,13.0,0.0,20.0,0.0,44.0,8.0,0.0,11.0,11.0,0.1,10.8,11.0,0,0.0,1,2011
2011,2,Malaysian Grand Prix,sepang,2011-04-10,vettel,VET,red_bull,1,1,Finished,1.0,256.0,1.0,5.0,498.0,1.0,9.0,4.2,4.8,0.1,4.2,1.0,1,1.0,2,2011
2011,2,Malaysian Grand Prix,sepang,2011-04-10,button,BUT,mclaren,2,4,Finished,4.0,214.0,5.0,2.0,454.0,2.0,5.0,6.0,7.1,0.1,2.8,8.0,1,0.0,2,2011
2011,2,Malaysian Grand Prix,sepang,2011-04-10,heidfeld,HEI,renault,3,6,Finished,6.0,6.0,18.0,0.0,163.0,5.0,0.0,11.4,12.5,0.16666666666666666,8.2,11.0,0,0.0,2,2011
2011,2,Malaysian Grand Prix,sepang,2011-04-10,webber,WEB,red_bull,4,3,Finished,3.0,242.0,3.0,4.0,498.0,1.0,9.0,8.0,5.8,0.1,4.2,2.0,1,1.0,2,2011
2011,2,Malaysian Grand Prix,sepang,2011-04-10,massa,MAS,ferrari,5,7,Finished,7.0,144.0,6.0,0.0,396.0,3.0,5.0,11.2,7.7,0.1,3.6,7.0,1,0.0,2,2011
2011,2,Malaysian Grand Prix,sepang,2011-04-10,alonso,ALO,ferrari,6,5,Finished,5.0,252.0,2.0,5.0,396.0,3.0,5.0,3.6,4.4,0.1,3.6,13.0,1,0.0,2,2011
2011,2,Malaysian Grand Prix,sepang,2011-04-10,kobayashi,KOB,sauber,7,10,Finished,10.0,32.0,12.0,0.0,44.0,8.0,0.0,12.0,13.3,0.3,11.4,22.0,1,0.0,2,2011
2011,2,Malaysian Grand Prix,sepang,2011-04-10,hamilton,HAM,mclaren,8,2,Finished,2.0,240.0,4.0,3.0,454.0,2.0,5.0,3.0,8.2,0.3,2.8,6.0,1,0.0,2,2011
2011,2,Malaysian Grand Prix,sepang,2011-04-10,michael_schumacher,MSC,mercedes,9,11,Finished,11.0,72.0,9.0,0.0,214.0,4.0,0.0,11.8,10.8,0.2,7.4,21.0,1,0.0,2,2011
2011,2,Malaysian Grand Prix,sepang,2011-04-10,resta,DIR,force_india,10,14,Finished,14.0,0.0,20.0,0.0,68.0,7.0,0.0,10.0,10.0,0.0,11.6,11.0,0,0.0,2,2011
2011,2,Malaysian Grand Prix,sepang,2011-04-10,sutil,SUT,force_india,11,17,+1 Lap,17.0,47.0,11.0,0.0,68.0,7.0,0.0,13.6,13.8,0.3,11.6,5.0,1,0.0,2,2011
2011,2,Malaysian Grand Prix,sepang,2011-04-10,rosberg,ROS,mercedes,12,9,+1 Lap,9.0,142.0,7.0,0.0,214.0,4.0,0.0,13.6,11.4,0.4,7.4,3.0,1,1.0,2,2011
2011,2,Malaysian Grand Prix,sepang,2011-04-10,buemi,BUE,toro_rosso,13,12,+1 Lap,12.0,8.0,16.0,0.0,13.0,9.0,0.0,13.2,13.9,0.2,9.8,11.0,1,0.0,2,2011
2011,2,Malaysian Grand Prix,sepang,2011-04-10,alguersuari,ALG,toro_rosso,14,13,+1 Lap,13.0,5.0,19.0,0.0,13.0,9.0,0.0,10.6,13.2,0.1,9.8,9.0,1,0.0,2,2011
2011,2,Malaysian Grand Prix,sepang,2011-04-10,kovalainen,KOV,lotus_racing,15,19,+1 Lap,19.0,0.0,20.0,0.0,0.0,10.0,0.0,15.6,16.2,0.3,14.6,18.0,1,0.0,2,2011
2011,2,Malaysian Grand Prix,sepang,2011-04-10,glock,GLO,virgin,16,21,+2 Laps,21.0,0.0,25.0,0.0,0.0,12.0,0.0,18.0,17.6,0.3,17.0,23.0,1,0.0,2,2011
2011,2,Malaysian Grand Prix,sepang,2011-04-10,petrov,PET,renault,17,8,Accident,8.0,27.0,13.0,0.0,163.0,5.0,0.0,13.0,11.3,0.2,8.2,19.0,1,0.0,2,2011
2011,2,Malaysian Grand Prix,sepang,2011-04-10,liuzzi,LIU,hrt,18,23,+10 Laps,23.0,21.0,15.0,0.0,0.0,11.0,0.0,20.2,16.3,0.4,17.8,20.0,1,0.0,2,2011
2011,2,Malaysian Grand Prix,sepang,2011-04-10,ambrosio,DAM,virgin,19,22,Accident,22.0,0.0,20.0,0.0,0.0,12.0,0.0,14.0,14.0,0.0,17.0,11.0,0,0.0,2,2011
2011,2,Malaysian Grand Prix,sepang,2011-04-10,trulli,TRU,lotus_racing,20,20,Clutch,20.0,0.0,21.0,0.0,0.0,10.0,0.0,17.6,18.9,0.5,14.6,17.0,1,0.0,2,2011
2011,2,Malaysian Grand Prix,sepang,2011-04-10,perez,PER,sauber,21,16,Accident,16.0,0.0,20.0,0.0,44.0,8.0,0.0,22.0,22.0,1.0,11.4,11.0,0,0.0,2,2011
2011,2,Malaysian Grand Prix,sepang,2011-04-10,barrichello,BAR,williams,22,15,Gearbox,15.0,47.0,10.0,0.0,69.0,6.0,0.0,11.6,12.0,0.2,10.4,12.0,1,0.0,2,2011
2011,2,Malaysian Grand Prix,sepang,2011-04-10,karthikeyan,KAR,hrt,23,24,+42 Laps,24.0,0.0,20.0,0.0,0.0,11.0,0.0,11.0,11.0,0.1,17.8,11.0,0,0.0,2,2011
2011,2,Malaysian Grand Prix,sepang,2011-04-10,maldonado,MAL,williams,24,18,Engine misfire,18.0,0.0,20.0,0.0,69.0,6.0,0.0,20.0,20.0,1.0,10.4,11.0,0,0.0,2,2011
2011,3,Chinese Grand Prix,shanghai,2011-04-17,hamilton,HAM,mclaren,1,3,Finished,3.0,240.0,4.0,3.0,454.0,2.0,5.0,3.6,8.6,0.3,2.4,2.0,1,1.0,3,2011
2011,3,Chinese Grand Prix,shanghai,2011-04-17,vettel,VET,red_bull,2,1,Finished,1.0,256.0,1.0,5.0,498.0,1.0,9.0,4.2,4.6,0.1,4.2,6.0,1,0.0,3,2011
2011,3,Chinese Grand Prix,shanghai,2011-04-17,webber,WEB,red_bull,3,18,Finished,18.0,242.0,3.0,4.0,498.0,1.0,9.0,8.4,5.6,0.1,4.2,8.0,1,0.0,3,2011
2011,3,Chinese Grand Prix,shanghai,2011-04-17,button,BUT,mclaren,4,2,Finished,2.0,214.0,5.0,2.0,454.0,2.0,5.0,5.6,6.8,0.1,2.4,1.0,1,1.0,3,2011
2011,3,Chinese Grand Prix,shanghai,2011-04-17,rosberg,ROS,mercedes,5,4,Finished,4.0,142.0,7.0,0.0,214.0,4.0,0.0,12.6,11.8,0.4,8.0,3.0,1,1.0,3,2011
2011,3,Chinese Grand Prix,shanghai,2011-04-17,massa,MAS,ferrari,6,6,Finished,6.0,144.0,6.0,0.0,396.0,3.0,5.0,8.0,8.0,0.1,4.0,9.0,1,0.0,3,2011
2011,3,Chinese Grand Prix,shanghai,2011-04-17,alonso,ALO,ferrari,7,5,Finished,5.0,252.0,2.0,5.0,396.0,3.0,5.0,4.2,4.9,0.1,4.0,4.0,1,0.0,3,2011
2011,3,Chinese Grand Prix,shanghai,2011-04-17,michael_schumacher,MSC,mercedes,8,14,Finished,14.0,72.0,9.0,0.0,214.0,4.0,0.0,12.4,10.8,0.2,8.0,10.0,1,0.0,3,2011
2011,3,Chinese Grand Prix,shanghai,2011-04-17,petrov,PET,renault,9,10,Finished,10.0,27.0,13.0,0.0,163.0,5.0,0.0,12.0,12.0,0.3,5.0,7.0,1,0.0,3,2011
2011,3,Chinese Grand Prix,shanghai,2011-04-17,kobayashi,KOB,sauber,10,13,Finished,13.0,32.0,12.0,0.0,44.0,8.0,0.0,12.0,12.9,0.3,11.4,22.0,1,0.0,3,2011
2011,3,Chinese Grand Prix,shanghai,2011-04-17,resta,DIR,force_india,11,8,Finished,8.0,0.0,20.0,0.0,68.0,7.0,0.0,10.0,10.0,0.0,10.0,11.0,0,0.0,3,2011
2011,3,Chinese Grand Prix,shanghai,2011-04-17,heidfeld,HEI,renault,12,16,Finished,16.0,6.0,18.0,0.0,163.0,5.0,0.0,10.4,11.142857142857142,0.14285714285714285,5.0,11.0,0,0.0,3,2011
2011,3,Chinese Grand Prix,shanghai,2011-04-17,barrichello,BAR,williams,13,15,Finished,15.0,47.0,10.0,0.0,69.0,6.0,0.0,14.2,13.0,0.3,13.0,12.0,1,0.0,3,2011
2011,3,Chinese Grand Prix,shanghai,2011-04-17,buemi,BUE,toro_rosso,14,9,Finished,9.0,8.0,16.0,0.0,13.0,9.0,0.0,13.8,12.8,0.1,10.4,21.0,1,0.0,3,2011
2011,3,Chinese Grand Prix,shanghai,2011-04-17,sutil,SUT,force_india,15,11,+1 Lap,11.0,47.0,11.0,0.0,68.0,7.0,0.0,12.2,13.2,0.3,10.0,11.0,1,0.0,3,2011
2011,3,Chinese Grand Prix,shanghai,2011-04-17,kovalainen,KOV,lotus_racing,16,19,+1 Lap,19.0,0.0,20.0,0.0,0.0,10.0,0.0,16.2,15.7,0.2,15.2,14.0,1,0.0,3,2011
2011,3,Chinese Grand Prix,shanghai,2011-04-17,perez,PER,sauber,17,12,+1 Lap,12.0,0.0,20.0,0.0,44.0,8.0,0.0,21.5,21.5,1.0,11.4,11.0,0,0.0,3,2011
2011,3,Chinese Grand Prix,shanghai,2011-04-17,maldonado,MAL,williams,18,17,+1 Lap,17.0,0.0,20.0,0.0,69.0,6.0,0.0,22.0,22.0,1.0,13.0,11.0,0,0.0,3,2011
2011,3,Chinese Grand Prix,shanghai,2011-04-17,trulli,TRU,lotus_racing,19,20,+1 Lap,20.0,0.0,21.0,0.0,0.0,10.0,0.0,19.0,18.6,0.5,15.2,18.0,1,0.0,3,2011
2011,3,Chinese Grand Prix,shanghai,2011-04-17,ambrosio,DAM,virgin,20,21,+2 Laps,21.0,0.0,20.0,0.0,0.0,12.0,0.0,16.5,16.5,0.5,17.4,11.0,0,0.0,3,2011
2011,3,Chinese Grand Prix,shanghai,2011-04-17,glock,GLO,virgin,21,22,+2 Laps,22.0,0.0,25.0,0.0,0.0,12.0,0.0,18.4,17.4,0.3,17.4,24.0,1,0.0,3,2011
2011,3,Chinese Grand Prix,shanghai,2011-04-17,liuzzi,LIU,hrt,22,23,+2 Laps,23.0,21.0,15.0,0.0,0.0,11.0,0.0,19.0,17.0,0.4,17.4,23.0,1,0.0,3,2011
2011,3,Chinese Grand Prix,shanghai,2011-04-17,karthikeyan,KAR,hrt,23,24,+2 Laps,24.0,0.0,20.0,0.0,0.0,11.0,0.0,23.0,23.0,0.0,17.4,11.0,0,0.0,3,2011
2011,3,Chinese Grand Prix,shanghai,2011-04-17,alguersuari,ALG,toro_rosso,24,7,Wheel,7.0,5.0,19.0,0.0,13.0,9.0,0.0,11.2,13.1,0.1,10.4,13.0,1,0.0,3,2011
2011,4,Turkish Grand Prix,istanbul,2011-05-08,vettel,VET,red_bull,1,1,Finished,1.0,256.0,1.0,5.0,498.0,1.0,9.0,1.2,4.5,0.1,1.2,22.0,1,0.0,4,2011
2011,4,Turkish Grand Prix,istanbul,2011-05-08,webber,WEB,red_bull,2,2,Finished,2.0,242.0,3.0,4.0,498.0,1.0,9.0,4.4,5.8,0.1,1.2,3.0,1,1.0,4,2011
2011,4,Turkish Grand Prix,istanbul,2011-05-08,alonso,ALO,ferrari,3,5,Finished,5.0,252.0,2.0,5.0,396.0,3.0,5.0,5.4,5.4,0.1,5.0,8.0,1,0.0,4,2011
2011,4,Turkish Grand Prix,istanbul,2011-05-08,hamilton,HAM,mclaren,4,4,Finished,4.0,240.0,4.0,3.0,454.0,2.0,5.0,3.4,6.7,0.2,2.2,1.0,1,1.0,4,2011
2011,4,Turkish Grand Prix,istanbul,2011-05-08,rosberg,ROS,mercedes,5,3,Finished,3.0,142.0,7.0,0.0,214.0,4.0,0.0,8.8,10.1,0.3,8.2,5.0,1,0.0,4,2011
2011,4,Turkish Grand Prix,istanbul,2011-05-08,button,BUT,mclaren,6,6,Finished,6.0,214.0,5.0,2.0,454.0,2.0,5.0,4.0,6.4,0.1,2.2,2.0,1,1.0,4,2011
2011,4,Turkish Grand Prix,istanbul,2011-05-08,heidfeld,HEI,renault,7,9,Finished,9.0,6.0,18.0,0.0,163.0,5.0,0.0,11.0,11.25,0.125,5.8,11.0,0,0.0,4,2011
2011,4,Turkish Grand Prix,istanbul,2011-05-08,petrov,PET,renault,8,7,Finished,7.0,27.0,13.0,0.0,163.0,5.0,0.0,10.2,12.4,0.3,5.8,15.0,1,0.0,4,2011
2011,4,Turkish Grand Prix,istanbul,2011-05-08,buemi,BUE,toro_rosso,9,16,Finished,16.0,8.0,16.0,0.0,13.0,9.0,0.0,12.6,13.0,0.1,11.0,16.0,1,0.0,4,2011
2011,4,Turkish Grand Prix,istanbul,2011-05-08,kobayashi,KOB,sauber,10,24,Finished,24.0,32.0,12.0,0.0,44.0,8.0,0.0,12.4,13.0,0.3,11.8,10.0,1,0.0,4,2011
2011,4,Turkish Grand Prix,istanbul,2011-05-08,massa,MAS,ferrari,11,10,Finished,10.0,144.0,6.0,0.0,396.0,3.0,5.0,8.6,8.2,0.1,5.0,7.0,1,0.0,4,2011
2011,4,Turkish Grand Prix,istanbul,2011-05-08,michael_schumacher,MSC,mercedes,12,8,Finished,8.0,72.0,9.0,0.0,214.0,4.0,0.0,13.2,10.5,0.2,8.2,4.0,1,0.0,4,2011
2011,4,Turkish Grand Prix,istanbul,2011-05-08,sutil,SUT,force_india,13,12,+1 Lap,12.0,47.0,11.0,0.0,68.0,7.0,0.0,12.0,12.4,0.2,11.0,9.0,1,0.0,4,2011
2011,4,Turkish Grand Prix,istanbul,2011-05-08,perez,PER,sauber,14,15,+1 Lap,15.0,0.0,20.0,0.0,44.0,8.0,0.0,20.0,20.0,0.6666666666666666,11.8,11.0,0,0.0,4,2011
2011,4,Turkish Grand Prix,istanbul,2011-05-08,barrichello,BAR,williams,15,11,+1 Lap,11.0,47.0,10.0,0.0,69.0,6.0,0.0,15.4,13.3,0.3,14.2,14.0,1,0.0,4,2011
2011,4,Turkish Grand Prix,istanbul,2011-05-08,alguersuari,ALG,toro_rosso,16,17,+1 Lap,17.0,5.0,19.0,0.0,13.0,9.0,0.0,13.8,13.1,0.1,11.0,12.0,1,0.0,4,2011
2011,4,Turkish Grand Prix,istanbul,2011-05-08,maldonado,MAL,williams,17,14,+1 Lap,14.0,0.0,20.0,0.0,69.0,6.0,0.0,20.666666666666668,20.666666666666668,0.6666666666666666,14.2,11.0,0,0.0,4,2011
2011,4,Turkish Grand Prix,istanbul,2011-05-08,trulli,TRU,lotus_racing,18,19,+1 Lap,19.0,0.0,21.0,0.0,0.0,10.0,0.0,18.4,19.0,0.5,15.8,24.0,1,0.0,4,2011
2011,4,Turkish Grand Prix,istanbul,2011-05-08,kovalainen,KOV,lotus_racing,19,18,+2 Laps,18.0,0.0,20.0,0.0,0.0,10.0,0.0,16.8,15.9,0.2,15.8,23.0,1,0.0,4,2011
2011,4,Turkish Grand Prix,istanbul,2011-05-08,ambrosio,DAM,virgin,20,23,+2 Laps,20.0,0.0,20.0,0.0,0.0,12.0,0.0,17.666666666666668,17.666666666666668,0.3333333333333333,17.6,11.0,0,0.0,4,2011
2011,4,Turkish Grand Prix,istanbul,2011-05-08,karthikeyan,KAR,hrt,21,22,+3 Laps,23.0,0.0,20.0,0.0,0.0,11.0,0.0,23.0,23.0,0.0,18.8,11.0,0,0.0,4,2011
2011,4,Turkish Grand Prix,istanbul,2011-05-08,liuzzi,LIU,hrt,22,20,+5 Laps,21.0,21.0,15.0,0.0,0.0,11.0,0.0,18.8,17.6,0.4,18.8,13.0,1,0.0,4,2011
2011,4,Turkish Grand Prix,istanbul,2011-05-08,resta,DIR,force_india,23,13,Retired,13.0,0.0,20.0,0.0,68.0,7.0,0.0,10.333333333333334,10.333333333333334,0.0,11.0,11.0,0,0.0,4,2011
2011,4,Turkish Grand Prix,istanbul,2011-05-08,glock,GLO,virgin,24,21,Gearbox,22.0,0.0,25.0,0.0,0.0,12.0,0.0,18.8,17.9,0.3,17.6,18.0,1,0.0,4,2011
2011,5,Spanish Grand Prix,catalunya,2011-05-22,vettel,VET,red_bull,1,2,Finished,2.0,256.0,1.0,5.0,498.0,1.0,9.0,1.2,3.1,0.1,1.2,3.0,1,1.0,5,2011
2011,5,Spanish Grand Prix,catalunya,2011-05-22,hamilton,HAM,mclaren,2,3,Finished,3.0,240.0,4.0,3.0,454.0,2.0,5.0,3.4,7.0,0.2,2.2,14.0,1,0.0,5,2011
2011,5,Spanish Grand Prix,catalunya,2011-05-22,button,BUT,mclaren,3,5,Finished,5.0,214.0,5.0,2.0,454.0,2.0,5.0,4.2,4.8,0.0,2.2,5.0,1,0.0,5,2011
2011,5,Spanish Grand Prix,catalunya,2011-05-22,webber,WEB,red_bull,4,1,Finished,1.0,242.0,3.0,4.0,498.0,1.0,9.0,4.4,5.8,0.1,1.2,1.0,1,1.0,5,2011
2011,5,Spanish Grand Prix,catalunya,2011-05-22,alonso,ALO,ferrari,5,4,+1 Lap,4.0,252.0,2.0,5.0,396.0,3.0,5.0,5.4,3.6,0.0,5.0,2.0,1,1.0,5,2011
2011,5,Spanish Grand Prix,catalunya,2011-05-22,michael_schumacher,MSC,mercedes,6,10,+1 Lap,10.0,72.0,9.0,0.0,214.0,4.0,0.0,14.2,11.0,0.2,8.0,4.0,1,0.0,5,2011
2011,5,Spanish Grand Prix,catalunya,2011-05-22,rosberg,ROS,mercedes,7,7,+1 Lap,7.0,142.0,7.0,0.0,214.0,4.0,0.0,8.6,10.0,0.3,8.0,13.0,1,0.0,5,2011
2011,5,Spanish Grand Prix,catalunya,2011-05-22,heidfeld,HEI,renault,8,24,+1 Lap,24.0,6.0,18.0,0.0,163.0,5.0,0.0,9.0,10.777777777777779,0.1111111111111111,5.4,11.0,0,0.0,5,2011
2011,5,Spanish Grand Prix,catalunya,2011-05-22,perez,PER,sauber,9,12,+1 Lap,12.0,0.0,20.0,0.0,44.0,8.0,0.0,18.5,18.5,0.5,11.8,11.0,0,0.0,5,2011
2011,5,Spanish Grand Prix,catalunya,2011-05-22,kobayashi,KOB,sauber,10,14,+1 Lap,14.0,32.0,12.0,0.0,44.0,8.0,0.0,12.4,13.2,0.3,11.8,12.0,1,0.0,5,2011
2011,5,Spanish Grand Prix,catalunya,2011-05-22,petrov,PET,renault,11,6,+1 Lap,6.0,27.0,13.0,0.0,163.0,5.0,0.0,8.6,12.3,0.3,5.4,11.0,1,0.0,5,2011
2011,5,Spanish Grand Prix,catalunya,2011-05-22,resta,DIR,force_india,12,16,+1 Lap,16.0,0.0,20.0,0.0,68.0,7.0,0.0,13.5,13.5,0.25,11.2,11.0,0,0.0,5,2011
2011,5,Spanish Grand Prix,catalunya,2011-05-22,sutil,SUT,force_india,13,17,+1 Lap,17.0,47.0,11.0,0.0,68.0,7.0,0.0,12.2,13.2,0.2,11.2,7.0,1,0.0,5,2011
2011,5,Spanish Grand Prix,catalunya,2011-05-22,buemi,BUE,toro_rosso,14,11,+1 Lap,11.0,8.0,16.0,0.0,13.0,9.0,0.0,11.8,12.7,0.1,10.6,20.0,1,0.0,5,2011
2011,5,Spanish Grand Prix,catalunya,2011-05-22,maldonado,MAL,williams,15,9,+1 Lap,9.0,0.0,20.0,0.0,69.0,6.0,0.0,19.75,19.75,0.5,15.6,11.0,0,0.0,5,2011
2011,5,Spanish Grand Prix,catalunya,2011-05-22,alguersuari,ALG,toro_rosso,16,13,+2 Laps,13.0,5.0,19.0,0.0,13.0,9.0,0.0,14.8,13.4,0.1,10.6,10.0,1,0.0,5,2011
2011,5,Spanish Grand Prix,catalunya,2011-05-22,barrichello,BAR,williams,17,19,+2 Laps,19.0,47.0,10.0,0.0,69.0,6.0,0.0,15.6,12.4,0.2,15.6,9.0,1,0.0,5,2011
2011,5,Spanish Grand Prix,catalunya,2011-05-22,trulli,TRU,lotus_racing,18,18,+2 Laps,18.0,0.0,21.0,0.0,0.0,10.0,0.0,18.2,18.9,0.5,15.8,17.0,1,0.0,5,2011
2011,5,Spanish Grand Prix,catalunya,2011-05-22,glock,GLO,virgin,19,20,+3 Laps,20.0,0.0,25.0,0.0,0.0,12.0,0.0,19.6,18.5,0.4,17.6,18.0,1,0.0,5,2011
2011,5,Spanish Grand Prix,catalunya,2011-05-22,ambrosio,DAM,virgin,20,23,+4 Laps,23.0,0.0,20.0,0.0,0.0,12.0,0.0,18.25,18.25,0.25,17.6,11.0,0,0.0,5,2011
2011,5,Spanish Grand Prix,catalunya,2011-05-22,karthikeyan,KAR,hrt,21,22,+5 Laps,22.0,0.0,20.0,0.0,0.0,11.0,0.0,22.333333333333332,22.333333333333332,0.0,20.2,11.0,0,0.0,5,2011
2011,5,Spanish Grand Prix,catalunya,2011-05-22,massa,MAS,ferrari,22,8,Gearbox,8.0,144.0,6.0,0.0,396.0,3.0,5.0,7.8,8.9,0.1,5.0,6.0,1,0.0,5,2011
2011,5,Spanish Grand Prix,catalunya,2011-05-22,kovalainen,KOV,lotus_racing,23,15,Accident,15.0,0.0,20.0,0.0,0.0,10.0,0.0,17.0,16.2,0.2,15.8,24.0,1,0.0,5,2011
2011,5,Spanish Grand Prix,catalunya,2011-05-22,liuzzi,LIU,hrt,24,21,Gearbox,21.0,21.0,15.0,0.0,0.0,11.0,0.0,22.0,18.5,0.4,20.2,15.0,1,0.0,5,2011
2011,6,Monaco Grand Prix,monaco,2011-05-29,vettel,VET,red_bull,1,1,Finished,1.0,256.0,1.0,5.0,498.0,1.0,9.0,1.2,2.8,0.1,1.2,2.0,1,1.0,6,2011
2011,6,Monaco Grand Prix,monaco,2011-05-29,alonso,ALO,ferrari,2,4,Finished,4.0,252.0,2.0,5.0,396.0,3.0,5.0,5.0,4.0,0.0,4.6,6.0,1,0.0,6,2011
2011,6,Monaco Grand Prix,monaco,2011-05-29,button,BUT,mclaren,3,2,Finished,2.0,214.0,5.0,2.0,454.0,2.0,5.0,4.2,4.9,0.0,2.2,23.0,1,0.0,6,2011
2011,6,Monaco Grand Prix,monaco,2011-05-29,webber,WEB,red_bull,4,3,Finished,3.0,242.0,3.0,4.0,498.0,1.0,9.0,3.6,5.6,0.1,1.2,1.0,1,1.0,6,2011
2011,6,Monaco Grand Prix,monaco,2011-05-29,kobayashi,KOB,sauber,5,12,Finished,12.0,32.0,12.0,0.0,44.0,8.0,0.0,11.6,11.8,0.2,11.4,19.0,1,0.0,6,2011
2011,6,Monaco Grand Prix,monaco,2011-05-29,hamilton,HAM,mclaren,6,9,Finished,9.0,240.0,4.0,3.0,454.0,2.0,5.0,3.4,4.9,0.1,2.2,5.0,1,0.0,6,2011
2011,6,Monaco Grand Prix,monaco,2011-05-29,sutil,SUT,force_india,7,14,+1 Lap,14.0,47.0,11.0,0.0,68.0,7.0,0.0,12.2,12.9,0.2,11.0,8.0,1,0.0,6,2011
2011,6,Monaco Grand Prix,monaco,2011-05-29,heidfeld,HEI,renault,8,15,+1 Lap,15.0,6.0,18.0,0.0,163.0,5.0,0.0,8.4,10.5,0.1,6.0,11.0,0,0.0,6,2011
2011,6,Monaco Grand Prix,monaco,2011-05-29,barrichello,BAR,williams,9,11,+1 Lap,11.0,47.0,10.0,0.0,69.0,6.0,0.0,16.6,13.1,0.2,16.2,18.0,1,0.0,6,2011
2011,6,Monaco Grand Prix,monaco,2011-05-29,buemi,BUE,toro_rosso,10,16,+1 Lap,16.0,8.0,16.0,0.0,13.0,9.0,0.0,11.6,13.0,0.1,11.6,10.0,1,0.0,6,2011
2011,6,Monaco Grand Prix,monaco,2011-05-29,rosberg,ROS,mercedes,11,7,+2 Laps,7.0,142.0,7.0,0.0,214.0,4.0,0.0,9.2,10.2,0.3,8.4,7.0,1,0.0,6,2011
2011,6,Monaco Grand Prix,monaco,2011-05-29,resta,DIR,force_india,12,13,+2 Laps,13.0,0.0,20.0,0.0,68.0,7.0,0.0,13.2,13.2,0.2,11.0,11.0,0,0.0,6,2011
2011,6,Monaco Grand Prix,monaco,2011-05-29,trulli,TRU,lotus_racing,13,18,+2 Laps,18.0,0.0,21.0,0.0,0.0,10.0,0.0,17.6,18.6,0.4,16.0,15.0,1,0.0,6,2011
2011,6,Monaco Grand Prix,monaco,2011-05-29,kovalainen,KOV,lotus_racing,14,17,+2 Laps,17.0,0.0,20.0,0.0,0.0,10.0,0.0,18.2,16.7,0.3,16.0,16.0,1,0.0,6,2011
2011,6,Monaco Grand Prix,monaco,2011-05-29,ambrosio,DAM,virgin,15,21,+3 Laps,21.0,0.0,20.0,0.0,0.0,12.0,0.0,18.6,18.6,0.2,17.8,11.0,0,0.0,6,2011
2011,6,Monaco Grand Prix,monaco,2011-05-29,liuzzi,LIU,hrt,16,23,+3 Laps,23.0,21.0,15.0,0.0,0.0,11.0,0.0,22.0,19.9,0.5,20.2,9.0,1,0.0,6,2011
2011,6,Monaco Grand Prix,monaco,2011-05-29,karthikeyan,KAR,hrt,17,22,+4 Laps,22.0,0.0,20.0,0.0,0.0,11.0,0.0,22.0,22.0,0.0,20.2,11.0,0,0.0,6,2011
2011,6,Monaco Grand Prix,monaco,2011-05-29,maldonado,MAL,williams,18,8,Accident,8.0,0.0,20.0,0.0,69.0,6.0,0.0,18.8,18.8,0.4,16.2,11.0,0,0.0,6,2011
2011,6,Monaco Grand Prix,monaco,2011-05-29,petrov,PET,renault,19,10,Collision,10.0,27.0,13.0,0.0,163.0,5.0,0.0,9.6,12.1,0.3,6.0,13.0,1,0.0,6,2011
2011,6,Monaco Grand Prix,monaco,2011-05-29,alguersuari,ALG,toro_rosso,20,19,Collision,19.0,5.0,19.0,0.0,13.0,9.0,0.0,16.2,13.5,0.1,11.6,11.0,1,0.0,6,2011
2011,6,Monaco Grand Prix,monaco,2011-05-29,massa,MAS,ferrari,21,6,Accident,6.0,144.0,6.0,0.0,396.0,3.0,5.0,10.2,10.8,0.2,4.6,4.0,1,0.0,6,2011
2011,6,Monaco Grand Prix,monaco,2011-05-29,michael_schumacher,MSC,mercedes,22,5,Engine,5.0,72.0,9.0,0.0,214.0,4.0,0.0,10.8,10.7,0.2,8.4,12.0,1,0.0,6,2011
2011,6,Monaco Grand Prix,monaco,2011-05-29,glock,GLO,virgin,23,20,Suspension,20.0,0.0,25.0,0.0,0.0,12.0,0.0,19.0,18.7,0.4,17.8,21.0,1,0.0,6,2011
2011,6,Monaco Grand Prix,monaco,2011-05-29,perez,PER,sauber,24,0,Injury,0.0,0.0,20.0,0.0,44.0,8.0,0.0,16.6,16.6,0.4,11.4,11.0,0,0.0,6,2011
2011,7,Canadian Grand Prix,villeneuve,2011-06-12,button,BUT,mclaren,1,7,Finished,7.0,214.0,5.0,2.0,454.0,2.0,5.0,3.6,4.8,0.0,2.4,2.0,1,1.0,7,2011
2011,7,Canadian Grand Prix,villeneuve,2011-06-12,vettel,VET,red_bull,2,1,Finished,1.0,256.0,1.0,5.0,498.0,1.0,9.0,1.2,2.7,0.1,1.2,4.0,1,0.0,7,2011
2011,7,Canadian Grand Prix,villeneuve,2011-06-12,webber,WEB,red_bull,3,4,Finished,4.0,242.0,3.0,4.0,498.0,1.0,9.0,3.4,5.7,0.1,1.2,5.0,1,0.0,7,2011
2011,7,Canadian Grand Prix,villeneuve,2011-06-12,michael_schumacher,MSC,mercedes,4,8,Finished,8.0,72.0,9.0,0.0,214.0,4.0,0.0,11.4,11.6,0.3,7.2,11.0,1,0.0,7,2011
2011,7,Canadian Grand Prix,villeneuve,2011-06-12,petrov,PET,renault,5,10,Finished,10.0,27.0,13.0,0.0,163.0,5.0,0.0,12.8,12.9,0.4,7.0,17.0,1,0.0,7,2011
2011,7,Canadian Grand Prix,villeneuve,2011-06-12,massa,MAS,ferrari,6,3,Finished,3.0,144.0,6.0,0.0,396.0,3.0,5.0,13.0,12.1,0.3,4.2,15.0,1,0.0,7,2011
2011,7,Canadian Grand Prix,villeneuve,2011-06-12,kobayashi,KOB,sauber,7,13,Finished,13.0,32.0,12.0,0.0,44.0,8.0,0.0,8.4,10.2,0.1,8.2,24.0,1,0.0,7,2011
2011,7,Canadian Grand Prix,villeneuve,2011-06-12,alguersuari,ALG,toro_rosso,8,24,Finished,24.0,5.0,19.0,0.0,13.0,9.0,0.0,18.0,14.3,0.2,12.0,12.0,1,0.0,7,2011
2011,7,Canadian Grand Prix,villeneuve,2011-06-12,barrichello,BAR,williams,9,16,Finished,16.0,47.0,10.0,0.0,69.0,6.0,0.0,15.2,13.4,0.2,14.8,14.0,1,0.0,7,2011
2011,7,Canadian Grand Prix,villeneuve,2011-06-12,buemi,BUE,toro_rosso,10,15,Finished,15.0,8.0,16.0,0.0,13.0,9.0,0.0,12.0,12.6,0.1,12.0,8.0,1,0.0,7,2011
2011,7,Canadian Grand Prix,villeneuve,2011-06-12,rosberg,ROS,mercedes,11,6,Finished,6.0,142.0,7.0,0.0,214.0,4.0,0.0,8.0,10.8,0.3,7.2,6.0,1,0.0,7,2011
2011,7,Canadian Grand Prix,villeneuve,2011-06-12,rosa,DLR,sauber,12,17,Finished,17.0,6.0,17.0,0.0,44.0,8.0,0.0,13.6,15.7,0.4,8.2,22.0,1,0.0,7,2011
2011,7,Canadian Grand Prix,villeneuve,2011-06-12,liuzzi,LIU,hrt,13,20,+1 Lap,20.0,21.0,15.0,0.0,0.0,11.0,0.0,20.4,20.3,0.5,19.6,9.0,1,0.0,7,2011
2011,7,Canadian Grand Prix,villeneuve,2011-06-12,ambrosio,DAM,virgin,14,23,+1 Lap,23.0,0.0,20.0,0.0,0.0,12.0,0.0,18.8,18.0,0.16666666666666666,18.0,11.0,0,0.0,7,2011
2011,7,Canadian Grand Prix,villeneuve,2011-06-12,glock,GLO,virgin,15,21,+1 Lap,21.0,0.0,25.0,0.0,0.0,12.0,0.0,20.6,19.3,0.4,18.0,20.0,1,0.0,7,2011
2011,7,Canadian Grand Prix,villeneuve,2011-06-12,trulli,TRU,lotus_racing,16,18,+1 Lap,18.0,0.0,21.0,0.0,0.0,10.0,0.0,17.6,17.6,0.3,16.0,21.0,1,0.0,7,2011
2011,7,Canadian Grand Prix,villeneuve,2011-06-12,karthikeyan,KAR,hrt,17,22,+1 Lap,22.0,0.0,20.0,0.0,0.0,11.0,0.0,21.0,21.0,0.0,19.6,11.0,0,0.0,7,2011
2011,7,Canadian Grand Prix,villeneuve,2011-06-12,resta,DIR,force_india,18,11,Accident,11.0,0.0,20.0,0.0,68.0,7.0,0.0,13.6,13.0,0.16666666666666666,10.6,11.0,0,0.0,7,2011
2011,7,Canadian Grand Prix,villeneuve,2011-06-12,maldonado,MAL,williams,19,12,Retired,12.0,0.0,20.0,0.0,69.0,6.0,0.0,18.4,18.666666666666668,0.5,14.8,11.0,0,0.0,7,2011
2011,7,Canadian Grand Prix,villeneuve,2011-06-12,heidfeld,HEI,renault,20,9,Accident,9.0,6.0,18.0,0.0,163.0,5.0,0.0,7.6,9.5,0.0,7.0,11.0,0,0.0,7,2011
2011,7,Canadian Grand Prix,villeneuve,2011-06-12,sutil,SUT,force_india,21,14,Accident,14.0,47.0,11.0,0.0,68.0,7.0,0.0,11.8,12.7,0.2,10.6,10.0,1,0.0,7,2011
2011,7,Canadian Grand Prix,villeneuve,2011-06-12,alonso,ALO,ferrari,22,2,Collision,2.0,252.0,2.0,5.0,396.0,3.0,5.0,4.6,4.1,0.0,4.2,3.0,1,1.0,7,2011
2011,7,Canadian Grand Prix,villeneuve,2011-06-12,kovalainen,KOV,lotus_racing,23,19,Transmission,19.0,0.0,20.0,0.0,0.0,10.0,0.0,17.4,16.5,0.2,16.0,16.0,1,0.0,7,2011
2011,7,Canadian Grand Prix,villeneuve,2011-06-12,hamilton,HAM,mclaren,24,5,Collision,5.0,240.0,4.0,3.0,454.0,2.0,5.0,4.2,3.6,0.0,2.4,1.0,1,1.0,7,2011
2011,8,European Grand Prix,valencia,2011-06-26,vettel,VET,red_bull,1,1,Finished,1.0,256.0,1.0,5.0,498.0,1.0,9.0,1.4,2.8,0.1,1.4,1.0,1,1.0,8,2011
2011,8,European Grand Prix,valencia,2011-06-26,alonso,ALO,ferrari,2,4,Finished,4.0,252.0,2.0,5.0,396.0,3.0,5.0,7.8,6.0,0.1,4.4,8.0,1,0.0,8,2011
2011,8,European Grand Prix,valencia,2011-06-26,webber,WEB,red_bull,3,2,Finished,2.0,242.0,3.0,4.0,498.0,1.0,9.0,3.2,5.8,0.1,1.4,24.0,1,0.0,8,2011
2011,8,European Grand Prix,valencia,2011-06-26,hamilton,HAM,mclaren,4,3,Finished,3.0,240.0,4.0,3.0,454.0,2.0,5.0,7.4,5.5,0.1,2.2,2.0,1,1.0,8,2011
2011,8,European Grand Prix,valencia,2011-06-26,massa,MAS,ferrari,5,5,Finished,5.0,144.0,6.0,0.0,396.0,3.0,5.0,13.2,10.6,0.2,4.4,11.0,1,0.0,8,2011
2011,8,European Grand Prix,valencia,2011-06-26,button,BUT,mclaren,6,6,Finished,6.0,214.0,5.0,2.0,454.0,2.0,5.0,3.4,4.5,0.0,2.2,3.0,1,1.0,8,2011
2011,8,European Grand Prix,valencia,2011-06-26,rosberg,ROS,mercedes,7,7,Finished,7.0,142.0,7.0,0.0,214.0,4.0,0.0,7.8,10.2,0.2,6.2,10.0,1,0.0,8,2011
2011,8,European Grand Prix,valencia,2011-06-26,alguersuari,ALG,toro_rosso,8,18,+1 Lap,18.0,5.0,19.0,0.0,13.0,9.0,0.0,16.8,14.0,0.2,11.0,13.0,1,0.0,8,2011
2011,8,European Grand Prix,valencia,2011-06-26,sutil,SUT,force_india,9,10,+1 Lap,10.0,47.0,11.0,0.0,68.0,7.0,0.0,13.8,13.0,0.2,12.2,6.0,1,0.0,8,2011
2011,8,European Grand Prix,valencia,2011-06-26,heidfeld,HEI,renault,10,9,+1 Lap,9.0,6.0,18.0,0.0,163.0,5.0,0.0,11.0,10.7,0.1,7.4,11.0,0,0.0,8,2011
2011,8,European Grand Prix,valencia,2011-06-26,perez,PER,sauber,11,16,+1 Lap,16.0,0.0,20.0,0.0,44.0,8.0,0.0,17.0,17.833333333333332,0.5,8.2,11.0,0,0.0,8,2011
2011,8,European Grand Prix,valencia,2011-06-26,barrichello,BAR,williams,12,13,+1 Lap,13.0,47.0,10.0,0.0,69.0,6.0,0.0,12.6,13.4,0.2,12.2,4.0,1,0.0,8,2011
2011,8,European Grand Prix,valencia,2011-06-26,buemi,BUE,toro_rosso,13,17,+1 Lap,17.0,8.0,16.0,0.0,13.0,9.0,0.0,11.4,12.6,0.1,11.0,9.0,1,0.0,8,2011
2011,8,European Grand Prix,valencia,2011-06-26,resta,DIR,force_india,14,12,+1 Lap,12.0,0.0,20.0,0.0,68.0,7.0,0.0,15.2,13.714285714285714,0.2857142857142857,12.2,11.0,0,0.0,8,2011
2011,8,European Grand Prix,valencia,2011-06-26,petrov,PET,renault,15,11,+1 Lap,11.0,27.0,13.0,0.0,163.0,5.0,0.0,10.4,11.2,0.3,7.4,14.0,1,0.0,8,2011
2011,8,European Grand Prix,valencia,2011-06-26,kobayashi,KOB,sauber,16,14,+1 Lap,14.0,32.0,12.0,0.0,44.0,8.0,0.0,8.4,10.2,0.1,8.2,7.0,1,0.0,8,2011
2011,8,European Grand Prix,valencia,2011-06-26,michael_schumacher,MSC,mercedes,17,8,+1 Lap,8.0,72.0,9.0,0.0,214.0,4.0,0.0,10.4,11.4,0.3,6.2,15.0,1,0.0,8,2011
2011,8,European Grand Prix,valencia,2011-06-26,maldonado,MAL,williams,18,15,+1 Lap,15.0,0.0,20.0,0.0,69.0,6.0,0.0,17.4,18.714285714285715,0.5714285714285714,12.2,11.0,0,0.0,8,2011
2011,8,European Grand Prix,valencia,2011-06-26,kovalainen,KOV,lotus_racing,19,19,+2 Laps,19.0,0.0,20.0,0.0,0.0,10.0,0.0,19.0,17.6,0.3,16.2,23.0,1,0.0,8,2011
2011,8,European Grand Prix,valencia,2011-06-26,trulli,TRU,lotus_racing,20,20,+2 Laps,20.0,0.0,21.0,0.0,0.0,10.0,0.0,16.8,17.9,0.3,16.2,21.0,1,0.0,8,2011
2011,8,European Grand Prix,valencia,2011-06-26,glock,GLO,virgin,21,21,+2 Laps,21.0,0.0,25.0,0.0,0.0,12.0,0.0,20.4,19.4,0.4,17.6,19.0,1,0.0,8,2011
2011,8,European Grand Prix,valencia,2011-06-26,ambrosio,DAM,virgin,22,23,+2 Laps,23.0,0.0,20.0,0.0,0.0,12.0,0.0,17.8,17.428571428571427,0.14285714285714285,17.6,11.0,0,0.0,8,2011
2011,8,European Grand Prix,valencia,2011-06-26,liuzzi,LIU,hrt,23,22,+3 Laps,22.0,21.0,15.0,0.0,0.0,11.0,0.0,19.4,19.2,0.4,18.6,16.0,1,0.0,8,2011
2011,8,European Grand Prix,valencia,2011-06-26,karthikeyan,KAR,hrt,24,24,+3 Laps,24.0,0.0,20.0,0.0,0.0,11.0,0.0,19.8,20.333333333333332,0.0,18.6,11.0,0,0.0,8,2011
2011,9,British Grand Prix,silverstone,2011-07-10,alonso,ALO,ferrari,1,3,Finished,3.0,252.0,2.0,5.0,396.0,3.0,5.0,6.8,6.1,0.1,3.6,14.0,1,0.0,9,2011
2011,9,British Grand Prix,silverstone,2011-07-10,vettel,VET,red_bull,2,2,Finished,2.0,256.0,1.0,5.0,498.0,1.0,9.0,1.2,1.2,0.0,1.2,7.0,1,0.0,9,2011
2011,9,British Grand Prix,silverstone,2011-07-10,webber,WEB,red_bull,3,1,Finished,1.0,242.0,3.0,4.0,498.0,1.0,9.0,3.2,3.8,0.0,1.2,1.0,1,1.0,9,2011
2011,9,British Grand Prix,silverstone,2011-07-10,hamilton,HAM,mclaren,4,10,Finished,10.0,240.0,4.0,3.0,454.0,2.0,5.0,8.0,5.7,0.1,2.8,2.0,1,1.0,9,2011
2011,9,British Grand Prix,silverstone,2011-07-10,massa,MAS,ferrari,5,4,Finished,4.0,144.0,6.0,0.0,396.0,3.0,5.0,13.0,10.8,0.2,3.6,15.0,1,0.0,9,2011
2011,9,British Grand Prix,silverstone,2011-07-10,rosberg,ROS,mercedes,6,9,Finished,9.0,142.0,7.0,0.0,214.0,4.0,0.0,8.2,8.5,0.1,6.6,3.0,1,1.0,9,2011
2011,9,British Grand Prix,silverstone,2011-07-10,perez,PER,sauber,7,12,Finished,12.0,0.0,20.0,0.0,44.0,8.0,0.0,15.0,16.857142857142858,0.42857142857142855,8.4,11.0,0,0.0,9,2011
2011,9,British Grand Prix,silverstone,2011-07-10,heidfeld,HEI,renault,8,16,Finished,16.0,6.0,18.0,0.0,163.0,5.0,0.0,10.6,10.8,0.1,7.6,11.0,0,0.0,9,2011
2011,9,British Grand Prix,silverstone,2011-07-10,michael_schumacher,MSC,mercedes,9,13,Finished,13.0,72.0,9.0,0.0,214.0,4.0,0.0,12.2,12.7,0.3,6.6,9.0,1,0.0,9,2011
2011,9,British Grand Prix,silverstone,2011-07-10,alguersuari,ALG,toro_rosso,10,18,Finished,18.0,5.0,19.0,0.0,13.0,9.0,0.0,13.6,13.7,0.2,9.8,21.0,1,0.0,9,2011
2011,9,British Grand Prix,silverstone,2011-07-10,sutil,SUT,force_india,11,11,Finished,11.0,47.0,11.0,0.0,68.0,7.0,0.0,12.6,12.3,0.1,11.8,8.0,1,0.0,9,2011
2011,9,British Grand Prix,silverstone,2011-07-10,petrov,PET,renault,12,14,Finished,14.0,27.0,13.0,0.0,163.0,5.0,0.0,11.6,10.9,0.2,7.6,13.0,1,0.0,9,2011
2011,9,British Grand Prix,silverstone,2011-07-10,barrichello,BAR,williams,13,15,+1 Lap,15.0,47.0,10.0,0.0,69.0,6.0,0.0,12.4,13.9,0.2,12.0,5.0,1,0.0,9,2011
2011,9,British Grand Prix,silverstone,2011-07-10,maldonado,MAL,williams,14,7,+1 Lap,7.0,0.0,20.0,0.0,69.0,6.0,0.0,17.4,18.625,0.5,12.0,11.0,0,0.0,9,2011
2011,9,British Grand Prix,silverstone,2011-07-10,resta,DIR,force_india,15,6,+1 Lap,6.0,0.0,20.0,0.0,68.0,7.0,0.0,15.8,13.75,0.25,11.8,11.0,0,0.0,9,2011
2011,9,British Grand Prix,silverstone,2011-07-10,glock,GLO,virgin,16,20,+2 Laps,20.0,0.0,25.0,0.0,0.0,12.0,0.0,20.4,19.6,0.3,17.8,18.0,1,0.0,9,2011
2011,9,British Grand Prix,silverstone,2011-07-10,ambrosio,DAM,virgin,17,22,+2 Laps,22.0,0.0,20.0,0.0,0.0,12.0,0.0,18.2,18.0,0.125,17.8,11.0,0,0.0,9,2011
2011,9,British Grand Prix,silverstone,2011-07-10,liuzzi,LIU,hrt,18,23,+2 Laps,23.0,21.0,15.0,0.0,0.0,11.0,0.0,19.6,19.2,0.3,18.8,11.0,1,0.0,9,2011
2011,9,British Grand Prix,silverstone,2011-07-10,ricciardo,RIC,hrt,19,24,+3 Laps,24.0,0.0,20.0,0.0,0.0,11.0,0.0,11.0,11.0,0.1,18.8,11.0,0,0.0,9,2011
2011,9,British Grand Prix,silverstone,2011-07-10,button,BUT,mclaren,20,5,Wheel nut,5.0,214.0,5.0,2.0,454.0,2.0,5.0,3.8,3.9,0.0,2.8,4.0,1,0.0,9,2011
2011,9,British Grand Prix,silverstone,2011-07-10,buemi,BUE,toro_rosso,21,19,Accident,19.0,8.0,16.0,0.0,13.0,9.0,0.0,11.2,11.9,0.0,9.8,12.0,1,0.0,9,2011
2011,9,British Grand Prix,silverstone,2011-07-10,kobayashi,KOB,sauber,22,8,Engine,8.0,32.0,12.0,0.0,44.0,8.0,0.0,9.6,11.0,0.1,8.4,6.0,1,0.0,9,2011
2011,9,British Grand Prix,silverstone,2011-07-10,trulli,TRU,lotus_racing,23,21,Oil leak,21.0,0.0,21.0,0.0,0.0,10.0,0.0,17.0,17.7,0.2,16.8,16.0,1,0.0,9,2011
2011,9,British Grand Prix,silverstone,2011-07-10,kovalainen,KOV,lotus_racing,24,17,Gearbox,17.0,0.0,20.0,0.0,0.0,10.0,0.0,19.6,18.2,0.3,16.8,17.0,1,0.0,9,2011
2011,10,German Grand Prix,nurburgring,2011-07-24,hamilton,HAM,mclaren,1,2,Finished,2.0,240.0,4.0,3.0,454.0,2.0,5.0,8.0,5.7,0.1,2.8,11.0,0,0.0,10,2011
2011,10,German Grand Prix,nurburgring,2011-07-24,alonso,ALO,ferrari,2,4,Finished,4.0,252.0,2.0,5.0,396.0,3.0,5.0,6.4,5.9,0.1,3.2,11.0,0,0.0,10,2011
2011,10,German Grand Prix,nurburgring,2011-07-24,webber,WEB,red_bull,3,1,Finished,1.0,242.0,3.0,4.0,498.0,1.0,9.0,3.4,3.9,0.0,1.4,11.0,0,0.0,10,2011
2011,10,German Grand Prix,nurburgring,2011-07-24,vettel,VET,red_bull,4,3,Finished,3.0,256.0,1.0,5.0,498.0,1.0,9.0,1.4,1.3,0.0,1.4,11.0,0,0.0,10,2011
2011,10,German Grand Prix,nurburgring,2011-07-24,massa,MAS,ferrari,5,5,Finished,5.0,144.0,6.0,0.0,396.0,3.0,5.0,11.8,9.8,0.2,3.2,11.0,0,0.0,10,2011
2011,10,German Grand Prix,nurburgring,2011-07-24,sutil,SUT,force_india,6,8,Finished,8.0,47.0,11.0,0.0,68.0,7.0,0.0,12.2,12.2,0.1,11.4,11.0,0,0.0,10,2011
2011,10,German Grand Prix,nurburgring,2011-07-24,rosberg,ROS,mercedes,7,6,+1 Lap,6.0,142.0,7.0,0.0,214.0,4.0,0.0,8.4,8.5,0.1,6.8,11.0,0,0.0,10,2011
2011,10,German Grand Prix,nurburgring,2011-07-24,michael_schumacher,MSC,mercedes,8,10,+1 Lap,10.0,72.0,9.0,0.0,214.0,4.0,0.0,11.6,12.9,0.3,6.8,11.0,0,0.0,10,2011
2011,10,German Grand Prix,nurburgring,2011-07-24,kobayashi,KOB,sauber,9,17,+1 Lap,17.0,32.0,12.0,0.0,44.0,8.0,0.0,12.0,12.2,0.2,7.8,11.0,0,0.0,10,2011
2011,10,German Grand Prix,nurburgring,2011-07-24,petrov,PET,renault,10,9,+1 Lap,9.0,27.0,13.0,0.0,163.0,5.0,0.0,12.4,10.5,0.2,7.8,11.0,0,0.0,10,2011
2011,10,German Grand Prix,nurburgring,2011-07-24,perez,PER,sauber,11,15,+1 Lap,15.0,0.0,20.0,0.0,44.0,8.0,0.0,13.0,15.625,0.375,7.8,11.0,0,0.0,10,2011
2011,10,German Grand Prix,nurburgring,2011-07-24,alguersuari,ALG,toro_rosso,12,16,+1 Lap,16.0,5.0,19.0,0.0,13.0,9.0,0.0,12.4,13.6,0.2,10.0,11.0,0,0.0,10,2011
2011,10,German Grand Prix,nurburgring,2011-07-24,resta,DIR,force_india,13,12,+1 Lap,12.0,0.0,20.0,0.0,68.0,7.0,0.0,14.2,13.88888888888889,0.2222222222222222,11.4,11.0,0,0.0,10,2011
2011,10,German Grand Prix,nurburgring,2011-07-24,maldonado,MAL,williams,14,13,+1 Lap,13.0,0.0,20.0,0.0,69.0,6.0,0.0,16.8,18.11111111111111,0.4444444444444444,11.6,11.0,0,0.0,10,2011
2011,10,German Grand Prix,nurburgring,2011-07-24,buemi,BUE,toro_rosso,15,24,+1 Lap,24.0,8.0,16.0,0.0,13.0,9.0,0.0,13.6,12.7,0.1,10.0,11.0,0,0.0,10,2011
2011,10,German Grand Prix,nurburgring,2011-07-24,kovalainen,KOV,lotus_racing,16,18,+2 Laps,18.0,0.0,20.0,0.0,0.0,10.0,0.0,20.6,18.8,0.4,17.8,11.0,0,0.0,10,2011
2011,10,German Grand Prix,nurburgring,2011-07-24,glock,GLO,virgin,17,19,+3 Laps,19.0,0.0,25.0,0.0,0.0,12.0,0.0,18.8,19.2,0.3,17.0,11.0,0,0.0,10,2011
2011,10,German Grand Prix,nurburgring,2011-07-24,ambrosio,DAM,virgin,18,21,+3 Laps,21.0,0.0,20.0,0.0,0.0,12.0,0.0,17.6,17.88888888888889,0.1111111111111111,17.0,11.0,0,0.0,10,2011
2011,10,German Grand Prix,nurburgring,2011-07-24,ricciardo,RIC,hrt,19,22,+3 Laps,22.0,0.0,20.0,0.0,0.0,11.0,0.0,19.0,19.0,0.0,18.2,11.0,0,0.0,10,2011
2011,10,German Grand Prix,nurburgring,2011-07-24,chandhok,CHA,lotus_racing,20,20,+4 Laps,20.0,0.0,22.0,0.0,0.0,10.0,0.0,17.8,18.0,0.4,17.8,11.0,0,0.0,10,2011
2011,10,German Grand Prix,nurburgring,2011-07-24,liuzzi,LIU,hrt,21,23,Electrical,23.0,21.0,15.0,0.0,0.0,11.0,0.0,18.8,20.4,0.3,18.2,11.0,0,0.0,10,2011
2011,10,German Grand Prix,nurburgring,2011-07-24,button,BUT,mclaren,22,7,Hydraulics,7.0,214.0,5.0,2.0,454.0,2.0,5.0,6.6,5.4,0.1,2.8,11.0,0,0.0,10,2011
2011,10,German Grand Prix,nurburgring,2011-07-24,barrichello,BAR,williams,23,14,Oil leak,14.0,47.0,10.0,0.0,69.0,6.0,0.0,12.0,13.8,0.2,11.6,11.0,0,0.0,10,2011
2011,10,German Grand Prix,nurburgring,2011-07-24,heidfeld,HEI,renault,24,11,Collision,11.0,6.0,18.0,0.0,163.0,5.0,0.0,10.8,9.9,0.1,7.8,11.0,0,0.0,10,2011
2011,11,Hungarian Grand Prix,hungaroring,2011-07-31,button,BUT,mclaren,1,3,Finished,3.0,214.0,5.0,2.0,454.0,2.0,5.0,10.4,7.3,0.2,2.6,8.0,1,0.0,11,2011
2011,11,Hungarian Grand Prix,hungaroring,2011-07-31,vettel,VET,red_bull,2,1,Finished,1.0,256.0,1.0,5.0,498.0,1.0,9.0,2.0,1.6,0.0,1.8,3.0,1,1.0,11,2011
2011,11,Hungarian Grand Prix,hungaroring,2011-07-31,alonso,ALO,ferrari,3,5,Finished,5.0,252.0,2.0,5.0,396.0,3.0,5.0,5.8,5.4,0.1,2.6,2.0,1,1.0,11,2011
2011,11,Hungarian Grand Prix,hungaroring,2011-07-31,hamilton,HAM,mclaren,4,2,Finished,2.0,240.0,4.0,3.0,454.0,2.0,5.0,7.8,5.6,0.1,2.6,20.0,1,0.0,11,2011
2011,11,Hungarian Grand Prix,hungaroring,2011-07-31,webber,WEB,red_bull,5,6,Finished,6.0,242.0,3.0,4.0,498.0,1.0,9.0,3.2,3.4,0.0,1.8,1.0,1,1.0,11,2011
2011,11,Hungarian Grand Prix,hungaroring,2011-07-31,massa,MAS,ferrari,6,4,Finished,4.0,144.0,6.0,0.0,396.0,3.0,5.0,8.4,9.3,0.2,2.6,4.0,1,0.0,11,2011
2011,11,Hungarian Grand Prix,hungaroring,2011-07-31,resta,DIR,force_india,7,11,+1 Lap,11.0,0.0,20.0,0.0,68.0,7.0,0.0,14.4,13.8,0.2,10.2,11.0,0,0.0,11,2011
2011,11,Hungarian Grand Prix,hungaroring,2011-07-31,buemi,BUE,toro_rosso,8,23,+1 Lap,23.0,8.0,16.0,0.0,13.0,9.0,0.0,13.8,12.7,0.1,9.6,12.0,1,0.0,11,2011
2011,11,Hungarian Grand Prix,hungaroring,2011-07-31,rosberg,ROS,mercedes,9,7,+1 Lap,7.0,142.0,7.0,0.0,214.0,4.0,0.0,8.4,8.8,0.1,7.0,22.0,1,0.0,11,2011
2011,11,Hungarian Grand Prix,hungaroring,2011-07-31,alguersuari,ALG,toro_rosso,10,16,+1 Lap,16.0,5.0,19.0,0.0,13.0,9.0,0.0,11.6,13.9,0.2,9.6,24.0,1,0.0,11,2011
2011,11,Hungarian Grand Prix,hungaroring,2011-07-31,kobayashi,KOB,sauber,11,13,+1 Lap,13.0,32.0,12.0,0.0,44.0,8.0,0.0,11.8,11.7,0.2,7.8,9.0,1,0.0,11,2011
2011,11,Hungarian Grand Prix,hungaroring,2011-07-31,petrov,PET,renault,12,12,+1 Lap,12.0,27.0,13.0,0.0,163.0,5.0,0.0,12.2,10.9,0.2,8.2,5.0,1,0.0,11,2011
2011,11,Hungarian Grand Prix,hungaroring,2011-07-31,barrichello,BAR,williams,13,15,+2 Laps,15.0,47.0,10.0,0.0,69.0,6.0,0.0,13.2,14.9,0.3,11.4,10.0,1,0.0,11,2011
2011,11,Hungarian Grand Prix,hungaroring,2011-07-31,sutil,SUT,force_india,14,8,+2 Laps,8.0,47.0,11.0,0.0,68.0,7.0,0.0,10.8,11.5,0.1,10.2,23.0,1,0.0,11,2011
2011,11,Hungarian Grand Prix,hungaroring,2011-07-31,perez,PER,sauber,15,10,+2 Laps,10.0,0.0,20.0,0.0,44.0,8.0,0.0,12.4,15.11111111111111,0.3333333333333333,7.8,11.0,0,0.0,11,2011
2011,11,Hungarian Grand Prix,hungaroring,2011-07-31,maldonado,MAL,williams,16,17,+2 Laps,17.0,0.0,20.0,0.0,69.0,6.0,0.0,16.6,17.7,0.4,11.4,11.0,0,0.0,11,2011
2011,11,Hungarian Grand Prix,hungaroring,2011-07-31,glock,GLO,virgin,17,20,+4 Laps,20.0,0.0,25.0,0.0,0.0,12.0,0.0,18.4,18.7,0.2,16.6,16.0,1,0.0,11,2011
2011,11,Hungarian Grand Prix,hungaroring,2011-07-31,ricciardo,RIC,hrt,18,22,+4 Laps,22.0,0.0,20.0,0.0,0.0,11.0,0.0,19.0,19.0,0.0,17.8,11.0,0,0.0,11,2011
2011,11,Hungarian Grand Prix,hungaroring,2011-07-31,ambrosio,DAM,virgin,19,24,+5 Laps,24.0,0.0,20.0,0.0,0.0,12.0,0.0,17.2,17.9,0.1,16.6,11.0,0,0.0,11,2011
2011,11,Hungarian Grand Prix,hungaroring,2011-07-31,liuzzi,LIU,hrt,20,21,+5 Laps,21.0,21.0,15.0,0.0,0.0,11.0,0.0,18.2,20.1,0.3,17.8,13.0,1,0.0,11,2011
2011,11,Hungarian Grand Prix,hungaroring,2011-07-31,kovalainen,KOV,lotus_racing,21,18,Water leak,18.0,0.0,20.0,0.0,0.0,10.0,0.0,19.2,18.7,0.4,17.4,14.0,1,0.0,11,2011
2011,11,Hungarian Grand Prix,hungaroring,2011-07-31,michael_schumacher,MSC,mercedes,22,9,Gearbox,9.0,72.0,9.0,0.0,214.0,4.0,0.0,12.0,11.4,0.2,7.0,11.0,1,0.0,11,2011
2011,11,Hungarian Grand Prix,hungaroring,2011-07-31,heidfeld,HEI,renault,23,14,Heat shield fire,14.0,6.0,18.0,0.0,163.0,5.0,0.0,14.0,11.2,0.2,8.2,11.0,0,0.0,11,2011
2011,11,Hungarian Grand Prix,hungaroring,2011-07-31,trulli,TRU,lotus_racing,24,19,Oil leak,19.0,0.0,21.0,0.0,0.0,10.0,0.0,18.0,18.1,0.3,17.4,15.0,1,0.0,11,2011
2011,12,Belgian Grand Prix,spa,2011-08-28,vettel,VET,red_bull,1,1,Finished,1.0,256.0,1.0,5.0,498.0,1.0,9.0,2.2,1.7,0.0,2.0,15.0,1,0.0,12,2011
2011,12,Belgian Grand Prix,spa,2011-08-28,webber,WEB,red_bull,2,3,Finished,3.0,242.0,3.0,4.0,498.0,1.0,9.0,3.4,3.4,0.0,2.0,2.0,1,1.0,12,2011
2011,12,Belgian Grand Prix,spa,2011-08-28,button,BUT,mclaren,3,13,Finished,13.0,214.0,5.0,2.0,454.0,2.0,5.0,10.0,6.8,0.2,2.2,22.0,1,0.0,12,2011
2011,12,Belgian Grand Prix,spa,2011-08-28,alonso,ALO,ferrari,4,8,Finished,8.0,252.0,2.0,5.0,396.0,3.0,5.0,6.0,5.3,0.1,2.8,21.0,1,0.0,12,2011
2011,12,Belgian Grand Prix,spa,2011-08-28,michael_schumacher,MSC,mercedes,5,24,Finished,24.0,72.0,9.0,0.0,214.0,4.0,0.0,12.0,11.7,0.2,6.6,7.0,1,0.0,12,2011
2011,12,Belgian Grand Prix,spa,2011-08-28,rosberg,ROS,mercedes,6,5,Finished,5.0,142.0,7.0,0.0,214.0,4.0,0.0,8.0,8.0,0.0,6.6,6.0,1,0.0,12,2011
2011,12,Belgian Grand Prix,spa,2011-08-28,sutil,SUT,force_india,7,15,Finished,15.0,47.0,11.0,0.0,68.0,7.0,0.0,12.2,12.0,0.1,10.2,5.0,1,0.0,12,2011
2011,12,Belgian Grand Prix,spa,2011-08-28,massa,MAS,ferrari,8,4,Finished,4.0,144.0,6.0,0.0,396.0,3.0,5.0,5.4,9.2,0.2,2.8,4.0,1,0.0,12,2011
2011,12,Belgian Grand Prix,spa,2011-08-28,petrov,PET,renault,9,10,Finished,10.0,27.0,13.0,0.0,163.0,5.0,0.0,10.8,11.8,0.2,9.0,9.0,1,0.0,12,2011
2011,12,Belgian Grand Prix,spa,2011-08-28,maldonado,MAL,williams,10,21,Finished,21.0,0.0,20.0,0.0,69.0,6.0,0.0,16.2,17.3,0.3,12.2,11.0,0,0.0,12,2011
2011,12,Belgian Grand Prix,spa,2011-08-28,resta,DIR,force_india,11,17,Finished,17.0,0.0,20.0,0.0,68.0,7.0,0.0,13.4,13.5,0.2,10.2,11.0,0,0.0,12,2011
2011,12,Belgian Grand Prix,spa,2011-08-28,kobayashi,KOB,sauber,12,12,Finished,12.0,32.0,12.0,0.0,44.0,8.0,0.0,13.0,10.7,0.1,9.0,8.0,1,0.0,12,2011
2011,12,Belgian Grand Prix,spa,2011-08-28,bruno_senna,SEN,renault,13,7,Finished,7.0,0.0,23.0,0.0,163.0,5.0,0.0,18.2,19.2,0.3,9.0,23.0,1,0.0,12,2011
2011,12,Belgian Grand Prix,spa,2011-08-28,trulli,TRU,lotus_racing,14,18,+1 Lap,18.0,0.0,21.0,0.0,0.0,10.0,0.0,19.2,18.4,0.3,19.0,19.0,1,0.0,12,2011
2011,12,Belgian Grand Prix,spa,2011-08-28,kovalainen,KOV,lotus_racing,15,16,+1 Lap,16.0,0.0,20.0,0.0,0.0,10.0,0.0,20.6,19.0,0.4,19.0,16.0,1,0.0,12,2011
2011,12,Belgian Grand Prix,spa,2011-08-28,barrichello,BAR,williams,16,14,+1 Lap,14.0,47.0,10.0,0.0,69.0,6.0,0.0,14.0,14.6,0.2,12.2,24.0,1,0.0,12,2011
2011,12,Belgian Grand Prix,spa,2011-08-28,ambrosio,DAM,virgin,17,20,+1 Lap,20.0,0.0,20.0,0.0,0.0,12.0,0.0,18.0,18.4,0.1,17.0,11.0,0,0.0,12,2011
2011,12,Belgian Grand Prix,spa,2011-08-28,glock,GLO,virgin,18,19,+1 Lap,19.0,0.0,25.0,0.0,0.0,12.0,0.0,17.2,18.9,0.2,17.0,18.0,1,0.0,12,2011
2011,12,Belgian Grand Prix,spa,2011-08-28,liuzzi,LIU,hrt,19,22,+1 Lap,22.0,21.0,15.0,0.0,0.0,11.0,0.0,19.0,19.7,0.2,18.2,10.0,1,0.0,12,2011
2011,12,Belgian Grand Prix,spa,2011-08-28,perez,PER,sauber,20,9,Suspension,9.0,0.0,20.0,0.0,44.0,8.0,0.0,13.6,15.1,0.3,9.0,11.0,0,0.0,12,2011
2011,12,Belgian Grand Prix,spa,2011-08-28,ricciardo,RIC,hrt,21,23,Engine,23.0,0.0,20.0,0.0,0.0,11.0,0.0,18.666666666666668,18.666666666666668,0.0,18.2,11.0,0,0.0,12,2011
2011,12,Belgian Grand Prix,spa,2011-08-28,hamilton,HAM,mclaren,22,2,Collision,2.0,240.0,4.0,3.0,454.0,2.0,5.0,7.4,5.8,0.1,2.2,1.0,1,1.0,12,2011
2011,12,Belgian Grand Prix,spa,2011-08-28,buemi,BUE,toro_rosso,23,11,Rear wing,11.0,8.0,16.0,0.0,13.0,9.0,0.0,13.4,12.7,0.1,9.2,12.0,1,0.0,12,2011
2011,12,Belgian Grand Prix,spa,2011-08-28,alguersuari,ALG,toro_rosso,24,6,Collision,6.0,5.0,19.0,0.0,13.0,9.0,0.0,9.6,13.8,0.2,9.2,13.0,1,0.0,12,2011
2011,13,Italian Grand Prix,monza,2011-09-11,vettel,VET,red_bull,1,1,Finished,1.0,256.0,1.0,5.0,498.0,1.0,9.0,2.0,1.7,0.0,1.8,4.0,1,0.0,13,2011
2011,13,Italian Grand Prix,monza,2011-09-11,button,BUT,mclaren,2,3,Finished,3.0,214.0,5.0,2.0,454.0,2.0,5.0,10.4,6.9,0.2,2.6,2.0,1,1.0,13,2011
2011,13,Italian Grand Prix,monza,2011-09-11,alonso,ALO,ferrari,3,4,Finished,4.0,252.0,2.0,5.0,396.0,3.0,5.0,2.4,5.1,0.1,2.4,1.0,1,1.0,13,2011
2011,13,Italian Grand Prix,monza,2011-09-11,hamilton,HAM,mclaren,4,2,Finished,2.0,240.0,4.0,3.0,454.0,2.0,5.0,7.0,7.2,0.2,2.6,23.0,1,0.0,13,2011
2011,13,Italian Grand Prix,monza,2011-09-11,michael_schumacher,MSC,mercedes,5,8,Finished,8.0,72.0,9.0,0.0,214.0,4.0,0.0,12.2,11.3,0.2,6.8,9.0,1,0.0,13,2011
2011,13,Italian Grand Prix,monza,2011-09-11,massa,MAS,ferrari,6,6,Finished,6.0,144.0,6.0,0.0,396.0,3.0,5.0,5.8,9.5,0.2,2.4,3.0,1,1.0,13,2011
2011,13,Italian Grand Prix,monza,2011-09-11,alguersuari,ALG,toro_rosso,7,18,+1 Lap,18.0,5.0,19.0,0.0,13.0,9.0,0.0,12.8,14.8,0.3,12.2,15.0,1,0.0,13,2011
2011,13,Italian Grand Prix,monza,2011-09-11,resta,DIR,force_india,8,11,+1 Lap,11.0,0.0,20.0,0.0,68.0,7.0,0.0,12.0,13.6,0.2,8.0,11.0,0,0.0,13,2011
2011,13,Italian Grand Prix,monza,2011-09-11,bruno_senna,SEN,renault,9,10,+1 Lap,10.0,0.0,23.0,0.0,163.0,5.0,0.0,16.4,18.5,0.3,9.8,22.0,1,0.0,13,2011
2011,13,Italian Grand Prix,monza,2011-09-11,buemi,BUE,toro_rosso,10,16,+1 Lap,16.0,8.0,16.0,0.0,13.0,9.0,0.0,16.0,13.7,0.2,12.2,11.0,1,0.0,13,2011
2011,13,Italian Grand Prix,monza,2011-09-11,maldonado,MAL,williams,11,14,+1 Lap,14.0,0.0,20.0,0.0,69.0,6.0,0.0,14.4,15.9,0.2,12.4,11.0,0,0.0,13,2011
2011,13,Italian Grand Prix,monza,2011-09-11,barrichello,BAR,williams,12,13,+1 Lap,13.0,47.0,10.0,0.0,69.0,6.0,0.0,15.4,14.0,0.1,12.4,10.0,1,0.0,13,2011
2011,13,Italian Grand Prix,monza,2011-09-11,kovalainen,KOV,lotus_racing,13,20,+2 Laps,20.0,0.0,20.0,0.0,0.0,10.0,0.0,19.0,19.0,0.4,18.6,18.0,1,0.0,13,2011
2011,13,Italian Grand Prix,monza,2011-09-11,trulli,TRU,lotus_racing,14,19,+2 Laps,19.0,0.0,21.0,0.0,0.0,10.0,0.0,19.4,18.5,0.3,18.6,21.0,1,0.0,13,2011
2011,13,Italian Grand Prix,monza,2011-09-11,glock,GLO,virgin,15,21,+2 Laps,21.0,0.0,25.0,0.0,0.0,12.0,0.0,17.8,19.1,0.2,17.6,17.0,1,0.0,13,2011
2011,13,Italian Grand Prix,monza,2011-09-11,ricciardo,RIC,hrt,16,23,+14 Laps,23.0,0.0,20.0,0.0,0.0,11.0,0.0,19.25,19.25,0.25,19.4,11.0,0,0.0,13,2011
2011,13,Italian Grand Prix,monza,2011-09-11,perez,PER,sauber,17,15,Gearbox,15.0,0.0,20.0,0.0,44.0,8.0,0.0,12.8,14.9,0.3,10.0,11.0,0,0.0,13,2011
2011,13,Italian Grand Prix,monza,2011-09-11,kobayashi,KOB,sauber,18,17,Gearbox,17.0,32.0,12.0,0.0,44.0,8.0,0.0,14.0,11.2,0.1,10.0,24.0,1,0.0,13,2011
2011,13,Italian Grand Prix,monza,2011-09-11,sutil,SUT,force_india,19,12,Hydraulics,12.0,47.0,11.0,0.0,68.0,7.0,0.0,9.4,11.6,0.1,8.0,16.0,1,0.0,13,2011
2011,13,Italian Grand Prix,monza,2011-09-11,webber,WEB,red_bull,20,5,Accident,5.0,242.0,3.0,4.0,498.0,1.0,9.0,3.2,3.2,0.0,1.8,6.0,1,0.0,13,2011
2011,13,Italian Grand Prix,monza,2011-09-11,ambrosio,DAM,virgin,21,22,Gearbox,22.0,0.0,20.0,0.0,0.0,12.0,0.0,18.6,18.2,0.0,17.6,11.0,0,0.0,13,2011
2011,13,Italian Grand Prix,monza,2011-09-11,petrov,PET,renault,22,7,Collision,7.0,27.0,13.0,0.0,163.0,5.0,0.0,11.6,11.0,0.1,9.8,13.0,1,0.0,13,2011
2011,13,Italian Grand Prix,monza,2011-09-11,rosberg,ROS,mercedes,23,9,Collision,9.0,142.0,7.0,0.0,214.0,4.0,0.0,7.0,7.4,0.0,6.8,5.0,1,0.0,13,2011
2011,13,Italian Grand Prix,monza,2011-09-11,liuzzi,LIU,hrt,24,24,Collision,24.0,21.0,15.0,0.0,0.0,11.0,0.0,20.2,19.8,0.2,19.4,12.0,1,0.0,13,2011
2011,14,Singapore Grand Prix,marina_bay,2011-09-25,vettel,VET,red_bull,1,1,Finished,1.0,256.0,1.0,5.0,498.0,1.0,9.0,2.0,1.6,0.0,1.8,2.0,1,1.0,14,2011
2011,14,Singapore Grand Prix,marina_bay,2011-09-25,button,BUT,mclaren,2,3,Finished,3.0,214.0,5.0,2.0,454.0,2.0,5.0,9.6,6.7,0.2,2.2,4.0,1,0.0,14,2011
2011,14,Singapore Grand Prix,marina_bay,2011-09-25,webber,WEB,red_bull,3,2,Finished,2.0,242.0,3.0,4.0,498.0,1.0,9.0,6.6,4.9,0.1,1.8,3.0,1,1.0,14,2011
2011,14,Singapore Grand Prix,marina_bay,2011-09-25,alonso,ALO,ferrari,4,5,Finished,5.0,252.0,2.0,5.0,396.0,3.0,5.0,2.6,4.7,0.1,2.6,1.0,1,1.0,14,2011
2011,14,Singapore Grand Prix,marina_bay,2011-09-25,hamilton,HAM,mclaren,5,4,Finished,4.0,240.0,4.0,3.0,454.0,2.0,5.0,7.0,7.5,0.2,2.2,19.0,1,0.0,14,2011
2011,14,Singapore Grand Prix,marina_bay,2011-09-25,resta,DIR,force_india,6,10,Finished,10.0,0.0,20.0,0.0,68.0,7.0,0.0,10.8,13.3,0.2,7.8,11.0,0,0.0,14,2011
2011,14,Singapore Grand Prix,marina_bay,2011-09-25,rosberg,ROS,mercedes,7,7,+1 Lap,7.0,142.0,7.0,0.0,214.0,4.0,0.0,10.2,9.2,0.1,6.4,5.0,1,0.0,14,2011
2011,14,Singapore Grand Prix,marina_bay,2011-09-25,sutil,SUT,force_india,8,9,+1 Lap,9.0,47.0,11.0,0.0,68.0,7.0,0.0,11.4,12.0,0.2,7.8,9.0,1,0.0,14,2011
2011,14,Singapore Grand Prix,marina_bay,2011-09-25,massa,MAS,ferrari,9,6,+1 Lap,6.0,144.0,6.0,0.0,396.0,3.0,5.0,6.0,9.5,0.2,2.6,8.0,1,0.0,14,2011
2011,14,Singapore Grand Prix,marina_bay,2011-09-25,perez,PER,sauber,10,11,+1 Lap,11.0,0.0,20.0,0.0,44.0,8.0,0.0,14.0,14.5,0.3,11.2,11.0,0,0.0,14,2011
2011,14,Singapore Grand Prix,marina_bay,2011-09-25,maldonado,MAL,williams,11,13,+1 Lap,13.0,0.0,20.0,0.0,69.0,6.0,0.0,13.0,15.2,0.2,12.2,11.0,0,0.0,14,2011
2011,14,Singapore Grand Prix,marina_bay,2011-09-25,buemi,BUE,toro_rosso,12,14,+1 Lap,14.0,8.0,16.0,0.0,13.0,9.0,0.0,15.4,13.3,0.2,12.0,14.0,1,0.0,14,2011
2011,14,Singapore Grand Prix,marina_bay,2011-09-25,barrichello,BAR,williams,13,12,+1 Lap,12.0,47.0,10.0,0.0,69.0,6.0,0.0,15.4,13.9,0.1,12.2,6.0,1,0.0,14,2011
2011,14,Singapore Grand Prix,marina_bay,2011-09-25,kobayashi,KOB,sauber,14,17,+2 Laps,17.0,32.0,12.0,0.0,44.0,8.0,0.0,14.4,12.0,0.2,11.2,21.0,1,0.0,14,2011
2011,14,Singapore Grand Prix,marina_bay,2011-09-25,bruno_senna,SEN,renault,15,15,+2 Laps,15.0,0.0,23.0,0.0,163.0,5.0,0.0,15.2,17.5,0.3,9.6,22.0,1,0.0,14,2011
2011,14,Singapore Grand Prix,marina_bay,2011-09-25,kovalainen,KOV,lotus_racing,16,19,+2 Laps,19.0,0.0,20.0,0.0,0.0,10.0,0.0,17.8,18.7,0.4,17.4,16.0,1,0.0,14,2011
2011,14,Singapore Grand Prix,marina_bay,2011-09-25,petrov,PET,renault,17,18,+2 Laps,18.0,27.0,13.0,0.0,163.0,5.0,0.0,13.0,12.3,0.2,9.6,11.0,1,0.0,14,2011
2011,14,Singapore Grand Prix,marina_bay,2011-09-25,ambrosio,DAM,virgin,18,22,+2 Laps,22.0,0.0,20.0,0.0,0.0,12.0,0.0,18.4,18.3,0.1,16.4,11.0,0,0.0,14,2011
2011,14,Singapore Grand Prix,marina_bay,2011-09-25,ricciardo,RIC,hrt,19,23,+4 Laps,23.0,0.0,20.0,0.0,0.0,11.0,0.0,18.6,18.6,0.2,18.0,11.0,0,0.0,14,2011
2011,14,Singapore Grand Prix,marina_bay,2011-09-25,liuzzi,LIU,hrt,20,24,+4 Laps,24.0,21.0,15.0,0.0,0.0,11.0,0.0,20.4,20.0,0.3,18.0,24.0,1,0.0,14,2011
2011,14,Singapore Grand Prix,marina_bay,2011-09-25,alguersuari,ALG,toro_rosso,21,16,Accident,16.0,5.0,19.0,0.0,13.0,9.0,0.0,12.6,13.1,0.2,12.0,12.0,1,0.0,14,2011
2011,14,Singapore Grand Prix,marina_bay,2011-09-25,trulli,TRU,lotus_racing,22,20,Gearbox,20.0,0.0,21.0,0.0,0.0,10.0,0.0,19.0,17.9,0.2,17.4,23.0,1,0.0,14,2011
2011,14,Singapore Grand Prix,marina_bay,2011-09-25,michael_schumacher,MSC,mercedes,23,8,Accident,8.0,72.0,9.0,0.0,214.0,4.0,0.0,9.8,11.0,0.2,6.4,13.0,1,0.0,14,2011
2011,14,Singapore Grand Prix,marina_bay,2011-09-25,glock,GLO,virgin,24,21,Accident,21.0,0.0,25.0,0.0,0.0,12.0,0.0,16.6,18.5,0.2,16.4,17.0,1,0.0,14,2011
2011,15,Japanese Grand Prix,suzuka,2011-10-09,button,BUT,mclaren,1,2,Finished,2.0,214.0,5.0,2.0,454.0,2.0,5.0,6.0,6.3,0.2,1.8,4.0,1,0.0,15,2011
2011,15,Japanese Grand Prix,suzuka,2011-10-09,alonso,ALO,ferrari,2,5,Finished,5.0,252.0,2.0,5.0,396.0,3.0,5.0,3.2,4.8,0.1,3.2,3.0,1,1.0,15,2011
2011,15,Japanese Grand Prix,suzuka,2011-10-09,vettel,VET,red_bull,3,1,Finished,1.0,256.0,1.0,5.0,498.0,1.0,9.0,1.8,1.6,0.0,1.6,1.0,1,1.0,15,2011
2011,15,Japanese Grand Prix,suzuka,2011-10-09,webber,WEB,red_bull,4,6,Finished,6.0,242.0,3.0,4.0,498.0,1.0,9.0,6.6,5.0,0.1,1.6,2.0,1,1.0,15,2011
2011,15,Japanese Grand Prix,suzuka,2011-10-09,hamilton,HAM,mclaren,5,3,Finished,3.0,240.0,4.0,3.0,454.0,2.0,5.0,7.2,7.6,0.2,1.8,5.0,1,0.0,15,2011
2011,15,Japanese Grand Prix,suzuka,2011-10-09,michael_schumacher,MSC,mercedes,6,8,Finished,8.0,72.0,9.0,0.0,214.0,4.0,0.0,12.6,12.1,0.3,6.6,6.0,1,0.0,15,2011
2011,15,Japanese Grand Prix,suzuka,2011-10-09,massa,MAS,ferrari,7,4,Finished,4.0,144.0,6.0,0.0,396.0,3.0,5.0,6.8,9.3,0.2,3.2,21.0,1,0.0,15,2011
2011,15,Japanese Grand Prix,suzuka,2011-10-09,perez,PER,sauber,8,17,Finished,17.0,0.0,20.0,0.0,44.0,8.0,0.0,14.6,13.8,0.3,11.8,11.0,0,0.0,15,2011
2011,15,Japanese Grand Prix,suzuka,2011-10-09,petrov,PET,renault,9,10,Finished,10.0,27.0,13.0,0.0,163.0,5.0,0.0,14.0,13.2,0.2,11.0,22.0,1,0.0,15,2011
2011,15,Japanese Grand Prix,suzuka,2011-10-09,rosberg,ROS,mercedes,10,23,Finished,23.0,142.0,7.0,0.0,214.0,4.0,0.0,10.4,9.4,0.1,6.6,17.0,1,0.0,15,2011
2011,15,Japanese Grand Prix,suzuka,2011-10-09,sutil,SUT,force_india,11,11,Finished,11.0,47.0,11.0,0.0,68.0,7.0,0.0,10.8,11.5,0.2,6.8,18.0,1,0.0,15,2011
2011,15,Japanese Grand Prix,suzuka,2011-10-09,resta,DIR,force_india,12,12,Finished,12.0,0.0,20.0,0.0,68.0,7.0,0.0,9.0,11.6,0.1,6.8,11.0,0,0.0,15,2011
2011,15,Japanese Grand Prix,suzuka,2011-10-09,kobayashi,KOB,sauber,13,7,Finished,7.0,32.0,12.0,0.0,44.0,8.0,0.0,12.8,12.4,0.2,11.8,7.0,1,0.0,15,2011
2011,15,Japanese Grand Prix,suzuka,2011-10-09,maldonado,MAL,williams,14,14,Finished,14.0,0.0,20.0,0.0,69.0,6.0,0.0,12.4,14.6,0.2,11.8,11.0,0,0.0,15,2011
2011,15,Japanese Grand Prix,suzuka,2011-10-09,alguersuari,ALG,toro_rosso,15,16,Finished,16.0,5.0,19.0,0.0,13.0,9.0,0.0,14.8,13.6,0.3,12.4,11.0,1,0.0,15,2011
2011,15,Japanese Grand Prix,suzuka,2011-10-09,bruno_senna,SEN,renault,16,9,Finished,9.0,0.0,23.0,0.0,163.0,5.0,0.0,15.4,17.3,0.3,11.0,15.0,1,0.0,15,2011
2011,15,Japanese Grand Prix,suzuka,2011-10-09,barrichello,BAR,williams,17,13,Finished,13.0,47.0,10.0,0.0,69.0,6.0,0.0,15.4,13.7,0.1,11.8,9.0,1,0.0,15,2011
2011,15,Japanese Grand Prix,suzuka,2011-10-09,kovalainen,KOV,lotus_racing,18,18,Finished,18.0,0.0,20.0,0.0,0.0,10.0,0.0,16.2,18.4,0.4,16.0,12.0,1,0.0,15,2011
2011,15,Japanese Grand Prix,suzuka,2011-10-09,trulli,TRU,lotus_racing,19,19,Finished,19.0,0.0,21.0,0.0,0.0,10.0,0.0,19.4,18.2,0.3,16.0,13.0,1,0.0,15,2011
2011,15,Japanese Grand Prix,suzuka,2011-10-09,glock,GLO,virgin,20,21,+2 Laps,21.0,0.0,25.0,0.0,0.0,12.0,0.0,18.2,18.5,0.2,16.8,14.0,1,0.0,15,2011
2011,15,Japanese Grand Prix,suzuka,2011-10-09,ambrosio,DAM,virgin,21,20,+2 Laps,20.0,0.0,20.0,0.0,0.0,12.0,0.0,18.6,18.1,0.1,16.8,11.0,0,0.0,15,2011
2011,15,Japanese Grand Prix,suzuka,2011-10-09,ricciardo,RIC,hrt,22,22,+2 Laps,22.0,0.0,20.0,0.0,0.0,11.0,0.0,18.6,18.666666666666668,0.16666666666666666,18.2,11.0,0,0.0,15,2011
2011,15,Japanese Grand Prix,suzuka,2011-10-09,liuzzi,LIU,hrt,23,24,+3 Laps,24.0,21.0,15.0,0.0,0.0,11.0,0.0,20.8,19.8,0.3,18.2,23.0,1,0.0,15,2011
2011,15,Japanese Grand Prix,suzuka,2011-10-09,buemi,BUE,toro_rosso,24,15,Wheel,15.0,8.0,16.0,0.0,13.0,9.0,0.0,13.6,13.6,0.2,12.4,10.0,1,0.0,15,2011
2011,16,Korean Grand Prix,yeongam,2011-10-16,vettel,VET,red_bull,1,2,Finished,2.0,256.0,1.0,5.0,498.0,1.0,9.0,1.6,1.8,0.0,1.6,17.0,1,0.0,16,2011
2011,16,Korean Grand Prix,yeongam,2011-10-16,hamilton,HAM,mclaren,2,1,Finished,1.0,240.0,4.0,3.0,454.0,2.0,5.0,8.0,7.9,0.2,1.8,2.0,1,1.0,16,2011
2011,16,Korean Grand Prix,yeongam,2011-10-16,webber,WEB,red_bull,3,4,Finished,4.0,242.0,3.0,4.0,498.0,1.0,9.0,6.8,5.0,0.1,1.6,23.0,1,0.0,16,2011
2011,16,Korean Grand Prix,yeongam,2011-10-16,button,BUT,mclaren,4,3,Finished,3.0,214.0,5.0,2.0,454.0,2.0,5.0,1.8,6.1,0.2,1.8,12.0,1,0.0,16,2011
2011,16,Korean Grand Prix,yeongam,2011-10-16,alonso,ALO,ferrari,5,6,Finished,6.0,252.0,2.0,5.0,396.0,3.0,5.0,3.2,4.5,0.1,3.2,1.0,1,1.0,16,2011
2011,16,Korean Grand Prix,yeongam,2011-10-16,massa,MAS,ferrari,6,5,Finished,5.0,144.0,6.0,0.0,396.0,3.0,5.0,7.2,7.8,0.1,3.2,3.0,1,1.0,16,2011
2011,16,Korean Grand Prix,yeongam,2011-10-16,alguersuari,ALG,toro_rosso,7,11,Finished,11.0,5.0,19.0,0.0,13.0,9.0,0.0,15.4,13.5,0.3,13.0,11.0,1,0.0,16,2011
2011,16,Korean Grand Prix,yeongam,2011-10-16,rosberg,ROS,mercedes,8,7,Finished,7.0,142.0,7.0,0.0,214.0,4.0,0.0,11.0,9.7,0.1,6.4,24.0,1,0.0,16,2011
2011,16,Korean Grand Prix,yeongam,2011-10-16,buemi,BUE,toro_rosso,9,13,Finished,13.0,8.0,16.0,0.0,13.0,9.0,0.0,15.4,14.6,0.3,13.0,20.0,1,0.0,16,2011
2011,16,Korean Grand Prix,yeongam,2011-10-16,resta,DIR,force_india,10,9,Finished,9.0,0.0,20.0,0.0,68.0,7.0,0.0,8.8,11.6,0.1,7.8,11.0,0,0.0,16,2011
2011,16,Korean Grand Prix,yeongam,2011-10-16,sutil,SUT,force_india,11,10,Finished,10.0,47.0,11.0,0.0,68.0,7.0,0.0,11.8,11.3,0.2,7.8,16.0,1,0.0,16,2011
2011,16,Korean Grand Prix,yeongam,2011-10-16,barrichello,BAR,williams,12,18,Finished,18.0,47.0,10.0,0.0,69.0,6.0,0.0,14.2,13.7,0.1,11.8,7.0,1,0.0,16,2011
2011,16,Korean Grand Prix,yeongam,2011-10-16,bruno_senna,SEN,renault,13,15,+1 Lap,15.0,0.0,23.0,0.0,163.0,5.0,0.0,14.4,16.6,0.2,10.8,14.0,1,0.0,16,2011
2011,16,Korean Grand Prix,yeongam,2011-10-16,kovalainen,KOV,lotus_racing,14,19,+1 Lap,19.0,0.0,20.0,0.0,0.0,10.0,0.0,16.6,17.9,0.3,16.4,13.0,1,0.0,16,2011
2011,16,Korean Grand Prix,yeongam,2011-10-16,kobayashi,KOB,sauber,15,14,+1 Lap,14.0,32.0,12.0,0.0,44.0,8.0,0.0,13.6,12.7,0.2,11.6,8.0,1,0.0,16,2011
2011,16,Korean Grand Prix,yeongam,2011-10-16,perez,PER,sauber,16,17,+1 Lap,17.0,0.0,20.0,0.0,44.0,8.0,0.0,14.0,13.2,0.3,11.6,11.0,0,0.0,16,2011
2011,16,Korean Grand Prix,yeongam,2011-10-16,trulli,TRU,lotus_racing,17,20,+1 Lap,20.0,0.0,21.0,0.0,0.0,10.0,0.0,18.6,18.3,0.3,16.4,22.0,1,0.0,16,2011
2011,16,Korean Grand Prix,yeongam,2011-10-16,glock,GLO,virgin,18,21,+1 Lap,21.0,0.0,25.0,0.0,0.0,12.0,0.0,18.8,18.6,0.2,17.4,19.0,1,0.0,16,2011
2011,16,Korean Grand Prix,yeongam,2011-10-16,ricciardo,RIC,hrt,19,24,+1 Lap,24.0,0.0,20.0,0.0,0.0,11.0,0.0,19.2,19.142857142857142,0.14285714285714285,18.8,11.0,0,0.0,16,2011
2011,16,Korean Grand Prix,yeongam,2011-10-16,ambrosio,DAM,virgin,20,22,+1 Lap,22.0,0.0,20.0,0.0,0.0,12.0,0.0,19.2,18.2,0.1,17.4,11.0,0,0.0,16,2011
2011,16,Korean Grand Prix,yeongam,2011-10-16,liuzzi,LIU,hrt,21,23,+3 Laps,23.0,21.0,15.0,0.0,0.0,11.0,0.0,21.2,19.7,0.2,18.8,6.0,1,0.0,16,2011
2011,16,Korean Grand Prix,yeongam,2011-10-16,maldonado,MAL,williams,22,16,Clutch,16.0,0.0,20.0,0.0,69.0,6.0,0.0,12.4,14.5,0.2,11.8,11.0,0,0.0,16,2011
2011,16,Korean Grand Prix,yeongam,2011-10-16,petrov,PET,renault,23,8,Collision,8.0,27.0,13.0,0.0,163.0,5.0,0.0,13.8,13.0,0.2,10.8,18.0,1,0.0,16,2011
2011,16,Korean Grand Prix,yeongam,2011-10-16,michael_schumacher,MSC,mercedes,24,12,Collision,12.0,72.0,9.0,0.0,214.0,4.0,0.0,12.2,12.1,0.3,6.4,4.0,1,0.0,16,2011
2011,17,Indian Grand Prix,buddh,2011-10-30,vettel,VET,red_bull,1,1,Finished,1.0,256.0,1.0,5.0,498.0,1.0,9.0,1.4,1.8,0.0,1.4,11.0,0,0.0,17,2011
2011,17,Indian Grand Prix,buddh,2011-10-30,button,BUT,mclaren,2,4,Finished,4.0,214.0,5.0,2.0,454.0,2.0,5.0,2.4,6.2,0.2,2.0,11.0,0,0.0,17,2011
2011,17,Indian Grand Prix,buddh,2011-10-30,alonso,ALO,ferrari,3,3,Finished,3.0,252.0,2.0,5.0,396.0,3.0,5.0,3.6,4.8,0.1,3.6,11.0,0,0.0,17,2011
2011,17,Indian Grand Prix,buddh,2011-10-30,webber,WEB,red_bull,4,2,Finished,2.0,242.0,3.0,4.0,498.0,1.0,9.0,6.4,4.9,0.1,1.4,11.0,0,0.0,17,2011
2011,17,Indian Grand Prix,buddh,2011-10-30,michael_schumacher,MSC,mercedes,5,11,Finished,11.0,72.0,9.0,0.0,214.0,4.0,0.0,12.6,12.3,0.3,6.2,11.0,0,0.0,17,2011
2011,17,Indian Grand Prix,buddh,2011-10-30,rosberg,ROS,mercedes,6,7,Finished,7.0,142.0,7.0,0.0,214.0,4.0,0.0,10.8,9.4,0.1,6.2,11.0,0,0.0,17,2011
2011,17,Indian Grand Prix,buddh,2011-10-30,hamilton,HAM,mclaren,7,5,Finished,5.0,240.0,4.0,3.0,454.0,2.0,5.0,7.6,7.5,0.2,2.0,11.0,0,0.0,17,2011
2011,17,Indian Grand Prix,buddh,2011-10-30,alguersuari,ALG,toro_rosso,8,10,+1 Lap,10.0,5.0,19.0,0.0,13.0,9.0,0.0,14.8,12.2,0.2,12.8,11.0,0,0.0,17,2011
2011,17,Indian Grand Prix,buddh,2011-10-30,sutil,SUT,force_india,9,8,+1 Lap,8.0,47.0,11.0,0.0,68.0,7.0,0.0,11.2,11.7,0.2,8.4,11.0,0,0.0,17,2011
2011,17,Indian Grand Prix,buddh,2011-10-30,perez,PER,sauber,10,20,+1 Lap,20.0,0.0,20.0,0.0,44.0,8.0,0.0,14.2,13.9,0.3,12.4,11.0,0,0.0,17,2011
2011,17,Indian Grand Prix,buddh,2011-10-30,petrov,PET,renault,11,16,+1 Lap,16.0,27.0,13.0,0.0,163.0,5.0,0.0,16.0,13.4,0.2,11.0,11.0,0,0.0,17,2011
2011,17,Indian Grand Prix,buddh,2011-10-30,bruno_senna,SEN,renault,12,14,+1 Lap,14.0,0.0,23.0,0.0,163.0,5.0,0.0,13.2,15.7,0.1,11.0,11.0,0,0.0,17,2011
2011,17,Indian Grand Prix,buddh,2011-10-30,resta,DIR,force_india,13,12,+1 Lap,12.0,0.0,20.0,0.0,68.0,7.0,0.0,9.4,11.4,0.1,8.4,11.0,0,0.0,17,2011
2011,17,Indian Grand Prix,buddh,2011-10-30,kovalainen,KOV,lotus_racing,14,18,+2 Laps,18.0,0.0,20.0,0.0,0.0,10.0,0.0,15.2,17.9,0.3,15.0,11.0,0,0.0,17,2011
2011,17,Indian Grand Prix,buddh,2011-10-30,barrichello,BAR,williams,15,15,+2 Laps,15.0,47.0,10.0,0.0,69.0,6.0,0.0,14.0,14.0,0.1,11.6,11.0,0,0.0,17,2011
2011,17,Indian Grand Prix,buddh,2011-10-30,ambrosio,DAM,virgin,16,21,+3 Laps,21.0,0.0,20.0,0.0,0.0,12.0,0.0,19.4,18.7,0.1,17.6,11.0,0,0.0,17,2011
2011,17,Indian Grand Prix,buddh,2011-10-30,karthikeyan,KAR,hrt,17,24,+3 Laps,24.0,0.0,20.0,0.0,0.0,11.0,0.0,20.0,20.857142857142858,0.0,19.0,11.0,0,0.0,17,2011
2011,17,Indian Grand Prix,buddh,2011-10-30,ricciardo,RIC,hrt,18,23,+3 Laps,23.0,0.0,20.0,0.0,0.0,11.0,0.0,19.4,19.125,0.125,19.0,11.0,0,0.0,17,2011
2011,17,Indian Grand Prix,buddh,2011-10-30,trulli,TRU,lotus_racing,19,19,+5 Laps,19.0,0.0,21.0,0.0,0.0,10.0,0.0,17.2,18.2,0.3,15.0,11.0,0,0.0,17,2011
2011,17,Indian Grand Prix,buddh,2011-10-30,massa,MAS,ferrari,20,6,Suspension,6.0,144.0,6.0,0.0,396.0,3.0,5.0,7.2,6.3,0.0,3.6,11.0,0,0.0,17,2011
2011,17,Indian Grand Prix,buddh,2011-10-30,buemi,BUE,toro_rosso,21,9,Engine,9.0,8.0,16.0,0.0,13.0,9.0,0.0,15.6,14.5,0.3,12.8,11.0,0,0.0,17,2011
2011,17,Indian Grand Prix,buddh,2011-10-30,maldonado,MAL,williams,22,13,Gearbox,13.0,0.0,20.0,0.0,69.0,6.0,0.0,13.6,14.9,0.2,11.6,11.0,0,0.0,17,2011
2011,17,Indian Grand Prix,buddh,2011-10-30,glock,GLO,virgin,23,22,Collision,22.0,0.0,25.0,0.0,0.0,12.0,0.0,19.0,18.1,0.1,17.6,11.0,0,0.0,17,2011
2011,17,Indian Grand Prix,buddh,2011-10-30,kobayashi,KOB,sauber,24,17,Collision,17.0,32.0,12.0,0.0,44.0,8.0,0.0,14.4,13.7,0.2,12.4,11.0,0,0.0,17,2011
2011,18,Abu Dhabi Grand Prix,yas_marina,2011-11-13,hamilton,HAM,mclaren,1,2,Finished,2.0,240.0,4.0,3.0,454.0,2.0,5.0,4.6,5.8,0.1,1.8,2.0,1,1.0,18,2011
2011,18,Abu Dhabi Grand Prix,yas_marina,2011-11-13,alonso,ALO,ferrari,2,5,Finished,5.0,252.0,2.0,5.0,396.0,3.0,5.0,3.4,2.9,0.0,3.4,7.0,1,0.0,18,2011
2011,18,Abu Dhabi Grand Prix,yas_marina,2011-11-13,button,BUT,mclaren,3,3,Finished,3.0,214.0,5.0,2.0,454.0,2.0,5.0,2.2,6.3,0.2,1.8,3.0,1,1.0,18,2011
2011,18,Abu Dhabi Grand Prix,yas_marina,2011-11-13,webber,WEB,red_bull,4,4,Finished,4.0,242.0,3.0,4.0,498.0,1.0,9.0,6.8,5.0,0.1,1.4,8.0,1,0.0,18,2011
2011,18,Abu Dhabi Grand Prix,yas_marina,2011-11-13,massa,MAS,ferrari,5,6,Finished,6.0,144.0,6.0,0.0,396.0,3.0,5.0,9.6,7.7,0.1,3.4,10.0,1,0.0,18,2011
2011,18,Abu Dhabi Grand Prix,yas_marina,2011-11-13,rosberg,ROS,mercedes,6,7,Finished,7.0,142.0,7.0,0.0,214.0,4.0,0.0,10.8,8.9,0.1,6.2,4.0,1,0.0,18,2011
2011,18,Abu Dhabi Grand Prix,yas_marina,2011-11-13,michael_schumacher,MSC,mercedes,7,8,Finished,8.0,72.0,9.0,0.0,214.0,4.0,0.0,12.6,12.4,0.3,6.2,23.0,1,0.0,18,2011
2011,18,Abu Dhabi Grand Prix,yas_marina,2011-11-13,sutil,SUT,force_india,8,9,Finished,9.0,47.0,11.0,0.0,68.0,7.0,0.0,11.6,10.5,0.1,8.8,13.0,1,0.0,18,2011
2011,18,Abu Dhabi Grand Prix,yas_marina,2011-11-13,resta,DIR,force_india,9,10,Finished,10.0,0.0,20.0,0.0,68.0,7.0,0.0,9.8,10.9,0.0,8.8,11.0,0,0.0,18,2011
2011,18,Abu Dhabi Grand Prix,yas_marina,2011-11-13,kobayashi,KOB,sauber,10,16,+1 Lap,16.0,32.0,12.0,0.0,44.0,8.0,0.0,16.8,15.4,0.3,12.0,14.0,1,0.0,18,2011
2011,18,Abu Dhabi Grand Prix,yas_marina,2011-11-13,perez,PER,sauber,11,11,+1 Lap,11.0,0.0,20.0,0.0,44.0,8.0,0.0,12.2,12.5,0.2,12.0,11.0,0,0.0,18,2011
2011,18,Abu Dhabi Grand Prix,yas_marina,2011-11-13,barrichello,BAR,williams,12,24,+1 Lap,24.0,47.0,10.0,0.0,69.0,6.0,0.0,13.8,14.6,0.1,12.6,12.0,1,0.0,18,2011
2011,18,Abu Dhabi Grand Prix,yas_marina,2011-11-13,petrov,PET,renault,13,12,+1 Lap,12.0,27.0,13.0,0.0,163.0,5.0,0.0,16.4,14.0,0.2,11.4,6.0,1,0.0,18,2011
2011,18,Abu Dhabi Grand Prix,yas_marina,2011-11-13,maldonado,MAL,williams,14,23,+1 Lap,23.0,0.0,20.0,0.0,69.0,6.0,0.0,16.0,15.2,0.2,12.6,11.0,0,0.0,18,2011
2011,18,Abu Dhabi Grand Prix,yas_marina,2011-11-13,alguersuari,ALG,toro_rosso,15,15,+1 Lap,15.0,5.0,19.0,0.0,13.0,9.0,0.0,11.6,12.2,0.2,9.8,9.0,1,0.0,18,2011
2011,18,Abu Dhabi Grand Prix,yas_marina,2011-11-13,bruno_senna,SEN,renault,16,14,+1 Lap,14.0,0.0,23.0,0.0,163.0,5.0,0.0,13.0,14.7,0.0,11.4,19.0,1,0.0,18,2011
2011,18,Abu Dhabi Grand Prix,yas_marina,2011-11-13,kovalainen,KOV,lotus_racing,17,17,+1 Lap,17.0,0.0,20.0,0.0,0.0,10.0,0.0,15.0,17.0,0.2,15.0,17.0,1,0.0,18,2011
2011,18,Abu Dhabi Grand Prix,yas_marina,2011-11-13,trulli,TRU,lotus_racing,18,18,+2 Laps,18.0,0.0,21.0,0.0,0.0,10.0,0.0,18.2,18.8,0.3,15.0,21.0,1,0.0,18,2011
2011,18,Abu Dhabi Grand Prix,yas_marina,2011-11-13,glock,GLO,virgin,19,19,+2 Laps,19.0,0.0,25.0,0.0,0.0,12.0,0.0,20.0,18.9,0.2,17.4,22.0,1,0.0,18,2011
2011,18,Abu Dhabi Grand Prix,yas_marina,2011-11-13,liuzzi,LIU,hrt,20,22,+2 Laps,22.0,21.0,15.0,0.0,0.0,11.0,0.0,21.4,20.2,0.2,18.6,24.0,1,0.0,18,2011
2011,18,Abu Dhabi Grand Prix,yas_marina,2011-11-13,ricciardo,RIC,hrt,21,20,Mechanical,20.0,0.0,20.0,0.0,0.0,11.0,0.0,18.8,19.0,0.1111111111111111,18.6,11.0,0,0.0,18,2011
2011,18,Abu Dhabi Grand Prix,yas_marina,2011-11-13,buemi,BUE,toro_rosso,22,13,Hydraulics,13.0,8.0,16.0,0.0,13.0,9.0,0.0,15.2,15.6,0.4,9.8,15.0,1,0.0,18,2011
2011,18,Abu Dhabi Grand Prix,yas_marina,2011-11-13,ambrosio,DAM,virgin,23,21,Brakes,21.0,0.0,20.0,0.0,0.0,12.0,0.0,19.2,18.9,0.1,17.4,11.0,0,0.0,18,2011
2011,18,Abu Dhabi Grand Prix,yas_marina,2011-11-13,vettel,VET,red_bull,24,1,Puncture,1.0,256.0,1.0,5.0,498.0,1.0,9.0,1.4,1.7,0.0,1.4,1.0,1,1.0,18,2011
2011,19,Brazilian Grand Prix,interlagos,2011-11-27,webber,WEB,red_bull,1,2,Finished,2.0,242.0,3.0,4.0,498.0,1.0,9.0,3.6,5.1,0.1,2.0,2.0,1,1.0,19,2011
2011,19,Brazilian Grand Prix,interlagos,2011-11-27,vettel,VET,red_bull,2,1,Finished,1.0,256.0,1.0,5.0,498.0,1.0,9.0,6.0,4.0,0.1,2.0,1.0,1,1.0,19,2011
2011,19,Brazilian Grand Prix,interlagos,2011-11-27,button,BUT,mclaren,3,3,Finished,3.0,214.0,5.0,2.0,454.0,2.0,5.0,2.4,6.0,0.2,1.6,5.0,1,0.0,19,2011
2011,19,Brazilian Grand Prix,interlagos,2011-11-27,alonso,ALO,ferrari,4,5,Finished,5.0,252.0,2.0,5.0,396.0,3.0,5.0,3.2,2.9,0.0,3.2,3.0,1,1.0,19,2011
2011,19,Brazilian Grand Prix,interlagos,2011-11-27,massa,MAS,ferrari,5,7,Finished,7.0,144.0,6.0,0.0,396.0,3.0,5.0,9.4,7.7,0.1,3.2,15.0,1,0.0,19,2011
2011,19,Brazilian Grand Prix,interlagos,2011-11-27,sutil,SUT,force_india,6,8,+1 Lap,8.0,47.0,11.0,0.0,68.0,7.0,0.0,9.4,10.4,0.1,8.8,12.0,1,0.0,19,2011
2011,19,Brazilian Grand Prix,interlagos,2011-11-27,rosberg,ROS,mercedes,7,6,+1 Lap,6.0,142.0,7.0,0.0,214.0,4.0,0.0,7.4,8.8,0.1,6.4,6.0,1,0.0,19,2011
2011,19,Brazilian Grand Prix,interlagos,2011-11-27,resta,DIR,force_india,8,11,+1 Lap,11.0,0.0,20.0,0.0,68.0,7.0,0.0,10.0,10.4,0.0,8.8,11.0,0,0.0,19,2011
2011,19,Brazilian Grand Prix,interlagos,2011-11-27,kobayashi,KOB,sauber,9,16,+1 Lap,16.0,32.0,12.0,0.0,44.0,8.0,0.0,15.2,14.8,0.3,10.6,10.0,1,0.0,19,2011
2011,19,Brazilian Grand Prix,interlagos,2011-11-27,petrov,PET,renault,10,15,+1 Lap,15.0,27.0,13.0,0.0,163.0,5.0,0.0,14.6,13.8,0.2,12.2,16.0,1,0.0,19,2011
2011,19,Brazilian Grand Prix,interlagos,2011-11-27,alguersuari,ALG,toro_rosso,11,13,+1 Lap,13.0,5.0,19.0,0.0,13.0,9.0,0.0,13.2,12.9,0.2,11.4,11.0,1,0.0,19,2011
2011,19,Brazilian Grand Prix,interlagos,2011-11-27,buemi,BUE,toro_rosso,12,14,+1 Lap,14.0,8.0,16.0,0.0,13.0,9.0,0.0,17.6,16.5,0.5,11.4,13.0,1,0.0,19,2011
2011,19,Brazilian Grand Prix,interlagos,2011-11-27,perez,PER,sauber,13,17,+1 Lap,17.0,0.0,20.0,0.0,44.0,8.0,0.0,11.0,12.5,0.2,10.6,11.0,0,0.0,19,2011
2011,19,Brazilian Grand Prix,interlagos,2011-11-27,barrichello,BAR,williams,14,12,+1 Lap,12.0,47.0,10.0,0.0,69.0,6.0,0.0,13.8,14.6,0.1,12.8,14.0,1,0.0,19,2011
2011,19,Brazilian Grand Prix,interlagos,2011-11-27,michael_schumacher,MSC,mercedes,15,10,+1 Lap,10.0,72.0,9.0,0.0,214.0,4.0,0.0,13.0,11.4,0.3,6.4,7.0,1,0.0,19,2011
2011,19,Brazilian Grand Prix,interlagos,2011-11-27,kovalainen,KOV,lotus_racing,16,19,+2 Laps,19.0,0.0,20.0,0.0,0.0,10.0,0.0,15.8,16.8,0.2,15.8,18.0,1,0.0,19,2011
2011,19,Brazilian Grand Prix,interlagos,2011-11-27,bruno_senna,SEN,renault,17,9,+2 Laps,9.0,0.0,23.0,0.0,163.0,5.0,0.0,14.4,14.8,0.0,12.2,21.0,1,0.0,19,2011
2011,19,Brazilian Grand Prix,interlagos,2011-11-27,trulli,TRU,lotus_racing,18,20,+2 Laps,20.0,0.0,21.0,0.0,0.0,10.0,0.0,19.0,19.0,0.3,15.8,19.0,1,0.0,19,2011
2011,19,Brazilian Grand Prix,interlagos,2011-11-27,ambrosio,DAM,virgin,19,23,+3 Laps,23.0,0.0,20.0,0.0,0.0,12.0,0.0,19.6,19.0,0.2,18.2,11.0,0,0.0,19,2011
2011,19,Brazilian Grand Prix,interlagos,2011-11-27,ricciardo,RIC,hrt,20,22,+3 Laps,22.0,0.0,20.0,0.0,0.0,11.0,0.0,19.8,19.2,0.2,19.4,11.0,0,0.0,19,2011
2011,19,Brazilian Grand Prix,interlagos,2011-11-27,liuzzi,LIU,hrt,21,21,Retired,21.0,21.0,15.0,0.0,0.0,11.0,0.0,21.6,20.9,0.2,19.4,24.0,1,0.0,19,2011
2011,19,Brazilian Grand Prix,interlagos,2011-11-27,hamilton,HAM,mclaren,22,4,Gearbox,4.0,240.0,4.0,3.0,454.0,2.0,5.0,4.0,5.5,0.1,1.6,4.0,1,0.0,19,2011
2011,19,Brazilian Grand Prix,interlagos,2011-11-27,maldonado,MAL,williams,23,18,Retired,18.0,0.0,20.0,0.0,69.0,6.0,0.0,16.6,14.8,0.2,12.8,11.0,0,0.0,19,2011
2011,19,Brazilian Grand Prix,interlagos,2011-11-27,glock,GLO,virgin,24,24,Retired,24.0,0.0,25.0,0.0,0.0,12.0,0.0,20.8,18.7,0.2,18.2,20.0,1,0.0,19,2011
2012,1,Australian Grand Prix,albert_park,2012-03-18,button,BUT,mclaren,1,2,Finished,2.0,270.0,2.0,3.0,497.0,2.0,6.0,2.6,4.3,0.1,1.8,3.5,2,0.5,1,2012
2012,1,Australian Grand Prix,albert_park,2012-03-18,vettel,VET,red_bull,2,6,Finished,6.0,392.0,1.0,11.0,650.0,1.0,12.0,6.2,4.0,0.1,2.0,9.0,2,0.5,1,2012
2012,1,Australian Grand Prix,albert_park,2012-03-18,hamilton,HAM,mclaren,3,1,Finished,1.0,227.0,5.0,3.0,497.0,2.0,6.0,7.4,7.3,0.2,1.8,4.0,2,0.5,1,2012
2012,1,Australian Grand Prix,albert_park,2012-03-18,webber,WEB,red_bull,4,5,Finished,5.0,258.0,3.0,1.0,650.0,1.0,12.0,3.2,4.9,0.1,2.0,7.0,2,0.0,1,2012
2012,1,Australian Grand Prix,albert_park,2012-03-18,alonso,ALO,ferrari,5,12,Finished,12.0,257.0,4.0,1.0,375.0,3.0,1.0,3.2,3.2,0.0,3.2,4.0,2,0.0,1,2012
2012,1,Australian Grand Prix,albert_park,2012-03-18,kobayashi,KOB,sauber,6,13,Finished,13.0,30.0,12.0,0.0,44.0,7.0,0.0,14.2,13.5,0.2,10.4,22.0,2,0.0,1,2012
2012,1,Australian Grand Prix,albert_park,2012-03-18,raikkonen,RAI,lotus_f1,7,17,Finished,18.0,0.0,20.0,0.0,0.0,10.0,0.0,11.0,11.0,0.1,6.0,11.0,0,0.0,1,2012
2012,1,Australian Grand Prix,albert_park,2012-03-18,perez,PER,sauber,8,22,Finished,17.0,14.0,16.0,0.0,44.0,7.0,0.0,11.6,13.1,0.2,10.4,22.0,1,0.0,1,2012
2012,1,Australian Grand Prix,albert_park,2012-03-18,ricciardo,RIC,toro_rosso,9,10,Finished,10.0,0.0,27.0,0.0,41.0,8.0,0.0,20.0,19.3,0.2,11.2,11.0,0,0.0,1,2012
2012,1,Australian Grand Prix,albert_park,2012-03-18,resta,DIR,force_india,10,15,Finished,15.0,27.0,13.0,0.0,69.0,6.0,0.0,10.4,9.7,0.0,8.8,10.0,1,0.0,1,2012
2012,1,Australian Grand Prix,albert_park,2012-03-18,vergne,VER,toro_rosso,11,11,Finished,11.0,0.0,20.0,0.0,41.0,8.0,0.0,11.0,11.0,0.1,11.2,11.0,0,0.0,1,2012
2012,1,Australian Grand Prix,albert_park,2012-03-18,rosberg,ROS,mercedes,12,7,Finished,7.0,89.0,7.0,0.0,165.0,4.0,0.0,7.4,8.9,0.1,6.4,11.0,2,0.0,1,2012
2012,1,Australian Grand Prix,albert_park,2012-03-18,maldonado,MAL,williams,13,8,Accident,8.0,1.0,19.0,0.0,5.0,9.0,0.0,19.0,15.7,0.3,13.4,20.0,1,0.0,1,2012
2012,1,Australian Grand Prix,albert_park,2012-03-18,glock,GLO,marussia,14,20,+1 Lap,21.0,0.0,25.0,0.0,0.0,10.0,0.0,20.8,19.5,0.3,6.0,15.0,2,0.0,1,2012
2012,1,Australian Grand Prix,albert_park,2012-03-18,pic,PIC,marussia,15,21,+5 Laps,22.0,0.0,20.0,0.0,0.0,10.0,0.0,11.0,11.0,0.1,6.0,11.0,0,0.0,1,2012
2012,1,Australian Grand Prix,albert_park,2012-03-18,bruno_senna,SEN,williams,16,14,Collision,14.0,2.0,18.0,0.0,5.0,9.0,0.0,14.8,15.1,0.0,13.4,20.0,1,0.0,1,2012
2012,1,Australian Grand Prix,albert_park,2012-03-18,massa,MAS,ferrari,17,16,Collision,16.0,118.0,6.0,0.0,375.0,3.0,1.0,8.6,7.7,0.1,3.2,5.0,2,0.5,1,2012
2012,1,Australian Grand Prix,albert_park,2012-03-18,kovalainen,KOV,caterham,18,18,Suspension,19.0,0.0,22.0,0.0,0.0,10.0,0.0,15.8,16.0,0.1,6.0,15.5,2,0.0,1,2012
2012,1,Australian Grand Prix,albert_park,2012-03-18,petrov,PET,caterham,19,19,Steering,20.0,37.0,10.0,0.0,0.0,10.0,0.0,13.2,13.6,0.2,6.0,11.0,2,0.5,1,2012
2012,1,Australian Grand Prix,albert_park,2012-03-18,michael_schumacher,MSC,mercedes,20,4,Gearbox,4.0,76.0,8.0,0.0,165.0,4.0,0.0,11.4,12.0,0.3,6.4,14.5,2,0.0,1,2012
2012,1,Australian Grand Prix,albert_park,2012-03-18,grosjean,GRO,lotus_f1,21,3,Collision,3.0,0.0,20.0,0.0,0.0,10.0,0.0,11.0,11.0,0.1,6.0,11.0,0,0.0,1,2012
2012,1,Australian Grand Prix,albert_park,2012-03-18,hulkenberg,HUL,force_india,22,9,Collision,9.0,0.0,20.0,0.0,69.0,6.0,0.0,12.8,11.4,0.1,8.8,22.0,1,0.0,1,2012
2012,2,Malaysian Grand Prix,sepang,2012-03-25,alonso,ALO,ferrari,1,8,Finished,9.0,257.0,4.0,1.0,375.0,3.0,1.0,3.8,3.5,0.0,3.8,9.5,2,0.0,2,2012
2012,2,Malaysian Grand Prix,sepang,2012-03-25,perez,PER,sauber,2,9,Finished,10.0,14.0,16.0,0.0,44.0,7.0,0.0,11.6,12.8,0.2,10.0,21.0,1,0.0,2,2012
2012,2,Malaysian Grand Prix,sepang,2012-03-25,hamilton,HAM,mclaren,3,1,Finished,1.0,227.0,5.0,3.0,497.0,2.0,6.0,7.0,7.5,0.2,1.8,7.0,2,0.0,2,2012
2012,2,Malaysian Grand Prix,sepang,2012-03-25,webber,WEB,red_bull,4,4,Finished,4.0,258.0,3.0,1.0,650.0,1.0,12.0,3.2,5.0,0.1,1.8,3.0,2,0.5,2,2012
2012,2,Malaysian Grand Prix,sepang,2012-03-25,raikkonen,RAI,lotus_f1,5,10,Finished,5.0,0.0,20.0,0.0,0.0,10.0,0.0,7.0,7.0,0.0,7.0,11.0,0,0.0,2,2012
2012,2,Malaysian Grand Prix,sepang,2012-03-25,bruno_senna,SEN,williams,6,13,Finished,13.0,2.0,18.0,0.0,5.0,9.0,0.0,14.8,14.6,0.1,13.2,16.0,1,0.0,2,2012
2012,2,Malaysian Grand Prix,sepang,2012-03-25,resta,DIR,force_india,7,14,Finished,14.0,27.0,13.0,0.0,69.0,6.0,0.0,10.0,9.4,0.0,8.6,10.0,1,0.0,2,2012
2012,2,Malaysian Grand Prix,sepang,2012-03-25,vergne,VER,toro_rosso,8,18,Finished,18.0,0.0,20.0,0.0,41.0,8.0,0.0,11.0,11.0,0.0,10.0,11.0,0,0.0,2,2012
2012,2,Malaysian Grand Prix,sepang,2012-03-25,hulkenberg,HUL,force_india,9,16,Finished,16.0,0.0,20.0,0.0,69.0,6.0,0.0,15.2,12.6,0.2,8.6,10.0,1,0.0,2,2012
2012,2,Malaysian Grand Prix,sepang,2012-03-25,michael_schumacher,MSC,mercedes,10,3,Finished,3.0,76.0,8.0,0.0,165.0,4.0,0.0,14.2,13.2,0.4,7.6,15.0,2,0.0,2,2012
2012,2,Malaysian Grand Prix,sepang,2012-03-25,vettel,VET,red_bull,11,5,Finished,6.0,392.0,1.0,11.0,650.0,1.0,12.0,6.0,3.8,0.1,1.8,1.0,2,1.0,2,2012
2012,2,Malaysian Grand Prix,sepang,2012-03-25,ricciardo,RIC,toro_rosso,12,15,Finished,15.0,0.0,27.0,0.0,41.0,8.0,0.0,17.4,18.3,0.2,10.0,11.0,0,0.0,2,2012
2012,2,Malaysian Grand Prix,sepang,2012-03-25,rosberg,ROS,mercedes,13,7,Finished,8.0,89.0,7.0,0.0,165.0,4.0,0.0,7.8,9.4,0.1,7.6,7.5,2,0.5,2,2012
2012,2,Malaysian Grand Prix,sepang,2012-03-25,button,BUT,mclaren,14,2,Finished,2.0,270.0,2.0,3.0,497.0,2.0,6.0,2.6,2.2,0.0,1.8,5.0,2,0.5,2,2012
2012,2,Malaysian Grand Prix,sepang,2012-03-25,massa,MAS,ferrari,15,12,Finished,12.0,118.0,6.0,0.0,375.0,3.0,1.0,10.6,8.9,0.2,3.8,6.0,2,0.0,2,2012
2012,2,Malaysian Grand Prix,sepang,2012-03-25,petrov,PET,caterham,16,19,+1 Lap,20.0,37.0,10.0,0.0,0.0,10.0,0.0,15.2,14.5,0.3,18.0,18.0,2,0.0,2,2012
2012,2,Malaysian Grand Prix,sepang,2012-03-25,glock,GLO,marussia,17,20,+1 Lap,21.0,0.0,25.0,0.0,0.0,10.0,0.0,19.6,19.2,0.3,14.0,19.5,2,0.0,2,2012
2012,2,Malaysian Grand Prix,sepang,2012-03-25,kovalainen,KOV,caterham,18,24,+1 Lap,19.0,0.0,22.0,0.0,0.0,10.0,0.0,15.8,16.2,0.2,18.0,16.5,2,0.0,2,2012
2012,2,Malaysian Grand Prix,sepang,2012-03-25,maldonado,MAL,williams,19,11,Engine,11.0,1.0,19.0,0.0,5.0,9.0,0.0,18.8,15.6,0.4,13.2,24.0,1,0.0,2,2012
2012,2,Malaysian Grand Prix,sepang,2012-03-25,pic,PIC,marussia,20,21,+2 Laps,22.0,0.0,20.0,0.0,0.0,10.0,0.0,15.0,15.0,0.0,14.0,11.0,0,0.0,2,2012
2012,2,Malaysian Grand Prix,sepang,2012-03-25,karthikeyan,KAR,hrt,21,23,+2 Laps,24.0,0.0,26.0,0.0,0.0,11.0,0.0,19.2,20.375,0.0,19.6,23.0,1,0.0,2,2012
2012,2,Malaysian Grand Prix,sepang,2012-03-25,rosa,DLR,hrt,22,22,+2 Laps,23.0,0.0,20.0,0.0,0.0,11.0,0.0,11.6,14.7,0.3,19.6,24.0,1,0.0,2,2012
2012,2,Malaysian Grand Prix,sepang,2012-03-25,kobayashi,KOB,sauber,23,17,Retired,17.0,30.0,12.0,0.0,44.0,7.0,0.0,12.8,13.2,0.2,10.0,14.5,2,0.0,2,2012
2012,2,Malaysian Grand Prix,sepang,2012-03-25,grosjean,GRO,lotus_f1,24,6,Collision,7.0,0.0,20.0,0.0,0.0,10.0,0.0,21.0,21.0,1.0,7.0,11.0,0,0.0,2,2012
2012,3,Chinese Grand Prix,shanghai,2012-04-15,rosberg,ROS,mercedes,1,1,Finished,1.0,89.0,7.0,0.0,165.0,4.0,0.0,8.8,9.8,0.1,8.0,4.0,2,0.5,3,2012
2012,3,Chinese Grand Prix,shanghai,2012-04-15,button,BUT,mclaren,2,5,Finished,6.0,270.0,2.0,3.0,497.0,2.0,6.0,4.6,3.5,0.0,2.0,2.5,2,0.5,3,2012
2012,3,Chinese Grand Prix,shanghai,2012-04-15,hamilton,HAM,mclaren,3,7,Finished,2.0,227.0,5.0,3.0,497.0,2.0,6.0,7.2,7.4,0.2,2.0,1.5,2,1.0,3,2012
2012,3,Chinese Grand Prix,shanghai,2012-04-15,webber,WEB,red_bull,4,6,Finished,7.0,258.0,3.0,1.0,650.0,1.0,12.0,3.4,4.9,0.1,2.4,5.5,2,0.5,3,2012
2012,3,Chinese Grand Prix,shanghai,2012-04-15,vettel,VET,red_bull,5,11,Finished,11.0,392.0,1.0,11.0,650.0,1.0,12.0,8.0,4.7,0.1,2.4,4.0,2,0.5,3,2012
2012,3,Chinese Grand Prix,shanghai,2012-04-15,grosjean,GRO,lotus_f1,6,10,Finished,10.0,0.0,20.0,0.0,0.0,10.0,0.0,22.5,22.5,1.0,6.0,11.0,0,0.0,3,2012
2012,3,Chinese Grand Prix,shanghai,2012-04-15,bruno_senna,SEN,williams,7,14,Finished,14.0,2.0,18.0,0.0,5.0,9.0,0.0,13.4,13.3,0.1,12.0,16.0,1,0.0,3,2012
2012,3,Chinese Grand Prix,shanghai,2012-04-15,maldonado,MAL,williams,8,13,Finished,13.0,1.0,19.0,0.0,5.0,9.0,0.0,18.2,15.9,0.5,12.0,18.0,1,0.0,3,2012
2012,3,Chinese Grand Prix,shanghai,2012-04-15,alonso,ALO,ferrari,9,9,Finished,9.0,257.0,4.0,1.0,375.0,3.0,1.0,3.0,3.3,0.0,3.0,5.5,2,0.0,3,2012
2012,3,Chinese Grand Prix,shanghai,2012-04-15,kobayashi,KOB,sauber,10,3,Finished,4.0,30.0,12.0,0.0,44.0,7.0,0.0,14.4,14.4,0.3,7.4,16.0,2,0.0,3,2012
2012,3,Chinese Grand Prix,shanghai,2012-04-15,perez,PER,sauber,11,8,Finished,8.0,14.0,16.0,0.0,44.0,7.0,0.0,8.8,11.5,0.2,7.4,17.0,1,0.0,3,2012
2012,3,Chinese Grand Prix,shanghai,2012-04-15,resta,DIR,force_india,12,15,Finished,15.0,27.0,13.0,0.0,69.0,6.0,0.0,9.4,9.4,0.0,8.0,11.0,1,0.0,3,2012
2012,3,Chinese Grand Prix,shanghai,2012-04-15,massa,MAS,ferrari,13,12,Finished,12.0,118.0,6.0,0.0,375.0,3.0,1.0,12.4,9.8,0.2,3.0,7.5,2,0.0,3,2012
2012,3,Chinese Grand Prix,shanghai,2012-04-15,raikkonen,RAI,lotus_f1,14,4,Finished,5.0,0.0,20.0,0.0,0.0,10.0,0.0,6.0,6.0,0.0,6.0,11.0,0,0.0,3,2012
2012,3,Chinese Grand Prix,shanghai,2012-04-15,hulkenberg,HUL,force_india,15,16,Finished,16.0,0.0,20.0,0.0,69.0,6.0,0.0,13.0,12.2,0.2,8.0,15.0,1,0.0,3,2012
2012,3,Chinese Grand Prix,shanghai,2012-04-15,vergne,VER,toro_rosso,16,24,Finished,18.0,0.0,20.0,0.0,41.0,8.0,0.0,9.5,9.5,0.0,10.2,11.0,0,0.0,3,2012
2012,3,Chinese Grand Prix,shanghai,2012-04-15,ricciardo,RIC,toro_rosso,17,17,Finished,17.0,0.0,27.0,0.0,41.0,8.0,0.0,16.0,17.7,0.2,10.2,11.0,0,0.0,3,2012
2012,3,Chinese Grand Prix,shanghai,2012-04-15,petrov,PET,caterham,18,19,+1 Lap,20.0,37.0,10.0,0.0,0.0,10.0,0.0,13.8,14.9,0.3,17.0,8.0,2,0.0,3,2012
2012,3,Chinese Grand Prix,shanghai,2012-04-15,glock,GLO,marussia,19,20,+1 Lap,21.0,0.0,25.0,0.0,0.0,10.0,0.0,19.4,19.2,0.3,15.5,22.5,2,0.0,3,2012
2012,3,Chinese Grand Prix,shanghai,2012-04-15,pic,PIC,marussia,20,21,+1 Lap,22.0,0.0,20.0,0.0,0.0,10.0,0.0,17.5,17.5,0.0,15.5,11.0,0,0.0,3,2012
2012,3,Chinese Grand Prix,shanghai,2012-04-15,rosa,DLR,hrt,21,22,+1 Lap,23.0,0.0,20.0,0.0,0.0,11.0,0.0,13.2,14.7,0.2,19.4,20.0,1,0.0,3,2012
2012,3,Chinese Grand Prix,shanghai,2012-04-15,karthikeyan,KAR,hrt,22,23,+2 Laps,24.0,0.0,26.0,0.0,0.0,11.0,0.0,19.2,20.444444444444443,0.0,19.4,23.0,1,0.0,3,2012
2012,3,Chinese Grand Prix,shanghai,2012-04-15,kovalainen,KOV,caterham,23,18,+3 Laps,19.0,0.0,22.0,0.0,0.0,10.0,0.0,16.6,15.9,0.1,17.0,15.0,2,0.0,3,2012
2012,3,Chinese Grand Prix,shanghai,2012-04-15,michael_schumacher,MSC,mercedes,24,2,Wheel nut,3.0,76.0,8.0,0.0,165.0,4.0,0.0,11.4,12.0,0.3,8.0,9.0,2,0.0,3,2012
2012,4,Bahrain Grand Prix,bahrain,2012-04-22,vettel,VET,red_bull,1,1,Finished,1.0,392.0,1.0,11.0,650.0,1.0,12.0,8.8,5.1,0.1,3.0,4.0,1,0.0,4,2012
2012,4,Bahrain Grand Prix,bahrain,2012-04-22,raikkonen,RAI,lotus_f1,2,11,Finished,11.0,0.0,20.0,0.0,0.0,10.0,0.0,8.666666666666666,8.666666666666666,0.0,6.0,11.0,0,0.0,4,2012
2012,4,Bahrain Grand Prix,bahrain,2012-04-22,grosjean,GRO,lotus_f1,3,7,Finished,7.0,0.0,20.0,0.0,0.0,10.0,0.0,17.0,17.0,0.6666666666666666,6.0,11.0,0,0.0,4,2012
2012,4,Bahrain Grand Prix,bahrain,2012-04-22,webber,WEB,red_bull,4,3,Finished,3.0,258.0,3.0,1.0,650.0,1.0,12.0,3.4,5.1,0.1,3.0,8.0,1,0.0,4,2012
2012,4,Bahrain Grand Prix,bahrain,2012-04-22,rosberg,ROS,mercedes,5,5,Finished,5.0,89.0,7.0,0.0,165.0,4.0,0.0,7.8,9.3,0.1,7.2,5.0,1,0.0,4,2012
2012,4,Bahrain Grand Prix,bahrain,2012-04-22,resta,DIR,force_india,6,10,Finished,10.0,27.0,13.0,0.0,69.0,6.0,0.0,9.2,9.5,0.0,8.6,11.0,0,0.0,4,2012
2012,4,Bahrain Grand Prix,bahrain,2012-04-22,alonso,ALO,ferrari,7,9,Finished,9.0,257.0,4.0,1.0,375.0,3.0,1.0,4.2,3.8,0.0,4.2,1.0,1,1.0,4,2012
2012,4,Bahrain Grand Prix,bahrain,2012-04-22,hamilton,HAM,mclaren,8,2,Finished,2.0,227.0,5.0,3.0,497.0,2.0,6.0,6.4,5.5,0.1,2.0,3.0,1,1.0,4,2012
2012,4,Bahrain Grand Prix,bahrain,2012-04-22,massa,MAS,ferrari,9,14,Finished,14.0,118.0,6.0,0.0,375.0,3.0,1.0,11.0,10.3,0.2,4.2,2.0,1,1.0,4,2012
2012,4,Bahrain Grand Prix,bahrain,2012-04-22,michael_schumacher,MSC,mercedes,10,22,Finished,18.0,76.0,8.0,0.0,165.0,4.0,0.0,15.2,13.9,0.4,7.2,6.0,1,0.0,4,2012
2012,4,Bahrain Grand Prix,bahrain,2012-04-22,perez,PER,sauber,11,8,Finished,8.0,14.0,16.0,0.0,44.0,7.0,0.0,9.0,10.6,0.1,7.4,11.0,0,0.0,4,2012
2012,4,Bahrain Grand Prix,bahrain,2012-04-22,hulkenberg,HUL,force_india,12,13,Finished,13.0,0.0,20.0,0.0,69.0,6.0,0.0,14.0,13.1,0.2,8.6,14.0,1,0.0,4,2012
2012,4,Bahrain Grand Prix,bahrain,2012-04-22,kobayashi,KOB,sauber,13,12,Finished,12.0,30.0,12.0,0.0,44.0,7.0,0.0,11.6,14.2,0.3,7.4,22.0,1,0.0,4,2012
2012,4,Bahrain Grand Prix,bahrain,2012-04-22,vergne,VER,toro_rosso,14,17,Finished,19.0,0.0,20.0,0.0,41.0,8.0,0.0,11.666666666666666,11.666666666666666,0.0,11.8,11.0,0,0.0,4,2012
2012,4,Bahrain Grand Prix,bahrain,2012-04-22,ricciardo,RIC,toro_rosso,15,6,+1 Lap,6.0,0.0,27.0,0.0,41.0,8.0,0.0,15.8,17.3,0.1,11.8,11.0,0,0.0,4,2012
2012,4,Bahrain Grand Prix,bahrain,2012-04-22,petrov,PET,caterham,16,18,+1 Lap,20.0,37.0,10.0,0.0,0.0,10.0,0.0,15.2,15.8,0.3,17.333333333333332,21.0,1,0.0,4,2012
2012,4,Bahrain Grand Prix,bahrain,2012-04-22,kovalainen,KOV,caterham,17,16,+1 Lap,16.0,0.0,22.0,0.0,0.0,10.0,0.0,18.4,16.7,0.1,17.333333333333332,15.0,1,0.0,4,2012
2012,4,Bahrain Grand Prix,bahrain,2012-04-22,button,BUT,mclaren,18,4,Exhaust,4.0,270.0,2.0,3.0,497.0,2.0,6.0,4.6,3.4,0.0,2.0,7.0,1,0.0,4,2012
2012,4,Bahrain Grand Prix,bahrain,2012-04-22,glock,GLO,marussia,19,23,+2 Laps,23.0,0.0,25.0,0.0,0.0,10.0,0.0,18.6,19.3,0.3,16.666666666666668,20.0,1,0.0,4,2012
2012,4,Bahrain Grand Prix,bahrain,2012-04-22,rosa,DLR,hrt,20,20,+2 Laps,22.0,0.0,20.0,0.0,0.0,11.0,0.0,16.0,15.7,0.2,19.8,18.0,1,0.0,4,2012
2012,4,Bahrain Grand Prix,bahrain,2012-04-22,karthikeyan,KAR,hrt,21,24,+2 Laps,24.0,0.0,26.0,0.0,0.0,11.0,0.0,20.2,20.6,0.0,19.8,11.0,0,0.0,4,2012
2012,4,Bahrain Grand Prix,bahrain,2012-04-22,bruno_senna,SEN,williams,22,15,Vibrations,15.0,2.0,18.0,0.0,5.0,9.0,0.0,12.4,12.7,0.1,10.4,19.0,1,0.0,4,2012
2012,4,Bahrain Grand Prix,bahrain,2012-04-22,maldonado,MAL,williams,23,21,Puncture,17.0,1.0,19.0,0.0,5.0,9.0,0.0,15.4,15.7,0.5,10.4,11.0,0,0.0,4,2012
2012,4,Bahrain Grand Prix,bahrain,2012-04-22,pic,PIC,marussia,24,19,Engine,21.0,0.0,20.0,0.0,0.0,10.0,0.0,18.333333333333332,18.333333333333332,0.0,16.666666666666668,11.0,0,0.0,4,2012
2012,5,Spanish Grand Prix,catalunya,2012-05-13,maldonado,MAL,williams,1,1,Finished,2.0,1.0,19.0,0.0,5.0,9.0,0.0,17.2,16.9,0.6,12.4,15.0,1,0.0,5,2012
2012,5,Spanish Grand Prix,catalunya,2012-05-13,alonso,ALO,ferrari,2,2,Finished,3.0,257.0,4.0,1.0,375.0,3.0,1.0,5.2,4.2,0.0,5.2,3.5,2,0.5,5,2012
2012,5,Spanish Grand Prix,catalunya,2012-05-13,raikkonen,RAI,lotus_f1,3,4,Finished,4.0,0.0,20.0,0.0,0.0,10.0,0.0,7.0,7.0,0.0,5.0,11.0,0,0.0,5,2012
2012,5,Spanish Grand Prix,catalunya,2012-05-13,grosjean,GRO,lotus_f1,4,3,Finished,4.0,0.0,20.0,0.0,0.0,10.0,0.0,13.5,13.5,0.5,5.0,11.0,0,0.0,5,2012
2012,5,Spanish Grand Prix,catalunya,2012-05-13,kobayashi,KOB,sauber,5,9,Finished,9.0,30.0,12.0,0.0,44.0,7.0,0.0,12.2,13.7,0.2,7.6,11.0,2,0.0,5,2012
2012,5,Spanish Grand Prix,catalunya,2012-05-13,vettel,VET,red_bull,6,7,Finished,7.0,392.0,1.0,11.0,650.0,1.0,12.0,4.2,5.1,0.1,2.4,2.0,2,1.0,5,2012
2012,5,Spanish Grand Prix,catalunya,2012-05-13,rosberg,ROS,mercedes,7,6,Finished,6.0,89.0,7.0,0.0,165.0,4.0,0.0,7.6,7.5,0.0,7.0,10.0,2,0.0,5,2012
2012,5,Spanish Grand Prix,catalunya,2012-05-13,hamilton,HAM,mclaren,8,24,Finished,1.0,227.0,5.0,3.0,497.0,2.0,6.0,7.8,5.9,0.1,3.4,8.0,2,0.5,5,2012
2012,5,Spanish Grand Prix,catalunya,2012-05-13,button,BUT,mclaren,9,10,Finished,10.0,270.0,2.0,3.0,497.0,2.0,6.0,7.6,5.0,0.1,3.4,4.0,2,0.5,5,2012
2012,5,Spanish Grand Prix,catalunya,2012-05-13,hulkenberg,HUL,force_india,10,13,+1 Lap,13.0,0.0,20.0,0.0,69.0,6.0,0.0,14.8,12.9,0.2,8.2,16.0,1,0.0,5,2012
2012,5,Spanish Grand Prix,catalunya,2012-05-13,webber,WEB,red_bull,11,11,+1 Lap,11.0,258.0,3.0,1.0,650.0,1.0,12.0,3.4,3.5,0.0,2.4,2.5,2,0.5,5,2012
2012,5,Spanish Grand Prix,catalunya,2012-05-13,vergne,VER,toro_rosso,12,14,+1 Lap,14.0,0.0,20.0,0.0,41.0,8.0,0.0,12.25,12.25,0.0,11.6,11.0,0,0.0,5,2012
2012,5,Spanish Grand Prix,catalunya,2012-05-13,ricciardo,RIC,toro_rosso,13,15,+1 Lap,15.0,0.0,27.0,0.0,41.0,8.0,0.0,14.6,17.2,0.1,11.6,11.0,0,0.0,5,2012
2012,5,Spanish Grand Prix,catalunya,2012-05-13,resta,DIR,force_india,14,12,+1 Lap,12.0,27.0,13.0,0.0,69.0,6.0,0.0,8.6,9.3,0.0,8.2,12.0,1,0.0,5,2012
2012,5,Spanish Grand Prix,catalunya,2012-05-13,massa,MAS,ferrari,15,16,+1 Lap,16.0,118.0,6.0,0.0,375.0,3.0,1.0,11.8,10.6,0.2,5.2,14.0,2,0.0,5,2012
2012,5,Spanish Grand Prix,catalunya,2012-05-13,kovalainen,KOV,caterham,16,19,+1 Lap,19.0,0.0,22.0,0.0,0.0,10.0,0.0,18.4,17.1,0.1,17.0,23.5,2,0.0,5,2012
2012,5,Spanish Grand Prix,catalunya,2012-05-13,petrov,PET,caterham,17,18,+1 Lap,18.0,37.0,10.0,0.0,0.0,10.0,0.0,15.8,15.2,0.2,17.0,11.0,2,0.0,5,2012
2012,5,Spanish Grand Prix,catalunya,2012-05-13,glock,GLO,marussia,18,21,+2 Laps,21.0,0.0,25.0,0.0,0.0,10.0,0.0,18.6,19.7,0.3,17.25,18.5,2,0.0,5,2012
2012,5,Spanish Grand Prix,catalunya,2012-05-13,rosa,DLR,hrt,19,22,+3 Laps,22.0,0.0,20.0,0.0,0.0,11.0,0.0,17.8,15.5,0.1,20.4,22.0,1,0.0,5,2012
2012,5,Spanish Grand Prix,catalunya,2012-05-13,perez,PER,sauber,20,5,Wheel nut,5.0,14.0,16.0,0.0,44.0,7.0,0.0,9.0,10.0,0.0,7.6,9.0,1,0.0,5,2012
2012,5,Spanish Grand Prix,catalunya,2012-05-13,pic,PIC,marussia,21,20,Mechanical,20.0,0.0,20.0,0.0,0.0,10.0,0.0,19.75,19.75,0.25,17.25,11.0,0,0.0,5,2012
2012,5,Spanish Grand Prix,catalunya,2012-05-13,karthikeyan,KAR,hrt,22,23,Mechanical,23.0,0.0,26.0,0.0,0.0,11.0,0.0,21.0,20.4,0.0,20.4,21.0,1,0.0,5,2012
2012,5,Spanish Grand Prix,catalunya,2012-05-13,bruno_senna,SEN,williams,23,17,Collision,17.0,2.0,18.0,0.0,5.0,9.0,0.0,13.6,14.0,0.2,12.4,23.0,1,0.0,5,2012
2012,5,Spanish Grand Prix,catalunya,2012-05-13,michael_schumacher,MSC,mercedes,24,8,Collision,8.0,76.0,8.0,0.0,165.0,4.0,0.0,15.8,14.4,0.4,7.0,5.0,2,0.0,5,2012
2012,6,Monaco Grand Prix,monaco,2012-05-27,webber,WEB,red_bull,1,1,Finished,1.0,258.0,3.0,1.0,650.0,1.0,12.0,5.4,4.3,0.0,3.4,2.5,2,0.5,6,2012
2012,6,Monaco Grand Prix,monaco,2012-05-27,rosberg,ROS,mercedes,2,2,Finished,2.0,89.0,7.0,0.0,165.0,4.0,0.0,7.6,7.5,0.0,7.0,9.0,2,0.0,6,2012
2012,6,Monaco Grand Prix,monaco,2012-05-27,alonso,ALO,ferrari,3,5,Finished,5.0,257.0,4.0,1.0,375.0,3.0,1.0,4.8,4.0,0.0,4.8,4.0,2,0.5,6,2012
2012,6,Monaco Grand Prix,monaco,2012-05-27,vettel,VET,red_bull,4,9,Finished,9.0,392.0,1.0,11.0,650.0,1.0,12.0,5.0,5.6,0.1,3.4,1.5,2,1.0,6,2012
2012,6,Monaco Grand Prix,monaco,2012-05-27,hamilton,HAM,mclaren,5,3,Finished,3.0,227.0,5.0,3.0,497.0,2.0,6.0,5.0,6.2,0.1,4.4,5.5,2,0.0,6,2012
2012,6,Monaco Grand Prix,monaco,2012-05-27,massa,MAS,ferrari,6,7,Finished,7.0,118.0,6.0,0.0,375.0,3.0,1.0,13.8,11.2,0.2,4.8,12.5,2,0.0,6,2012
2012,6,Monaco Grand Prix,monaco,2012-05-27,resta,DIR,force_india,7,14,Finished,14.0,27.0,13.0,0.0,69.0,6.0,0.0,9.8,10.1,0.0,9.0,12.0,1,0.0,6,2012
2012,6,Monaco Grand Prix,monaco,2012-05-27,hulkenberg,HUL,force_india,8,10,Finished,10.0,0.0,20.0,0.0,69.0,6.0,0.0,13.6,13.2,0.2,9.0,24.0,1,0.0,6,2012
2012,6,Monaco Grand Prix,monaco,2012-05-27,raikkonen,RAI,lotus_f1,9,8,Finished,8.0,0.0,20.0,0.0,0.0,10.0,0.0,6.2,6.2,0.0,4.6,11.0,0,0.0,6,2012
2012,6,Monaco Grand Prix,monaco,2012-05-27,bruno_senna,SEN,williams,10,13,Finished,13.0,2.0,18.0,0.0,5.0,9.0,0.0,14.8,14.8,0.3,9.8,17.0,1,0.0,6,2012
2012,6,Monaco Grand Prix,monaco,2012-05-27,perez,PER,sauber,11,23,+1 Lap,23.0,14.0,16.0,0.0,44.0,7.0,0.0,10.4,11.0,0.1,6.8,24.0,1,0.0,6,2012
2012,6,Monaco Grand Prix,monaco,2012-05-27,vergne,VER,toro_rosso,12,16,+1 Lap,16.0,0.0,20.0,0.0,41.0,8.0,0.0,12.2,12.2,0.0,11.8,11.0,0,0.0,6,2012
2012,6,Monaco Grand Prix,monaco,2012-05-27,kovalainen,KOV,caterham,13,17,+1 Lap,17.0,0.0,22.0,0.0,0.0,10.0,0.0,18.4,17.1,0.1,16.8,15.0,2,0.0,6,2012
2012,6,Monaco Grand Prix,monaco,2012-05-27,glock,GLO,marussia,14,19,+1 Lap,19.0,0.0,25.0,0.0,0.0,10.0,0.0,17.4,19.1,0.2,17.4,22.0,2,0.0,6,2012
2012,6,Monaco Grand Prix,monaco,2012-05-27,karthikeyan,KAR,hrt,15,22,+2 Laps,22.0,0.0,26.0,0.0,0.0,11.0,0.0,20.6,20.3,0.1,20.2,17.0,1,0.0,6,2012
2012,6,Monaco Grand Prix,monaco,2012-05-27,button,BUT,mclaren,16,12,Collision,12.0,270.0,2.0,3.0,497.0,2.0,6.0,8.8,5.7,0.1,4.4,13.0,2,0.5,6,2012
2012,6,Monaco Grand Prix,monaco,2012-05-27,ricciardo,RIC,toro_rosso,17,15,Retired,15.0,0.0,27.0,0.0,41.0,8.0,0.0,13.2,16.6,0.1,11.8,11.0,0,0.0,6,2012
2012,6,Monaco Grand Prix,monaco,2012-05-27,pic,PIC,marussia,18,21,Retired,21.0,0.0,20.0,0.0,0.0,10.0,0.0,20.0,20.0,0.4,17.4,11.0,0,0.0,6,2012
2012,6,Monaco Grand Prix,monaco,2012-05-27,michael_schumacher,MSC,mercedes,19,6,Fuel pressure,6.0,76.0,8.0,0.0,165.0,4.0,0.0,17.6,14.5,0.4,7.0,17.0,2,0.0,6,2012
2012,6,Monaco Grand Prix,monaco,2012-05-27,petrov,PET,caterham,20,18,Electrical,18.0,37.0,10.0,0.0,0.0,10.0,0.0,17.2,15.2,0.2,16.8,16.0,2,0.0,6,2012
2012,6,Monaco Grand Prix,monaco,2012-05-27,kobayashi,KOB,sauber,21,11,Accident,11.0,30.0,12.0,0.0,44.0,7.0,0.0,11.4,12.8,0.2,6.8,12.0,2,0.0,6,2012
2012,6,Monaco Grand Prix,monaco,2012-05-27,rosa,DLR,hrt,22,20,Accident,20.0,0.0,20.0,0.0,0.0,11.0,0.0,18.8,16.2,0.1,20.2,22.0,1,0.0,6,2012
2012,6,Monaco Grand Prix,monaco,2012-05-27,maldonado,MAL,williams,23,24,Accident,24.0,1.0,19.0,0.0,5.0,9.0,0.0,12.8,15.9,0.6,9.8,18.0,1,0.0,6,2012
2012,6,Monaco Grand Prix,monaco,2012-05-27,grosjean,GRO,lotus_f1,24,4,Accident,4.0,0.0,20.0,0.0,0.0,10.0,0.0,11.6,11.6,0.4,4.6,11.0,0,0.0,6,2012
2012,7,Canadian Grand Prix,villeneuve,2012-06-10,hamilton,HAM,mclaren,1,2,Finished,2.0,227.0,5.0,3.0,497.0,2.0,6.0,5.4,6.2,0.1,5.2,12.5,2,0.5,7,2012
2012,7,Canadian Grand Prix,villeneuve,2012-06-10,grosjean,GRO,lotus_f1,2,7,Finished,7.0,0.0,20.0,0.0,0.0,10.0,0.0,12.2,13.666666666666666,0.5,5.0,11.0,0,0.0,7,2012
2012,7,Canadian Grand Prix,villeneuve,2012-06-10,perez,PER,sauber,3,15,Finished,15.0,14.0,16.0,0.0,44.0,7.0,0.0,11.0,11.3,0.1,7.8,11.0,0,0.0,7,2012
2012,7,Canadian Grand Prix,villeneuve,2012-06-10,vettel,VET,red_bull,4,1,Finished,1.0,392.0,1.0,11.0,650.0,1.0,12.0,5.4,5.7,0.1,3.2,3.0,2,0.5,7,2012
2012,7,Canadian Grand Prix,villeneuve,2012-06-10,alonso,ALO,ferrari,5,3,Finished,3.0,257.0,4.0,1.0,375.0,3.0,1.0,4.4,4.1,0.0,4.4,12.5,2,0.5,7,2012
2012,7,Canadian Grand Prix,villeneuve,2012-06-10,rosberg,ROS,mercedes,6,5,Finished,5.0,89.0,7.0,0.0,165.0,4.0,0.0,5.6,6.7,0.0,5.0,8.5,2,0.0,7,2012
2012,7,Canadian Grand Prix,villeneuve,2012-06-10,webber,WEB,red_bull,7,4,Finished,4.0,258.0,3.0,1.0,650.0,1.0,12.0,4.8,4.0,0.0,3.2,4.0,2,0.5,7,2012
2012,7,Canadian Grand Prix,villeneuve,2012-06-10,raikkonen,RAI,lotus_f1,8,12,Finished,12.0,0.0,20.0,0.0,0.0,10.0,0.0,6.6,6.666666666666667,0.0,5.0,11.0,0,0.0,7,2012
2012,7,Canadian Grand Prix,villeneuve,2012-06-10,kobayashi,KOB,sauber,9,11,Finished,11.0,30.0,12.0,0.0,44.0,7.0,0.0,14.4,13.6,0.3,7.8,15.5,2,0.0,7,2012
2012,7,Canadian Grand Prix,villeneuve,2012-06-10,massa,MAS,ferrari,10,6,Finished,6.0,118.0,6.0,0.0,375.0,3.0,1.0,11.6,11.1,0.2,4.4,10.5,2,0.0,7,2012
2012,7,Canadian Grand Prix,villeneuve,2012-06-10,resta,DIR,force_india,11,8,Finished,8.0,27.0,13.0,0.0,69.0,6.0,0.0,9.2,9.6,0.0,8.4,18.0,1,0.0,7,2012
2012,7,Canadian Grand Prix,villeneuve,2012-06-10,hulkenberg,HUL,force_india,12,13,Finished,13.0,0.0,20.0,0.0,69.0,6.0,0.0,10.8,13.0,0.2,8.4,13.0,1,0.0,7,2012
2012,7,Canadian Grand Prix,villeneuve,2012-06-10,maldonado,MAL,williams,13,22,Finished,22.0,1.0,19.0,0.0,5.0,9.0,0.0,14.8,16.8,0.7,9.2,19.0,1,0.0,7,2012
2012,7,Canadian Grand Prix,villeneuve,2012-06-10,ricciardo,RIC,toro_rosso,14,14,Finished,14.0,0.0,27.0,0.0,41.0,8.0,0.0,14.8,16.1,0.2,12.4,11.0,0,0.0,7,2012
2012,7,Canadian Grand Prix,villeneuve,2012-06-10,vergne,VER,toro_rosso,15,19,+1 Lap,19.0,0.0,20.0,0.0,41.0,8.0,0.0,12.4,12.166666666666666,0.0,12.4,11.0,0,0.0,7,2012
2012,7,Canadian Grand Prix,villeneuve,2012-06-10,button,BUT,mclaren,16,10,+1 Lap,10.0,270.0,2.0,3.0,497.0,2.0,6.0,11.8,7.2,0.2,5.2,1.5,2,1.0,7,2012
2012,7,Canadian Grand Prix,villeneuve,2012-06-10,bruno_senna,SEN,williams,17,16,+1 Lap,16.0,2.0,18.0,0.0,5.0,9.0,0.0,13.6,14.2,0.3,9.2,23.0,1,0.0,7,2012
2012,7,Canadian Grand Prix,villeneuve,2012-06-10,kovalainen,KOV,caterham,18,17,+1 Lap,17.0,0.0,22.0,0.0,0.0,10.0,0.0,17.4,16.6,0.1,15.8,19.5,2,0.0,7,2012
2012,7,Canadian Grand Prix,villeneuve,2012-06-10,petrov,PET,caterham,19,18,+1 Lap,18.0,37.0,10.0,0.0,0.0,10.0,0.0,17.4,16.3,0.3,15.8,11.0,2,0.0,7,2012
2012,7,Canadian Grand Prix,villeneuve,2012-06-10,pic,PIC,marussia,20,23,+3 Laps,23.0,0.0,20.0,0.0,0.0,10.0,0.0,20.6,19.666666666666668,0.5,17.4,11.0,0,0.0,7,2012
2012,7,Canadian Grand Prix,villeneuve,2012-06-10,glock,GLO,marussia,21,21,Suspension,21.0,0.0,25.0,0.0,0.0,10.0,0.0,17.4,18.5,0.2,17.4,17.5,2,0.0,7,2012
2012,7,Canadian Grand Prix,villeneuve,2012-06-10,michael_schumacher,MSC,mercedes,22,9,Rear wing,9.0,76.0,8.0,0.0,165.0,4.0,0.0,17.4,15.8,0.5,5.0,7.5,2,0.0,7,2012
2012,7,Canadian Grand Prix,villeneuve,2012-06-10,rosa,DLR,hrt,23,20,Brakes,20.0,0.0,20.0,0.0,0.0,11.0,0.0,20.8,16.2,0.1,19.2,17.0,2,0.0,7,2012
2012,7,Canadian Grand Prix,villeneuve,2012-06-10,karthikeyan,KAR,hrt,24,24,Suspension,24.0,0.0,26.0,0.0,0.0,11.0,0.0,20.2,19.7,0.1,19.2,17.0,1,0.0,7,2012
2012,8,European Grand Prix,valencia,2012-06-24,alonso,ALO,ferrari,1,11,Finished,11.0,257.0,4.0,1.0,375.0,3.0,1.0,5.2,4.1,0.0,5.2,5.0,2,0.5,8,2012
2012,8,European Grand Prix,valencia,2012-06-24,raikkonen,RAI,lotus_f1,2,5,Finished,5.0,0.0,20.0,0.0,0.0,10.0,0.0,7.2,6.857142857142857,0.0,4.4,11.0,0,0.0,8,2012
2012,8,European Grand Prix,valencia,2012-06-24,michael_schumacher,MSC,mercedes,3,12,Finished,12.0,76.0,8.0,0.0,165.0,4.0,0.0,19.8,15.6,0.5,4.2,16.0,2,0.0,8,2012
2012,8,European Grand Prix,valencia,2012-06-24,webber,WEB,red_bull,4,19,Finished,19.0,258.0,3.0,1.0,650.0,1.0,12.0,5.4,4.4,0.0,3.2,13.5,2,0.5,8,2012
2012,8,European Grand Prix,valencia,2012-06-24,hulkenberg,HUL,force_india,5,8,Finished,8.0,0.0,20.0,0.0,69.0,6.0,0.0,11.4,12.2,0.1,9.2,22.0,1,0.0,8,2012
2012,8,European Grand Prix,valencia,2012-06-24,rosberg,ROS,mercedes,6,6,Finished,6.0,89.0,7.0,0.0,165.0,4.0,0.0,4.2,6.5,0.0,4.2,8.5,2,0.0,8,2012
2012,8,European Grand Prix,valencia,2012-06-24,resta,DIR,force_india,7,10,Finished,10.0,27.0,13.0,0.0,69.0,6.0,0.0,10.0,9.7,0.0,9.2,14.0,1,0.0,8,2012
2012,8,European Grand Prix,valencia,2012-06-24,button,BUT,mclaren,8,9,Finished,9.0,270.0,2.0,3.0,497.0,2.0,6.0,12.2,8.4,0.2,4.8,4.5,2,0.5,8,2012
2012,8,European Grand Prix,valencia,2012-06-24,perez,PER,sauber,9,15,Finished,15.0,14.0,16.0,0.0,44.0,7.0,0.0,11.2,10.0,0.1,8.0,11.0,1,0.0,8,2012
2012,8,European Grand Prix,valencia,2012-06-24,bruno_senna,SEN,williams,10,14,Finished,14.0,2.0,18.0,0.0,5.0,9.0,0.0,15.8,14.6,0.3,10.6,20.0,1,0.0,8,2012
2012,8,European Grand Prix,valencia,2012-06-24,ricciardo,RIC,toro_rosso,11,17,Finished,17.0,0.0,27.0,0.0,41.0,8.0,0.0,15.2,15.6,0.2,13.6,11.0,0,0.0,8,2012
2012,8,European Grand Prix,valencia,2012-06-24,maldonado,MAL,williams,12,3,Finished,3.0,1.0,19.0,0.0,5.0,9.0,0.0,13.6,15.9,0.6,10.6,18.0,1,0.0,8,2012
2012,8,European Grand Prix,valencia,2012-06-24,petrov,PET,caterham,13,20,Finished,20.0,37.0,10.0,0.0,0.0,10.0,0.0,18.0,15.9,0.2,16.2,14.5,2,0.0,8,2012
2012,8,European Grand Prix,valencia,2012-06-24,kovalainen,KOV,caterham,14,16,Finished,16.0,0.0,22.0,0.0,0.0,10.0,0.0,17.4,17.0,0.1,16.2,21.0,2,0.0,8,2012
2012,8,European Grand Prix,valencia,2012-06-24,pic,PIC,marussia,15,23,Finished,23.0,0.0,20.0,0.0,0.0,10.0,0.0,20.6,19.714285714285715,0.42857142857142855,18.0,11.0,0,0.0,8,2012
2012,8,European Grand Prix,valencia,2012-06-24,massa,MAS,ferrari,16,13,+1 Lap,13.0,118.0,6.0,0.0,375.0,3.0,1.0,10.6,11.5,0.2,5.2,8.0,2,0.0,8,2012
2012,8,European Grand Prix,valencia,2012-06-24,rosa,DLR,hrt,17,21,+1 Lap,21.0,0.0,20.0,0.0,0.0,11.0,0.0,21.0,17.1,0.2,19.6,12.0,1,0.0,8,2012
2012,8,European Grand Prix,valencia,2012-06-24,karthikeyan,KAR,hrt,18,22,+1 Lap,22.0,0.0,26.0,0.0,0.0,11.0,0.0,20.8,20.0,0.2,19.6,24.0,1,0.0,8,2012
2012,8,European Grand Prix,valencia,2012-06-24,hamilton,HAM,mclaren,19,2,Collision,2.0,227.0,5.0,3.0,497.0,2.0,6.0,5.0,6.1,0.1,4.8,3.0,2,0.5,8,2012
2012,8,European Grand Prix,valencia,2012-06-24,grosjean,GRO,lotus_f1,20,4,Electronics,4.0,0.0,20.0,0.0,0.0,10.0,0.0,7.8,12.0,0.42857142857142855,4.4,11.0,0,0.0,8,2012
2012,8,European Grand Prix,valencia,2012-06-24,vettel,VET,red_bull,21,1,Gearbox,1.0,392.0,1.0,11.0,650.0,1.0,12.0,4.0,6.0,0.1,3.2,1.0,2,1.0,8,2012
2012,8,European Grand Prix,valencia,2012-06-24,kobayashi,KOB,sauber,22,7,Collision,7.0,30.0,12.0,0.0,44.0,7.0,0.0,11.6,13.0,0.3,8.0,11.5,2,0.0,8,2012
2012,8,European Grand Prix,valencia,2012-06-24,vergne,VER,toro_rosso,23,18,Collision,18.0,0.0,20.0,0.0,41.0,8.0,0.0,13.8,12.571428571428571,0.0,13.6,11.0,0,0.0,8,2012
2012,8,European Grand Prix,valencia,2012-06-24,glock,GLO,marussia,24,0,Withdrew,0.0,0.0,25.0,0.0,0.0,10.0,0.0,18.2,18.8,0.3,18.0,20.0,2,0.0,8,2012
2012,9,British Grand Prix,silverstone,2012-07-08,webber,WEB,red_bull,1,2,Finished,2.0,258.0,3.0,1.0,650.0,1.0,12.0,5.4,4.4,0.0,3.2,2.0,2,1.0,9,2012
2012,9,British Grand Prix,silverstone,2012-07-08,alonso,ALO,ferrari,2,1,Finished,1.0,257.0,4.0,1.0,375.0,3.0,1.0,3.6,3.9,0.0,3.6,7.5,2,0.5,9,2012
2012,9,British Grand Prix,silverstone,2012-07-08,vettel,VET,red_bull,3,4,Finished,4.0,392.0,1.0,11.0,650.0,1.0,12.0,7.2,8.0,0.2,3.2,4.5,2,0.5,9,2012
2012,9,British Grand Prix,silverstone,2012-07-08,massa,MAS,ferrari,4,5,Finished,5.0,118.0,6.0,0.0,375.0,3.0,1.0,11.2,11.1,0.1,3.6,10.0,2,0.0,9,2012
2012,9,British Grand Prix,silverstone,2012-07-08,raikkonen,RAI,lotus_f1,5,6,Finished,6.0,0.0,20.0,0.0,0.0,10.0,0.0,4.8,6.25,0.0,3.6,11.0,0,0.0,9,2012
2012,9,British Grand Prix,silverstone,2012-07-08,grosjean,GRO,lotus_f1,6,9,Finished,9.0,0.0,20.0,0.0,0.0,10.0,0.0,10.6,13.0,0.5,3.6,11.0,0,0.0,9,2012
2012,9,British Grand Prix,silverstone,2012-07-08,michael_schumacher,MSC,mercedes,7,3,Finished,3.0,76.0,8.0,0.0,165.0,4.0,0.0,15.6,15.4,0.5,4.6,9.0,2,0.0,9,2012
2012,9,British Grand Prix,silverstone,2012-07-08,hamilton,HAM,mclaren,8,8,Finished,8.0,227.0,5.0,3.0,497.0,2.0,6.0,8.2,7.3,0.2,6.0,3.0,2,0.5,9,2012
2012,9,British Grand Prix,silverstone,2012-07-08,bruno_senna,SEN,williams,9,13,Finished,13.0,2.0,18.0,0.0,5.0,9.0,0.0,16.4,14.4,0.3,11.2,11.0,0,0.0,9,2012
2012,9,British Grand Prix,silverstone,2012-07-08,button,BUT,mclaren,10,16,Finished,16.0,270.0,2.0,3.0,497.0,2.0,6.0,13.4,9.0,0.2,6.0,12.0,2,0.0,9,2012
2012,9,British Grand Prix,silverstone,2012-07-08,kobayashi,KOB,sauber,11,17,Finished,17.0,30.0,12.0,0.0,44.0,7.0,0.0,14.0,12.8,0.3,7.8,14.0,2,0.0,9,2012
2012,9,British Grand Prix,silverstone,2012-07-08,hulkenberg,HUL,force_india,12,14,Finished,14.0,0.0,20.0,0.0,69.0,6.0,0.0,9.4,11.7,0.1,7.8,10.0,1,0.0,9,2012
2012,9,British Grand Prix,silverstone,2012-07-08,ricciardo,RIC,toro_rosso,13,12,Finished,12.0,0.0,27.0,0.0,41.0,8.0,0.0,14.0,14.9,0.2,12.6,19.0,1,0.0,9,2012
2012,9,British Grand Prix,silverstone,2012-07-08,vergne,VER,toro_rosso,14,23,Finished,23.0,0.0,20.0,0.0,41.0,8.0,0.0,15.2,13.875,0.125,12.6,11.0,0,0.0,9,2012
2012,9,British Grand Prix,silverstone,2012-07-08,rosberg,ROS,mercedes,15,11,Finished,11.0,89.0,7.0,0.0,165.0,4.0,0.0,5.2,6.5,0.0,4.6,4.5,2,0.5,9,2012
2012,9,British Grand Prix,silverstone,2012-07-08,maldonado,MAL,williams,16,7,+1 Lap,7.0,1.0,19.0,0.0,5.0,9.0,0.0,14.4,14.9,0.5,11.2,14.0,1,0.0,9,2012
2012,9,British Grand Prix,silverstone,2012-07-08,kovalainen,KOV,caterham,17,19,+1 Lap,19.0,0.0,22.0,0.0,0.0,10.0,0.0,15.6,17.0,0.1,15.2,20.5,2,0.0,9,2012
2012,9,British Grand Prix,silverstone,2012-07-08,glock,GLO,marussia,18,20,+1 Lap,20.0,0.0,25.0,0.0,0.0,10.0,0.0,19.2,18.9,0.3,17.2,17.0,2,0.0,9,2012
2012,9,British Grand Prix,silverstone,2012-07-08,pic,PIC,marussia,19,24,+1 Lap,24.0,0.0,20.0,0.0,0.0,10.0,0.0,19.6,19.125,0.375,17.2,11.0,0,0.0,9,2012
2012,9,British Grand Prix,silverstone,2012-07-08,rosa,DLR,hrt,20,21,+2 Laps,21.0,0.0,20.0,0.0,0.0,11.0,0.0,20.2,18.1,0.2,18.8,22.0,1,0.0,9,2012
2012,9,British Grand Prix,silverstone,2012-07-08,karthikeyan,KAR,hrt,21,22,+2 Laps,22.0,0.0,26.0,0.0,0.0,11.0,0.0,20.0,20.1,0.2,18.8,11.0,0,0.0,9,2012
2012,9,British Grand Prix,silverstone,2012-07-08,perez,PER,sauber,22,15,Collision,15.0,14.0,16.0,0.0,44.0,7.0,0.0,10.8,9.9,0.1,7.8,7.0,1,0.0,9,2012
2012,9,British Grand Prix,silverstone,2012-07-08,resta,DIR,force_india,23,10,Collision,10.0,27.0,13.0,0.0,69.0,6.0,0.0,9.0,9.1,0.0,7.8,15.0,1,0.0,9,2012
2012,9,British Grand Prix,silverstone,2012-07-08,petrov,PET,caterham,24,18,Engine,18.0,37.0,10.0,0.0,0.0,10.0,0.0,17.0,16.1,0.2,15.2,12.5,2,0.0,9,2012
2012,10,German Grand Prix,hockenheimring,2012-07-22,alonso,ALO,ferrari,1,1,Finished,1.0,257.0,4.0,1.0,375.0,3.0,1.0,2.6,3.9,0.0,2.6,1.0,1,1.0,10,2012
2012,10,German Grand Prix,hockenheimring,2012-07-22,button,BUT,mclaren,2,6,Finished,6.0,270.0,2.0,3.0,497.0,2.0,6.0,11.8,9.7,0.2,6.0,5.0,1,0.0,10,2012
2012,10,German Grand Prix,hockenheimring,2012-07-22,raikkonen,RAI,lotus_f1,3,10,Finished,10.0,0.0,20.0,0.0,0.0,10.0,0.0,5.4,6.111111111111111,0.0,4.2,11.0,0,0.0,10,2012
2012,10,German Grand Prix,hockenheimring,2012-07-22,kobayashi,KOB,sauber,4,12,Finished,12.0,30.0,12.0,0.0,44.0,7.0,0.0,13.6,12.9,0.3,7.8,11.0,1,0.0,10,2012
2012,10,German Grand Prix,hockenheimring,2012-07-22,vettel,VET,red_bull,5,2,Finished,2.0,392.0,1.0,11.0,650.0,1.0,12.0,7.6,5.9,0.1,3.2,3.0,1,1.0,10,2012
2012,10,German Grand Prix,hockenheimring,2012-07-22,perez,PER,sauber,6,17,Finished,17.0,14.0,16.0,0.0,44.0,7.0,0.0,13.0,11.0,0.2,7.8,11.0,0,0.0,10,2012
2012,10,German Grand Prix,hockenheimring,2012-07-22,michael_schumacher,MSC,mercedes,7,3,Finished,3.0,76.0,8.0,0.0,165.0,4.0,0.0,15.0,15.4,0.5,5.0,9.0,1,0.0,10,2012
2012,10,German Grand Prix,hockenheimring,2012-07-22,webber,WEB,red_bull,8,8,Finished,8.0,258.0,3.0,1.0,650.0,1.0,12.0,4.8,4.1,0.0,3.2,6.0,1,0.0,10,2012
2012,10,German Grand Prix,hockenheimring,2012-07-22,hulkenberg,HUL,force_india,9,4,Finished,4.0,0.0,20.0,0.0,69.0,6.0,0.0,9.4,12.1,0.1,9.0,13.0,1,0.0,10,2012
2012,10,German Grand Prix,hockenheimring,2012-07-22,rosberg,ROS,mercedes,10,21,Finished,21.0,89.0,7.0,0.0,165.0,4.0,0.0,7.2,7.4,0.0,5.0,8.0,1,0.0,10,2012
2012,10,German Grand Prix,hockenheimring,2012-07-22,resta,DIR,force_india,11,9,Finished,9.0,27.0,13.0,0.0,69.0,6.0,0.0,12.4,10.5,0.1,9.0,11.0,0,0.0,10,2012
2012,10,German Grand Prix,hockenheimring,2012-07-22,massa,MAS,ferrari,12,13,Finished,13.0,118.0,6.0,0.0,375.0,3.0,1.0,10.2,11.0,0.1,2.6,2.0,1,1.0,10,2012
2012,10,German Grand Prix,hockenheimring,2012-07-22,ricciardo,RIC,toro_rosso,13,11,Finished,11.0,0.0,27.0,0.0,41.0,8.0,0.0,13.6,14.1,0.1,12.4,11.0,0,0.0,10,2012
2012,10,German Grand Prix,hockenheimring,2012-07-22,vergne,VER,toro_rosso,14,15,Finished,15.0,0.0,20.0,0.0,41.0,8.0,0.0,15.2,13.88888888888889,0.1111111111111111,12.4,11.0,0,0.0,10,2012
2012,10,German Grand Prix,hockenheimring,2012-07-22,maldonado,MAL,williams,15,5,+1 Lap,5.0,1.0,19.0,0.0,5.0,9.0,0.0,13.0,15.1,0.5,8.6,11.0,0,0.0,10,2012
2012,10,German Grand Prix,hockenheimring,2012-07-22,petrov,PET,caterham,16,18,+1 Lap,18.0,37.0,10.0,0.0,0.0,10.0,0.0,18.6,17.2,0.3,15.4,10.0,1,0.0,10,2012
2012,10,German Grand Prix,hockenheimring,2012-07-22,bruno_senna,SEN,williams,17,14,+1 Lap,14.0,2.0,18.0,0.0,5.0,9.0,0.0,13.8,13.7,0.3,8.6,19.0,1,0.0,10,2012
2012,10,German Grand Prix,hockenheimring,2012-07-22,grosjean,GRO,lotus_f1,18,19,+1 Lap,19.0,0.0,20.0,0.0,0.0,10.0,0.0,11.2,12.222222222222221,0.4444444444444444,4.2,11.0,0,0.0,10,2012
2012,10,German Grand Prix,hockenheimring,2012-07-22,kovalainen,KOV,caterham,19,16,+2 Laps,16.0,0.0,22.0,0.0,0.0,10.0,0.0,15.6,17.0,0.1,15.4,20.0,1,0.0,10,2012
2012,10,German Grand Prix,hockenheimring,2012-07-22,pic,PIC,marussia,20,20,+2 Laps,20.0,0.0,20.0,0.0,0.0,10.0,0.0,18.6,19.11111111111111,0.3333333333333333,17.0,11.0,0,0.0,10,2012
2012,10,German Grand Prix,hockenheimring,2012-07-22,rosa,DLR,hrt,21,23,+3 Laps,23.0,0.0,20.0,0.0,0.0,11.0,0.0,20.2,19.0,0.2,18.8,14.0,1,0.0,10,2012
2012,10,German Grand Prix,hockenheimring,2012-07-22,glock,GLO,marussia,22,22,+3 Laps,22.0,0.0,25.0,0.0,0.0,10.0,0.0,19.0,18.8,0.3,17.0,18.0,1,0.0,10,2012
2012,10,German Grand Prix,hockenheimring,2012-07-22,karthikeyan,KAR,hrt,23,24,+3 Laps,24.0,0.0,26.0,0.0,0.0,11.0,0.0,20.0,20.5,0.2,18.8,11.0,0,0.0,10,2012
2012,10,German Grand Prix,hockenheimring,2012-07-22,hamilton,HAM,mclaren,24,7,Puncture,7.0,227.0,5.0,3.0,497.0,2.0,6.0,8.2,8.0,0.2,6.0,4.0,1,0.0,10,2012
2012,11,Hungarian Grand Prix,hungaroring,2012-07-29,hamilton,HAM,mclaren,1,1,Finished,1.0,227.0,5.0,3.0,497.0,2.0,6.0,11.4,8.2,0.2,4.8,12.0,2,0.0,11,2012
2012,11,Hungarian Grand Prix,hungaroring,2012-07-29,raikkonen,RAI,lotus_f1,2,5,Finished,5.0,0.0,20.0,0.0,0.0,10.0,0.0,5.4,5.8,0.0,4.2,11.0,0,0.0,11,2012
2012,11,Hungarian Grand Prix,hungaroring,2012-07-29,grosjean,GRO,lotus_f1,3,2,Finished,2.0,0.0,20.0,0.0,0.0,10.0,0.0,14.0,12.8,0.4,4.2,11.0,0,0.0,11,2012
2012,11,Hungarian Grand Prix,hungaroring,2012-07-29,vettel,VET,red_bull,4,3,Finished,3.0,392.0,1.0,11.0,650.0,1.0,12.0,7.4,6.2,0.1,3.0,2.5,2,1.0,11,2012
2012,11,Hungarian Grand Prix,hungaroring,2012-07-29,alonso,ALO,ferrari,5,6,Finished,6.0,257.0,4.0,1.0,375.0,3.0,1.0,2.4,3.6,0.0,2.4,2.5,2,1.0,11,2012
2012,11,Hungarian Grand Prix,hungaroring,2012-07-29,button,BUT,mclaren,6,4,Finished,4.0,270.0,2.0,3.0,497.0,2.0,6.0,10.4,9.6,0.2,4.8,4.5,2,0.5,11,2012
2012,11,Hungarian Grand Prix,hungaroring,2012-07-29,bruno_senna,SEN,williams,7,9,Finished,9.0,2.0,18.0,0.0,5.0,9.0,0.0,12.6,13.7,0.3,11.4,17.0,1,0.0,11,2012
2012,11,Hungarian Grand Prix,hungaroring,2012-07-29,webber,WEB,red_bull,8,11,Finished,11.0,258.0,3.0,1.0,650.0,1.0,12.0,4.2,4.8,0.0,3.0,3.0,2,0.5,11,2012
2012,11,Hungarian Grand Prix,hungaroring,2012-07-29,massa,MAS,ferrari,9,7,Finished,7.0,118.0,6.0,0.0,375.0,3.0,1.0,9.6,11.7,0.1,2.4,5.0,2,0.0,11,2012
2012,11,Hungarian Grand Prix,hungaroring,2012-07-29,rosberg,ROS,mercedes,10,13,Finished,13.0,89.0,7.0,0.0,165.0,4.0,0.0,7.8,7.7,0.0,5.0,15.5,2,0.0,11,2012
2012,11,Hungarian Grand Prix,hungaroring,2012-07-29,hulkenberg,HUL,force_india,11,10,Finished,10.0,0.0,20.0,0.0,69.0,6.0,0.0,9.2,11.4,0.1,8.8,6.0,1,0.0,11,2012
2012,11,Hungarian Grand Prix,hungaroring,2012-07-29,resta,DIR,force_india,12,12,Finished,12.0,27.0,13.0,0.0,69.0,6.0,0.0,11.8,10.8,0.1,8.8,7.0,1,0.0,11,2012
2012,11,Hungarian Grand Prix,hungaroring,2012-07-29,maldonado,MAL,williams,13,8,Finished,8.0,1.0,19.0,0.0,5.0,9.0,0.0,15.8,14.3,0.4,11.4,16.0,1,0.0,11,2012
2012,11,Hungarian Grand Prix,hungaroring,2012-07-29,perez,PER,sauber,14,14,Finished,14.0,14.0,16.0,0.0,44.0,7.0,0.0,10.2,10.3,0.2,7.6,15.0,1,0.0,11,2012
2012,11,Hungarian Grand Prix,hungaroring,2012-07-29,ricciardo,RIC,toro_rosso,15,18,+1 Lap,18.0,0.0,27.0,0.0,41.0,8.0,0.0,13.6,13.4,0.1,12.6,18.0,1,0.0,11,2012
2012,11,Hungarian Grand Prix,hungaroring,2012-07-29,vergne,VER,toro_rosso,16,16,+1 Lap,16.0,0.0,20.0,0.0,41.0,8.0,0.0,15.6,13.9,0.1,12.6,11.0,0,0.0,11,2012
2012,11,Hungarian Grand Prix,hungaroring,2012-07-29,kovalainen,KOV,caterham,17,19,+1 Lap,19.0,0.0,22.0,0.0,0.0,10.0,0.0,16.2,17.3,0.1,15.4,17.5,2,0.0,11,2012
2012,11,Hungarian Grand Prix,hungaroring,2012-07-29,kobayashi,KOB,sauber,18,15,+2 Laps,15.0,30.0,12.0,0.0,44.0,7.0,0.0,13.4,12.4,0.3,7.6,10.0,2,0.0,11,2012
2012,11,Hungarian Grand Prix,hungaroring,2012-07-29,petrov,PET,caterham,19,20,+2 Laps,20.0,37.0,10.0,0.0,0.0,10.0,0.0,18.4,17.8,0.3,15.4,8.5,2,0.0,11,2012
2012,11,Hungarian Grand Prix,hungaroring,2012-07-29,pic,PIC,marussia,20,21,+2 Laps,21.0,0.0,20.0,0.0,0.0,10.0,0.0,18.4,19.2,0.3,17.4,11.0,0,0.0,11,2012
2012,11,Hungarian Grand Prix,hungaroring,2012-07-29,glock,GLO,marussia,21,22,+3 Laps,22.0,0.0,25.0,0.0,0.0,10.0,0.0,19.8,18.6,0.2,17.4,16.5,2,0.0,11,2012
2012,11,Hungarian Grand Prix,hungaroring,2012-07-29,rosa,DLR,hrt,22,23,+3 Laps,23.0,0.0,20.0,0.0,0.0,11.0,0.0,20.6,19.7,0.2,19.2,7.0,1,0.0,11,2012
2012,11,Hungarian Grand Prix,hungaroring,2012-07-29,karthikeyan,KAR,hrt,23,24,Suspension,24.0,0.0,26.0,0.0,0.0,11.0,0.0,20.2,20.4,0.2,19.2,11.0,0,0.0,11,2012
2012,11,Hungarian Grand Prix,hungaroring,2012-07-29,michael_schumacher,MSC,mercedes,24,17,+11 Laps,17.0,76.0,8.0,0.0,165.0,4.0,0.0,11.6,14.6,0.5,5.0,16.5,2,0.0,11,2012
2012,12,Belgian Grand Prix,spa,2012-09-02,button,BUT,mclaren,1,1,Finished,1.0,270.0,2.0,3.0,497.0,2.0,6.0,8.4,10.1,0.2,4.0,12.5,2,0.5,12,2012
2012,12,Belgian Grand Prix,spa,2012-09-02,vettel,VET,red_bull,2,10,Finished,10.0,392.0,1.0,11.0,650.0,1.0,12.0,7.4,6.4,0.1,3.6,8.0,2,0.5,12,2012
2012,12,Belgian Grand Prix,spa,2012-09-02,raikkonen,RAI,lotus_f1,3,3,Finished,3.0,0.0,20.0,0.0,0.0,10.0,0.0,4.0,5.3,0.0,2.8,11.0,0,0.0,12,2012
2012,12,Belgian Grand Prix,spa,2012-09-02,hulkenberg,HUL,force_india,4,11,Finished,11.0,0.0,20.0,0.0,69.0,6.0,0.0,9.8,10.3,0.0,9.6,14.0,1,0.0,12,2012
2012,12,Belgian Grand Prix,spa,2012-09-02,massa,MAS,ferrari,5,14,Finished,14.0,118.0,6.0,0.0,375.0,3.0,1.0,10.2,10.9,0.0,2.8,6.0,2,0.0,12,2012
2012,12,Belgian Grand Prix,spa,2012-09-02,webber,WEB,red_bull,6,12,Finished,12.0,258.0,3.0,1.0,650.0,1.0,12.0,5.6,5.2,0.0,3.6,2.0,2,1.0,12,2012
2012,12,Belgian Grand Prix,spa,2012-09-02,michael_schumacher,MSC,mercedes,7,13,Finished,13.0,76.0,8.0,0.0,165.0,4.0,0.0,12.6,15.0,0.4,6.6,6.0,2,0.0,12,2012
2012,12,Belgian Grand Prix,spa,2012-09-02,vergne,VER,toro_rosso,8,15,Finished,15.0,0.0,20.0,0.0,41.0,8.0,0.0,16.4,14.4,0.1,13.2,11.0,0,0.0,12,2012
2012,12,Belgian Grand Prix,spa,2012-09-02,ricciardo,RIC,toro_rosso,9,16,Finished,16.0,0.0,27.0,0.0,41.0,8.0,0.0,13.2,14.0,0.1,13.2,21.0,1,0.0,12,2012
2012,12,Belgian Grand Prix,spa,2012-09-02,resta,DIR,force_india,10,9,Finished,9.0,27.0,13.0,0.0,69.0,6.0,0.0,12.8,11.0,0.1,9.6,11.0,1,0.0,12,2012
2012,12,Belgian Grand Prix,spa,2012-09-02,rosberg,ROS,mercedes,11,23,Finished,23.0,89.0,7.0,0.0,165.0,4.0,0.0,9.4,7.5,0.0,6.6,6.0,2,0.0,12,2012
2012,12,Belgian Grand Prix,spa,2012-09-02,bruno_senna,SEN,williams,12,17,Finished,17.0,2.0,18.0,0.0,5.0,9.0,0.0,12.0,12.8,0.2,10.8,18.0,2,0.0,12,2012
2012,12,Belgian Grand Prix,spa,2012-09-02,kobayashi,KOB,sauber,13,2,Finished,2.0,30.0,12.0,0.0,44.0,7.0,0.0,12.8,13.6,0.3,8.2,10.0,2,0.0,12,2012
2012,12,Belgian Grand Prix,spa,2012-09-02,petrov,PET,caterham,14,19,+1 Lap,19.0,37.0,10.0,0.0,0.0,10.0,0.0,18.2,17.8,0.2,16.2,9.0,2,0.0,12,2012
2012,12,Belgian Grand Prix,spa,2012-09-02,glock,GLO,marussia,15,20,+1 Lap,20.0,0.0,25.0,0.0,0.0,10.0,0.0,21.2,19.3,0.2,18.6,18.0,2,0.0,12,2012
2012,12,Belgian Grand Prix,spa,2012-09-02,pic,PIC,marussia,16,22,+1 Lap,22.0,0.0,20.0,0.0,0.0,10.0,0.0,18.8,19.7,0.3,18.6,11.0,0,0.0,12,2012
2012,12,Belgian Grand Prix,spa,2012-09-02,kovalainen,KOV,caterham,17,18,+1 Lap,18.0,0.0,22.0,0.0,0.0,10.0,0.0,17.0,17.2,0.0,16.2,15.5,2,0.0,12,2012
2012,12,Belgian Grand Prix,spa,2012-09-02,rosa,DLR,hrt,18,21,+1 Lap,21.0,0.0,20.0,0.0,0.0,11.0,0.0,20.6,20.7,0.2,20.6,11.0,1,0.0,12,2012
2012,12,Belgian Grand Prix,spa,2012-09-02,karthikeyan,KAR,hrt,19,24,Spun off,24.0,0.0,26.0,0.0,0.0,11.0,0.0,21.8,21.0,0.3,20.6,11.0,0,0.0,12,2012
2012,12,Belgian Grand Prix,spa,2012-09-02,maldonado,MAL,williams,20,6,Collision,6.0,1.0,19.0,0.0,5.0,9.0,0.0,13.8,14.3,0.3,10.8,10.0,1,0.0,12,2012
2012,12,Belgian Grand Prix,spa,2012-09-02,perez,PER,sauber,21,4,Collision,4.0,14.0,16.0,0.0,44.0,7.0,0.0,10.8,10.9,0.2,8.2,20.0,1,0.0,12,2012
2012,12,Belgian Grand Prix,spa,2012-09-02,alonso,ALO,ferrari,22,5,Collision,5.0,257.0,4.0,1.0,375.0,3.0,1.0,2.8,3.6,0.0,2.8,12.5,2,0.0,12,2012
2012,12,Belgian Grand Prix,spa,2012-09-02,hamilton,HAM,mclaren,23,7,Collision,7.0,227.0,5.0,3.0,497.0,2.0,6.0,10.6,8.0,0.2,4.0,11.5,2,0.5,12,2012
2012,12,Belgian Grand Prix,spa,2012-09-02,grosjean,GRO,lotus_f1,24,8,Collision,8.0,0.0,20.0,0.0,0.0,10.0,0.0,9.8,11.0,0.3,2.8,11.0,0,0.0,12,2012
2012,13,Italian Grand Prix,monza,2012-09-09,hamilton,HAM,mclaren,1,1,Finished,1.0,227.0,5.0,3.0,497.0,2.0,6.0,15.0,10.0,0.3,4.0,13.5,2,0.0,13,2012
2012,13,Italian Grand Prix,monza,2012-09-09,perez,PER,sauber,2,12,Finished,12.0,14.0,16.0,0.0,44.0,7.0,0.0,14.4,12.8,0.3,10.2,17.0,1,0.0,13,2012
2012,13,Italian Grand Prix,monza,2012-09-09,alonso,ALO,ferrari,3,10,Finished,10.0,257.0,4.0,1.0,375.0,3.0,1.0,6.2,5.7,0.1,2.8,2.0,2,1.0,13,2012
2012,13,Italian Grand Prix,monza,2012-09-09,massa,MAS,ferrari,4,3,Finished,3.0,118.0,6.0,0.0,375.0,3.0,1.0,9.2,9.9,0.0,2.8,4.5,2,0.5,13,2012
2012,13,Italian Grand Prix,monza,2012-09-09,raikkonen,RAI,lotus_f1,5,7,Finished,7.0,0.0,20.0,0.0,0.0,10.0,0.0,3.0,5.1,0.0,3.0,11.0,0,0.0,13,2012
2012,13,Italian Grand Prix,monza,2012-09-09,michael_schumacher,MSC,mercedes,6,4,Finished,4.0,76.0,8.0,0.0,165.0,4.0,0.0,9.6,14.7,0.4,6.8,7.0,2,0.0,13,2012
2012,13,Italian Grand Prix,monza,2012-09-09,rosberg,ROS,mercedes,7,6,Finished,6.0,89.0,7.0,0.0,165.0,4.0,0.0,10.4,7.3,0.0,6.8,14.0,2,0.0,13,2012
2012,13,Italian Grand Prix,monza,2012-09-09,resta,DIR,force_india,8,9,Finished,9.0,27.0,13.0,0.0,69.0,6.0,0.0,12.6,11.3,0.1,8.2,8.0,1,0.0,13,2012
2012,13,Italian Grand Prix,monza,2012-09-09,kobayashi,KOB,sauber,9,8,Finished,8.0,30.0,12.0,0.0,44.0,7.0,0.0,13.6,12.6,0.2,10.2,21.0,2,0.0,13,2012
2012,13,Italian Grand Prix,monza,2012-09-09,bruno_senna,SEN,williams,10,13,Finished,13.0,2.0,18.0,0.0,5.0,9.0,0.0,11.0,13.4,0.2,10.6,15.5,2,0.0,13,2012
2012,13,Italian Grand Prix,monza,2012-09-09,maldonado,MAL,williams,11,22,Finished,22.0,1.0,19.0,0.0,5.0,9.0,0.0,15.2,14.4,0.3,10.6,11.0,1,0.0,13,2012
2012,13,Italian Grand Prix,monza,2012-09-09,ricciardo,RIC,toro_rosso,12,14,Finished,14.0,0.0,27.0,0.0,41.0,8.0,0.0,12.2,13.7,0.1,12.0,16.0,1,0.0,13,2012
2012,13,Italian Grand Prix,monza,2012-09-09,ambrosio,DAM,lotus_f1,13,15,Finished,15.0,0.0,24.0,0.0,0.0,10.0,0.0,19.8,19.2,0.2,3.0,21.0,1,0.0,13,2012
2012,13,Italian Grand Prix,monza,2012-09-09,kovalainen,KOV,caterham,14,17,+1 Lap,17.0,0.0,22.0,0.0,0.0,10.0,0.0,16.8,17.1,0.0,15.4,15.5,2,0.0,13,2012
2012,13,Italian Grand Prix,monza,2012-09-09,petrov,PET,caterham,15,18,+1 Lap,18.0,37.0,10.0,0.0,0.0,10.0,0.0,17.2,17.6,0.2,15.4,17.5,2,0.0,13,2012
2012,13,Italian Grand Prix,monza,2012-09-09,pic,PIC,marussia,16,20,+1 Lap,20.0,0.0,20.0,0.0,0.0,10.0,0.0,18.0,19.3,0.3,17.6,11.0,0,0.0,13,2012
2012,13,Italian Grand Prix,monza,2012-09-09,glock,GLO,marussia,17,19,+1 Lap,19.0,0.0,25.0,0.0,0.0,10.0,0.0,20.0,19.1,0.2,17.6,16.0,2,0.0,13,2012
2012,13,Italian Grand Prix,monza,2012-09-09,rosa,DLR,hrt,18,23,+1 Lap,23.0,0.0,20.0,0.0,0.0,11.0,0.0,19.6,20.3,0.2,19.6,14.0,1,0.0,13,2012
2012,13,Italian Grand Prix,monza,2012-09-09,karthikeyan,KAR,hrt,19,21,+1 Lap,21.0,0.0,26.0,0.0,0.0,11.0,0.0,20.8,20.8,0.4,19.6,11.0,0,0.0,13,2012
2012,13,Italian Grand Prix,monza,2012-09-09,webber,WEB,red_bull,20,11,Vibrations,11.0,258.0,3.0,1.0,650.0,1.0,12.0,5.4,5.4,0.0,3.2,13.0,2,0.0,13,2012
2012,13,Italian Grand Prix,monza,2012-09-09,hulkenberg,HUL,force_india,21,24,Brakes,24.0,0.0,20.0,0.0,69.0,6.0,0.0,8.2,9.8,0.0,8.2,7.0,1,0.0,13,2012
2012,13,Italian Grand Prix,monza,2012-09-09,vettel,VET,red_bull,22,5,Alternator,5.0,392.0,1.0,11.0,650.0,1.0,12.0,7.0,5.5,0.1,3.2,2.5,2,0.5,13,2012
2012,13,Italian Grand Prix,monza,2012-09-09,button,BUT,mclaren,23,2,Fuel pressure,2.0,270.0,2.0,3.0,497.0,2.0,6.0,5.4,8.8,0.2,4.0,2.0,2,1.0,13,2012
2012,13,Italian Grand Prix,monza,2012-09-09,vergne,VER,toro_rosso,24,16,Suspension,16.0,0.0,20.0,0.0,41.0,8.0,0.0,15.0,14.4,0.1,12.0,11.0,0,0.0,13,2012
2012,14,Singapore Grand Prix,marina_bay,2012-09-23,vettel,VET,red_bull,1,3,Finished,3.0,392.0,1.0,11.0,650.0,1.0,12.0,7.2,7.2,0.2,6.4,1.5,2,1.0,14,2012
2012,14,Singapore Grand Prix,marina_bay,2012-09-23,button,BUT,mclaren,2,4,Finished,4.0,270.0,2.0,3.0,497.0,2.0,6.0,8.4,10.9,0.3,2.6,3.0,2,0.5,14,2012
2012,14,Singapore Grand Prix,marina_bay,2012-09-23,alonso,ALO,ferrari,3,5,Finished,5.0,257.0,4.0,1.0,375.0,3.0,1.0,6.6,5.1,0.1,3.2,2.5,2,0.5,14,2012
2012,14,Singapore Grand Prix,marina_bay,2012-09-23,resta,DIR,force_india,4,6,Finished,6.0,27.0,13.0,0.0,69.0,6.0,0.0,12.8,10.9,0.1,8.8,6.0,1,0.0,14,2012
2012,14,Singapore Grand Prix,marina_bay,2012-09-23,rosberg,ROS,mercedes,5,10,Finished,10.0,89.0,7.0,0.0,165.0,4.0,0.0,10.6,7.9,0.0,7.4,6.0,2,0.0,14,2012
2012,14,Singapore Grand Prix,marina_bay,2012-09-23,raikkonen,RAI,lotus_f1,6,12,Finished,12.0,0.0,20.0,0.0,0.0,10.0,0.0,3.6,4.2,0.0,3.6,11.0,0,0.0,14,2012
2012,14,Singapore Grand Prix,marina_bay,2012-09-23,grosjean,GRO,lotus_f1,7,8,Finished,8.0,0.0,20.0,0.0,0.0,10.0,0.0,14.2,11.0,0.3,3.6,11.0,0,0.0,14,2012
2012,14,Singapore Grand Prix,marina_bay,2012-09-23,massa,MAS,ferrari,8,13,Finished,13.0,118.0,6.0,0.0,375.0,3.0,1.0,6.8,9.0,0.0,3.2,8.5,2,0.0,14,2012
2012,14,Singapore Grand Prix,marina_bay,2012-09-23,ricciardo,RIC,toro_rosso,9,15,Finished,15.0,0.0,27.0,0.0,41.0,8.0,0.0,12.4,13.2,0.1,12.2,19.0,1,0.0,14,2012
2012,14,Singapore Grand Prix,marina_bay,2012-09-23,perez,PER,sauber,10,14,Finished,14.0,14.0,16.0,0.0,44.0,7.0,0.0,13.0,11.9,0.3,8.8,10.0,1,0.0,14,2012
2012,14,Singapore Grand Prix,marina_bay,2012-09-23,webber,WEB,red_bull,11,7,Finished,7.0,258.0,3.0,1.0,650.0,1.0,12.0,8.6,7.0,0.1,6.4,3.0,2,1.0,14,2012
2012,14,Singapore Grand Prix,marina_bay,2012-09-23,glock,GLO,marussia,12,20,Finished,20.0,0.0,25.0,0.0,0.0,10.0,0.0,18.6,18.9,0.2,17.8,20.5,2,0.0,14,2012
2012,14,Singapore Grand Prix,marina_bay,2012-09-23,kobayashi,KOB,sauber,13,17,Finished,17.0,30.0,12.0,0.0,44.0,7.0,0.0,11.0,12.5,0.2,8.8,17.5,2,0.0,14,2012
2012,14,Singapore Grand Prix,marina_bay,2012-09-23,hulkenberg,HUL,force_india,14,11,Finished,11.0,0.0,20.0,0.0,69.0,6.0,0.0,11.4,10.4,0.1,8.8,10.0,1,0.0,14,2012
2012,14,Singapore Grand Prix,marina_bay,2012-09-23,kovalainen,KOV,caterham,15,19,Finished,19.0,0.0,22.0,0.0,0.0,10.0,0.0,16.8,16.2,0.0,15.6,16.0,2,0.0,14,2012
2012,14,Singapore Grand Prix,marina_bay,2012-09-23,pic,PIC,marussia,16,21,Finished,21.0,0.0,20.0,0.0,0.0,10.0,0.0,18.2,18.9,0.3,17.8,11.0,0,0.0,14,2012
2012,14,Singapore Grand Prix,marina_bay,2012-09-23,rosa,DLR,hrt,17,24,+1 Lap,24.0,0.0,20.0,0.0,0.0,11.0,0.0,19.8,20.0,0.2,19.8,11.0,0,0.0,14,2012
2012,14,Singapore Grand Prix,marina_bay,2012-09-23,bruno_senna,SEN,williams,18,22,Retired,22.0,2.0,18.0,0.0,5.0,9.0,0.0,11.0,13.7,0.2,10.6,18.5,2,0.0,14,2012
2012,14,Singapore Grand Prix,marina_bay,2012-09-23,petrov,PET,caterham,19,18,+2 Laps,18.0,37.0,10.0,0.0,0.0,10.0,0.0,17.6,17.3,0.2,15.6,14.0,2,0.0,14,2012
2012,14,Singapore Grand Prix,marina_bay,2012-09-23,vergne,VER,toro_rosso,20,16,Collision,16.0,0.0,20.0,0.0,41.0,8.0,0.0,15.2,15.2,0.2,12.2,11.0,0,0.0,14,2012
2012,14,Singapore Grand Prix,marina_bay,2012-09-23,michael_schumacher,MSC,mercedes,21,9,Collision,9.0,76.0,8.0,0.0,165.0,4.0,0.0,10.2,12.9,0.3,7.4,18.0,2,0.0,14,2012
2012,14,Singapore Grand Prix,marina_bay,2012-09-23,maldonado,MAL,williams,22,2,Hydraulics,2.0,1.0,19.0,0.0,5.0,9.0,0.0,15.0,14.7,0.3,10.6,11.0,1,0.0,14,2012
2012,14,Singapore Grand Prix,marina_bay,2012-09-23,karthikeyan,KAR,hrt,23,23,Accident,23.0,0.0,26.0,0.0,0.0,11.0,0.0,21.0,20.5,0.4,19.8,11.0,0,0.0,14,2012
2012,14,Singapore Grand Prix,marina_bay,2012-09-23,hamilton,HAM,mclaren,24,1,Gearbox,1.0,227.0,5.0,3.0,497.0,2.0,6.0,11.4,9.8,0.3,2.6,12.0,2,0.0,14,2012
2012,15,Japanese Grand Prix,suzuka,2012-10-07,vettel,VET,red_bull,1,1,Finished,1.0,392.0,1.0,11.0,650.0,1.0,12.0,6.8,7.2,0.2,6.4,2.0,2,1.0,15,2012
2012,15,Japanese Grand Prix,suzuka,2012-10-07,massa,MAS,ferrari,2,10,Finished,10.0,118.0,6.0,0.0,375.0,3.0,1.0,7.6,8.9,0.0,3.4,14.0,2,0.0,15,2012
2012,15,Japanese Grand Prix,suzuka,2012-10-07,kobayashi,KOB,sauber,3,3,Finished,3.0,30.0,12.0,0.0,44.0,7.0,0.0,11.4,12.5,0.2,8.6,10.0,2,0.0,15,2012
2012,15,Japanese Grand Prix,suzuka,2012-10-07,button,BUT,mclaren,4,8,Finished,8.0,270.0,2.0,3.0,497.0,2.0,6.0,6.8,9.3,0.2,1.4,2.5,2,0.5,15,2012
2012,15,Japanese Grand Prix,suzuka,2012-10-07,hamilton,HAM,mclaren,5,9,Finished,9.0,227.0,5.0,3.0,497.0,2.0,6.0,14.6,11.4,0.4,1.4,5.0,2,0.0,15,2012
2012,15,Japanese Grand Prix,suzuka,2012-10-07,raikkonen,RAI,lotus_f1,6,7,Finished,7.0,0.0,20.0,0.0,0.0,10.0,0.0,3.8,4.6,0.0,3.8,11.0,0,0.0,15,2012
2012,15,Japanese Grand Prix,suzuka,2012-10-07,hulkenberg,HUL,force_india,7,15,Finished,15.0,0.0,20.0,0.0,69.0,6.0,0.0,11.8,10.6,0.1,7.2,20.0,1,0.0,15,2012
2012,15,Japanese Grand Prix,suzuka,2012-10-07,maldonado,MAL,williams,8,12,Finished,12.0,1.0,19.0,0.0,5.0,9.0,0.0,16.2,14.6,0.3,12.4,14.0,1,0.0,15,2012
2012,15,Japanese Grand Prix,suzuka,2012-10-07,webber,WEB,red_bull,9,2,Finished,2.0,258.0,3.0,1.0,650.0,1.0,12.0,10.6,7.7,0.1,6.4,3.0,2,0.5,15,2012
2012,15,Japanese Grand Prix,suzuka,2012-10-07,ricciardo,RIC,toro_rosso,10,14,Finished,14.0,0.0,27.0,0.0,41.0,8.0,0.0,11.6,12.6,0.1,11.4,22.0,1,0.0,15,2012
2012,15,Japanese Grand Prix,suzuka,2012-10-07,michael_schumacher,MSC,mercedes,11,23,Finished,23.0,76.0,8.0,0.0,165.0,4.0,0.0,13.0,14.0,0.4,7.0,6.0,2,0.0,15,2012
2012,15,Japanese Grand Prix,suzuka,2012-10-07,resta,DIR,force_india,12,11,Finished,11.0,27.0,13.0,0.0,69.0,6.0,0.0,9.0,10.7,0.1,7.2,12.0,1,0.0,15,2012
2012,15,Japanese Grand Prix,suzuka,2012-10-07,vergne,VER,toro_rosso,13,19,Finished,19.0,0.0,20.0,0.0,41.0,8.0,0.0,16.4,15.8,0.3,11.4,11.0,0,0.0,15,2012
2012,15,Japanese Grand Prix,suzuka,2012-10-07,bruno_senna,SEN,williams,14,16,Finished,16.0,2.0,18.0,0.0,5.0,9.0,0.0,12.8,13.3,0.2,12.4,15.5,2,0.0,15,2012
2012,15,Japanese Grand Prix,suzuka,2012-10-07,kovalainen,KOV,caterham,15,17,+1 Lap,17.0,0.0,22.0,0.0,0.0,10.0,0.0,16.4,16.0,0.0,15.2,15.0,2,0.0,15,2012
2012,15,Japanese Grand Prix,suzuka,2012-10-07,glock,GLO,marussia,16,18,+1 Lap,18.0,0.0,25.0,0.0,0.0,10.0,0.0,17.4,18.2,0.2,16.6,17.0,2,0.0,15,2012
2012,15,Japanese Grand Prix,suzuka,2012-10-07,petrov,PET,caterham,17,22,+1 Lap,22.0,37.0,10.0,0.0,0.0,10.0,0.0,16.6,17.6,0.2,15.2,15.5,2,0.0,15,2012
2012,15,Japanese Grand Prix,suzuka,2012-10-07,rosa,DLR,hrt,18,20,+1 Lap,20.0,0.0,20.0,0.0,0.0,11.0,0.0,19.2,19.7,0.2,19.2,11.0,0,0.0,15,2012
2012,15,Japanese Grand Prix,suzuka,2012-10-07,grosjean,GRO,lotus_f1,19,4,+2 Laps,4.0,0.0,20.0,0.0,0.0,10.0,0.0,11.6,11.1,0.3,3.8,11.0,0,0.0,15,2012
2012,15,Japanese Grand Prix,suzuka,2012-10-07,pic,PIC,marussia,20,21,Engine,21.0,0.0,20.0,0.0,0.0,10.0,0.0,17.6,18.1,0.2,16.6,11.0,0,0.0,15,2012
2012,15,Japanese Grand Prix,suzuka,2012-10-07,karthikeyan,KAR,hrt,21,24,Vibrations,24.0,0.0,26.0,0.0,0.0,11.0,0.0,21.4,20.7,0.5,19.2,11.0,0,0.0,15,2012
2012,15,Japanese Grand Prix,suzuka,2012-10-07,perez,PER,sauber,22,5,Spun off,5.0,14.0,16.0,0.0,44.0,7.0,0.0,10.6,11.8,0.3,8.6,8.0,1,0.0,15,2012
2012,15,Japanese Grand Prix,suzuka,2012-10-07,alonso,ALO,ferrari,23,6,Collision,6.0,257.0,4.0,1.0,375.0,3.0,1.0,6.8,4.7,0.1,3.4,2.5,2,1.0,15,2012
2012,15,Japanese Grand Prix,suzuka,2012-10-07,rosberg,ROS,mercedes,24,13,Collision,13.0,89.0,7.0,0.0,165.0,4.0,0.0,8.6,7.9,0.0,7.0,13.5,2,0.0,15,2012
2012,16,Korean Grand Prix,yeongam,2012-10-14,vettel,VET,red_bull,1,2,Finished,2.0,392.0,1.0,11.0,650.0,1.0,12.0,6.0,6.7,0.2,5.6,9.0,2,0.5,16,2012
2012,16,Korean Grand Prix,yeongam,2012-10-14,webber,WEB,red_bull,2,1,Finished,1.0,258.0,3.0,1.0,650.0,1.0,12.0,10.8,7.5,0.1,5.6,13.0,2,0.5,16,2012
2012,16,Korean Grand Prix,yeongam,2012-10-14,alonso,ALO,ferrari,3,4,Finished,4.0,257.0,4.0,1.0,375.0,3.0,1.0,11.2,6.8,0.2,3.6,3.0,2,0.5,16,2012
2012,16,Korean Grand Prix,yeongam,2012-10-14,massa,MAS,ferrari,4,6,Finished,6.0,118.0,6.0,0.0,375.0,3.0,1.0,5.6,7.6,0.0,3.6,4.5,2,0.5,16,2012
2012,16,Korean Grand Prix,yeongam,2012-10-14,raikkonen,RAI,lotus_f1,5,5,Finished,5.0,0.0,20.0,0.0,0.0,10.0,0.0,4.4,4.9,0.0,4.4,11.0,0,0.0,16,2012
2012,16,Korean Grand Prix,yeongam,2012-10-14,hulkenberg,HUL,force_india,6,8,Finished,8.0,0.0,20.0,0.0,69.0,6.0,0.0,11.4,10.3,0.1,6.8,10.0,1,0.0,16,2012
2012,16,Korean Grand Prix,yeongam,2012-10-14,grosjean,GRO,lotus_f1,7,7,Finished,7.0,0.0,20.0,0.0,0.0,10.0,0.0,14.2,12.7,0.3,4.4,11.0,0,0.0,16,2012
2012,16,Korean Grand Prix,yeongam,2012-10-14,vergne,VER,toro_rosso,8,16,Finished,16.0,0.0,20.0,0.0,41.0,8.0,0.0,16.2,15.9,0.3,10.8,11.0,0,0.0,16,2012
2012,16,Korean Grand Prix,yeongam,2012-10-14,ricciardo,RIC,toro_rosso,9,21,Finished,21.0,0.0,27.0,0.0,41.0,8.0,0.0,11.0,12.3,0.1,10.8,19.0,1,0.0,16,2012
2012,16,Korean Grand Prix,yeongam,2012-10-14,hamilton,HAM,mclaren,10,3,Finished,3.0,227.0,5.0,3.0,497.0,2.0,6.0,10.8,11.1,0.4,1.8,2.0,2,1.0,16,2012
2012,16,Korean Grand Prix,yeongam,2012-10-14,perez,PER,sauber,11,12,Finished,12.0,14.0,16.0,0.0,44.0,7.0,0.0,13.8,12.0,0.3,8.4,16.0,1,0.0,16,2012
2012,16,Korean Grand Prix,yeongam,2012-10-14,resta,DIR,force_india,12,14,Finished,14.0,27.0,13.0,0.0,69.0,6.0,0.0,9.2,10.5,0.1,6.8,10.0,1,0.0,16,2012
2012,16,Korean Grand Prix,yeongam,2012-10-14,michael_schumacher,MSC,mercedes,13,10,Finished,10.0,76.0,8.0,0.0,165.0,4.0,0.0,13.8,12.7,0.3,7.8,14.0,2,0.0,16,2012
2012,16,Korean Grand Prix,yeongam,2012-10-14,maldonado,MAL,williams,14,15,Finished,15.0,1.0,19.0,0.0,5.0,9.0,0.0,14.8,15.3,0.3,11.0,22.0,1,0.0,16,2012
2012,16,Korean Grand Prix,yeongam,2012-10-14,bruno_senna,SEN,williams,15,17,Finished,17.0,2.0,18.0,0.0,5.0,9.0,0.0,12.2,12.4,0.1,11.0,13.5,2,0.0,16,2012
2012,16,Korean Grand Prix,yeongam,2012-10-14,petrov,PET,caterham,16,18,+1 Lap,18.0,37.0,10.0,0.0,0.0,10.0,0.0,16.8,17.6,0.2,15.0,20.5,2,0.0,16,2012
2012,16,Korean Grand Prix,yeongam,2012-10-14,kovalainen,KOV,caterham,17,19,+1 Lap,19.0,0.0,22.0,0.0,0.0,10.0,0.0,15.6,15.9,0.0,15.0,13.5,2,0.0,16,2012
2012,16,Korean Grand Prix,yeongam,2012-10-14,glock,GLO,marussia,18,20,+1 Lap,20.0,0.0,25.0,0.0,0.0,10.0,0.0,16.2,18.0,0.2,15.8,18.5,2,0.0,16,2012
2012,16,Korean Grand Prix,yeongam,2012-10-14,pic,PIC,marussia,19,24,+2 Laps,24.0,0.0,20.0,0.0,0.0,10.0,0.0,17.6,18.0,0.2,15.8,11.0,0,0.0,16,2012
2012,16,Korean Grand Prix,yeongam,2012-10-14,karthikeyan,KAR,hrt,20,23,+2 Laps,23.0,0.0,26.0,0.0,0.0,11.0,0.0,21.0,20.6,0.5,18.6,11.0,0,0.0,16,2012
2012,16,Korean Grand Prix,yeongam,2012-10-14,rosa,DLR,hrt,21,22,Throttle,22.0,0.0,20.0,0.0,0.0,11.0,0.0,18.6,19.6,0.2,18.6,11.0,0,0.0,16,2012
2012,16,Korean Grand Prix,yeongam,2012-10-14,kobayashi,KOB,sauber,22,13,Collision damage,13.0,30.0,12.0,0.0,44.0,7.0,0.0,11.2,12.3,0.2,8.4,11.5,2,0.0,16,2012
2012,16,Korean Grand Prix,yeongam,2012-10-14,rosberg,ROS,mercedes,23,9,Collision,9.0,89.0,7.0,0.0,165.0,4.0,0.0,11.4,9.6,0.1,7.8,16.0,2,0.0,16,2012
2012,16,Korean Grand Prix,yeongam,2012-10-14,button,BUT,mclaren,24,11,Collision,11.0,270.0,2.0,3.0,497.0,2.0,6.0,7.2,8.8,0.2,1.8,8.0,2,0.0,16,2012
2012,17,Indian Grand Prix,buddh,2012-10-28,vettel,VET,red_bull,1,1,Finished,1.0,392.0,1.0,11.0,650.0,1.0,12.0,5.4,6.4,0.2,5.0,1.0,1,1.0,17,2012
2012,17,Indian Grand Prix,buddh,2012-10-28,alonso,ALO,ferrari,2,5,Finished,5.0,257.0,4.0,1.0,375.0,3.0,1.0,10.8,6.8,0.2,3.2,3.0,1,1.0,17,2012
2012,17,Indian Grand Prix,buddh,2012-10-28,webber,WEB,red_bull,3,2,Finished,2.0,258.0,3.0,1.0,650.0,1.0,12.0,9.6,7.6,0.1,5.0,4.0,1,0.0,17,2012
2012,17,Indian Grand Prix,buddh,2012-10-28,hamilton,HAM,mclaren,4,3,Finished,3.0,227.0,5.0,3.0,497.0,2.0,6.0,12.6,11.6,0.4,3.6,7.0,1,0.0,17,2012
2012,17,Indian Grand Prix,buddh,2012-10-28,button,BUT,mclaren,5,4,Finished,4.0,270.0,2.0,3.0,497.0,2.0,6.0,10.8,9.6,0.2,3.6,2.0,1,1.0,17,2012
2012,17,Indian Grand Prix,buddh,2012-10-28,massa,MAS,ferrari,6,6,Finished,6.0,118.0,6.0,0.0,375.0,3.0,1.0,4.6,7.4,0.0,3.2,20.0,1,0.0,17,2012
2012,17,Indian Grand Prix,buddh,2012-10-28,raikkonen,RAI,lotus_f1,7,7,Finished,7.0,0.0,20.0,0.0,0.0,10.0,0.0,5.0,4.5,0.0,5.0,11.0,0,0.0,17,2012
2012,17,Indian Grand Prix,buddh,2012-10-28,hulkenberg,HUL,force_india,8,12,Finished,12.0,0.0,20.0,0.0,69.0,6.0,0.0,10.4,10.1,0.1,5.8,11.0,0,0.0,17,2012
2012,17,Indian Grand Prix,buddh,2012-10-28,grosjean,GRO,lotus_f1,9,11,Finished,11.0,0.0,20.0,0.0,0.0,10.0,0.0,12.0,13.0,0.3,5.0,11.0,0,0.0,17,2012
2012,17,Indian Grand Prix,buddh,2012-10-28,bruno_senna,SEN,williams,10,13,Finished,13.0,2.0,18.0,0.0,5.0,9.0,0.0,13.8,12.9,0.1,12.4,12.0,1,0.0,17,2012
2012,17,Indian Grand Prix,buddh,2012-10-28,rosberg,ROS,mercedes,11,10,Finished,10.0,89.0,7.0,0.0,165.0,4.0,0.0,14.0,11.7,0.2,8.4,6.0,1,0.0,17,2012
2012,17,Indian Grand Prix,buddh,2012-10-28,resta,DIR,force_india,12,16,Finished,16.0,27.0,13.0,0.0,69.0,6.0,0.0,9.2,11.0,0.1,5.8,13.0,1,0.0,17,2012
2012,17,Indian Grand Prix,buddh,2012-10-28,ricciardo,RIC,toro_rosso,13,15,Finished,15.0,0.0,27.0,0.0,41.0,8.0,0.0,9.8,11.5,0.0,9.4,18.0,1,0.0,17,2012
2012,17,Indian Grand Prix,buddh,2012-10-28,kobayashi,KOB,sauber,14,17,Finished,17.0,30.0,12.0,0.0,44.0,7.0,0.0,12.0,12.4,0.2,7.8,24.0,1,0.0,17,2012
2012,17,Indian Grand Prix,buddh,2012-10-28,vergne,VER,toro_rosso,15,18,+1 Lap,18.0,0.0,20.0,0.0,41.0,8.0,0.0,14.6,15.5,0.3,9.4,11.0,0,0.0,17,2012
2012,17,Indian Grand Prix,buddh,2012-10-28,maldonado,MAL,williams,16,9,+1 Lap,9.0,1.0,19.0,0.0,5.0,9.0,0.0,15.0,14.4,0.2,12.4,22.0,1,0.0,17,2012
2012,17,Indian Grand Prix,buddh,2012-10-28,petrov,PET,caterham,17,19,+1 Lap,19.0,37.0,10.0,0.0,0.0,10.0,0.0,16.2,17.2,0.1,14.8,11.0,1,0.0,17,2012
2012,17,Indian Grand Prix,buddh,2012-10-28,kovalainen,KOV,caterham,18,20,+1 Lap,20.0,0.0,22.0,0.0,0.0,10.0,0.0,15.6,16.3,0.0,14.8,14.0,1,0.0,17,2012
2012,17,Indian Grand Prix,buddh,2012-10-28,pic,PIC,marussia,19,24,+1 Lap,24.0,0.0,20.0,0.0,0.0,10.0,0.0,17.4,18.1,0.1,15.4,11.0,0,0.0,17,2012
2012,17,Indian Grand Prix,buddh,2012-10-28,glock,GLO,marussia,20,21,+2 Laps,21.0,0.0,25.0,0.0,0.0,10.0,0.0,15.6,18.4,0.2,15.4,23.0,1,0.0,17,2012
2012,17,Indian Grand Prix,buddh,2012-10-28,karthikeyan,KAR,hrt,21,23,+2 Laps,23.0,0.0,26.0,0.0,0.0,11.0,0.0,20.4,21.1,0.5,18.2,17.0,1,0.0,17,2012
2012,17,Indian Grand Prix,buddh,2012-10-28,michael_schumacher,MSC,mercedes,22,14,Retired,14.0,76.0,8.0,0.0,165.0,4.0,0.0,11.6,12.1,0.2,8.4,5.0,1,0.0,17,2012
2012,17,Indian Grand Prix,buddh,2012-10-28,rosa,DLR,hrt,23,22,Accident,22.0,0.0,20.0,0.0,0.0,11.0,0.0,18.4,19.5,0.2,18.2,11.0,0,0.0,17,2012
2012,17,Indian Grand Prix,buddh,2012-10-28,perez,PER,sauber,24,8,Accident,8.0,14.0,16.0,0.0,44.0,7.0,0.0,13.2,12.0,0.3,7.8,10.0,1,0.0,17,2012
2012,18,Abu Dhabi Grand Prix,yas_marina,2012-11-04,raikkonen,RAI,lotus_f1,1,4,Finished,4.0,0.0,20.0,0.0,0.0,10.0,0.0,5.8,4.4,0.0,5.8,11.0,0,0.0,18,2012
2012,18,Abu Dhabi Grand Prix,yas_marina,2012-11-04,alonso,ALO,ferrari,2,6,Finished,6.0,257.0,4.0,1.0,375.0,3.0,1.0,6.8,6.5,0.2,2.6,4.5,2,0.5,18,2012
2012,18,Abu Dhabi Grand Prix,yas_marina,2012-11-04,vettel,VET,red_bull,3,24,Finished,24.0,392.0,1.0,11.0,650.0,1.0,12.0,5.2,6.1,0.2,4.8,12.5,2,0.5,18,2012
2012,18,Abu Dhabi Grand Prix,yas_marina,2012-11-04,button,BUT,mclaren,4,5,Finished,5.0,270.0,2.0,3.0,497.0,2.0,6.0,11.6,8.5,0.2,4.2,3.0,2,1.0,18,2012
2012,18,Abu Dhabi Grand Prix,yas_marina,2012-11-04,maldonado,MAL,williams,5,3,Finished,3.0,1.0,19.0,0.0,5.0,9.0,0.0,14.2,14.7,0.2,12.0,14.0,1,0.0,18,2012
2012,18,Abu Dhabi Grand Prix,yas_marina,2012-11-04,kobayashi,KOB,sauber,6,15,Finished,15.0,30.0,12.0,0.0,44.0,7.0,0.0,12.2,12.9,0.2,8.0,12.0,2,0.0,18,2012
2012,18,Abu Dhabi Grand Prix,yas_marina,2012-11-04,massa,MAS,ferrari,7,8,Finished,8.0,118.0,6.0,0.0,375.0,3.0,1.0,4.8,7.0,0.0,2.6,7.5,2,0.0,18,2012
2012,18,Abu Dhabi Grand Prix,yas_marina,2012-11-04,bruno_senna,SEN,williams,8,14,Finished,14.0,2.0,18.0,0.0,5.0,9.0,0.0,13.4,12.2,0.1,12.0,17.5,2,0.0,18,2012
2012,18,Abu Dhabi Grand Prix,yas_marina,2012-11-04,resta,DIR,force_india,9,12,Finished,12.0,27.0,13.0,0.0,69.0,6.0,0.0,9.6,11.1,0.1,6.6,9.0,1,0.0,18,2012
2012,18,Abu Dhabi Grand Prix,yas_marina,2012-11-04,ricciardo,RIC,toro_rosso,10,16,Finished,16.0,0.0,27.0,0.0,41.0,8.0,0.0,10.6,11.4,0.0,10.4,21.0,1,0.0,18,2012
2012,18,Abu Dhabi Grand Prix,yas_marina,2012-11-04,michael_schumacher,MSC,mercedes,11,13,Finished,13.0,76.0,8.0,0.0,165.0,4.0,0.0,14.6,12.1,0.2,9.2,15.0,2,0.0,18,2012
2012,18,Abu Dhabi Grand Prix,yas_marina,2012-11-04,vergne,VER,toro_rosso,12,17,Finished,17.0,0.0,20.0,0.0,41.0,8.0,0.0,16.0,15.5,0.3,10.4,11.0,0,0.0,18,2012
2012,18,Abu Dhabi Grand Prix,yas_marina,2012-11-04,kovalainen,KOV,caterham,13,18,Finished,18.0,0.0,22.0,0.0,0.0,10.0,0.0,15.8,16.3,0.0,15.4,17.0,2,0.0,18,2012
2012,18,Abu Dhabi Grand Prix,yas_marina,2012-11-04,glock,GLO,marussia,14,21,Finished,21.0,0.0,25.0,0.0,0.0,10.0,0.0,16.6,18.3,0.1,16.2,20.5,2,0.0,18,2012
2012,18,Abu Dhabi Grand Prix,yas_marina,2012-11-04,perez,PER,sauber,15,11,Finished,11.0,14.0,16.0,0.0,44.0,7.0,0.0,13.8,14.1,0.4,8.0,11.0,1,0.0,18,2012
2012,18,Abu Dhabi Grand Prix,yas_marina,2012-11-04,petrov,PET,caterham,16,20,Finished,20.0,37.0,10.0,0.0,0.0,10.0,0.0,16.8,17.0,0.1,15.4,9.5,2,0.0,18,2012
2012,18,Abu Dhabi Grand Prix,yas_marina,2012-11-04,rosa,DLR,hrt,17,22,Finished,22.0,0.0,20.0,0.0,0.0,11.0,0.0,19.4,19.5,0.2,18.8,11.0,0,0.0,18,2012
2012,18,Abu Dhabi Grand Prix,yas_marina,2012-11-04,pic,PIC,marussia,18,19,Retired,19.0,0.0,20.0,0.0,0.0,10.0,0.0,18.0,18.0,0.1,16.2,11.0,0,0.0,18,2012
2012,18,Abu Dhabi Grand Prix,yas_marina,2012-11-04,grosjean,GRO,lotus_f1,19,9,Collision,9.0,0.0,20.0,0.0,0.0,10.0,0.0,13.2,11.5,0.2,5.8,11.0,0,0.0,18,2012
2012,18,Abu Dhabi Grand Prix,yas_marina,2012-11-04,webber,WEB,red_bull,20,2,Collision,2.0,258.0,3.0,1.0,650.0,1.0,12.0,9.0,7.2,0.1,4.8,6.0,2,0.0,18,2012
2012,18,Abu Dhabi Grand Prix,yas_marina,2012-11-04,hamilton,HAM,mclaren,21,1,Electrical,1.0,227.0,5.0,3.0,497.0,2.0,6.0,8.8,11.9,0.4,4.2,1.5,2,1.0,18,2012
2012,18,Abu Dhabi Grand Prix,yas_marina,2012-11-04,karthikeyan,KAR,hrt,22,23,Collision,23.0,0.0,26.0,0.0,0.0,11.0,0.0,20.8,20.8,0.4,18.8,11.0,0,0.0,18,2012
2012,18,Abu Dhabi Grand Prix,yas_marina,2012-11-04,rosberg,ROS,mercedes,23,7,Collision,7.0,89.0,7.0,0.0,165.0,4.0,0.0,14.0,12.2,0.2,9.2,5.0,2,0.0,18,2012
2012,18,Abu Dhabi Grand Prix,yas_marina,2012-11-04,hulkenberg,HUL,force_india,24,10,Collision,10.0,0.0,20.0,0.0,69.0,6.0,0.0,11.2,9.7,0.1,6.6,16.0,1,0.0,18,2012
2012,19,United States Grand Prix,americas,2012-11-18,hamilton,HAM,mclaren,1,2,Finished,2.0,227.0,5.0,3.0,497.0,2.0,6.0,12.8,12.1,0.4,4.8,11.0,0,0.0,19,2012
2012,19,United States Grand Prix,americas,2012-11-18,vettel,VET,red_bull,2,1,Finished,1.0,392.0,1.0,11.0,650.0,1.0,12.0,1.4,4.3,0.1,1.4,11.0,0,0.0,19,2012
2012,19,United States Grand Prix,americas,2012-11-18,alonso,ALO,ferrari,3,7,Finished,7.0,257.0,4.0,1.0,375.0,3.0,1.0,6.6,6.6,0.2,2.4,11.0,0,0.0,19,2012
2012,19,United States Grand Prix,americas,2012-11-18,massa,MAS,ferrari,4,11,Finished,11.0,118.0,6.0,0.0,375.0,3.0,1.0,5.4,6.1,0.0,2.4,11.0,0,0.0,19,2012
2012,19,United States Grand Prix,americas,2012-11-18,button,BUT,mclaren,5,12,Finished,12.0,270.0,2.0,3.0,497.0,2.0,6.0,7.8,8.1,0.2,4.8,11.0,0,0.0,19,2012
2012,19,United States Grand Prix,americas,2012-11-18,raikkonen,RAI,lotus_f1,6,4,Finished,4.0,0.0,20.0,0.0,0.0,10.0,0.0,5.0,4.3,0.0,5.0,11.0,0,0.0,19,2012
2012,19,United States Grand Prix,americas,2012-11-18,grosjean,GRO,lotus_f1,7,8,Finished,8.0,0.0,20.0,0.0,0.0,10.0,0.0,12.2,13.2,0.3,5.0,11.0,0,0.0,19,2012
2012,19,United States Grand Prix,americas,2012-11-18,hulkenberg,HUL,force_india,8,6,Finished,6.0,0.0,20.0,0.0,69.0,6.0,0.0,11.8,11.6,0.2,6.8,11.0,0,0.0,19,2012
2012,19,United States Grand Prix,americas,2012-11-18,maldonado,MAL,williams,9,9,Finished,9.0,1.0,19.0,0.0,5.0,9.0,0.0,13.0,14.0,0.2,11.0,11.0,0,0.0,19,2012
2012,19,United States Grand Prix,americas,2012-11-18,bruno_senna,SEN,williams,10,10,Finished,10.0,2.0,18.0,0.0,5.0,9.0,0.0,13.0,12.0,0.1,11.0,11.0,0,0.0,19,2012
2012,19,United States Grand Prix,americas,2012-11-18,perez,PER,sauber,11,15,Finished,15.0,14.0,16.0,0.0,44.0,7.0,0.0,16.4,14.7,0.4,8.8,11.0,0,0.0,19,2012
2012,19,United States Grand Prix,americas,2012-11-18,ricciardo,RIC,toro_rosso,12,18,Finished,18.0,0.0,27.0,0.0,41.0,8.0,0.0,10.2,11.3,0.0,10.0,11.0,0,0.0,19,2012
2012,19,United States Grand Prix,americas,2012-11-18,rosberg,ROS,mercedes,13,17,Finished,17.0,89.0,7.0,0.0,165.0,4.0,0.0,17.2,13.9,0.3,10.2,11.0,0,0.0,19,2012
2012,19,United States Grand Prix,americas,2012-11-18,kobayashi,KOB,sauber,14,16,+1 Lap,16.0,30.0,12.0,0.0,44.0,7.0,0.0,11.6,11.3,0.1,8.8,11.0,0,0.0,19,2012
2012,19,United States Grand Prix,americas,2012-11-18,resta,DIR,force_india,15,13,+1 Lap,13.0,27.0,13.0,0.0,69.0,6.0,0.0,9.8,11.3,0.1,6.8,11.0,0,0.0,19,2012
2012,19,United States Grand Prix,americas,2012-11-18,michael_schumacher,MSC,mercedes,16,5,+1 Lap,5.0,76.0,8.0,0.0,165.0,4.0,0.0,15.6,12.9,0.2,10.2,11.0,0,0.0,19,2012
2012,19,United States Grand Prix,americas,2012-11-18,petrov,PET,caterham,17,21,+1 Lap,21.0,37.0,10.0,0.0,0.0,10.0,0.0,17.0,17.3,0.1,15.2,11.0,0,0.0,19,2012
2012,19,United States Grand Prix,americas,2012-11-18,kovalainen,KOV,caterham,18,22,+1 Lap,22.0,0.0,22.0,0.0,0.0,10.0,0.0,15.6,16.2,0.0,15.2,11.0,0,0.0,19,2012
2012,19,United States Grand Prix,americas,2012-11-18,glock,GLO,marussia,19,19,+1 Lap,19.0,0.0,25.0,0.0,0.0,10.0,0.0,16.0,17.3,0.0,15.8,11.0,0,0.0,19,2012
2012,19,United States Grand Prix,americas,2012-11-18,pic,PIC,marussia,20,20,+2 Laps,20.0,0.0,20.0,0.0,0.0,10.0,0.0,18.4,18.3,0.2,15.8,11.0,0,0.0,19,2012
2012,19,United States Grand Prix,americas,2012-11-18,rosa,DLR,hrt,21,23,+2 Laps,23.0,0.0,20.0,0.0,0.0,11.0,0.0,19.2,19.5,0.2,18.6,11.0,0,0.0,19,2012
2012,19,United States Grand Prix,americas,2012-11-18,karthikeyan,KAR,hrt,22,24,+2 Laps,24.0,0.0,26.0,0.0,0.0,11.0,0.0,21.4,21.2,0.5,18.6,11.0,0,0.0,19,2012
2012,19,United States Grand Prix,americas,2012-11-18,webber,WEB,red_bull,23,3,Alternator,3.0,258.0,3.0,1.0,650.0,1.0,12.0,9.0,8.8,0.2,1.4,11.0,0,0.0,19,2012
2012,19,United States Grand Prix,americas,2012-11-18,vergne,VER,toro_rosso,24,14,Suspension,14.0,0.0,20.0,0.0,41.0,8.0,0.0,13.6,14.4,0.2,10.0,11.0,0,0.0,19,2012
2012,20,Brazilian Grand Prix,interlagos,2012-11-25,button,BUT,mclaren,1,2,Finished,2.0,270.0,2.0,3.0,497.0,2.0,6.0,8.4,7.6,0.2,4.6,4.0,2,0.5,20,2012
2012,20,Brazilian Grand Prix,interlagos,2012-11-25,alonso,ALO,ferrari,2,7,Finished,7.0,257.0,4.0,1.0,375.0,3.0,1.0,6.6,6.7,0.2,2.4,3.5,2,0.5,20,2012
2012,20,Brazilian Grand Prix,interlagos,2012-11-25,massa,MAS,ferrari,3,5,Finished,5.0,118.0,6.0,0.0,375.0,3.0,1.0,4.6,6.1,0.0,2.4,10.0,2,0.0,20,2012
2012,20,Brazilian Grand Prix,interlagos,2012-11-25,webber,WEB,red_bull,4,3,Finished,3.0,258.0,3.0,1.0,650.0,1.0,12.0,11.4,11.0,0.3,1.6,1.5,2,1.0,20,2012
2012,20,Brazilian Grand Prix,interlagos,2012-11-25,hulkenberg,HUL,force_india,5,6,Finished,6.0,0.0,20.0,0.0,69.0,6.0,0.0,10.6,11.2,0.2,7.6,8.0,1,0.0,20,2012
2012,20,Brazilian Grand Prix,interlagos,2012-11-25,vettel,VET,red_bull,6,4,Finished,4.0,392.0,1.0,11.0,650.0,1.0,12.0,1.6,4.2,0.1,1.6,1.5,2,1.0,20,2012
2012,20,Brazilian Grand Prix,interlagos,2012-11-25,michael_schumacher,MSC,mercedes,7,13,Finished,13.0,76.0,8.0,0.0,165.0,4.0,0.0,14.6,13.8,0.2,11.8,11.0,2,0.0,20,2012
2012,20,Brazilian Grand Prix,interlagos,2012-11-25,vergne,VER,toro_rosso,8,17,Finished,17.0,0.0,20.0,0.0,41.0,8.0,0.0,14.4,15.4,0.3,10.6,11.0,0,0.0,20,2012
2012,20,Brazilian Grand Prix,interlagos,2012-11-25,kobayashi,KOB,sauber,9,14,Finished,14.0,30.0,12.0,0.0,44.0,7.0,0.0,11.8,11.6,0.1,9.0,9.5,2,0.0,20,2012
2012,20,Brazilian Grand Prix,interlagos,2012-11-25,raikkonen,RAI,lotus_f1,10,8,+1 Lap,8.0,0.0,20.0,0.0,0.0,10.0,0.0,5.0,4.4,0.0,5.0,11.0,0,0.0,20,2012
2012,20,Brazilian Grand Prix,interlagos,2012-11-25,petrov,PET,caterham,11,19,+1 Lap,19.0,37.0,10.0,0.0,0.0,10.0,0.0,16.6,16.6,0.0,15.6,13.0,2,0.0,20,2012
2012,20,Brazilian Grand Prix,interlagos,2012-11-25,pic,PIC,marussia,12,22,+1 Lap,22.0,0.0,20.0,0.0,0.0,10.0,0.0,19.2,18.4,0.2,17.2,11.0,0,0.0,20,2012
2012,20,Brazilian Grand Prix,interlagos,2012-11-25,ricciardo,RIC,toro_rosso,13,15,+1 Lap,15.0,0.0,27.0,0.0,41.0,8.0,0.0,10.8,11.2,0.0,10.6,20.0,1,0.0,20,2012
2012,20,Brazilian Grand Prix,interlagos,2012-11-25,kovalainen,KOV,caterham,14,20,+1 Lap,20.0,0.0,22.0,0.0,0.0,10.0,0.0,16.2,16.3,0.0,15.6,17.0,2,0.0,20,2012
2012,20,Brazilian Grand Prix,interlagos,2012-11-25,rosberg,ROS,mercedes,15,9,+1 Lap,9.0,89.0,7.0,0.0,165.0,4.0,0.0,18.8,13.7,0.3,11.8,6.5,2,0.0,20,2012
2012,20,Brazilian Grand Prix,interlagos,2012-11-25,glock,GLO,marussia,16,21,+1 Lap,21.0,0.0,25.0,0.0,0.0,10.0,0.0,17.4,17.4,0.0,17.2,22.0,2,0.0,20,2012
2012,20,Brazilian Grand Prix,interlagos,2012-11-25,rosa,DLR,hrt,17,24,+2 Laps,24.0,0.0,20.0,0.0,0.0,11.0,0.0,20.0,19.6,0.2,19.4,11.0,0,0.0,20,2012
2012,20,Brazilian Grand Prix,interlagos,2012-11-25,karthikeyan,KAR,hrt,18,23,+2 Laps,23.0,0.0,26.0,0.0,0.0,11.0,0.0,21.2,21.3,0.5,19.4,11.0,0,0.0,20,2012
2012,20,Brazilian Grand Prix,interlagos,2012-11-25,resta,DIR,force_india,19,10,Accident,10.0,27.0,13.0,0.0,69.0,6.0,0.0,12.0,10.5,0.0,7.6,8.0,1,0.0,20,2012
2012,20,Brazilian Grand Prix,interlagos,2012-11-25,hamilton,HAM,mclaren,20,1,Collision,1.0,227.0,5.0,3.0,497.0,2.0,6.0,8.2,11.4,0.4,4.6,13.0,2,0.0,20,2012
2012,20,Brazilian Grand Prix,interlagos,2012-11-25,grosjean,GRO,lotus_f1,21,18,Accident,18.0,0.0,20.0,0.0,0.0,10.0,0.0,12.2,11.9,0.2,5.0,11.0,0,0.0,20,2012
2012,20,Brazilian Grand Prix,interlagos,2012-11-25,maldonado,MAL,williams,22,16,Collision,16.0,1.0,19.0,0.0,5.0,9.0,0.0,10.4,13.3,0.2,9.2,23.0,1,0.0,20,2012
2012,20,Brazilian Grand Prix,interlagos,2012-11-25,bruno_senna,SEN,williams,23,11,Collision,11.0,2.0,18.0,0.0,5.0,9.0,0.0,11.4,12.1,0.1,9.2,19.0,2,0.0,20,2012
2012,20,Brazilian Grand Prix,interlagos,2012-11-25,perez,PER,sauber,24,12,Collision,12.0,14.0,16.0,0.0,44.0,7.0,0.0,16.6,13.6,0.3,9.0,13.0,1,0.0,20,2012
2013,1,Australian Grand Prix,albert_park,2013-03-17,raikkonen,RAI,lotus_f1,1,7,Finished,7.0,207.0,3.0,1.0,303.0,4.0,1.0,5.8,5.1,0.0,5.8,7.0,1,0.0,1,2013
2013,1,Australian Grand Prix,albert_park,2013-03-17,alonso,ALO,ferrari,2,5,Finished,5.0,278.0,2.0,3.0,400.0,2.0,3.0,2.4,6.8,0.2,2.4,4.333333333333333,3,0.0,1,2013
2013,1,Australian Grand Prix,albert_park,2013-03-17,vettel,VET,red_bull,3,1,Finished,1.0,281.0,1.0,5.0,460.0,1.0,7.0,2.6,4.3,0.1,2.2,6.666666666666667,3,0.6666666666666666,1,2013
2013,1,Australian Grand Prix,albert_park,2013-03-17,massa,MAS,ferrari,4,4,Finished,4.0,122.0,7.0,0.0,400.0,2.0,3.0,4.8,5.2,0.0,2.4,9.0,3,0.3333333333333333,1,2013
2013,1,Australian Grand Prix,albert_park,2013-03-17,hamilton,HAM,mercedes,5,3,Finished,3.0,190.0,4.0,4.0,142.0,5.0,1.0,11.2,11.0,0.4,11.0,3.6666666666666665,3,0.6666666666666666,1,2013
2013,1,Australian Grand Prix,albert_park,2013-03-17,webber,WEB,red_bull,6,2,Finished,2.0,179.0,6.0,2.0,460.0,1.0,7.0,10.4,10.6,0.3,2.2,6.0,3,0.0,1,2013
2013,1,Australian Grand Prix,albert_park,2013-03-17,sutil,SUT,force_india,7,12,Finished,12.0,0.0,20.0,0.0,109.0,7.0,0.0,9.0,9.9,0.1,7.2,13.5,2,0.0,1,2013
2013,1,Australian Grand Prix,albert_park,2013-03-17,resta,DIR,force_india,8,9,Finished,9.0,46.0,14.0,0.0,109.0,7.0,0.0,13.4,11.3,0.1,7.2,10.0,2,0.0,1,2013
2013,1,Australian Grand Prix,albert_park,2013-03-17,button,BUT,mclaren,9,10,Finished,10.0,188.0,5.0,3.0,378.0,3.0,7.0,7.8,7.5,0.2,4.0,2.6666666666666665,3,0.6666666666666666,1,2013
2013,1,Australian Grand Prix,albert_park,2013-03-17,grosjean,GRO,lotus_f1,10,8,Finished,8.0,96.0,8.0,0.0,303.0,4.0,1.0,12.6,13.4,0.3,5.8,21.0,1,0.0,1,2013
2013,1,Australian Grand Prix,albert_park,2013-03-17,perez,PER,mclaren,11,15,Finished,15.0,66.0,10.0,0.0,378.0,3.0,7.0,17.0,15.4,0.4,4.0,15.0,2,0.0,1,2013
2013,1,Australian Grand Prix,albert_park,2013-03-17,vergne,VER,toro_rosso,12,13,Finished,13.0,16.0,17.0,0.0,26.0,9.0,0.0,13.4,14.8,0.3,10.2,11.0,1,0.0,1,2013
2013,1,Australian Grand Prix,albert_park,2013-03-17,gutierrez,GUT,sauber,13,18,+1 Lap,18.0,0.0,20.0,0.0,126.0,6.0,0.0,11.0,11.0,0.1,10.2,11.0,0,0.0,1,2013
2013,1,Australian Grand Prix,albert_park,2013-03-17,bottas,BOT,williams,14,16,+1 Lap,16.0,0.0,20.0,0.0,76.0,8.0,1.0,11.0,11.0,0.1,12.0,11.0,0,0.0,1,2013
2013,1,Australian Grand Prix,albert_park,2013-03-17,jules_bianchi,BIA,marussia,15,19,+1 Lap,19.0,0.0,20.0,0.0,0.0,11.0,0.0,11.0,11.0,0.1,16.4,11.0,0,0.0,1,2013
2013,1,Australian Grand Prix,albert_park,2013-03-17,pic,PIC,caterham,16,22,+2 Laps,22.0,0.0,21.0,0.0,0.0,10.0,0.0,17.6,17.6,0.2,14.8,15.0,1,0.0,1,2013
2013,1,Australian Grand Prix,albert_park,2013-03-17,chilton,CHI,marussia,17,20,+2 Laps,20.0,0.0,20.0,0.0,0.0,11.0,0.0,11.0,11.0,0.1,16.4,11.0,0,0.0,1,2013
2013,1,Australian Grand Prix,albert_park,2013-03-17,garde,VDG,caterham,18,21,+2 Laps,21.0,0.0,20.0,0.0,0.0,10.0,0.0,11.0,11.0,0.1,14.8,11.0,0,0.0,1,2013
2013,1,Australian Grand Prix,albert_park,2013-03-17,ricciardo,RIC,toro_rosso,19,14,Hydraulics,14.0,10.0,18.0,0.0,26.0,9.0,0.0,11.4,11.2,0.0,10.2,9.0,1,0.0,1,2013
2013,1,Australian Grand Prix,albert_park,2013-03-17,rosberg,ROS,mercedes,20,6,Electrical,6.0,93.0,9.0,1.0,142.0,5.0,1.0,17.0,14.2,0.3,11.0,11.333333333333334,3,0.0,1,2013
2013,1,Australian Grand Prix,albert_park,2013-03-17,maldonado,MAL,williams,21,17,Spun off,17.0,45.0,15.0,1.0,76.0,8.0,1.0,13.2,14.0,0.3,12.0,16.5,2,0.0,1,2013
2013,1,Australian Grand Prix,albert_park,2013-03-17,hulkenberg,HUL,sauber,22,11,Fuel system,11.0,63.0,11.0,0.0,126.0,6.0,0.0,10.2,10.8,0.2,10.2,22.0,2,0.0,1,2013
2013,2,Malaysian Grand Prix,sepang,2013-03-24,vettel,VET,red_bull,1,1,Finished,1.0,281.0,1.0,5.0,460.0,1.0,7.0,3.0,4.2,0.1,2.6,4.333333333333333,3,0.6666666666666666,2,2013
2013,2,Malaysian Grand Prix,sepang,2013-03-24,webber,WEB,red_bull,2,5,Finished,5.0,179.0,6.0,2.0,460.0,1.0,7.0,11.2,10.4,0.3,2.6,3.3333333333333335,3,0.3333333333333333,2,2013
2013,2,Malaysian Grand Prix,sepang,2013-03-24,hamilton,HAM,mercedes,3,4,Finished,4.0,190.0,4.0,4.0,142.0,5.0,1.0,10.2,11.4,0.4,9.4,5.666666666666667,3,0.3333333333333333,2,2013
2013,2,Malaysian Grand Prix,sepang,2013-03-24,rosberg,ROS,mercedes,4,6,Finished,6.0,93.0,9.0,1.0,142.0,5.0,1.0,16.4,15.2,0.4,9.4,9.333333333333334,3,0.3333333333333333,2,2013
2013,2,Malaysian Grand Prix,sepang,2013-03-24,massa,MAS,ferrari,5,2,Finished,2.0,122.0,7.0,0.0,400.0,2.0,3.0,4.8,4.7,0.0,2.2,9.0,3,0.0,2,2013
2013,2,Malaysian Grand Prix,sepang,2013-03-24,grosjean,GRO,lotus_f1,6,11,Finished,11.0,96.0,8.0,0.0,303.0,4.0,1.0,13.2,12.6,0.3,5.0,24.0,1,0.0,2,2013
2013,2,Malaysian Grand Prix,sepang,2013-03-24,raikkonen,RAI,lotus_f1,7,10,Finished,7.0,207.0,3.0,1.0,303.0,4.0,1.0,5.0,5.0,0.0,5.0,5.0,1,0.0,2,2013
2013,2,Malaysian Grand Prix,sepang,2013-03-24,hulkenberg,HUL,sauber,8,12,Finished,12.0,63.0,11.0,0.0,126.0,6.0,0.0,13.4,11.9,0.3,10.6,9.5,2,0.0,2,2013
2013,2,Malaysian Grand Prix,sepang,2013-03-24,perez,PER,mclaren,9,9,Finished,10.0,66.0,10.0,0.0,378.0,3.0,7.0,17.0,15.1,0.4,3.8,11.5,2,0.5,2,2013
2013,2,Malaysian Grand Prix,sepang,2013-03-24,vergne,VER,toro_rosso,10,17,Finished,17.0,16.0,17.0,0.0,26.0,9.0,0.0,14.2,14.4,0.3,11.0,8.0,1,0.0,2,2013
2013,2,Malaysian Grand Prix,sepang,2013-03-24,bottas,BOT,williams,11,18,Finished,18.0,0.0,20.0,0.0,76.0,8.0,1.0,14.0,14.0,0.0,12.0,11.0,0,0.0,2,2013
2013,2,Malaysian Grand Prix,sepang,2013-03-24,gutierrez,GUT,sauber,12,14,+1 Lap,14.0,0.0,20.0,0.0,126.0,6.0,0.0,13.0,13.0,0.0,10.6,11.0,0,0.0,2,2013
2013,2,Malaysian Grand Prix,sepang,2013-03-24,jules_bianchi,BIA,marussia,13,19,+1 Lap,19.0,0.0,20.0,0.0,0.0,11.0,0.0,15.0,15.0,0.0,15.8,11.0,0,0.0,2,2013
2013,2,Malaysian Grand Prix,sepang,2013-03-24,pic,PIC,caterham,14,20,+1 Lap,20.0,0.0,21.0,0.0,0.0,10.0,0.0,17.0,17.2,0.2,14.8,20.0,1,0.0,2,2013
2013,2,Malaysian Grand Prix,sepang,2013-03-24,garde,VDG,caterham,15,22,+1 Lap,22.0,0.0,20.0,0.0,0.0,10.0,0.0,18.0,18.0,0.0,14.8,11.0,0,0.0,2,2013
2013,2,Malaysian Grand Prix,sepang,2013-03-24,chilton,CHI,marussia,16,21,+2 Laps,21.0,0.0,20.0,0.0,0.0,11.0,0.0,17.0,17.0,0.0,15.8,11.0,0,0.0,2,2013
2013,2,Malaysian Grand Prix,sepang,2013-03-24,button,BUT,mclaren,17,7,Withdrew,8.0,188.0,5.0,3.0,378.0,3.0,7.0,4.8,7.8,0.2,3.8,8.0,3,0.3333333333333333,2,2013
2013,2,Malaysian Grand Prix,sepang,2013-03-24,ricciardo,RIC,toro_rosso,18,13,Retired,13.0,10.0,18.0,0.0,26.0,9.0,0.0,13.4,11.6,0.1,11.0,12.0,1,0.0,2,2013
2013,2,Malaysian Grand Prix,sepang,2013-03-24,maldonado,MAL,williams,19,16,Retired,16.0,45.0,15.0,1.0,76.0,8.0,1.0,14.6,14.8,0.4,12.0,21.5,2,0.0,2,2013
2013,2,Malaysian Grand Prix,sepang,2013-03-24,sutil,SUT,force_india,20,8,Wheel nut,9.0,0.0,20.0,0.0,109.0,7.0,0.0,8.2,10.0,0.1,7.4,8.0,2,0.0,2,2013
2013,2,Malaysian Grand Prix,sepang,2013-03-24,resta,DIR,force_india,21,15,Wheel nut,15.0,46.0,14.0,0.0,109.0,7.0,0.0,12.6,10.9,0.1,7.4,8.5,2,0.0,2,2013
2013,2,Malaysian Grand Prix,sepang,2013-03-24,alonso,ALO,ferrari,22,3,Collision,3.0,278.0,2.0,3.0,400.0,2.0,3.0,2.2,6.5,0.2,2.2,6.666666666666667,3,0.3333333333333333,2,2013
2013,3,Chinese Grand Prix,shanghai,2013-04-14,alonso,ALO,ferrari,1,3,Finished,3.0,278.0,2.0,3.0,400.0,2.0,3.0,6.2,6.5,0.2,2.8,6.666666666666667,3,0.0,3,2013
2013,3,Chinese Grand Prix,shanghai,2013-04-14,raikkonen,RAI,lotus_f1,2,2,Finished,2.0,207.0,3.0,1.0,303.0,4.0,1.0,5.0,5.4,0.0,4.8,14.0,1,0.0,3,2013
2013,3,Chinese Grand Prix,shanghai,2013-04-14,hamilton,HAM,mercedes,3,1,Finished,1.0,190.0,4.0,4.0,142.0,5.0,1.0,10.0,9.4,0.3,7.8,2.0,3,1.0,3,2013
2013,3,Chinese Grand Prix,shanghai,2013-04-14,vettel,VET,red_bull,4,9,Finished,9.0,281.0,1.0,5.0,460.0,1.0,7.0,3.0,4.1,0.1,2.6,4.333333333333333,3,0.3333333333333333,3,2013
2013,3,Chinese Grand Prix,shanghai,2013-04-14,button,BUT,mclaren,5,8,Finished,8.0,188.0,5.0,3.0,378.0,3.0,7.0,7.2,9.4,0.3,4.8,2.3333333333333335,3,0.6666666666666666,3,2013
2013,3,Chinese Grand Prix,shanghai,2013-04-14,massa,MAS,ferrari,6,5,Finished,5.0,122.0,7.0,0.0,400.0,2.0,3.0,4.6,4.7,0.0,2.8,9.333333333333334,3,0.0,3,2013
2013,3,Chinese Grand Prix,shanghai,2013-04-14,ricciardo,RIC,toro_rosso,7,7,Finished,7.0,10.0,18.0,0.0,26.0,9.0,0.0,14.4,12.5,0.2,10.4,17.0,1,0.0,3,2013
2013,3,Chinese Grand Prix,shanghai,2013-04-14,resta,DIR,force_india,8,11,Finished,11.0,46.0,14.0,0.0,109.0,7.0,0.0,14.4,12.0,0.2,9.8,11.5,2,0.0,3,2013
2013,3,Chinese Grand Prix,shanghai,2013-04-14,grosjean,GRO,lotus_f1,9,6,Finished,6.0,96.0,8.0,0.0,303.0,4.0,1.0,12.6,12.9,0.3,4.8,6.0,1,0.0,3,2013
2013,3,Chinese Grand Prix,shanghai,2013-04-14,hulkenberg,HUL,sauber,10,10,Finished,10.0,63.0,11.0,0.0,126.0,6.0,0.0,13.4,12.3,0.3,9.4,15.0,2,0.0,3,2013
2013,3,Chinese Grand Prix,shanghai,2013-04-14,perez,PER,mclaren,11,12,Finished,12.0,66.0,10.0,0.0,378.0,3.0,7.0,14.0,13.9,0.3,4.8,14.0,2,0.0,3,2013
2013,3,Chinese Grand Prix,shanghai,2013-04-14,vergne,VER,toro_rosso,12,15,Finished,16.0,16.0,17.0,0.0,26.0,9.0,0.0,13.2,14.6,0.3,10.4,16.0,1,0.0,3,2013
2013,3,Chinese Grand Prix,shanghai,2013-04-14,bottas,BOT,williams,13,16,Finished,17.0,0.0,20.0,0.0,76.0,8.0,1.0,12.5,12.5,0.0,12.2,11.0,0,0.0,3,2013
2013,3,Chinese Grand Prix,shanghai,2013-04-14,maldonado,MAL,williams,14,14,Finished,15.0,45.0,15.0,1.0,76.0,8.0,1.0,15.2,14.7,0.4,12.2,13.0,2,0.0,3,2013
2013,3,Chinese Grand Prix,shanghai,2013-04-14,jules_bianchi,BIA,marussia,15,18,+1 Lap,19.0,0.0,20.0,0.0,0.0,11.0,0.0,14.0,14.0,0.0,14.6,11.0,0,0.0,3,2013
2013,3,Chinese Grand Prix,shanghai,2013-04-14,pic,PIC,caterham,16,20,+1 Lap,21.0,0.0,21.0,0.0,0.0,10.0,0.0,16.0,17.0,0.2,14.2,20.0,1,0.0,3,2013
2013,3,Chinese Grand Prix,shanghai,2013-04-14,chilton,CHI,marussia,17,19,+1 Lap,20.0,0.0,20.0,0.0,0.0,11.0,0.0,16.5,16.5,0.0,14.6,11.0,0,0.0,3,2013
2013,3,Chinese Grand Prix,shanghai,2013-04-14,garde,VDG,caterham,18,21,+1 Lap,22.0,0.0,20.0,0.0,0.0,10.0,0.0,16.5,16.5,0.0,14.2,11.0,0,0.0,3,2013
2013,3,Chinese Grand Prix,shanghai,2013-04-14,rosberg,ROS,mercedes,19,4,Suspension,4.0,93.0,9.0,1.0,142.0,5.0,1.0,15.0,14.5,0.4,7.8,3.0,3,0.6666666666666666,3,2013
2013,3,Chinese Grand Prix,shanghai,2013-04-14,webber,WEB,red_bull,20,22,Wheel,14.0,179.0,6.0,2.0,460.0,1.0,7.0,11.0,10.0,0.3,2.6,5.0,3,0.3333333333333333,3,2013
2013,3,Chinese Grand Prix,shanghai,2013-04-14,sutil,SUT,force_india,21,13,Collision,13.0,0.0,20.0,0.0,109.0,7.0,0.0,10.0,10.6,0.2,9.8,13.0,2,0.0,3,2013
2013,3,Chinese Grand Prix,shanghai,2013-04-14,gutierrez,GUT,sauber,22,17,Collision,18.0,0.0,20.0,0.0,126.0,6.0,0.0,12.5,12.5,0.0,9.4,11.0,0,0.0,3,2013
2013,4,Bahrain Grand Prix,bahrain,2013-04-21,vettel,VET,red_bull,1,2,Finished,2.0,281.0,1.0,5.0,460.0,1.0,7.0,3.2,2.3,0.0,2.8,2.5,2,0.5,4,2013
2013,4,Bahrain Grand Prix,bahrain,2013-04-21,raikkonen,RAI,lotus_f1,2,8,Finished,9.0,207.0,3.0,1.0,303.0,4.0,1.0,5.2,5.1,0.0,5.0,2.0,1,1.0,4,2013
2013,4,Bahrain Grand Prix,bahrain,2013-04-21,grosjean,GRO,lotus_f1,3,11,Finished,11.0,96.0,8.0,0.0,303.0,4.0,1.0,10.6,11.4,0.2,5.0,3.0,1,1.0,4,2013
2013,4,Bahrain Grand Prix,bahrain,2013-04-21,resta,DIR,force_india,4,5,Finished,7.0,46.0,14.0,0.0,109.0,7.0,0.0,14.2,12.0,0.2,9.6,6.0,1,0.0,4,2013
2013,4,Bahrain Grand Prix,bahrain,2013-04-21,hamilton,HAM,mercedes,5,9,Finished,4.0,190.0,4.0,4.0,142.0,5.0,1.0,6.4,9.6,0.3,6.2,5.5,2,0.5,4,2013
2013,4,Bahrain Grand Prix,bahrain,2013-04-21,perez,PER,mclaren,6,12,Finished,12.0,66.0,10.0,0.0,378.0,3.0,7.0,13.2,14.8,0.3,5.0,11.0,1,0.0,4,2013
2013,4,Bahrain Grand Prix,bahrain,2013-04-21,webber,WEB,red_bull,7,7,Finished,5.0,179.0,6.0,2.0,460.0,1.0,7.0,11.0,10.0,0.3,2.8,6.0,2,0.0,4,2013
2013,4,Bahrain Grand Prix,bahrain,2013-04-21,alonso,ALO,ferrari,8,3,Finished,3.0,278.0,2.0,3.0,400.0,2.0,3.0,6.0,6.3,0.2,2.6,4.0,2,0.5,4,2013
2013,4,Bahrain Grand Prix,bahrain,2013-04-21,rosberg,ROS,mercedes,9,1,Finished,1.0,93.0,9.0,1.0,142.0,5.0,1.0,14.2,15.7,0.5,6.2,5.0,2,0.0,4,2013
2013,4,Bahrain Grand Prix,bahrain,2013-04-21,button,BUT,mclaren,10,10,Finished,10.0,188.0,5.0,3.0,378.0,3.0,7.0,7.4,7.6,0.2,5.0,12.5,2,0.0,4,2013
2013,4,Bahrain Grand Prix,bahrain,2013-04-21,maldonado,MAL,williams,11,17,Finished,17.0,45.0,15.0,1.0,76.0,8.0,1.0,17.0,15.0,0.4,13.8,23.0,1,0.0,4,2013
2013,4,Bahrain Grand Prix,bahrain,2013-04-21,hulkenberg,HUL,sauber,12,14,Finished,14.0,63.0,11.0,0.0,126.0,6.0,0.0,10.6,11.2,0.2,10.2,13.0,2,0.0,4,2013
2013,4,Bahrain Grand Prix,bahrain,2013-04-21,sutil,SUT,force_india,13,6,Finished,8.0,0.0,20.0,0.0,109.0,7.0,0.0,12.4,12.0,0.3,9.6,12.0,1,0.0,4,2013
2013,4,Bahrain Grand Prix,bahrain,2013-04-21,bottas,BOT,williams,14,15,Finished,15.0,0.0,20.0,0.0,76.0,8.0,1.0,12.666666666666666,12.666666666666666,0.0,13.8,11.0,0,0.0,4,2013
2013,4,Bahrain Grand Prix,bahrain,2013-04-21,massa,MAS,ferrari,15,4,Finished,6.0,122.0,7.0,0.0,400.0,2.0,3.0,4.4,4.9,0.0,2.6,5.5,2,0.5,4,2013
2013,4,Bahrain Grand Prix,bahrain,2013-04-21,ricciardo,RIC,toro_rosso,16,13,+1 Lap,13.0,10.0,18.0,0.0,26.0,9.0,0.0,13.8,12.0,0.2,9.8,15.0,1,0.0,4,2013
2013,4,Bahrain Grand Prix,bahrain,2013-04-21,pic,PIC,caterham,17,18,+1 Lap,19.0,0.0,21.0,0.0,0.0,10.0,0.0,15.6,17.0,0.2,14.8,24.0,1,0.0,4,2013
2013,4,Bahrain Grand Prix,bahrain,2013-04-21,gutierrez,GUT,sauber,18,22,+1 Lap,18.0,0.0,20.0,0.0,126.0,6.0,0.0,15.666666666666666,15.666666666666666,0.3333333333333333,10.2,11.0,0,0.0,4,2013
2013,4,Bahrain Grand Prix,bahrain,2013-04-21,jules_bianchi,BIA,marussia,19,19,+1 Lap,20.0,0.0,20.0,0.0,0.0,11.0,0.0,14.333333333333334,14.333333333333334,0.0,14.8,11.0,0,0.0,4,2013
2013,4,Bahrain Grand Prix,bahrain,2013-04-21,chilton,CHI,marussia,20,21,+1 Lap,22.0,0.0,20.0,0.0,0.0,11.0,0.0,16.666666666666668,16.666666666666668,0.0,14.8,11.0,0,0.0,4,2013
2013,4,Bahrain Grand Prix,bahrain,2013-04-21,garde,VDG,caterham,21,20,+2 Laps,21.0,0.0,20.0,0.0,0.0,10.0,0.0,17.0,17.0,0.0,14.8,11.0,0,0.0,4,2013
2013,4,Bahrain Grand Prix,bahrain,2013-04-21,vergne,VER,toro_rosso,22,16,Puncture,16.0,16.0,17.0,0.0,26.0,9.0,0.0,13.2,13.4,0.2,9.8,14.0,1,0.0,4,2013
2013,5,Spanish Grand Prix,catalunya,2013-05-12,alonso,ALO,ferrari,1,5,Finished,5.0,278.0,2.0,3.0,400.0,2.0,3.0,7.0,6.8,0.2,3.6,3.0,3,0.6666666666666666,5,2013
2013,5,Spanish Grand Prix,catalunya,2013-05-12,raikkonen,RAI,lotus_f1,2,4,Finished,4.0,207.0,3.0,1.0,303.0,4.0,1.0,4.4,4.7,0.0,4.2,3.0,1,1.0,5,2013
2013,5,Spanish Grand Prix,catalunya,2013-05-12,massa,MAS,ferrari,3,9,Finished,6.0,122.0,7.0,0.0,400.0,2.0,3.0,6.6,5.6,0.0,3.6,14.333333333333334,3,0.0,5,2013
2013,5,Spanish Grand Prix,catalunya,2013-05-12,vettel,VET,red_bull,4,3,Finished,3.0,281.0,1.0,5.0,460.0,1.0,7.0,3.0,2.3,0.0,2.6,3.3333333333333335,3,0.6666666666666666,5,2013
2013,5,Spanish Grand Prix,catalunya,2013-05-12,webber,WEB,red_bull,5,7,Finished,8.0,179.0,6.0,2.0,460.0,1.0,7.0,7.8,9.6,0.3,2.6,5.333333333333333,3,0.3333333333333333,5,2013
2013,5,Spanish Grand Prix,catalunya,2013-05-12,rosberg,ROS,mercedes,6,1,Finished,1.0,93.0,9.0,1.0,142.0,5.0,1.0,13.4,16.1,0.5,4.6,9.0,3,0.0,5,2013
2013,5,Spanish Grand Prix,catalunya,2013-05-12,resta,DIR,force_india,7,10,Finished,10.0,46.0,14.0,0.0,109.0,7.0,0.0,12.0,12.0,0.2,8.8,13.0,2,0.0,5,2013
2013,5,Spanish Grand Prix,catalunya,2013-05-12,button,BUT,mclaren,8,14,Finished,14.0,188.0,5.0,3.0,378.0,3.0,7.0,8.4,8.4,0.2,6.0,5.666666666666667,3,0.3333333333333333,5,2013
2013,5,Spanish Grand Prix,catalunya,2013-05-12,perez,PER,mclaren,9,8,Finished,9.0,66.0,10.0,0.0,378.0,3.0,7.0,12.2,14.4,0.3,6.0,14.5,2,0.0,5,2013
2013,5,Spanish Grand Prix,catalunya,2013-05-12,ricciardo,RIC,toro_rosso,10,11,+1 Lap,11.0,10.0,18.0,0.0,26.0,9.0,0.0,14.6,12.7,0.2,10.6,13.0,1,0.0,5,2013
2013,5,Spanish Grand Prix,catalunya,2013-05-12,gutierrez,GUT,sauber,11,19,+1 Lap,19.0,0.0,20.0,0.0,126.0,6.0,0.0,16.25,16.25,0.25,10.4,11.0,0,0.0,5,2013
2013,5,Spanish Grand Prix,catalunya,2013-05-12,hamilton,HAM,mercedes,12,2,+1 Lap,2.0,190.0,4.0,4.0,142.0,5.0,1.0,7.2,7.7,0.2,4.6,8.0,3,0.3333333333333333,5,2013
2013,5,Spanish Grand Prix,catalunya,2013-05-12,sutil,SUT,force_india,13,13,+1 Lap,13.0,0.0,20.0,0.0,109.0,7.0,0.0,13.4,11.4,0.2,8.8,10.0,2,0.0,5,2013
2013,5,Spanish Grand Prix,catalunya,2013-05-12,maldonado,MAL,williams,14,17,+1 Lap,17.0,45.0,15.0,1.0,76.0,8.0,1.0,17.4,13.9,0.3,14.2,8.0,2,0.5,5,2013
2013,5,Spanish Grand Prix,catalunya,2013-05-12,hulkenberg,HUL,sauber,15,15,+1 Lap,15.0,63.0,11.0,0.0,126.0,6.0,0.0,11.4,11.0,0.2,10.4,13.0,2,0.0,5,2013
2013,5,Spanish Grand Prix,catalunya,2013-05-12,bottas,BOT,williams,16,16,+1 Lap,16.0,0.0,20.0,0.0,76.0,8.0,1.0,13.0,13.0,0.0,14.2,11.0,0,0.0,5,2013
2013,5,Spanish Grand Prix,catalunya,2013-05-12,pic,PIC,caterham,17,22,+1 Lap,22.0,0.0,21.0,0.0,0.0,10.0,0.0,15.0,17.1,0.2,14.8,21.0,1,0.0,5,2013
2013,5,Spanish Grand Prix,catalunya,2013-05-12,jules_bianchi,BIA,marussia,18,20,+2 Laps,20.0,0.0,20.0,0.0,0.0,11.0,0.0,15.5,15.5,0.0,14.8,11.0,0,0.0,5,2013
2013,5,Spanish Grand Prix,catalunya,2013-05-12,chilton,CHI,marussia,19,21,+2 Laps,21.0,0.0,20.0,0.0,0.0,11.0,0.0,17.5,17.5,0.0,14.8,11.0,0,0.0,5,2013
2013,5,Spanish Grand Prix,catalunya,2013-05-12,vergne,VER,toro_rosso,20,12,Accident,12.0,16.0,17.0,0.0,26.0,9.0,0.0,12.8,13.6,0.2,10.6,12.0,1,0.0,5,2013
2013,5,Spanish Grand Prix,catalunya,2013-05-12,garde,VDG,caterham,21,18,Wheel,18.0,0.0,20.0,0.0,0.0,10.0,0.0,18.0,18.0,0.0,14.8,11.0,0,0.0,5,2013
2013,5,Spanish Grand Prix,catalunya,2013-05-12,grosjean,GRO,lotus_f1,22,6,Suspension,7.0,96.0,8.0,0.0,303.0,4.0,1.0,9.8,11.0,0.2,4.2,4.0,1,0.0,5,2013
2013,6,Monaco Grand Prix,monaco,2013-05-26,rosberg,ROS,mercedes,1,1,Finished,1.0,93.0,9.0,1.0,142.0,5.0,1.0,11.6,14.3,0.4,4.4,6.666666666666667,3,0.3333333333333333,6,2013
2013,6,Monaco Grand Prix,monaco,2013-05-26,vettel,VET,red_bull,2,3,Finished,3.0,281.0,1.0,5.0,460.0,1.0,7.0,2.6,2.6,0.0,2.6,2.3333333333333335,3,0.6666666666666666,6,2013
2013,6,Monaco Grand Prix,monaco,2013-05-26,webber,WEB,red_bull,3,4,Finished,4.0,179.0,6.0,2.0,460.0,1.0,7.0,8.0,9.2,0.3,2.6,2.0,3,0.6666666666666666,6,2013
2013,6,Monaco Grand Prix,monaco,2013-05-26,hamilton,HAM,mercedes,4,2,Finished,2.0,190.0,4.0,4.0,142.0,5.0,1.0,5.6,8.4,0.2,4.4,5.333333333333333,3,0.0,6,2013
2013,6,Monaco Grand Prix,monaco,2013-05-26,sutil,SUT,force_india,5,8,Finished,8.0,0.0,20.0,0.0,109.0,7.0,0.0,14.8,11.9,0.2,9.2,7.5,2,0.0,6,2013
2013,6,Monaco Grand Prix,monaco,2013-05-26,button,BUT,mclaren,6,9,Finished,9.0,188.0,5.0,3.0,378.0,3.0,7.0,9.8,8.8,0.2,7.4,14.0,3,0.3333333333333333,6,2013
2013,6,Monaco Grand Prix,monaco,2013-05-26,alonso,ALO,ferrari,7,6,Finished,6.0,278.0,2.0,3.0,400.0,2.0,3.0,6.8,4.6,0.1,3.4,3.6666666666666665,3,0.6666666666666666,6,2013
2013,6,Monaco Grand Prix,monaco,2013-05-26,vergne,VER,toro_rosso,8,10,Finished,10.0,16.0,17.0,0.0,26.0,9.0,0.0,15.2,14.3,0.3,11.0,12.0,1,0.0,6,2013
2013,6,Monaco Grand Prix,monaco,2013-05-26,resta,DIR,force_india,9,17,Finished,17.0,46.0,14.0,0.0,109.0,7.0,0.0,9.6,11.5,0.2,9.2,9.5,2,0.0,6,2013
2013,6,Monaco Grand Prix,monaco,2013-05-26,raikkonen,RAI,lotus_f1,10,5,Finished,5.0,207.0,3.0,1.0,303.0,4.0,1.0,2.8,4.3,0.0,2.6,9.0,1,0.0,6,2013
2013,6,Monaco Grand Prix,monaco,2013-05-26,hulkenberg,HUL,sauber,11,11,Finished,11.0,63.0,11.0,0.0,126.0,6.0,0.0,13.4,11.8,0.2,10.8,16.0,2,0.0,6,2013
2013,6,Monaco Grand Prix,monaco,2013-05-26,bottas,BOT,williams,12,14,Finished,14.0,0.0,20.0,0.0,76.0,8.0,1.0,13.6,13.6,0.0,12.6,11.0,0,0.0,6,2013
2013,6,Monaco Grand Prix,monaco,2013-05-26,gutierrez,GUT,sauber,13,19,Finished,19.0,0.0,20.0,0.0,126.0,6.0,0.0,15.2,15.2,0.2,10.8,11.0,0,0.0,6,2013
2013,6,Monaco Grand Prix,monaco,2013-05-26,chilton,CHI,marussia,14,22,Finished,22.0,0.0,20.0,0.0,0.0,11.0,0.0,17.8,17.8,0.0,16.0,11.0,0,0.0,6,2013
2013,6,Monaco Grand Prix,monaco,2013-05-26,garde,VDG,caterham,15,15,Finished,15.0,0.0,20.0,0.0,0.0,10.0,0.0,18.6,18.6,0.2,16.0,11.0,0,0.0,6,2013
2013,6,Monaco Grand Prix,monaco,2013-05-26,perez,PER,mclaren,16,7,Suspension,7.0,66.0,10.0,0.0,378.0,3.0,7.0,9.2,13.1,0.2,7.4,17.5,2,0.0,6,2013
2013,6,Monaco Grand Prix,monaco,2013-05-26,grosjean,GRO,lotus_f1,17,13,Collision,13.0,96.0,8.0,0.0,303.0,4.0,1.0,10.0,11.3,0.3,2.6,24.0,1,0.0,6,2013
2013,6,Monaco Grand Prix,monaco,2013-05-26,ricciardo,RIC,toro_rosso,18,12,Collision,12.0,10.0,18.0,0.0,26.0,9.0,0.0,14.0,12.7,0.2,11.0,17.0,1,0.0,6,2013
2013,6,Monaco Grand Prix,monaco,2013-05-26,jules_bianchi,BIA,marussia,19,20,Brakes,20.0,0.0,20.0,0.0,0.0,11.0,0.0,16.0,16.0,0.0,16.0,11.0,0,0.0,6,2013
2013,6,Monaco Grand Prix,monaco,2013-05-26,maldonado,MAL,williams,20,16,Collision,16.0,45.0,15.0,1.0,76.0,8.0,1.0,15.8,14.5,0.3,12.6,20.5,2,0.0,6,2013
2013,6,Monaco Grand Prix,monaco,2013-05-26,massa,MAS,ferrari,21,21,Accident,21.0,122.0,7.0,0.0,400.0,2.0,3.0,6.6,5.7,0.0,3.4,10.333333333333334,3,0.0,6,2013
2013,6,Monaco Grand Prix,monaco,2013-05-26,pic,PIC,caterham,22,18,Gearbox,18.0,0.0,21.0,0.0,0.0,10.0,0.0,16.0,16.8,0.1,16.0,18.0,1,0.0,6,2013
2013,7,Canadian Grand Prix,villeneuve,2013-06-09,vettel,VET,red_bull,1,1,Finished,1.0,281.0,1.0,5.0,460.0,1.0,7.0,2.4,2.7,0.0,2.4,3.3333333333333335,3,0.3333333333333333,7,2013
2013,7,Canadian Grand Prix,villeneuve,2013-06-09,alonso,ALO,ferrari,2,6,Finished,6.0,278.0,2.0,3.0,400.0,2.0,3.0,7.8,5.0,0.1,4.4,10.0,3,0.3333333333333333,7,2013
2013,7,Canadian Grand Prix,villeneuve,2013-06-09,hamilton,HAM,mercedes,3,2,Finished,2.0,190.0,4.0,4.0,142.0,5.0,1.0,5.4,7.8,0.2,3.6,8.666666666666666,3,0.6666666666666666,7,2013
2013,7,Canadian Grand Prix,villeneuve,2013-06-09,webber,WEB,red_bull,4,5,Finished,5.0,179.0,6.0,2.0,460.0,1.0,7.0,7.4,9.3,0.3,2.4,5.0,3,0.3333333333333333,7,2013
2013,7,Canadian Grand Prix,villeneuve,2013-06-09,rosberg,ROS,mercedes,5,4,Finished,4.0,93.0,9.0,1.0,142.0,5.0,1.0,7.8,12.1,0.3,3.6,7.666666666666667,3,0.0,7,2013
2013,7,Canadian Grand Prix,villeneuve,2013-06-09,vergne,VER,toro_rosso,6,7,+1 Lap,7.0,16.0,17.0,0.0,26.0,9.0,0.0,14.4,14.3,0.3,10.2,15.0,1,0.0,7,2013
2013,7,Canadian Grand Prix,villeneuve,2013-06-09,resta,DIR,force_india,7,17,+1 Lap,17.0,46.0,14.0,0.0,109.0,7.0,0.0,9.8,11.2,0.2,8.8,14.5,2,0.0,7,2013
2013,7,Canadian Grand Prix,villeneuve,2013-06-09,massa,MAS,ferrari,8,16,+1 Lap,16.0,122.0,7.0,0.0,400.0,2.0,3.0,10.0,7.4,0.1,4.4,10.333333333333334,3,0.0,7,2013
2013,7,Canadian Grand Prix,villeneuve,2013-06-09,raikkonen,RAI,lotus_f1,9,10,+1 Lap,10.0,207.0,3.0,1.0,303.0,4.0,1.0,4.6,4.8,0.0,4.4,8.0,1,0.0,7,2013
2013,7,Canadian Grand Prix,villeneuve,2013-06-09,sutil,SUT,force_india,10,8,+1 Lap,8.0,0.0,20.0,0.0,109.0,7.0,0.0,14.4,11.3,0.2,8.8,15.5,2,0.0,7,2013
2013,7,Canadian Grand Prix,villeneuve,2013-06-09,perez,PER,mclaren,11,12,+1 Lap,12.0,66.0,10.0,0.0,378.0,3.0,7.0,10.2,13.6,0.3,6.8,3.0,1,1.0,7,2013
2013,7,Canadian Grand Prix,villeneuve,2013-06-09,button,BUT,mclaren,12,14,+1 Lap,14.0,188.0,5.0,3.0,378.0,3.0,7.0,9.2,7.0,0.1,6.8,6.333333333333333,3,0.6666666666666666,7,2013
2013,7,Canadian Grand Prix,villeneuve,2013-06-09,grosjean,GRO,lotus_f1,13,22,+1 Lap,22.0,96.0,8.0,0.0,303.0,4.0,1.0,11.4,12.3,0.4,4.4,2.0,1,1.0,7,2013
2013,7,Canadian Grand Prix,villeneuve,2013-06-09,bottas,BOT,williams,14,3,+1 Lap,3.0,0.0,20.0,0.0,76.0,8.0,1.0,13.2,13.333333333333334,0.0,12.2,11.0,0,0.0,7,2013
2013,7,Canadian Grand Prix,villeneuve,2013-06-09,ricciardo,RIC,toro_rosso,15,11,+2 Laps,11.0,10.0,18.0,0.0,26.0,9.0,0.0,13.8,13.6,0.3,10.2,14.0,1,0.0,7,2013
2013,7,Canadian Grand Prix,villeneuve,2013-06-09,maldonado,MAL,williams,16,13,+2 Laps,13.0,45.0,15.0,1.0,76.0,8.0,1.0,15.6,15.1,0.4,12.2,16.0,2,0.0,7,2013
2013,7,Canadian Grand Prix,villeneuve,2013-06-09,jules_bianchi,BIA,marussia,17,19,+2 Laps,19.0,0.0,20.0,0.0,0.0,11.0,0.0,16.8,16.5,0.16666666666666666,15.8,11.0,0,0.0,7,2013
2013,7,Canadian Grand Prix,villeneuve,2013-06-09,pic,PIC,caterham,18,18,+3 Laps,18.0,0.0,21.0,0.0,0.0,10.0,0.0,17.2,17.1,0.2,15.8,20.0,1,0.0,7,2013
2013,7,Canadian Grand Prix,villeneuve,2013-06-09,chilton,CHI,marussia,19,20,+3 Laps,20.0,0.0,20.0,0.0,0.0,11.0,0.0,17.2,17.166666666666668,0.0,15.8,11.0,0,0.0,7,2013
2013,7,Canadian Grand Prix,villeneuve,2013-06-09,gutierrez,GUT,sauber,20,15,Accident,15.0,0.0,20.0,0.0,126.0,6.0,0.0,15.2,14.833333333333334,0.16666666666666666,10.4,11.0,0,0.0,7,2013
2013,7,Canadian Grand Prix,villeneuve,2013-06-09,hulkenberg,HUL,sauber,21,9,Collision,9.0,63.0,11.0,0.0,126.0,6.0,0.0,11.2,12.3,0.2,10.4,12.5,2,0.0,7,2013
2013,7,Canadian Grand Prix,villeneuve,2013-06-09,garde,VDG,caterham,22,21,Collision,21.0,0.0,20.0,0.0,0.0,10.0,0.0,18.0,18.0,0.16666666666666666,15.8,11.0,0,0.0,7,2013
2013,8,British Grand Prix,silverstone,2013-06-30,rosberg,ROS,mercedes,1,2,Finished,2.0,93.0,9.0,1.0,142.0,5.0,1.0,8.0,11.5,0.3,3.6,8.0,3,0.3333333333333333,8,2013
2013,8,British Grand Prix,silverstone,2013-06-30,webber,WEB,red_bull,2,4,Finished,4.0,179.0,6.0,2.0,460.0,1.0,7.0,7.8,9.4,0.3,2.4,1.6666666666666667,3,1.0,8,2013
2013,8,British Grand Prix,silverstone,2013-06-30,alonso,ALO,ferrari,3,9,Finished,9.0,278.0,2.0,3.0,400.0,2.0,3.0,3.8,5.0,0.1,3.8,5.666666666666667,3,0.6666666666666666,8,2013
2013,8,British Grand Prix,silverstone,2013-06-30,hamilton,HAM,mercedes,4,1,Finished,1.0,190.0,4.0,4.0,142.0,5.0,1.0,5.4,7.7,0.2,3.6,4.666666666666667,3,0.3333333333333333,8,2013
2013,8,British Grand Prix,silverstone,2013-06-30,raikkonen,RAI,lotus_f1,5,8,Finished,8.0,207.0,3.0,1.0,303.0,4.0,1.0,5.0,5.0,0.0,5.0,5.0,1,0.0,8,2013
2013,8,British Grand Prix,silverstone,2013-06-30,massa,MAS,ferrari,6,11,Finished,11.0,122.0,7.0,0.0,400.0,2.0,3.0,10.6,7.6,0.1,3.8,8.0,3,0.0,8,2013
2013,8,British Grand Prix,silverstone,2013-06-30,sutil,SUT,force_india,7,6,Finished,6.0,0.0,20.0,0.0,109.0,7.0,0.0,12.4,11.2,0.2,6.2,9.5,2,0.0,8,2013
2013,8,British Grand Prix,silverstone,2013-06-30,ricciardo,RIC,toro_rosso,8,5,Finished,5.0,10.0,18.0,0.0,26.0,9.0,0.0,13.2,13.8,0.3,9.4,16.0,2,0.0,8,2013
2013,8,British Grand Prix,silverstone,2013-06-30,resta,DIR,force_india,9,21,Finished,21.0,46.0,14.0,0.0,109.0,7.0,0.0,7.0,10.7,0.2,6.2,19.0,2,0.0,8,2013
2013,8,British Grand Prix,silverstone,2013-06-30,hulkenberg,HUL,sauber,10,14,Finished,14.0,63.0,11.0,0.0,126.0,6.0,0.0,13.8,13.6,0.3,12.8,11.0,2,0.0,8,2013
2013,8,British Grand Prix,silverstone,2013-06-30,maldonado,MAL,williams,11,15,Finished,15.0,45.0,15.0,1.0,76.0,8.0,1.0,15.0,15.1,0.4,12.8,15.0,2,0.0,8,2013
2013,8,British Grand Prix,silverstone,2013-06-30,bottas,BOT,williams,12,16,Finished,16.0,0.0,20.0,0.0,76.0,8.0,1.0,13.8,13.428571428571429,0.0,12.8,11.0,0,0.0,8,2013
2013,8,British Grand Prix,silverstone,2013-06-30,button,BUT,mclaren,13,10,Finished,10.0,188.0,5.0,3.0,378.0,3.0,7.0,8.2,7.7,0.1,7.2,11.333333333333334,3,0.0,8,2013
2013,8,British Grand Prix,silverstone,2013-06-30,gutierrez,GUT,sauber,14,17,Finished,17.0,0.0,20.0,0.0,126.0,6.0,0.0,16.8,15.571428571428571,0.2857142857142857,12.8,11.0,0,0.0,8,2013
2013,8,British Grand Prix,silverstone,2013-06-30,pic,PIC,caterham,15,18,Finished,18.0,0.0,21.0,0.0,0.0,10.0,0.0,18.0,17.0,0.2,16.6,19.0,1,0.0,8,2013
2013,8,British Grand Prix,silverstone,2013-06-30,jules_bianchi,BIA,marussia,16,19,Finished,19.0,0.0,20.0,0.0,0.0,11.0,0.0,17.6,16.571428571428573,0.14285714285714285,16.6,11.0,0,0.0,8,2013
2013,8,British Grand Prix,silverstone,2013-06-30,chilton,CHI,marussia,17,20,Finished,20.0,0.0,20.0,0.0,0.0,11.0,0.0,17.8,17.428571428571427,0.0,16.6,11.0,0,0.0,8,2013
2013,8,British Grand Prix,silverstone,2013-06-30,garde,VDG,caterham,18,22,Finished,22.0,0.0,20.0,0.0,0.0,10.0,0.0,19.4,18.571428571428573,0.2857142857142857,16.6,11.0,0,0.0,8,2013
2013,8,British Grand Prix,silverstone,2013-06-30,grosjean,GRO,lotus_f1,19,7,Retired,7.0,96.0,8.0,0.0,303.0,4.0,1.0,12.8,12.7,0.4,5.0,6.0,1,0.0,8,2013
2013,8,British Grand Prix,silverstone,2013-06-30,perez,PER,mclaren,20,13,Wheel,13.0,66.0,10.0,0.0,378.0,3.0,7.0,10.6,12.3,0.2,7.2,14.5,2,0.0,8,2013
2013,8,British Grand Prix,silverstone,2013-06-30,vettel,VET,red_bull,21,3,Gearbox,3.0,281.0,1.0,5.0,460.0,1.0,7.0,2.4,2.7,0.0,2.4,4.0,3,0.6666666666666666,8,2013
2013,8,British Grand Prix,silverstone,2013-06-30,vergne,VER,toro_rosso,22,12,Tyre,12.0,16.0,17.0,0.0,26.0,9.0,0.0,13.6,13.4,0.3,9.4,14.0,1,0.0,8,2013
2013,9,German Grand Prix,nurburgring,2013-07-07,vettel,VET,red_bull,1,2,Finished,2.0,281.0,1.0,5.0,460.0,1.0,7.0,5.8,4.5,0.1,2.0,4.0,1,0.0,9,2013
2013,9,German Grand Prix,nurburgring,2013-07-07,raikkonen,RAI,lotus_f1,2,4,Finished,4.0,207.0,3.0,1.0,303.0,4.0,1.0,5.6,5.4,0.0,5.6,11.0,0,0.0,9,2013
2013,9,German Grand Prix,nurburgring,2013-07-07,grosjean,GRO,lotus_f1,3,5,Finished,5.0,96.0,8.0,0.0,303.0,4.0,1.0,14.8,12.7,0.4,5.6,11.0,0,0.0,9,2013
2013,9,German Grand Prix,nurburgring,2013-07-07,alonso,ALO,ferrari,4,8,Finished,8.0,278.0,2.0,3.0,400.0,2.0,3.0,4.2,5.1,0.1,4.2,2.0,1,1.0,9,2013
2013,9,German Grand Prix,nurburgring,2013-07-07,hamilton,HAM,mercedes,5,1,Finished,1.0,190.0,4.0,4.0,142.0,5.0,1.0,5.6,6.0,0.1,3.2,1.0,1,1.0,9,2013
2013,9,German Grand Prix,nurburgring,2013-07-07,button,BUT,mclaren,6,9,Finished,9.0,188.0,5.0,3.0,378.0,3.0,7.0,9.8,8.6,0.1,8.8,22.0,1,0.0,9,2013
2013,9,German Grand Prix,nurburgring,2013-07-07,webber,WEB,red_bull,7,3,Finished,3.0,179.0,6.0,2.0,460.0,1.0,7.0,4.2,7.6,0.2,2.0,3.0,1,1.0,9,2013
2013,9,German Grand Prix,nurburgring,2013-07-07,perez,PER,mclaren,8,13,Finished,13.0,66.0,10.0,0.0,378.0,3.0,7.0,12.4,12.8,0.3,8.8,11.0,1,0.0,9,2013
2013,9,German Grand Prix,nurburgring,2013-07-07,rosberg,ROS,mercedes,9,11,Finished,11.0,93.0,9.0,1.0,142.0,5.0,1.0,4.4,9.3,0.2,3.2,7.0,1,0.0,9,2013
2013,9,German Grand Prix,nurburgring,2013-07-07,hulkenberg,HUL,sauber,10,10,Finished,10.0,63.0,11.0,0.0,126.0,6.0,0.0,13.8,12.2,0.2,12.8,11.0,0,0.0,9,2013
2013,9,German Grand Prix,nurburgring,2013-07-07,resta,DIR,force_india,11,12,Finished,12.0,46.0,14.0,0.0,109.0,7.0,0.0,7.2,10.7,0.2,6.0,13.0,1,0.0,9,2013
2013,9,German Grand Prix,nurburgring,2013-07-07,ricciardo,RIC,toro_rosso,12,6,Finished,6.0,10.0,18.0,0.0,26.0,9.0,0.0,13.4,13.6,0.3,9.6,19.0,1,0.0,9,2013
2013,9,German Grand Prix,nurburgring,2013-07-07,sutil,SUT,force_india,13,15,Finished,15.0,0.0,20.0,0.0,109.0,7.0,0.0,9.6,11.0,0.2,6.0,6.0,1,0.0,9,2013
2013,9,German Grand Prix,nurburgring,2013-07-07,gutierrez,GUT,sauber,14,14,Finished,14.0,0.0,20.0,0.0,126.0,6.0,0.0,15.2,15.375,0.25,12.8,11.0,0,0.0,9,2013
2013,9,German Grand Prix,nurburgring,2013-07-07,maldonado,MAL,williams,15,18,Finished,18.0,45.0,15.0,1.0,76.0,8.0,1.0,14.4,15.7,0.4,12.4,14.0,1,0.0,9,2013
2013,9,German Grand Prix,nurburgring,2013-07-07,bottas,BOT,williams,16,17,+1 Lap,17.0,0.0,20.0,0.0,76.0,8.0,1.0,13.6,13.25,0.0,12.4,11.0,0,0.0,9,2013
2013,9,German Grand Prix,nurburgring,2013-07-07,pic,PIC,caterham,17,22,+1 Lap,22.0,0.0,21.0,0.0,0.0,10.0,0.0,17.8,16.7,0.1,16.4,11.0,0,0.0,9,2013
2013,9,German Grand Prix,nurburgring,2013-07-07,garde,VDG,caterham,18,20,+1 Lap,20.0,0.0,20.0,0.0,0.0,10.0,0.0,19.4,18.5,0.25,16.4,11.0,0,0.0,9,2013
2013,9,German Grand Prix,nurburgring,2013-07-07,chilton,CHI,marussia,19,21,+1 Lap,21.0,0.0,20.0,0.0,0.0,11.0,0.0,17.8,17.375,0.0,16.8,11.0,0,0.0,9,2013
2013,9,German Grand Prix,nurburgring,2013-07-07,vergne,VER,toro_rosso,20,16,Hydraulics,16.0,16.0,17.0,0.0,26.0,9.0,0.0,15.6,14.4,0.4,9.6,11.0,0,0.0,9,2013
2013,9,German Grand Prix,nurburgring,2013-07-07,jules_bianchi,BIA,marussia,21,19,Engine,19.0,0.0,20.0,0.0,0.0,11.0,0.0,17.8,16.5,0.125,16.8,11.0,0,0.0,9,2013
2013,9,German Grand Prix,nurburgring,2013-07-07,massa,MAS,ferrari,22,7,Spun off,7.0,122.0,7.0,0.0,400.0,2.0,3.0,10.6,7.5,0.1,4.2,5.0,1,0.0,9,2013
2013,10,Hungarian Grand Prix,hungaroring,2013-07-28,hamilton,HAM,mercedes,1,1,Finished,1.0,190.0,4.0,4.0,142.0,5.0,1.0,5.6,6.4,0.1,3.2,8.333333333333334,3,0.3333333333333333,10,2013
2013,10,Hungarian Grand Prix,hungaroring,2013-07-28,raikkonen,RAI,lotus_f1,2,6,Finished,6.0,207.0,3.0,1.0,303.0,4.0,1.0,5.6,5.0,0.0,5.6,2.0,1,1.0,10,2013
2013,10,Hungarian Grand Prix,hungaroring,2013-07-28,vettel,VET,red_bull,3,2,Finished,2.0,281.0,1.0,5.0,460.0,1.0,7.0,5.8,4.4,0.1,2.0,3.0,3,0.6666666666666666,10,2013
2013,10,Hungarian Grand Prix,hungaroring,2013-07-28,webber,WEB,red_bull,4,10,Finished,10.0,179.0,6.0,2.0,460.0,1.0,7.0,4.2,6.0,0.1,2.0,4.666666666666667,3,0.3333333333333333,10,2013
2013,10,Hungarian Grand Prix,hungaroring,2013-07-28,alonso,ALO,ferrari,5,5,Finished,5.0,278.0,2.0,3.0,400.0,2.0,3.0,3.4,5.2,0.1,3.4,3.3333333333333335,3,0.6666666666666666,10,2013
2013,10,Hungarian Grand Prix,hungaroring,2013-07-28,grosjean,GRO,lotus_f1,6,3,Finished,3.0,96.0,8.0,0.0,303.0,4.0,1.0,14.8,12.3,0.4,5.6,3.0,1,1.0,10,2013
2013,10,Hungarian Grand Prix,hungaroring,2013-07-28,button,BUT,mclaren,7,13,Finished,13.0,188.0,5.0,3.0,378.0,3.0,7.0,9.0,8.7,0.1,8.8,5.0,3,0.3333333333333333,10,2013
2013,10,Hungarian Grand Prix,hungaroring,2013-07-28,massa,MAS,ferrari,8,7,Finished,7.0,122.0,7.0,0.0,400.0,2.0,3.0,12.0,9.3,0.2,3.4,6.333333333333333,3,0.0,10,2013
2013,10,Hungarian Grand Prix,hungaroring,2013-07-28,perez,PER,mclaren,9,9,+1 Lap,9.0,66.0,10.0,0.0,378.0,3.0,7.0,12.8,12.5,0.3,8.8,14.5,2,0.0,10,2013
2013,10,Hungarian Grand Prix,hungaroring,2013-07-28,maldonado,MAL,williams,10,15,+1 Lap,15.0,45.0,15.0,1.0,76.0,8.0,1.0,15.2,16.3,0.4,13.2,14.5,2,0.0,10,2013
2013,10,Hungarian Grand Prix,hungaroring,2013-07-28,hulkenberg,HUL,sauber,11,12,+1 Lap,12.0,63.0,11.0,0.0,126.0,6.0,0.0,13.4,12.4,0.2,12.4,8.5,2,0.0,10,2013
2013,10,Hungarian Grand Prix,hungaroring,2013-07-28,vergne,VER,toro_rosso,12,14,+1 Lap,14.0,16.0,17.0,0.0,26.0,9.0,0.0,15.2,14.0,0.4,8.8,16.0,1,0.0,10,2013
2013,10,Hungarian Grand Prix,hungaroring,2013-07-28,ricciardo,RIC,toro_rosso,13,8,+1 Lap,8.0,10.0,18.0,0.0,26.0,9.0,0.0,12.6,13.6,0.3,8.8,16.5,2,0.0,10,2013
2013,10,Hungarian Grand Prix,hungaroring,2013-07-28,garde,VDG,caterham,14,20,+2 Laps,20.0,0.0,20.0,0.0,0.0,10.0,0.0,18.8,18.444444444444443,0.2222222222222222,16.4,11.0,0,0.0,10,2013
2013,10,Hungarian Grand Prix,hungaroring,2013-07-28,pic,PIC,caterham,15,19,+2 Laps,19.0,0.0,21.0,0.0,0.0,10.0,0.0,17.8,16.4,0.1,16.4,20.0,1,0.0,10,2013
2013,10,Hungarian Grand Prix,hungaroring,2013-07-28,jules_bianchi,BIA,marussia,16,21,+3 Laps,21.0,0.0,20.0,0.0,0.0,11.0,0.0,18.2,17.0,0.2222222222222222,16.8,11.0,0,0.0,10,2013
2013,10,Hungarian Grand Prix,hungaroring,2013-07-28,chilton,CHI,marussia,17,22,+3 Laps,22.0,0.0,20.0,0.0,0.0,11.0,0.0,17.6,17.555555555555557,0.0,16.8,11.0,0,0.0,10,2013
2013,10,Hungarian Grand Prix,hungaroring,2013-07-28,resta,DIR,force_india,18,18,Hydraulics,18.0,46.0,14.0,0.0,109.0,7.0,0.0,8.6,10.3,0.2,7.4,9.5,2,0.0,10,2013
2013,10,Hungarian Grand Prix,hungaroring,2013-07-28,rosberg,ROS,mercedes,19,4,Engine,4.0,93.0,9.0,1.0,142.0,5.0,1.0,4.4,8.9,0.2,3.2,13.666666666666666,3,0.0,10,2013
2013,10,Hungarian Grand Prix,hungaroring,2013-07-28,bottas,BOT,williams,20,16,Hydraulics,16.0,0.0,20.0,0.0,76.0,8.0,1.0,14.0,13.555555555555555,0.0,13.2,11.0,0,0.0,10,2013
2013,10,Hungarian Grand Prix,hungaroring,2013-07-28,gutierrez,GUT,sauber,21,17,Transmission,17.0,0.0,20.0,0.0,126.0,6.0,0.0,14.4,15.222222222222221,0.2222222222222222,12.4,11.0,0,0.0,10,2013
2013,10,Hungarian Grand Prix,hungaroring,2013-07-28,sutil,SUT,force_india,22,11,Hydraulics,11.0,0.0,20.0,0.0,109.0,7.0,0.0,9.6,11.5,0.2,7.4,18.5,2,0.0,10,2013
2013,11,Belgian Grand Prix,spa,2013-08-25,vettel,VET,red_bull,1,2,Finished,2.0,281.0,1.0,5.0,460.0,1.0,7.0,5.6,4.1,0.1,1.8,6.0,3,0.6666666666666666,11,2013
2013,11,Belgian Grand Prix,spa,2013-08-25,alonso,ALO,ferrari,2,9,Finished,9.0,278.0,2.0,3.0,400.0,2.0,3.0,4.2,5.5,0.1,4.2,15.666666666666666,3,0.0,11,2013
2013,11,Belgian Grand Prix,spa,2013-08-25,hamilton,HAM,mercedes,3,1,Finished,1.0,190.0,4.0,4.0,142.0,5.0,1.0,3.4,4.5,0.0,2.2,15.333333333333334,3,0.3333333333333333,11,2013
2013,11,Belgian Grand Prix,spa,2013-08-25,rosberg,ROS,mercedes,4,4,Finished,4.0,93.0,9.0,1.0,142.0,5.0,1.0,7.0,9.3,0.3,2.2,7.666666666666667,3,0.0,11,2013
2013,11,Belgian Grand Prix,spa,2013-08-25,webber,WEB,red_bull,5,3,Finished,3.0,179.0,6.0,2.0,460.0,1.0,7.0,4.0,6.0,0.1,1.8,3.3333333333333335,3,0.6666666666666666,11,2013
2013,11,Belgian Grand Prix,spa,2013-08-25,button,BUT,mclaren,6,6,Finished,6.0,188.0,5.0,3.0,378.0,3.0,7.0,8.8,9.3,0.1,8.6,8.666666666666666,3,0.6666666666666666,11,2013
2013,11,Belgian Grand Prix,spa,2013-08-25,massa,MAS,ferrari,7,10,Finished,10.0,122.0,7.0,0.0,400.0,2.0,3.0,13.0,9.8,0.2,4.2,5.666666666666667,3,0.0,11,2013
2013,11,Belgian Grand Prix,spa,2013-08-25,grosjean,GRO,lotus_f1,8,7,Finished,7.0,96.0,8.0,0.0,303.0,4.0,1.0,11.6,10.8,0.3,5.6,24.0,1,0.0,11,2013
2013,11,Belgian Grand Prix,spa,2013-08-25,sutil,SUT,force_india,9,12,Finished,12.0,0.0,20.0,0.0,109.0,7.0,0.0,11.4,13.1,0.3,9.6,6.0,2,0.0,11,2013
2013,11,Belgian Grand Prix,spa,2013-08-25,ricciardo,RIC,toro_rosso,10,19,Finished,19.0,10.0,18.0,0.0,26.0,9.0,0.0,13.2,13.6,0.3,9.2,15.0,2,0.0,11,2013
2013,11,Belgian Grand Prix,spa,2013-08-25,perez,PER,mclaren,11,13,Finished,13.0,66.0,10.0,0.0,378.0,3.0,7.0,12.8,11.0,0.2,8.6,20.5,2,0.0,11,2013
2013,11,Belgian Grand Prix,spa,2013-08-25,vergne,VER,toro_rosso,12,18,Finished,18.0,16.0,17.0,0.0,26.0,9.0,0.0,13.6,14.4,0.4,9.2,8.0,1,0.0,11,2013
2013,11,Belgian Grand Prix,spa,2013-08-25,hulkenberg,HUL,sauber,13,11,Finished,11.0,63.0,11.0,0.0,126.0,6.0,0.0,12.6,13.0,0.2,12.4,9.0,2,0.0,11,2013
2013,11,Belgian Grand Prix,spa,2013-08-25,gutierrez,GUT,sauber,14,21,Finished,21.0,0.0,20.0,0.0,126.0,6.0,0.0,16.4,15.8,0.3,12.4,11.0,0,0.0,11,2013
2013,11,Belgian Grand Prix,spa,2013-08-25,bottas,BOT,williams,15,20,Finished,20.0,0.0,20.0,0.0,76.0,8.0,1.0,14.8,14.2,0.1,12.4,11.0,0,0.0,11,2013
2013,11,Belgian Grand Prix,spa,2013-08-25,garde,VDG,caterham,16,14,+1 Lap,14.0,0.0,20.0,0.0,0.0,10.0,0.0,17.4,18.0,0.2,15.8,11.0,0,0.0,11,2013
2013,11,Belgian Grand Prix,spa,2013-08-25,maldonado,MAL,williams,17,17,+1 Lap,17.0,45.0,15.0,1.0,76.0,8.0,1.0,14.4,15.1,0.3,12.4,15.0,2,0.0,11,2013
2013,11,Belgian Grand Prix,spa,2013-08-25,jules_bianchi,BIA,marussia,18,15,+1 Lap,15.0,0.0,20.0,0.0,0.0,11.0,0.0,17.8,16.9,0.2,16.4,11.0,0,0.0,11,2013
2013,11,Belgian Grand Prix,spa,2013-08-25,chilton,CHI,marussia,19,16,+2 Laps,16.0,0.0,20.0,0.0,0.0,11.0,0.0,17.2,17.5,0.0,16.4,11.0,0,0.0,11,2013
2013,11,Belgian Grand Prix,spa,2013-08-25,resta,DIR,force_india,20,5,Collision,5.0,46.0,14.0,0.0,109.0,7.0,0.0,10.8,10.2,0.2,9.6,10.5,2,0.0,11,2013
2013,11,Belgian Grand Prix,spa,2013-08-25,raikkonen,RAI,lotus_f1,21,8,Brakes,8.0,207.0,3.0,1.0,303.0,4.0,1.0,5.6,4.2,0.0,5.6,3.0,1,1.0,11,2013
2013,11,Belgian Grand Prix,spa,2013-08-25,pic,PIC,caterham,22,22,Oil leak,22.0,0.0,21.0,0.0,0.0,10.0,0.0,17.4,16.7,0.1,15.8,16.0,1,0.0,11,2013
2013,12,Italian Grand Prix,monza,2013-09-08,vettel,VET,red_bull,1,1,Finished,1.0,281.0,1.0,5.0,460.0,1.0,7.0,5.4,3.9,0.1,1.6,9.0,3,0.3333333333333333,12,2013
2013,12,Italian Grand Prix,monza,2013-09-08,alonso,ALO,ferrari,2,5,Finished,5.0,278.0,2.0,3.0,400.0,2.0,3.0,3.2,5.5,0.1,3.2,2.3333333333333335,3,1.0,12,2013
2013,12,Italian Grand Prix,monza,2013-09-08,webber,WEB,red_bull,3,2,Finished,2.0,179.0,6.0,2.0,460.0,1.0,7.0,4.4,5.9,0.1,1.6,15.333333333333334,3,0.0,12,2013
2013,12,Italian Grand Prix,monza,2013-09-08,massa,MAS,ferrari,4,4,Finished,4.0,122.0,7.0,0.0,400.0,2.0,3.0,10.2,10.1,0.2,3.2,4.333333333333333,3,0.3333333333333333,12,2013
2013,12,Italian Grand Prix,monza,2013-09-08,hulkenberg,HUL,sauber,5,3,Finished,3.0,63.0,11.0,0.0,126.0,6.0,0.0,13.0,12.1,0.1,12.8,14.0,2,0.0,12,2013
2013,12,Italian Grand Prix,monza,2013-09-08,rosberg,ROS,mercedes,6,6,Finished,6.0,93.0,9.0,1.0,142.0,5.0,1.0,7.6,7.7,0.2,2.6,11.666666666666666,3,0.0,12,2013
2013,12,Italian Grand Prix,monza,2013-09-08,ricciardo,RIC,toro_rosso,7,7,Finished,7.0,10.0,18.0,0.0,26.0,9.0,0.0,11.6,12.7,0.2,9.6,14.0,2,0.0,12,2013
2013,12,Italian Grand Prix,monza,2013-09-08,grosjean,GRO,lotus_f1,8,13,Finished,13.0,96.0,8.0,0.0,303.0,4.0,1.0,9.8,10.6,0.3,5.2,11.0,0,0.0,12,2013
2013,12,Italian Grand Prix,monza,2013-09-08,hamilton,HAM,mercedes,9,12,Finished,12.0,190.0,4.0,4.0,142.0,5.0,1.0,3.2,4.3,0.0,2.6,9.333333333333334,3,0.3333333333333333,12,2013
2013,12,Italian Grand Prix,monza,2013-09-08,button,BUT,mclaren,10,9,Finished,9.0,188.0,5.0,3.0,378.0,3.0,7.0,8.8,9.0,0.1,8.6,9.0,3,0.6666666666666666,12,2013
2013,12,Italian Grand Prix,monza,2013-09-08,raikkonen,RAI,lotus_f1,11,11,Finished,11.0,207.0,3.0,1.0,303.0,4.0,1.0,7.8,6.2,0.1,5.2,5.0,1,0.0,12,2013
2013,12,Italian Grand Prix,monza,2013-09-08,perez,PER,mclaren,12,8,Finished,8.0,66.0,10.0,0.0,378.0,3.0,7.0,11.8,11.0,0.2,8.6,9.5,2,0.5,12,2013
2013,12,Italian Grand Prix,monza,2013-09-08,gutierrez,GUT,sauber,13,16,Finished,16.0,0.0,20.0,0.0,126.0,6.0,0.0,16.6,15.9,0.3,12.8,11.0,0,0.0,12,2013
2013,12,Italian Grand Prix,monza,2013-09-08,maldonado,MAL,williams,14,14,Finished,14.0,45.0,15.0,1.0,76.0,8.0,1.0,13.8,14.7,0.2,13.0,11.0,2,0.0,12,2013
2013,12,Italian Grand Prix,monza,2013-09-08,bottas,BOT,williams,15,18,Finished,18.0,0.0,20.0,0.0,76.0,8.0,1.0,15.4,14.3,0.1,13.0,11.0,0,0.0,12,2013
2013,12,Italian Grand Prix,monza,2013-09-08,sutil,SUT,force_india,16,17,+1 Lap,17.0,0.0,20.0,0.0,109.0,7.0,0.0,12.2,13.3,0.3,10.4,17.5,2,0.0,12,2013
2013,12,Italian Grand Prix,monza,2013-09-08,pic,PIC,caterham,17,20,+1 Lap,20.0,0.0,21.0,0.0,0.0,10.0,0.0,17.4,17.3,0.2,16.0,16.0,1,0.0,12,2013
2013,12,Italian Grand Prix,monza,2013-09-08,garde,VDG,caterham,18,19,+1 Lap,19.0,0.0,20.0,0.0,0.0,10.0,0.0,17.6,17.8,0.2,16.0,11.0,0,0.0,12,2013
2013,12,Italian Grand Prix,monza,2013-09-08,jules_bianchi,BIA,marussia,19,21,+1 Lap,21.0,0.0,20.0,0.0,0.0,11.0,0.0,17.6,17.2,0.2,17.2,11.0,0,0.0,12,2013
2013,12,Italian Grand Prix,monza,2013-09-08,chilton,CHI,marussia,20,22,+1 Lap,22.0,0.0,20.0,0.0,0.0,11.0,0.0,18.2,17.7,0.0,17.2,11.0,0,0.0,12,2013
2013,12,Italian Grand Prix,monza,2013-09-08,vergne,VER,toro_rosso,21,10,Transmission,10.0,16.0,17.0,0.0,26.0,9.0,0.0,14.4,14.4,0.4,9.6,24.0,1,0.0,12,2013
2013,12,Italian Grand Prix,monza,2013-09-08,resta,DIR,force_india,22,15,Accident,15.0,46.0,14.0,0.0,109.0,7.0,0.0,13.0,11.4,0.3,10.4,8.0,2,0.0,12,2013
2013,13,Singapore Grand Prix,marina_bay,2013-09-22,vettel,VET,red_bull,1,1,Finished,1.0,281.0,1.0,5.0,460.0,1.0,7.0,5.4,3.9,0.1,1.6,1.3333333333333333,3,1.0,13,2013
2013,13,Singapore Grand Prix,marina_bay,2013-09-22,alonso,ALO,ferrari,2,7,Finished,7.0,278.0,2.0,3.0,400.0,2.0,3.0,3.2,3.5,0.0,3.2,2.6666666666666665,3,0.6666666666666666,13,2013
2013,13,Singapore Grand Prix,marina_bay,2013-09-22,raikkonen,RAI,lotus_f1,3,13,Finished,13.0,207.0,3.0,1.0,303.0,4.0,1.0,8.2,6.6,0.1,5.0,6.0,1,0.0,13,2013
2013,13,Singapore Grand Prix,marina_bay,2013-09-22,rosberg,ROS,mercedes,4,2,Finished,2.0,93.0,9.0,1.0,142.0,5.0,1.0,7.8,7.9,0.2,3.2,5.666666666666667,3,0.0,13,2013
2013,13,Singapore Grand Prix,marina_bay,2013-09-22,hamilton,HAM,mercedes,5,5,Finished,5.0,190.0,4.0,4.0,142.0,5.0,1.0,4.4,4.9,0.0,3.2,16.0,3,0.0,13,2013
2013,13,Singapore Grand Prix,marina_bay,2013-09-22,massa,MAS,ferrari,6,6,Finished,6.0,122.0,7.0,0.0,400.0,2.0,3.0,9.4,10.0,0.2,3.2,8.333333333333334,3,0.0,13,2013
2013,13,Singapore Grand Prix,marina_bay,2013-09-22,button,BUT,mclaren,7,8,Finished,8.0,188.0,5.0,3.0,378.0,3.0,7.0,8.4,8.3,0.0,8.4,2.6666666666666665,3,0.6666666666666666,13,2013
2013,13,Singapore Grand Prix,marina_bay,2013-09-22,perez,PER,mclaren,8,14,Finished,14.0,66.0,10.0,0.0,378.0,3.0,7.0,12.0,11.3,0.2,8.4,10.0,2,0.0,13,2013
2013,13,Singapore Grand Prix,marina_bay,2013-09-22,hulkenberg,HUL,sauber,9,11,Finished,11.0,63.0,11.0,0.0,126.0,6.0,0.0,9.8,11.8,0.1,9.8,12.0,2,0.0,13,2013
2013,13,Singapore Grand Prix,marina_bay,2013-09-22,sutil,SUT,force_india,10,15,Finished,15.0,0.0,20.0,0.0,109.0,7.0,0.0,13.4,12.9,0.2,12.2,8.5,2,0.0,13,2013
2013,13,Singapore Grand Prix,marina_bay,2013-09-22,maldonado,MAL,williams,11,18,Finished,18.0,45.0,15.0,1.0,76.0,8.0,1.0,13.4,14.2,0.1,13.0,16.5,2,0.0,13,2013
2013,13,Singapore Grand Prix,marina_bay,2013-09-22,gutierrez,GUT,sauber,12,10,Finished,10.0,0.0,20.0,0.0,126.0,6.0,0.0,15.2,16.0,0.3,9.8,11.0,0,0.0,13,2013
2013,13,Singapore Grand Prix,marina_bay,2013-09-22,bottas,BOT,williams,13,16,Finished,16.0,0.0,20.0,0.0,76.0,8.0,1.0,15.6,14.7,0.1,13.0,11.0,0,0.0,13,2013
2013,13,Singapore Grand Prix,marina_bay,2013-09-22,vergne,VER,toro_rosso,14,12,Finished,12.0,16.0,17.0,0.0,26.0,9.0,0.0,17.4,15.5,0.5,9.8,20.0,1,0.0,13,2013
2013,13,Singapore Grand Prix,marina_bay,2013-09-22,webber,WEB,red_bull,15,4,Water pressure,4.0,179.0,6.0,2.0,460.0,1.0,7.0,4.2,6.0,0.1,1.6,5.666666666666667,3,0.6666666666666666,13,2013
2013,13,Singapore Grand Prix,marina_bay,2013-09-22,garde,VDG,caterham,16,20,+1 Lap,20.0,0.0,20.0,0.0,0.0,10.0,0.0,16.8,18.1,0.2,15.8,11.0,0,0.0,13,2013
2013,13,Singapore Grand Prix,marina_bay,2013-09-22,chilton,CHI,marussia,17,22,+1 Lap,22.0,0.0,20.0,0.0,0.0,11.0,0.0,18.4,18.1,0.0,17.6,11.0,0,0.0,13,2013
2013,13,Singapore Grand Prix,marina_bay,2013-09-22,jules_bianchi,BIA,marussia,18,21,+1 Lap,21.0,0.0,20.0,0.0,0.0,11.0,0.0,18.0,17.8,0.2,17.6,11.0,0,0.0,13,2013
2013,13,Singapore Grand Prix,marina_bay,2013-09-22,pic,PIC,caterham,19,19,+1 Lap,19.0,0.0,21.0,0.0,0.0,10.0,0.0,17.2,17.6,0.2,15.8,16.0,1,0.0,13,2013
2013,13,Singapore Grand Prix,marina_bay,2013-09-22,resta,DIR,force_india,20,17,Accident,17.0,46.0,14.0,0.0,109.0,7.0,0.0,16.0,11.5,0.3,12.2,5.0,2,0.0,13,2013
2013,13,Singapore Grand Prix,marina_bay,2013-09-22,grosjean,GRO,lotus_f1,21,3,Pneumatics,3.0,96.0,8.0,0.0,303.0,4.0,1.0,8.8,10.8,0.3,5.0,7.0,1,0.0,13,2013
2013,13,Singapore Grand Prix,marina_bay,2013-09-22,ricciardo,RIC,toro_rosso,22,9,Accident,9.0,10.0,18.0,0.0,26.0,9.0,0.0,10.0,11.6,0.1,9.8,14.0,2,0.0,13,2013
2013,14,Korean Grand Prix,yeongam,2013-10-06,vettel,VET,red_bull,1,1,Finished,1.0,281.0,1.0,5.0,460.0,1.0,7.0,1.4,3.6,0.1,1.4,6.333333333333333,3,0.6666666666666666,14,2013
2013,14,Korean Grand Prix,yeongam,2013-10-06,raikkonen,RAI,lotus_f1,2,9,Finished,9.0,207.0,3.0,1.0,303.0,4.0,1.0,7.8,6.7,0.1,4.6,5.0,1,0.0,14,2013
2013,14,Korean Grand Prix,yeongam,2013-10-06,grosjean,GRO,lotus_f1,3,3,Finished,3.0,96.0,8.0,0.0,303.0,4.0,1.0,9.2,12.0,0.4,4.6,7.0,1,0.0,14,2013
2013,14,Korean Grand Prix,yeongam,2013-10-06,hulkenberg,HUL,sauber,4,7,Finished,7.0,63.0,11.0,0.0,126.0,6.0,0.0,9.6,11.7,0.1,9.6,8.0,2,0.0,14,2013
2013,14,Korean Grand Prix,yeongam,2013-10-06,hamilton,HAM,mercedes,5,2,Finished,2.0,190.0,4.0,4.0,142.0,5.0,1.0,4.6,5.1,0.0,3.8,4.666666666666667,3,0.6666666666666666,14,2013
2013,14,Korean Grand Prix,yeongam,2013-10-06,alonso,ALO,ferrari,6,5,Finished,5.0,278.0,2.0,3.0,400.0,2.0,3.0,3.0,3.6,0.0,3.0,3.0,3,0.6666666666666666,14,2013
2013,14,Korean Grand Prix,yeongam,2013-10-06,rosberg,ROS,mercedes,7,4,Finished,4.0,93.0,9.0,1.0,142.0,5.0,1.0,8.4,6.4,0.1,3.8,18.333333333333332,3,0.0,14,2013
2013,14,Korean Grand Prix,yeongam,2013-10-06,button,BUT,mclaren,8,11,Finished,11.0,188.0,5.0,3.0,378.0,3.0,7.0,7.2,8.5,0.0,7.2,13.333333333333334,3,0.0,14,2013
2013,14,Korean Grand Prix,yeongam,2013-10-06,massa,MAS,ferrari,9,6,Finished,6.0,122.0,7.0,0.0,400.0,2.0,3.0,9.4,10.0,0.2,3.0,4.333333333333333,3,0.3333333333333333,14,2013
2013,14,Korean Grand Prix,yeongam,2013-10-06,perez,PER,mclaren,10,10,Finished,10.0,66.0,10.0,0.0,378.0,3.0,7.0,9.6,11.0,0.2,7.2,13.5,2,0.0,14,2013
2013,14,Korean Grand Prix,yeongam,2013-10-06,gutierrez,GUT,sauber,11,8,Finished,8.0,0.0,20.0,0.0,126.0,6.0,0.0,14.8,15.0,0.2,9.6,11.0,0,0.0,14,2013
2013,14,Korean Grand Prix,yeongam,2013-10-06,bottas,BOT,williams,12,17,Finished,17.0,0.0,20.0,0.0,76.0,8.0,1.0,15.8,14.7,0.1,13.0,11.0,0,0.0,14,2013
2013,14,Korean Grand Prix,yeongam,2013-10-06,maldonado,MAL,williams,13,18,Finished,18.0,45.0,15.0,1.0,76.0,8.0,1.0,13.4,13.9,0.1,13.0,18.0,2,0.0,14,2013
2013,14,Korean Grand Prix,yeongam,2013-10-06,pic,PIC,caterham,14,19,Finished,19.0,0.0,21.0,0.0,0.0,10.0,0.0,18.0,17.9,0.2,16.0,19.0,1,0.0,14,2013
2013,14,Korean Grand Prix,yeongam,2013-10-06,garde,VDG,caterham,15,20,Finished,20.0,0.0,20.0,0.0,0.0,10.0,0.0,16.4,17.9,0.2,16.0,11.0,0,0.0,14,2013
2013,14,Korean Grand Prix,yeongam,2013-10-06,jules_bianchi,BIA,marussia,16,22,Finished,22.0,0.0,20.0,0.0,0.0,11.0,0.0,18.4,18.1,0.2,17.8,11.0,0,0.0,14,2013
2013,14,Korean Grand Prix,yeongam,2013-10-06,chilton,CHI,marussia,17,21,Finished,21.0,0.0,20.0,0.0,0.0,11.0,0.0,18.4,18.1,0.0,17.8,11.0,0,0.0,14,2013
2013,14,Korean Grand Prix,yeongam,2013-10-06,vergne,VER,toro_rosso,18,16,+2 Laps,16.0,16.0,17.0,0.0,26.0,9.0,0.0,15.8,15.7,0.5,11.0,8.0,1,0.0,14,2013
2013,14,Korean Grand Prix,yeongam,2013-10-06,ricciardo,RIC,toro_rosso,19,12,+3 Laps,12.0,10.0,18.0,0.0,26.0,9.0,0.0,12.8,13.1,0.2,11.0,14.0,2,0.0,14,2013
2013,14,Korean Grand Prix,yeongam,2013-10-06,sutil,SUT,force_india,20,14,Collision,14.0,0.0,20.0,0.0,109.0,7.0,0.0,14.0,11.8,0.1,12.8,13.5,2,0.0,14,2013
2013,14,Korean Grand Prix,yeongam,2013-10-06,webber,WEB,red_bull,21,13,Collision,13.0,179.0,6.0,2.0,460.0,1.0,7.0,6.8,5.5,0.1,1.4,9.333333333333334,3,0.6666666666666666,14,2013
2013,14,Korean Grand Prix,yeongam,2013-10-06,resta,DIR,force_india,22,15,Spun off,15.0,46.0,14.0,0.0,109.0,7.0,0.0,18.2,12.7,0.4,12.8,11.0,2,0.0,14,2013
2013,15,Japanese Grand Prix,suzuka,2013-10-13,vettel,VET,red_bull,1,2,Finished,2.0,281.0,1.0,5.0,460.0,1.0,7.0,1.4,3.6,0.1,1.4,1.6666666666666667,3,1.0,15,2013
2013,15,Japanese Grand Prix,suzuka,2013-10-13,webber,WEB,red_bull,2,1,Finished,1.0,179.0,6.0,2.0,460.0,1.0,7.0,9.6,6.9,0.2,1.4,5.0,3,0.3333333333333333,15,2013
2013,15,Japanese Grand Prix,suzuka,2013-10-13,grosjean,GRO,lotus_f1,3,4,Finished,4.0,96.0,8.0,0.0,303.0,4.0,1.0,9.2,12.0,0.4,4.6,19.0,1,0.0,15,2013
2013,15,Japanese Grand Prix,suzuka,2013-10-13,alonso,ALO,ferrari,4,8,Finished,8.0,278.0,2.0,3.0,400.0,2.0,3.0,3.4,3.4,0.0,3.4,9.333333333333334,3,0.6666666666666666,15,2013
2013,15,Japanese Grand Prix,suzuka,2013-10-13,raikkonen,RAI,lotus_f1,5,9,Finished,9.0,207.0,3.0,1.0,303.0,4.0,1.0,7.8,6.7,0.1,4.6,6.0,1,0.0,15,2013
2013,15,Japanese Grand Prix,suzuka,2013-10-13,hulkenberg,HUL,sauber,6,7,Finished,7.0,63.0,11.0,0.0,126.0,6.0,0.0,8.4,10.9,0.1,8.4,13.5,2,0.0,15,2013
2013,15,Japanese Grand Prix,suzuka,2013-10-13,gutierrez,GUT,sauber,7,14,Finished,14.0,0.0,20.0,0.0,126.0,6.0,0.0,14.2,14.3,0.2,8.4,11.0,0,0.0,15,2013
2013,15,Japanese Grand Prix,suzuka,2013-10-13,rosberg,ROS,mercedes,8,6,Finished,6.0,93.0,9.0,1.0,142.0,5.0,1.0,8.0,6.2,0.1,3.8,17.0,3,0.0,15,2013
2013,15,Japanese Grand Prix,suzuka,2013-10-13,button,BUT,mclaren,9,10,Finished,10.0,188.0,5.0,3.0,378.0,3.0,7.0,7.6,8.3,0.0,7.6,3.0,3,0.3333333333333333,15,2013
2013,15,Japanese Grand Prix,suzuka,2013-10-13,massa,MAS,ferrari,10,5,Finished,5.0,122.0,7.0,0.0,400.0,2.0,3.0,6.8,9.4,0.2,3.4,10.0,3,0.3333333333333333,15,2013
2013,15,Japanese Grand Prix,suzuka,2013-10-13,resta,DIR,force_india,11,12,Finished,12.0,46.0,14.0,0.0,109.0,7.0,0.0,20.4,14.5,0.5,14.6,12.0,2,0.0,15,2013
2013,15,Japanese Grand Prix,suzuka,2013-10-13,vergne,VER,toro_rosso,12,17,+1 Lap,17.0,16.0,17.0,0.0,26.0,9.0,0.0,15.4,15.3,0.4,12.2,13.0,1,0.0,15,2013
2013,15,Japanese Grand Prix,suzuka,2013-10-13,ricciardo,RIC,toro_rosso,13,16,+1 Lap,16.0,10.0,18.0,0.0,26.0,9.0,0.0,14.2,13.4,0.2,12.2,16.0,2,0.0,15,2013
2013,15,Japanese Grand Prix,suzuka,2013-10-13,sutil,SUT,force_india,14,22,+1 Lap,22.0,0.0,20.0,0.0,109.0,7.0,0.0,15.4,12.5,0.2,14.6,14.5,2,0.0,15,2013
2013,15,Japanese Grand Prix,suzuka,2013-10-13,perez,PER,mclaren,15,11,+1 Lap,11.0,66.0,10.0,0.0,378.0,3.0,7.0,10.0,11.4,0.2,7.6,15.0,2,0.0,15,2013
2013,15,Japanese Grand Prix,suzuka,2013-10-13,maldonado,MAL,williams,16,15,+1 Lap,15.0,45.0,15.0,1.0,76.0,8.0,1.0,13.0,14.1,0.1,12.4,11.0,2,0.0,15,2013
2013,15,Japanese Grand Prix,suzuka,2013-10-13,bottas,BOT,williams,17,13,+1 Lap,13.0,0.0,20.0,0.0,76.0,8.0,1.0,15.0,14.5,0.1,12.4,11.0,0,0.0,15,2013
2013,15,Japanese Grand Prix,suzuka,2013-10-13,pic,PIC,caterham,18,20,+1 Lap,20.0,0.0,21.0,0.0,0.0,10.0,0.0,17.4,17.6,0.2,15.4,20.0,1,0.0,15,2013
2013,15,Japanese Grand Prix,suzuka,2013-10-13,chilton,CHI,marussia,19,18,+1 Lap,18.0,0.0,20.0,0.0,0.0,11.0,0.0,18.0,17.8,0.0,17.2,11.0,0,0.0,15,2013
2013,15,Japanese Grand Prix,suzuka,2013-10-13,hamilton,HAM,mercedes,20,3,Puncture,3.0,190.0,4.0,4.0,142.0,5.0,1.0,4.6,5.1,0.0,3.8,5.0,3,0.0,15,2013
2013,15,Japanese Grand Prix,suzuka,2013-10-13,garde,VDG,caterham,21,19,Accident,19.0,0.0,20.0,0.0,0.0,10.0,0.0,15.8,17.3,0.2,15.4,11.0,0,0.0,15,2013
2013,15,Japanese Grand Prix,suzuka,2013-10-13,jules_bianchi,BIA,marussia,22,21,Accident,21.0,0.0,20.0,0.0,0.0,11.0,0.0,17.4,17.8,0.2,17.2,11.0,0,0.0,15,2013
2013,16,Indian Grand Prix,buddh,2013-10-27,vettel,VET,red_bull,1,1,Finished,1.0,281.0,1.0,5.0,460.0,1.0,7.0,1.0,3.3,0.1,1.0,1.0,2,1.0,16,2013
2013,16,Indian Grand Prix,buddh,2013-10-27,rosberg,ROS,mercedes,2,2,Finished,2.0,93.0,9.0,1.0,142.0,5.0,1.0,5.8,6.4,0.1,5.2,8.5,2,0.0,16,2013
2013,16,Indian Grand Prix,buddh,2013-10-27,grosjean,GRO,lotus_f1,3,17,Finished,17.0,96.0,8.0,0.0,303.0,4.0,1.0,8.6,10.1,0.3,4.8,9.0,1,0.0,16,2013
2013,16,Indian Grand Prix,buddh,2013-10-27,massa,MAS,ferrari,4,5,Finished,5.0,122.0,7.0,0.0,400.0,2.0,3.0,7.2,10.1,0.2,3.2,13.0,2,0.0,16,2013
2013,16,Indian Grand Prix,buddh,2013-10-27,perez,PER,mclaren,5,9,Finished,9.0,66.0,10.0,0.0,378.0,3.0,7.0,11.2,12.0,0.2,8.0,17.0,2,0.0,16,2013
2013,16,Indian Grand Prix,buddh,2013-10-27,hamilton,HAM,mercedes,6,3,Finished,3.0,190.0,4.0,4.0,142.0,5.0,1.0,8.4,5.9,0.1,5.2,5.5,2,0.0,16,2013
2013,16,Indian Grand Prix,buddh,2013-10-27,raikkonen,RAI,lotus_f1,7,6,Finished,6.0,207.0,3.0,1.0,303.0,4.0,1.0,8.4,7.0,0.1,4.8,7.0,1,0.0,16,2013
2013,16,Indian Grand Prix,buddh,2013-10-27,resta,DIR,force_india,8,12,Finished,12.0,46.0,14.0,0.0,109.0,7.0,0.0,19.0,14.9,0.5,13.2,12.5,2,0.0,16,2013
2013,16,Indian Grand Prix,buddh,2013-10-27,sutil,SUT,force_india,9,13,Finished,13.0,0.0,20.0,0.0,109.0,7.0,0.0,13.8,12.6,0.2,13.2,9.0,1,0.0,16,2013
2013,16,Indian Grand Prix,buddh,2013-10-27,ricciardo,RIC,toro_rosso,10,11,Finished,11.0,10.0,18.0,0.0,26.0,9.0,0.0,14.2,13.7,0.2,12.2,15.5,2,0.0,16,2013
2013,16,Indian Grand Prix,buddh,2013-10-27,alonso,ALO,ferrari,11,8,Finished,8.0,278.0,2.0,3.0,400.0,2.0,3.0,3.2,3.7,0.0,3.2,2.5,2,1.0,16,2013
2013,16,Indian Grand Prix,buddh,2013-10-27,maldonado,MAL,williams,12,18,Finished,18.0,45.0,15.0,1.0,76.0,8.0,1.0,14.2,14.3,0.1,13.6,19.0,2,0.0,16,2013
2013,16,Indian Grand Prix,buddh,2013-10-27,vergne,VER,toro_rosso,13,14,+1 Lap,14.0,16.0,17.0,0.0,26.0,9.0,0.0,15.4,14.5,0.3,12.2,15.0,1,0.0,16,2013
2013,16,Indian Grand Prix,buddh,2013-10-27,button,BUT,mclaren,14,10,+1 Lap,10.0,188.0,5.0,3.0,378.0,3.0,7.0,8.0,8.4,0.0,8.0,3.5,2,0.5,16,2013
2013,16,Indian Grand Prix,buddh,2013-10-27,gutierrez,GUT,sauber,15,16,+1 Lap,16.0,0.0,20.0,0.0,126.0,6.0,0.0,11.4,13.9,0.2,7.4,11.0,0,0.0,16,2013
2013,16,Indian Grand Prix,buddh,2013-10-27,bottas,BOT,williams,16,15,+1 Lap,15.0,0.0,20.0,0.0,76.0,8.0,1.0,14.4,14.6,0.1,13.6,11.0,0,0.0,16,2013
2013,16,Indian Grand Prix,buddh,2013-10-27,chilton,CHI,marussia,17,22,+2 Laps,22.0,0.0,20.0,0.0,0.0,11.0,0.0,18.4,17.8,0.0,17.8,11.0,0,0.0,16,2013
2013,16,Indian Grand Prix,buddh,2013-10-27,jules_bianchi,BIA,marussia,18,19,+2 Laps,19.0,0.0,20.0,0.0,0.0,11.0,0.0,18.6,18.2,0.3,17.8,11.0,0,0.0,16,2013
2013,16,Indian Grand Prix,buddh,2013-10-27,hulkenberg,HUL,sauber,19,7,Mechanical,7.0,63.0,11.0,0.0,126.0,6.0,0.0,7.4,10.0,0.1,7.4,8.0,1,0.0,16,2013
2013,16,Indian Grand Prix,buddh,2013-10-27,webber,WEB,red_bull,20,4,Alternator,4.0,179.0,6.0,2.0,460.0,1.0,7.0,9.2,6.6,0.2,1.0,3.5,2,0.5,16,2013
2013,16,Indian Grand Prix,buddh,2013-10-27,pic,PIC,caterham,21,21,Hydraulics,21.0,0.0,21.0,0.0,0.0,10.0,0.0,18.0,17.7,0.2,16.2,19.0,1,0.0,16,2013
2013,16,Indian Grand Prix,buddh,2013-10-27,garde,VDG,caterham,22,20,Collision,20.0,0.0,20.0,0.0,0.0,10.0,0.0,17.2,17.3,0.2,16.2,11.0,0,0.0,16,2013
2013,17,Abu Dhabi Grand Prix,yas_marina,2013-11-03,vettel,VET,red_bull,1,2,Finished,2.0,281.0,1.0,5.0,460.0,1.0,7.0,1.0,3.2,0.1,1.0,9.333333333333334,3,0.6666666666666666,17,2013
2013,17,Abu Dhabi Grand Prix,yas_marina,2013-11-03,webber,WEB,red_bull,2,1,Finished,1.0,179.0,6.0,2.0,460.0,1.0,7.0,12.2,8.3,0.3,1.0,10.666666666666666,3,0.0,17,2013
2013,17,Abu Dhabi Grand Prix,yas_marina,2013-11-03,rosberg,ROS,mercedes,3,3,Finished,3.0,93.0,9.0,1.0,142.0,5.0,1.0,5.4,6.5,0.1,5.0,11.0,3,0.0,17,2013
2013,17,Abu Dhabi Grand Prix,yas_marina,2013-11-03,grosjean,GRO,lotus_f1,4,6,Finished,6.0,96.0,8.0,0.0,303.0,4.0,1.0,7.6,8.7,0.2,3.8,19.0,1,0.0,17,2013
2013,17,Abu Dhabi Grand Prix,yas_marina,2013-11-03,alonso,ALO,ferrari,5,10,Finished,10.0,278.0,2.0,3.0,400.0,2.0,3.0,5.0,4.1,0.0,3.6,3.6666666666666665,3,0.6666666666666666,17,2013
2013,17,Abu Dhabi Grand Prix,yas_marina,2013-11-03,resta,DIR,force_india,6,11,Finished,11.0,46.0,14.0,0.0,109.0,7.0,0.0,16.6,14.8,0.5,13.0,9.0,2,0.0,17,2013
2013,17,Abu Dhabi Grand Prix,yas_marina,2013-11-03,hamilton,HAM,mercedes,7,4,Finished,4.0,190.0,4.0,4.0,142.0,5.0,1.0,9.0,6.1,0.1,5.0,8.0,3,0.6666666666666666,17,2013
2013,17,Abu Dhabi Grand Prix,yas_marina,2013-11-03,massa,MAS,ferrari,8,7,Finished,7.0,122.0,7.0,0.0,400.0,2.0,3.0,6.6,8.4,0.1,3.6,7.333333333333333,3,0.0,17,2013
2013,17,Abu Dhabi Grand Prix,yas_marina,2013-11-03,perez,PER,mclaren,9,8,Finished,8.0,66.0,10.0,0.0,378.0,3.0,7.0,10.0,10.9,0.1,7.8,13.0,2,0.0,17,2013
2013,17,Abu Dhabi Grand Prix,yas_marina,2013-11-03,sutil,SUT,force_india,10,17,Finished,17.0,0.0,20.0,0.0,109.0,7.0,0.0,13.8,13.0,0.2,13.0,10.5,2,0.0,17,2013
2013,17,Abu Dhabi Grand Prix,yas_marina,2013-11-03,maldonado,MAL,williams,11,14,Finished,14.0,45.0,15.0,1.0,76.0,8.0,1.0,13.2,13.5,0.0,13.0,9.5,2,0.0,17,2013
2013,17,Abu Dhabi Grand Prix,yas_marina,2013-11-03,button,BUT,mclaren,12,12,Finished,12.0,188.0,5.0,3.0,378.0,3.0,7.0,9.6,9.2,0.0,7.8,3.3333333333333335,3,0.6666666666666666,17,2013
2013,17,Abu Dhabi Grand Prix,yas_marina,2013-11-03,gutierrez,GUT,sauber,13,16,Finished,16.0,0.0,20.0,0.0,126.0,6.0,0.0,11.6,14.1,0.2,7.8,11.0,0,0.0,17,2013
2013,17,Abu Dhabi Grand Prix,yas_marina,2013-11-03,hulkenberg,HUL,sauber,14,5,+1 Lap,5.0,63.0,11.0,0.0,126.0,6.0,0.0,8.6,10.8,0.2,7.8,20.0,2,0.0,17,2013
2013,17,Abu Dhabi Grand Prix,yas_marina,2013-11-03,bottas,BOT,williams,15,15,+1 Lap,15.0,0.0,20.0,0.0,76.0,8.0,1.0,14.6,15.0,0.1,13.0,11.0,0,0.0,17,2013
2013,17,Abu Dhabi Grand Prix,yas_marina,2013-11-03,ricciardo,RIC,toro_rosso,16,9,+1 Lap,9.0,10.0,18.0,0.0,26.0,9.0,0.0,14.2,12.9,0.1,12.2,15.5,2,0.0,17,2013
2013,17,Abu Dhabi Grand Prix,yas_marina,2013-11-03,vergne,VER,toro_rosso,17,13,+1 Lap,13.0,16.0,17.0,0.0,26.0,9.0,0.0,15.6,15.0,0.3,12.2,12.0,1,0.0,17,2013
2013,17,Abu Dhabi Grand Prix,yas_marina,2013-11-03,garde,VDG,caterham,18,18,+1 Lap,18.0,0.0,20.0,0.0,0.0,10.0,0.0,18.4,18.0,0.3,17.2,11.0,0,0.0,17,2013
2013,17,Abu Dhabi Grand Prix,yas_marina,2013-11-03,pic,PIC,caterham,19,19,+1 Lap,19.0,0.0,21.0,0.0,0.0,10.0,0.0,17.8,17.6,0.2,17.2,18.0,1,0.0,17,2013
2013,17,Abu Dhabi Grand Prix,yas_marina,2013-11-03,jules_bianchi,BIA,marussia,20,21,+2 Laps,21.0,0.0,20.0,0.0,0.0,11.0,0.0,18.6,18.1,0.2,17.6,11.0,0,0.0,17,2013
2013,17,Abu Dhabi Grand Prix,yas_marina,2013-11-03,chilton,CHI,marussia,21,20,+2 Laps,20.0,0.0,20.0,0.0,0.0,11.0,0.0,18.0,18.1,0.0,17.6,11.0,0,0.0,17,2013
2013,17,Abu Dhabi Grand Prix,yas_marina,2013-11-03,raikkonen,RAI,lotus_f1,22,22,Accident,22.0,207.0,3.0,1.0,303.0,4.0,1.0,5.6,6.7,0.1,3.8,1.0,1,1.0,17,2013
2013,18,United States Grand Prix,americas,2013-11-17,vettel,VET,red_bull,1,1,Finished,1.0,281.0,1.0,5.0,460.0,1.0,7.0,1.0,3.2,0.1,1.0,2.0,1,1.0,18,2013
2013,18,United States Grand Prix,americas,2013-11-17,grosjean,GRO,lotus_f1,2,3,Finished,3.0,96.0,8.0,0.0,303.0,4.0,1.0,6.8,7.8,0.2,3.0,7.0,1,0.0,18,2013
2013,18,United States Grand Prix,americas,2013-11-17,webber,WEB,red_bull,3,2,Finished,2.0,179.0,6.0,2.0,460.0,1.0,7.0,12.0,8.1,0.3,1.0,23.0,1,0.0,18,2013
2013,18,United States Grand Prix,americas,2013-11-17,hamilton,HAM,mercedes,4,5,Finished,5.0,190.0,4.0,4.0,142.0,5.0,1.0,8.6,6.5,0.1,4.4,1.0,1,1.0,18,2013
2013,18,United States Grand Prix,americas,2013-11-17,alonso,ALO,ferrari,5,6,Finished,6.0,278.0,2.0,3.0,400.0,2.0,3.0,5.6,4.4,0.0,4.2,3.0,1,1.0,18,2013
2013,18,United States Grand Prix,americas,2013-11-17,hulkenberg,HUL,sauber,6,4,Finished,4.0,63.0,11.0,0.0,126.0,6.0,0.0,10.4,10.1,0.1,9.4,8.0,1,0.0,18,2013
2013,18,United States Grand Prix,americas,2013-11-17,perez,PER,mclaren,7,7,Finished,7.0,66.0,10.0,0.0,378.0,3.0,7.0,9.4,10.7,0.1,7.6,11.0,1,0.0,18,2013
2013,18,United States Grand Prix,americas,2013-11-17,bottas,BOT,williams,8,9,Finished,9.0,0.0,20.0,0.0,76.0,8.0,1.0,14.6,15.1,0.1,12.4,11.0,0,0.0,18,2013
2013,18,United States Grand Prix,americas,2013-11-17,rosberg,ROS,mercedes,9,12,Finished,12.0,93.0,9.0,1.0,142.0,5.0,1.0,4.8,6.3,0.1,4.4,13.0,1,0.0,18,2013
2013,18,United States Grand Prix,americas,2013-11-17,button,BUT,mclaren,10,15,Finished,15.0,188.0,5.0,3.0,378.0,3.0,7.0,10.0,9.2,0.0,7.6,5.0,1,0.0,18,2013
2013,18,United States Grand Prix,americas,2013-11-17,ricciardo,RIC,toro_rosso,11,10,Finished,10.0,10.0,18.0,0.0,26.0,9.0,0.0,16.0,13.0,0.1,14.0,12.0,1,0.0,18,2013
2013,18,United States Grand Prix,americas,2013-11-17,vergne,VER,toro_rosso,12,14,Finished,14.0,16.0,17.0,0.0,26.0,9.0,0.0,14.8,16.1,0.3,14.0,24.0,1,0.0,18,2013
2013,18,United States Grand Prix,americas,2013-11-17,massa,MAS,ferrari,13,13,Finished,13.0,122.0,7.0,0.0,400.0,2.0,3.0,7.4,8.4,0.1,4.2,4.0,1,0.0,18,2013
2013,18,United States Grand Prix,americas,2013-11-17,gutierrez,GUT,sauber,14,20,Finished,20.0,0.0,20.0,0.0,126.0,6.0,0.0,11.6,13.4,0.1,9.4,11.0,0,0.0,18,2013
2013,18,United States Grand Prix,americas,2013-11-17,kovalainen,KOV,lotus_f1,15,8,Finished,8.0,0.0,22.0,0.0,303.0,4.0,1.0,16.0,15.8,0.0,3.0,18.0,1,0.0,18,2013
2013,18,United States Grand Prix,americas,2013-11-17,resta,DIR,force_india,16,11,Finished,11.0,46.0,14.0,0.0,109.0,7.0,0.0,13.4,14.7,0.5,11.0,15.0,1,0.0,18,2013
2013,18,United States Grand Prix,americas,2013-11-17,maldonado,MAL,williams,17,17,+1 Lap,17.0,45.0,15.0,1.0,76.0,8.0,1.0,12.6,13.0,0.0,12.4,9.0,1,0.0,18,2013
2013,18,United States Grand Prix,americas,2013-11-17,jules_bianchi,BIA,marussia,18,19,+1 Lap,19.0,0.0,20.0,0.0,0.0,11.0,0.0,18.8,18.4,0.2,17.8,11.0,0,0.0,18,2013
2013,18,United States Grand Prix,americas,2013-11-17,garde,VDG,caterham,19,18,+1 Lap,18.0,0.0,20.0,0.0,0.0,10.0,0.0,18.4,17.6,0.2,17.4,11.0,0,0.0,18,2013
2013,18,United States Grand Prix,americas,2013-11-17,pic,PIC,caterham,20,22,+1 Lap,22.0,0.0,21.0,0.0,0.0,10.0,0.0,18.2,17.7,0.2,17.4,20.0,1,0.0,18,2013
2013,18,United States Grand Prix,americas,2013-11-17,chilton,CHI,marussia,21,21,+2 Laps,21.0,0.0,20.0,0.0,0.0,11.0,0.0,18.2,18.3,0.0,17.8,11.0,0,0.0,18,2013
2013,18,United States Grand Prix,americas,2013-11-17,sutil,SUT,force_india,22,16,Accident,16.0,0.0,20.0,0.0,109.0,7.0,0.0,12.6,13.0,0.2,11.0,11.0,0,0.0,18,2013
2013,19,Brazilian Grand Prix,interlagos,2013-11-24,vettel,VET,red_bull,1,1,Finished,1.0,281.0,1.0,5.0,460.0,1.0,7.0,1.0,1.2,0.0,1.0,3.0,3,0.6666666666666666,19,2013
2013,19,Brazilian Grand Prix,interlagos,2013-11-24,webber,WEB,red_bull,2,4,Finished,4.0,179.0,6.0,2.0,460.0,1.0,7.0,9.6,8.2,0.3,1.0,2.3333333333333335,3,0.6666666666666666,19,2013
2013,19,Brazilian Grand Prix,interlagos,2013-11-24,alonso,ALO,ferrari,3,3,Finished,3.0,278.0,2.0,3.0,400.0,2.0,3.0,6.2,4.6,0.0,4.8,3.0,3,0.6666666666666666,19,2013
2013,19,Brazilian Grand Prix,interlagos,2013-11-24,button,BUT,mclaren,4,14,Finished,14.0,188.0,5.0,3.0,378.0,3.0,7.0,10.6,8.9,0.0,7.6,3.0,3,0.6666666666666666,19,2013
2013,19,Brazilian Grand Prix,interlagos,2013-11-24,rosberg,ROS,mercedes,5,2,Finished,2.0,93.0,9.0,1.0,142.0,5.0,1.0,5.8,7.1,0.1,4.4,9.333333333333334,3,0.0,19,2013
2013,19,Brazilian Grand Prix,interlagos,2013-11-24,perez,PER,mclaren,6,19,Finished,19.0,66.0,10.0,0.0,378.0,3.0,7.0,9.2,9.4,0.0,7.6,18.5,2,0.0,19,2013
2013,19,Brazilian Grand Prix,interlagos,2013-11-24,massa,MAS,ferrari,7,9,Finished,9.0,122.0,7.0,0.0,400.0,2.0,3.0,8.8,9.1,0.1,4.8,7.666666666666667,3,0.3333333333333333,19,2013
2013,19,Brazilian Grand Prix,interlagos,2013-11-24,hulkenberg,HUL,sauber,8,10,Finished,10.0,63.0,11.0,0.0,126.0,6.0,0.0,9.8,9.7,0.1,8.8,6.5,2,0.0,19,2013
2013,19,Brazilian Grand Prix,interlagos,2013-11-24,hamilton,HAM,mercedes,9,5,Finished,5.0,190.0,4.0,4.0,142.0,5.0,1.0,8.4,6.5,0.1,4.4,15.333333333333334,3,0.0,19,2013
2013,19,Brazilian Grand Prix,interlagos,2013-11-24,ricciardo,RIC,toro_rosso,10,7,+1 Lap,7.0,10.0,18.0,0.0,26.0,9.0,0.0,13.8,13.3,0.1,13.4,16.5,2,0.0,19,2013
2013,19,Brazilian Grand Prix,interlagos,2013-11-24,resta,DIR,force_india,11,12,+1 Lap,12.0,46.0,14.0,0.0,109.0,7.0,0.0,12.6,15.4,0.5,12.2,13.5,2,0.0,19,2013
2013,19,Brazilian Grand Prix,interlagos,2013-11-24,gutierrez,GUT,sauber,12,17,+1 Lap,17.0,0.0,20.0,0.0,126.0,6.0,0.0,12.0,13.4,0.1,8.8,11.0,0,0.0,19,2013
2013,19,Brazilian Grand Prix,interlagos,2013-11-24,sutil,SUT,force_india,13,15,+1 Lap,15.0,0.0,20.0,0.0,109.0,7.0,0.0,15.0,14.5,0.3,12.2,9.0,2,0.0,19,2013
2013,19,Brazilian Grand Prix,interlagos,2013-11-24,kovalainen,KOV,lotus_f1,14,11,+1 Lap,11.0,0.0,22.0,0.0,303.0,4.0,1.0,15.6,15.6,0.0,2.8,16.0,3,0.0,19,2013
2013,19,Brazilian Grand Prix,interlagos,2013-11-24,vergne,VER,toro_rosso,15,8,+1 Lap,8.0,16.0,17.0,0.0,26.0,9.0,0.0,14.4,15.1,0.2,13.4,8.0,1,0.0,19,2013
2013,19,Brazilian Grand Prix,interlagos,2013-11-24,maldonado,MAL,williams,16,16,+1 Lap,16.0,45.0,15.0,1.0,76.0,8.0,1.0,13.8,13.6,0.0,11.8,22.5,2,0.0,19,2013
2013,19,Brazilian Grand Prix,interlagos,2013-11-24,jules_bianchi,BIA,marussia,17,21,+2 Laps,21.0,0.0,20.0,0.0,0.0,11.0,0.0,18.8,18.6,0.2,18.0,11.0,0,0.0,19,2013
2013,19,Brazilian Grand Prix,interlagos,2013-11-24,garde,VDG,caterham,18,20,+2 Laps,20.0,0.0,20.0,0.0,0.0,10.0,0.0,19.0,17.7,0.2,18.0,11.0,0,0.0,19,2013
2013,19,Brazilian Grand Prix,interlagos,2013-11-24,chilton,CHI,marussia,19,22,+2 Laps,22.0,0.0,20.0,0.0,0.0,11.0,0.0,19.0,18.7,0.0,18.0,11.0,0,0.0,19,2013
2013,19,Brazilian Grand Prix,interlagos,2013-11-24,pic,PIC,caterham,20,18,Mechanical,18.0,0.0,21.0,0.0,0.0,10.0,0.0,18.4,18.2,0.2,18.0,12.0,1,0.0,19,2013
2013,19,Brazilian Grand Prix,interlagos,2013-11-24,bottas,BOT,williams,21,13,Accident,13.0,0.0,20.0,0.0,76.0,8.0,1.0,13.6,14.7,0.1,11.8,11.0,0,0.0,19,2013
2013,19,Brazilian Grand Prix,interlagos,2013-11-24,grosjean,GRO,lotus_f1,22,6,Engine,6.0,96.0,8.0,0.0,303.0,4.0,1.0,3.0,6.1,0.1,2.8,21.0,1,0.0,19,2013
2014,1,Australian Grand Prix,albert_park,2014-03-16,rosberg,ROS,mercedes,1,3,Finished,3.0,171.0,6.0,2.0,360.0,2.0,3.0,5.4,6.7,0.1,4.4,13.5,4,0.0,1,2014
2014,1,Australian Grand Prix,albert_park,2014-03-16,kevin_magnussen,MAG,mclaren,2,4,Finished,4.0,0.0,20.0,0.0,122.0,5.0,0.0,11.0,11.0,0.1,6.8,11.0,0,0.0,1,2014
2014,1,Australian Grand Prix,albert_park,2014-03-16,button,BUT,mclaren,3,10,Finished,11.0,73.0,9.0,0.0,122.0,5.0,0.0,9.8,8.7,0.0,6.8,4.25,4,0.5,1,2014
2014,1,Australian Grand Prix,albert_park,2014-03-16,alonso,ALO,ferrari,4,5,Finished,5.0,242.0,2.0,2.0,354.0,3.0,2.0,5.6,4.5,0.0,4.2,3.75,4,0.25,1,2014
2014,1,Australian Grand Prix,albert_park,2014-03-16,bottas,BOT,williams,5,15,Finished,10.0,4.0,17.0,0.0,5.0,9.0,0.0,15.4,15.2,0.2,12.6,14.0,1,0.0,1,2014
2014,1,Australian Grand Prix,albert_park,2014-03-16,hulkenberg,HUL,force_india,6,7,Finished,7.0,51.0,10.0,0.0,77.0,6.0,0.0,10.6,9.5,0.1,10.4,22.0,3,0.0,1,2014
2014,1,Australian Grand Prix,albert_park,2014-03-16,raikkonen,RAI,ferrari,7,11,Finished,12.0,183.0,5.0,1.0,354.0,3.0,2.0,7.8,8.0,0.2,4.2,4.0,2,0.5,1,2014
2014,1,Australian Grand Prix,albert_park,2014-03-16,vergne,VER,toro_rosso,8,6,Finished,6.0,13.0,15.0,0.0,33.0,8.0,0.0,13.8,14.6,0.1,11.8,11.5,2,0.0,1,2014
2014,1,Australian Grand Prix,albert_park,2014-03-16,kvyat,KVY,toro_rosso,9,8,Finished,8.0,0.0,20.0,0.0,33.0,8.0,0.0,11.0,11.0,0.1,11.8,11.0,0,0.0,1,2014
2014,1,Australian Grand Prix,albert_park,2014-03-16,perez,PER,force_india,10,16,Finished,16.0,49.0,11.0,0.0,77.0,6.0,0.0,8.4,9.2,0.0,10.4,13.666666666666666,3,0.0,1,2014
2014,1,Australian Grand Prix,albert_park,2014-03-16,sutil,SUT,sauber,11,13,+1 Lap,14.0,29.0,13.0,0.0,57.0,7.0,0.0,13.6,14.5,0.3,9.6,11.333333333333334,3,0.0,1,2014
2014,1,Australian Grand Prix,albert_park,2014-03-16,gutierrez,GUT,sauber,12,20,+1 Lap,19.0,6.0,16.0,0.0,57.0,7.0,0.0,12.2,13.2,0.1,9.6,13.0,1,0.0,1,2014
2014,1,Australian Grand Prix,albert_park,2014-03-16,chilton,CHI,marussia,13,17,+2 Laps,17.0,0.0,23.0,0.0,0.0,10.0,0.0,19.4,18.7,0.0,18.2,17.0,1,0.0,1,2014
2014,1,Australian Grand Prix,albert_park,2014-03-16,jules_bianchi,BIA,marussia,14,18,+8 Laps,18.0,0.0,19.0,0.0,0.0,10.0,0.0,19.0,18.2,0.1,18.2,15.0,1,0.0,1,2014
2014,1,Australian Grand Prix,albert_park,2014-03-16,grosjean,GRO,lotus_f1,15,22,ERS,21.0,132.0,7.0,0.0,315.0,4.0,1.0,6.8,8.0,0.2,5.2,15.5,2,0.0,1,2014
2014,1,Australian Grand Prix,albert_park,2014-03-16,maldonado,MAL,lotus_f1,16,21,ERS,22.0,1.0,18.0,0.0,315.0,4.0,1.0,14.4,13.7,0.0,5.2,18.0,3,0.0,1,2014
2014,1,Australian Grand Prix,albert_park,2014-03-16,ericsson,ERI,caterham,17,19,Oil pressure,20.0,0.0,20.0,0.0,0.0,11.0,0.0,11.0,11.0,0.1,18.8,11.0,0,0.0,1,2014
2014,1,Australian Grand Prix,albert_park,2014-03-16,vettel,VET,red_bull,18,12,Engine,13.0,397.0,1.0,13.0,596.0,1.0,13.0,1.0,1.2,0.0,1.0,5.75,4,0.75,1,2014
2014,1,Australian Grand Prix,albert_park,2014-03-16,hamilton,HAM,mercedes,19,1,Engine,1.0,189.0,4.0,1.0,360.0,2.0,3.0,9.2,6.9,0.1,4.4,4.0,4,0.5,1,2014
2014,1,Australian Grand Prix,albert_park,2014-03-16,massa,MAS,williams,20,9,Collision,9.0,112.0,8.0,0.0,5.0,9.0,0.0,8.4,7.6,0.0,12.6,7.75,4,0.25,1,2014
2014,1,Australian Grand Prix,albert_park,2014-03-16,kobayashi,KOB,caterham,21,14,Collision,15.0,0.0,20.0,0.0,0.0,11.0,0.0,13.0,12.1,0.1,18.8,16.666666666666668,3,0.0,1,2014
2014,1,Australian Grand Prix,albert_park,2014-03-16,ricciardo,RIC,red_bull,22,2,Disqualified,2.0,20.0,14.0,0.0,596.0,1.0,13.0,12.0,13.1,0.1,1.0,14.0,2,0.0,1,2014
2014,2,Malaysian Grand Prix,sepang,2014-03-30,hamilton,HAM,mercedes,1,1,Finished,1.0,189.0,4.0,1.0,360.0,2.0,3.0,9.0,8.7,0.2,3.0,5.0,4,0.5,2,2014
2014,2,Malaysian Grand Prix,sepang,2014-03-30,rosberg,ROS,mercedes,2,3,Finished,3.0,171.0,6.0,2.0,360.0,2.0,3.0,4.0,4.9,0.0,3.0,8.0,4,0.25,2,2014
2014,2,Malaysian Grand Prix,sepang,2014-03-30,vettel,VET,red_bull,3,2,Finished,2.0,397.0,1.0,13.0,596.0,1.0,13.0,4.4,2.7,0.1,4.4,3.5,4,0.75,2,2014
2014,2,Malaysian Grand Prix,sepang,2014-03-30,alonso,ALO,ferrari,4,4,Finished,4.0,242.0,2.0,2.0,354.0,3.0,2.0,5.6,4.4,0.0,4.2,10.5,4,0.25,2,2014
2014,2,Malaysian Grand Prix,sepang,2014-03-30,hulkenberg,HUL,force_india,5,7,Finished,7.0,51.0,10.0,0.0,77.0,6.0,0.0,10.6,9.0,0.1,9.4,9.0,3,0.0,2,2014
2014,2,Malaysian Grand Prix,sepang,2014-03-30,button,BUT,mclaren,6,10,Finished,10.0,73.0,9.0,0.0,122.0,5.0,0.0,8.6,8.3,0.0,5.4,10.25,4,0.25,2,2014
2014,2,Malaysian Grand Prix,sepang,2014-03-30,massa,MAS,williams,7,13,Finished,13.0,112.0,8.0,0.0,5.0,9.0,0.0,10.4,8.8,0.1,10.4,8.0,4,0.0,2,2014
2014,2,Malaysian Grand Prix,sepang,2014-03-30,bottas,BOT,williams,8,18,Finished,15.0,4.0,17.0,0.0,5.0,9.0,0.0,13.0,13.7,0.1,10.4,11.0,1,0.0,2,2014
2014,2,Malaysian Grand Prix,sepang,2014-03-30,kevin_magnussen,MAG,mclaren,9,8,+1 Lap,8.0,0.0,20.0,0.0,122.0,5.0,0.0,2.0,2.0,0.0,5.4,11.0,0,0.0,2,2014
2014,2,Malaysian Grand Prix,sepang,2014-03-30,kvyat,KVY,toro_rosso,10,11,+1 Lap,11.0,0.0,20.0,0.0,33.0,8.0,0.0,9.0,9.0,0.0,11.0,11.0,0,0.0,2,2014
2014,2,Malaysian Grand Prix,sepang,2014-03-30,grosjean,GRO,lotus_f1,11,15,+1 Lap,16.0,132.0,7.0,0.0,315.0,4.0,1.0,9.2,8.9,0.3,7.6,15.0,2,0.0,2,2014
2014,2,Malaysian Grand Prix,sepang,2014-03-30,raikkonen,RAI,ferrari,12,6,+1 Lap,6.0,183.0,5.0,1.0,354.0,3.0,2.0,8.6,8.2,0.2,4.2,6.0,2,0.0,2,2014
2014,2,Malaysian Grand Prix,sepang,2014-03-30,kobayashi,KOB,caterham,13,20,+1 Lap,20.0,0.0,20.0,0.0,0.0,11.0,0.0,12.8,12.4,0.2,18.6,17.333333333333332,3,0.0,2,2014
2014,2,Malaysian Grand Prix,sepang,2014-03-30,ericsson,ERI,caterham,14,22,+2 Laps,22.0,0.0,20.0,0.0,0.0,11.0,0.0,17.0,17.0,1.0,18.6,11.0,0,0.0,2,2014
2014,2,Malaysian Grand Prix,sepang,2014-03-30,chilton,CHI,marussia,15,21,+2 Laps,21.0,0.0,23.0,0.0,0.0,10.0,0.0,18.2,18.3,0.0,17.0,16.0,1,0.0,2,2014
2014,2,Malaysian Grand Prix,sepang,2014-03-30,ricciardo,RIC,red_bull,16,5,Technical,5.0,20.0,14.0,0.0,596.0,1.0,13.0,13.8,14.0,0.2,4.4,15.0,2,0.0,2,2014
2014,2,Malaysian Grand Prix,sepang,2014-03-30,gutierrez,GUT,sauber,17,12,Gearbox,12.0,6.0,16.0,0.0,57.0,7.0,0.0,13.2,12.3,0.0,10.6,12.0,1,0.0,2,2014
2014,2,Malaysian Grand Prix,sepang,2014-03-30,sutil,SUT,sauber,18,17,Electrical,18.0,29.0,13.0,0.0,57.0,7.0,0.0,13.0,13.4,0.2,10.6,12.0,3,0.0,2,2014
2014,2,Malaysian Grand Prix,sepang,2014-03-30,vergne,VER,toro_rosso,19,9,Power Unit,9.0,13.0,15.0,0.0,33.0,8.0,0.0,13.0,14.2,0.1,11.0,9.0,2,0.0,2,2014
2014,2,Malaysian Grand Prix,sepang,2014-03-30,jules_bianchi,BIA,marussia,20,19,Brakes,19.0,0.0,19.0,0.0,0.0,10.0,0.0,17.4,18.0,0.1,17.0,13.0,1,0.0,2,2014
2014,2,Malaysian Grand Prix,sepang,2014-03-30,maldonado,MAL,lotus_f1,21,16,Engine,17.0,1.0,18.0,0.0,315.0,4.0,1.0,14.4,14.3,0.1,7.6,20.666666666666668,3,0.0,2,2014
2014,2,Malaysian Grand Prix,sepang,2014-03-30,perez,PER,force_india,22,14,Withdrew,14.0,49.0,11.0,0.0,77.0,6.0,0.0,7.4,9.3,0.0,9.4,10.666666666666666,3,0.3333333333333333,2,2014
2014,3,Bahrain Grand Prix,bahrain,2014-04-06,hamilton,HAM,mercedes,1,2,Finished,2.0,189.0,4.0,1.0,360.0,2.0,3.0,8.0,8.5,0.2,2.8,5.333333333333333,3,0.3333333333333333,3,2014
2014,3,Bahrain Grand Prix,bahrain,2014-04-06,rosberg,ROS,mercedes,2,1,Finished,1.0,171.0,6.0,2.0,360.0,2.0,3.0,4.0,4.7,0.0,2.8,6.333333333333333,3,0.0,3,2014
2014,3,Bahrain Grand Prix,bahrain,2014-04-06,perez,PER,force_india,3,4,Finished,5.0,49.0,11.0,0.0,77.0,6.0,0.0,10.8,10.4,0.1,8.8,8.5,2,0.0,3,2014
2014,3,Bahrain Grand Prix,bahrain,2014-04-06,ricciardo,RIC,red_bull,4,13,Finished,3.0,20.0,14.0,0.0,596.0,1.0,13.0,15.0,14.6,0.3,4.8,15.5,2,0.0,3,2014
2014,3,Bahrain Grand Prix,bahrain,2014-04-06,hulkenberg,HUL,force_india,5,11,Finished,12.0,51.0,10.0,0.0,77.0,6.0,0.0,7.8,8.2,0.1,8.8,12.666666666666666,3,0.0,3,2014
2014,3,Bahrain Grand Prix,bahrain,2014-04-06,vettel,VET,red_bull,6,10,Finished,11.0,397.0,1.0,13.0,596.0,1.0,13.0,4.8,2.9,0.1,4.8,2.0,3,0.6666666666666666,3,2014
2014,3,Bahrain Grand Prix,bahrain,2014-04-06,massa,MAS,williams,7,7,Finished,8.0,112.0,8.0,0.0,5.0,9.0,0.0,11.0,8.8,0.1,9.4,8.666666666666666,3,0.3333333333333333,3,2014
2014,3,Bahrain Grand Prix,bahrain,2014-04-06,bottas,BOT,williams,8,3,Finished,4.0,4.0,17.0,0.0,5.0,9.0,0.0,11.4,13.0,0.1,9.4,14.0,1,0.0,3,2014
2014,3,Bahrain Grand Prix,bahrain,2014-04-06,alonso,ALO,ferrari,9,9,Finished,10.0,242.0,2.0,2.0,354.0,3.0,2.0,4.2,4.6,0.0,4.2,5.333333333333333,3,0.3333333333333333,3,2014
2014,3,Bahrain Grand Prix,bahrain,2014-04-06,raikkonen,RAI,ferrari,10,5,Finished,6.0,183.0,5.0,1.0,354.0,3.0,2.0,10.6,9.2,0.2,4.2,2.0,2,1.0,3,2014
2014,3,Bahrain Grand Prix,bahrain,2014-04-06,kvyat,KVY,toro_rosso,11,12,Finished,13.0,0.0,20.0,0.0,33.0,8.0,0.0,9.5,9.5,0.0,11.0,11.0,0,0.0,3,2014
2014,3,Bahrain Grand Prix,bahrain,2014-04-06,grosjean,GRO,lotus_f1,12,16,Finished,16.0,132.0,7.0,0.0,315.0,4.0,1.0,10.8,9.2,0.3,9.2,3.0,2,1.0,3,2014
2014,3,Bahrain Grand Prix,bahrain,2014-04-06,chilton,CHI,marussia,13,21,Finished,22.0,0.0,23.0,0.0,0.0,10.0,0.0,17.8,17.9,0.0,16.6,20.0,1,0.0,3,2014
2014,3,Bahrain Grand Prix,bahrain,2014-04-06,maldonado,MAL,lotus_f1,14,17,Finished,17.0,1.0,18.0,0.0,315.0,4.0,1.0,16.2,14.7,0.2,9.2,17.0,2,0.0,3,2014
2014,3,Bahrain Grand Prix,bahrain,2014-04-06,kobayashi,KOB,caterham,15,18,Finished,19.0,0.0,20.0,0.0,0.0,11.0,0.0,12.6,12.4,0.2,17.0,17.5,2,0.0,3,2014
2014,3,Bahrain Grand Prix,bahrain,2014-04-06,jules_bianchi,BIA,marussia,16,19,+1 Lap,20.0,0.0,19.0,0.0,0.0,10.0,0.0,17.8,18.2,0.2,16.6,19.0,1,0.0,3,2014
2014,3,Bahrain Grand Prix,bahrain,2014-04-06,button,BUT,mclaren,17,6,Clutch,7.0,73.0,9.0,0.0,122.0,5.0,0.0,7.0,8.3,0.0,5.6,11.666666666666666,3,0.0,3,2014
2014,3,Bahrain Grand Prix,bahrain,2014-04-06,kevin_magnussen,MAG,mclaren,18,8,Clutch,9.0,0.0,20.0,0.0,122.0,5.0,0.0,5.5,5.5,0.0,5.6,11.0,0,0.0,3,2014
2014,3,Bahrain Grand Prix,bahrain,2014-04-06,gutierrez,GUT,sauber,19,15,Collision,15.0,6.0,16.0,0.0,57.0,7.0,0.0,13.6,12.6,0.1,11.0,18.0,1,0.0,3,2014
2014,3,Bahrain Grand Prix,bahrain,2014-04-06,ericsson,ERI,caterham,20,20,Retired,21.0,0.0,20.0,0.0,0.0,11.0,0.0,15.5,15.5,0.5,17.0,11.0,0,0.0,3,2014
2014,3,Bahrain Grand Prix,bahrain,2014-04-06,vergne,VER,toro_rosso,21,14,Retired,14.0,13.0,15.0,0.0,33.0,8.0,0.0,14.2,14.9,0.2,11.0,18.0,2,0.0,3,2014
2014,3,Bahrain Grand Prix,bahrain,2014-04-06,sutil,SUT,sauber,22,22,Collision,18.0,29.0,13.0,0.0,57.0,7.0,0.0,14.8,14.3,0.3,11.0,12.5,2,0.0,3,2014
2014,4,Chinese Grand Prix,shanghai,2014-04-20,hamilton,HAM,mercedes,1,1,Finished,1.0,189.0,4.0,1.0,360.0,2.0,3.0,6.8,7.7,0.2,2.4,2.25,4,1.0,4,2014
2014,4,Chinese Grand Prix,shanghai,2014-04-20,rosberg,ROS,mercedes,2,4,Finished,4.0,171.0,6.0,2.0,360.0,2.0,3.0,3.8,4.3,0.0,2.4,7.0,4,0.5,4,2014
2014,4,Chinese Grand Prix,shanghai,2014-04-20,alonso,ALO,ferrari,3,5,Finished,5.0,242.0,2.0,2.0,354.0,3.0,2.0,5.0,5.3,0.0,5.0,5.25,4,0.25,4,2014
2014,4,Chinese Grand Prix,shanghai,2014-04-20,ricciardo,RIC,red_bull,4,2,Finished,2.0,20.0,14.0,0.0,596.0,1.0,13.0,12.6,14.3,0.3,5.4,12.0,2,0.0,4,2014
2014,4,Chinese Grand Prix,shanghai,2014-04-20,vettel,VET,red_bull,5,3,Finished,3.0,397.0,1.0,13.0,596.0,1.0,13.0,5.8,3.4,0.1,5.4,4.25,4,0.25,4,2014
2014,4,Chinese Grand Prix,shanghai,2014-04-20,hulkenberg,HUL,force_india,6,8,Finished,8.0,51.0,10.0,0.0,77.0,6.0,0.0,6.0,8.2,0.1,8.2,13.333333333333334,3,0.0,4,2014
2014,4,Chinese Grand Prix,shanghai,2014-04-20,bottas,BOT,williams,7,7,Finished,7.0,4.0,17.0,0.0,5.0,9.0,0.0,10.0,12.3,0.1,8.6,13.0,1,0.0,4,2014
2014,4,Chinese Grand Prix,shanghai,2014-04-20,raikkonen,RAI,ferrari,8,11,Finished,11.0,183.0,5.0,1.0,354.0,3.0,2.0,11.6,10.0,0.2,5.0,8.0,2,0.5,4,2014
2014,4,Chinese Grand Prix,shanghai,2014-04-20,perez,PER,force_india,9,16,Finished,16.0,49.0,11.0,0.0,77.0,6.0,0.0,9.6,9.5,0.1,8.2,13.0,3,0.0,4,2014
2014,4,Chinese Grand Prix,shanghai,2014-04-20,kvyat,KVY,toro_rosso,10,13,+1 Lap,13.0,0.0,20.0,0.0,33.0,8.0,0.0,10.0,10.0,0.0,10.0,11.0,0,0.0,4,2014
2014,4,Chinese Grand Prix,shanghai,2014-04-20,button,BUT,mclaren,11,12,+1 Lap,12.0,73.0,9.0,0.0,122.0,5.0,0.0,8.0,9.0,0.1,7.2,3.0,4,0.5,4,2014
2014,4,Chinese Grand Prix,shanghai,2014-04-20,vergne,VER,toro_rosso,12,9,+1 Lap,9.0,13.0,15.0,0.0,33.0,8.0,0.0,15.0,14.9,0.2,10.0,14.0,2,0.0,4,2014
2014,4,Chinese Grand Prix,shanghai,2014-04-20,kevin_magnussen,MAG,mclaren,13,15,+1 Lap,15.0,0.0,20.0,0.0,122.0,5.0,0.0,9.666666666666666,9.666666666666666,0.3333333333333333,7.2,11.0,0,0.0,4,2014
2014,4,Chinese Grand Prix,shanghai,2014-04-20,maldonado,MAL,lotus_f1,14,22,+1 Lap,22.0,1.0,18.0,0.0,315.0,4.0,1.0,16.8,14.7,0.2,10.8,13.333333333333334,3,0.0,4,2014
2014,4,Chinese Grand Prix,shanghai,2014-04-20,massa,MAS,williams,15,6,+1 Lap,6.0,112.0,8.0,0.0,5.0,9.0,0.0,10.8,9.1,0.1,8.6,8.5,4,0.0,4,2014
2014,4,Chinese Grand Prix,shanghai,2014-04-20,gutierrez,GUT,sauber,16,17,+1 Lap,17.0,6.0,16.0,0.0,57.0,7.0,0.0,14.8,13.2,0.2,12.2,22.0,1,0.0,4,2014
2014,4,Chinese Grand Prix,shanghai,2014-04-20,jules_bianchi,BIA,marussia,17,19,+1 Lap,19.0,0.0,19.0,0.0,0.0,10.0,0.0,17.0,17.9,0.2,15.2,15.0,1,0.0,4,2014
2014,4,Chinese Grand Prix,shanghai,2014-04-20,kobayashi,KOB,caterham,18,18,+1 Lap,18.0,0.0,20.0,0.0,0.0,11.0,0.0,14.4,13.0,0.2,16.4,14.0,3,0.0,4,2014
2014,4,Chinese Grand Prix,shanghai,2014-04-20,chilton,CHI,marussia,19,21,+2 Laps,21.0,0.0,23.0,0.0,0.0,10.0,0.0,16.2,17.2,0.0,15.2,17.0,1,0.0,4,2014
2014,4,Chinese Grand Prix,shanghai,2014-04-20,ericsson,ERI,caterham,20,20,+2 Laps,20.0,0.0,20.0,0.0,0.0,11.0,0.0,17.0,17.0,0.6666666666666666,16.4,11.0,0,0.0,4,2014
2014,4,Chinese Grand Prix,shanghai,2014-04-20,grosjean,GRO,lotus_f1,21,10,Gearbox,10.0,132.0,7.0,0.0,315.0,4.0,1.0,12.4,9.6,0.3,10.8,7.5,2,0.0,4,2014
2014,4,Chinese Grand Prix,shanghai,2014-04-20,sutil,SUT,sauber,22,14,Engine,14.0,29.0,13.0,0.0,57.0,7.0,0.0,17.2,14.9,0.4,12.2,15.666666666666666,3,0.0,4,2014
2014,5,Spanish Grand Prix,catalunya,2014-05-11,hamilton,HAM,mercedes,1,1,Finished,1.0,189.0,4.0,1.0,360.0,2.0,3.0,6.2,7.3,0.2,1.8,9.0,4,0.25,5,2014
2014,5,Spanish Grand Prix,catalunya,2014-05-11,rosberg,ROS,mercedes,2,2,Finished,2.0,171.0,6.0,2.0,360.0,2.0,3.0,2.4,4.1,0.0,1.8,8.25,4,0.0,5,2014
2014,5,Spanish Grand Prix,catalunya,2014-05-11,ricciardo,RIC,red_bull,3,3,Finished,3.0,20.0,14.0,0.0,596.0,1.0,13.0,11.2,12.5,0.2,6.0,11.5,2,0.0,5,2014
2014,5,Spanish Grand Prix,catalunya,2014-05-11,vettel,VET,red_bull,4,15,Finished,10.0,397.0,1.0,13.0,596.0,1.0,13.0,6.6,3.8,0.1,6.0,3.5,4,0.5,5,2014
2014,5,Spanish Grand Prix,catalunya,2014-05-11,bottas,BOT,williams,5,4,Finished,4.0,4.0,17.0,0.0,5.0,9.0,0.0,9.8,11.7,0.1,8.4,16.0,1,0.0,5,2014
2014,5,Spanish Grand Prix,catalunya,2014-05-11,alonso,ALO,ferrari,6,7,Finished,7.0,242.0,2.0,2.0,354.0,3.0,2.0,4.6,5.4,0.0,4.6,2.5,4,0.75,5,2014
2014,5,Spanish Grand Prix,catalunya,2014-05-11,raikkonen,RAI,ferrari,7,6,+1 Lap,6.0,183.0,5.0,1.0,354.0,3.0,2.0,11.8,8.7,0.1,4.6,2.5,2,1.0,5,2014
2014,5,Spanish Grand Prix,catalunya,2014-05-11,grosjean,GRO,lotus_f1,8,5,+1 Lap,5.0,132.0,7.0,0.0,315.0,4.0,1.0,16.2,9.6,0.3,13.2,13.0,2,0.0,5,2014
2014,5,Spanish Grand Prix,catalunya,2014-05-11,perez,PER,force_india,9,11,+1 Lap,12.0,49.0,11.0,0.0,77.0,6.0,0.0,10.0,9.6,0.1,6.2,12.666666666666666,3,0.0,5,2014
2014,5,Spanish Grand Prix,catalunya,2014-05-11,hulkenberg,HUL,force_india,10,10,+1 Lap,11.0,51.0,10.0,0.0,77.0,6.0,0.0,6.0,7.9,0.1,6.2,13.666666666666666,3,0.0,5,2014
2014,5,Spanish Grand Prix,catalunya,2014-05-11,button,BUT,mclaren,11,8,+1 Lap,8.0,73.0,9.0,0.0,122.0,5.0,0.0,8.2,9.4,0.1,8.0,6.25,4,0.25,5,2014
2014,5,Spanish Grand Prix,catalunya,2014-05-11,kevin_magnussen,MAG,mclaren,12,14,+1 Lap,14.0,0.0,20.0,0.0,122.0,5.0,0.0,10.5,10.5,0.25,8.0,11.0,0,0.0,5,2014
2014,5,Spanish Grand Prix,catalunya,2014-05-11,massa,MAS,williams,13,9,+1 Lap,9.0,112.0,8.0,0.0,5.0,9.0,0.0,11.2,10.0,0.1,8.4,11.5,4,0.25,5,2014
2014,5,Spanish Grand Prix,catalunya,2014-05-11,kvyat,KVY,toro_rosso,14,12,+1 Lap,12.0,0.0,20.0,0.0,33.0,8.0,0.0,10.0,10.0,0.0,9.8,11.0,0,0.0,5,2014
2014,5,Spanish Grand Prix,catalunya,2014-05-11,maldonado,MAL,lotus_f1,15,22,+1 Lap,22.0,1.0,18.0,0.0,315.0,4.0,1.0,16.2,15.0,0.2,13.2,10.0,3,0.3333333333333333,5,2014
2014,5,Spanish Grand Prix,catalunya,2014-05-11,gutierrez,GUT,sauber,16,13,+1 Lap,13.0,6.0,16.0,0.0,57.0,7.0,0.0,15.2,13.6,0.2,14.2,11.0,1,0.0,5,2014
2014,5,Spanish Grand Prix,catalunya,2014-05-11,sutil,SUT,sauber,17,16,+1 Lap,16.0,29.0,13.0,0.0,57.0,7.0,0.0,17.2,16.1,0.5,14.2,11.0,3,0.0,5,2014
2014,5,Spanish Grand Prix,catalunya,2014-05-11,jules_bianchi,BIA,marussia,18,18,+2 Laps,18.0,0.0,19.0,0.0,0.0,10.0,0.0,16.8,17.8,0.2,15.0,18.0,1,0.0,5,2014
2014,5,Spanish Grand Prix,catalunya,2014-05-11,chilton,CHI,marussia,19,17,+2 Laps,17.0,0.0,23.0,0.0,0.0,10.0,0.0,15.8,17.4,0.0,15.0,19.0,1,0.0,5,2014
2014,5,Spanish Grand Prix,catalunya,2014-05-11,ericsson,ERI,caterham,20,19,+2 Laps,19.0,0.0,20.0,0.0,0.0,11.0,0.0,17.75,17.75,0.5,16.2,11.0,0,0.0,5,2014
2014,5,Spanish Grand Prix,catalunya,2014-05-11,kobayashi,KOB,caterham,21,20,Brakes,20.0,0.0,20.0,0.0,0.0,11.0,0.0,15.2,13.5,0.2,16.2,9.0,3,0.0,5,2014
2014,5,Spanish Grand Prix,catalunya,2014-05-11,vergne,VER,toro_rosso,22,21,Exhaust,21.0,13.0,15.0,0.0,33.0,8.0,0.0,15.0,14.7,0.2,9.8,16.0,2,0.0,5,2014
2014,6,Monaco Grand Prix,monaco,2014-05-25,rosberg,ROS,mercedes,1,1,Finished,1.0,171.0,6.0,2.0,360.0,2.0,3.0,1.8,3.6,0.0,1.0,5.25,4,0.5,6,2014
2014,6,Monaco Grand Prix,monaco,2014-05-25,hamilton,HAM,mercedes,2,2,Finished,2.0,189.0,4.0,1.0,360.0,2.0,3.0,4.6,6.9,0.2,1.0,5.0,4,0.0,6,2014
2014,6,Monaco Grand Prix,monaco,2014-05-25,ricciardo,RIC,red_bull,3,3,Finished,3.0,20.0,14.0,0.0,596.0,1.0,13.0,9.8,10.9,0.2,6.4,17.5,2,0.0,6,2014
2014,6,Monaco Grand Prix,monaco,2014-05-25,alonso,ALO,ferrari,4,5,Finished,5.0,242.0,2.0,2.0,354.0,3.0,2.0,5.2,5.4,0.0,5.2,4.5,4,0.5,6,2014
2014,6,Monaco Grand Prix,monaco,2014-05-25,hulkenberg,HUL,force_india,5,11,+1 Lap,11.0,51.0,10.0,0.0,77.0,6.0,0.0,6.4,8.5,0.1,5.8,14.333333333333334,3,0.0,6,2014
2014,6,Monaco Grand Prix,monaco,2014-05-25,button,BUT,mclaren,6,12,+1 Lap,12.0,73.0,9.0,0.0,122.0,5.0,0.0,9.6,9.7,0.1,9.4,12.0,4,0.25,6,2014
2014,6,Monaco Grand Prix,monaco,2014-05-25,massa,MAS,williams,7,16,+1 Lap,16.0,112.0,8.0,0.0,5.0,9.0,0.0,12.4,10.4,0.1,6.2,13.0,4,0.0,6,2014
2014,6,Monaco Grand Prix,monaco,2014-05-25,grosjean,GRO,lotus_f1,8,14,+1 Lap,14.0,132.0,7.0,0.0,315.0,4.0,1.0,13.4,10.1,0.3,12.0,20.5,2,0.0,6,2014
2014,6,Monaco Grand Prix,monaco,2014-05-25,jules_bianchi,BIA,marussia,9,21,+1 Lap,21.0,0.0,19.0,0.0,0.0,10.0,0.0,17.0,18.0,0.2,15.2,19.0,1,0.0,6,2014
2014,6,Monaco Grand Prix,monaco,2014-05-25,kevin_magnussen,MAG,mclaren,10,8,+1 Lap,8.0,0.0,20.0,0.0,122.0,5.0,0.0,10.8,10.8,0.2,9.4,11.0,0,0.0,6,2014
2014,6,Monaco Grand Prix,monaco,2014-05-25,ericsson,ERI,caterham,11,22,+1 Lap,22.0,0.0,20.0,0.0,0.0,11.0,0.0,18.2,18.2,0.4,16.6,11.0,0,0.0,6,2014
2014,6,Monaco Grand Prix,monaco,2014-05-25,raikkonen,RAI,ferrari,12,6,+1 Lap,6.0,183.0,5.0,1.0,354.0,3.0,2.0,8.8,8.3,0.1,5.2,9.5,2,0.0,6,2014
2014,6,Monaco Grand Prix,monaco,2014-05-25,kobayashi,KOB,caterham,13,20,+2 Laps,20.0,0.0,20.0,0.0,0.0,11.0,0.0,17.6,15.3,0.3,16.6,15.0,3,0.0,6,2014
2014,6,Monaco Grand Prix,monaco,2014-05-25,chilton,CHI,marussia,14,19,+3 Laps,19.0,0.0,23.0,0.0,0.0,10.0,0.0,15.8,17.6,0.0,15.2,14.0,1,0.0,6,2014
2014,6,Monaco Grand Prix,monaco,2014-05-25,gutierrez,GUT,sauber,15,17,Accident,17.0,6.0,16.0,0.0,57.0,7.0,0.0,16.0,14.1,0.2,15.8,13.0,1,0.0,6,2014
2014,6,Monaco Grand Prix,monaco,2014-05-25,bottas,BOT,williams,16,13,Engine,13.0,4.0,17.0,0.0,5.0,9.0,0.0,6.6,11.0,0.1,6.2,12.0,1,0.0,6,2014
2014,6,Monaco Grand Prix,monaco,2014-05-25,vergne,VER,toro_rosso,17,7,Engine,7.0,13.0,15.0,0.0,33.0,8.0,0.0,16.4,15.1,0.3,10.6,10.0,2,0.0,6,2014
2014,6,Monaco Grand Prix,monaco,2014-05-25,sutil,SUT,sauber,18,18,Accident,18.0,29.0,13.0,0.0,57.0,7.0,0.0,18.0,15.8,0.4,15.8,6.666666666666667,3,0.0,6,2014
2014,6,Monaco Grand Prix,monaco,2014-05-25,kvyat,KVY,toro_rosso,19,9,Mechanical,9.0,0.0,20.0,0.0,33.0,8.0,0.0,10.8,10.8,0.0,10.6,11.0,0,0.0,6,2014
2014,6,Monaco Grand Prix,monaco,2014-05-25,vettel,VET,red_bull,20,4,Turbo,4.0,397.0,1.0,13.0,596.0,1.0,13.0,7.2,4.1,0.1,6.4,2.25,4,0.75,6,2014
2014,6,Monaco Grand Prix,monaco,2014-05-25,perez,PER,force_india,21,10,Collision,10.0,49.0,11.0,0.0,77.0,6.0,0.0,10.6,9.5,0.1,5.8,17.0,3,0.0,6,2014
2014,6,Monaco Grand Prix,monaco,2014-05-25,maldonado,MAL,lotus_f1,22,15,Withdrew,15.0,1.0,18.0,0.0,315.0,4.0,1.0,16.0,15.2,0.2,12.0,20.333333333333332,3,0.0,6,2014
2014,7,Canadian Grand Prix,villeneuve,2014-06-08,ricciardo,RIC,red_bull,1,6,Finished,6.0,20.0,14.0,0.0,596.0,1.0,13.0,6.0,9.9,0.2,3.4,14.5,2,0.0,7,2014
2014,7,Canadian Grand Prix,villeneuve,2014-06-08,rosberg,ROS,mercedes,2,1,Finished,1.0,171.0,6.0,2.0,360.0,2.0,3.0,1.8,2.9,0.0,1.0,7.0,4,0.0,7,2014
2014,7,Canadian Grand Prix,villeneuve,2014-06-08,vettel,VET,red_bull,3,3,Finished,3.0,397.0,1.0,13.0,596.0,1.0,13.0,7.6,6.0,0.2,3.4,2.75,4,0.5,7,2014
2014,7,Canadian Grand Prix,villeneuve,2014-06-08,button,BUT,mclaren,4,9,Finished,9.0,73.0,9.0,0.0,122.0,5.0,0.0,10.2,9.4,0.1,10.2,7.75,4,0.5,7,2014
2014,7,Canadian Grand Prix,villeneuve,2014-06-08,hulkenberg,HUL,force_india,5,11,Finished,11.0,51.0,10.0,0.0,77.0,6.0,0.0,6.2,8.4,0.1,5.6,15.333333333333334,3,0.0,7,2014
2014,7,Canadian Grand Prix,villeneuve,2014-06-08,alonso,ALO,ferrari,6,7,Finished,7.0,242.0,2.0,2.0,354.0,3.0,2.0,5.2,5.4,0.0,5.2,8.0,4,0.5,7,2014
2014,7,Canadian Grand Prix,villeneuve,2014-06-08,bottas,BOT,williams,7,4,Finished,4.0,4.0,17.0,0.0,5.0,9.0,0.0,8.8,10.9,0.2,6.6,14.0,1,0.0,7,2014
2014,7,Canadian Grand Prix,villeneuve,2014-06-08,vergne,VER,toro_rosso,8,8,Finished,8.0,13.0,15.0,0.0,33.0,8.0,0.0,18.2,15.6,0.4,12.4,10.5,2,0.0,7,2014
2014,7,Canadian Grand Prix,villeneuve,2014-06-08,kevin_magnussen,MAG,mclaren,9,12,Finished,12.0,0.0,20.0,0.0,122.0,5.0,0.0,12.4,10.666666666666666,0.16666666666666666,10.2,11.0,0,0.0,7,2014
2014,7,Canadian Grand Prix,villeneuve,2014-06-08,raikkonen,RAI,ferrari,10,10,Finished,10.0,183.0,5.0,1.0,354.0,3.0,2.0,9.8,9.2,0.1,5.2,8.5,2,0.0,7,2014
2014,7,Canadian Grand Prix,villeneuve,2014-06-08,perez,PER,force_india,11,13,Collision,13.0,49.0,11.0,0.0,77.0,6.0,0.0,12.8,10.1,0.2,5.6,7.0,2,0.5,7,2014
2014,7,Canadian Grand Prix,villeneuve,2014-06-08,massa,MAS,williams,12,5,Collision,5.0,112.0,8.0,0.0,5.0,9.0,0.0,9.8,10.1,0.1,6.6,9.75,4,0.0,7,2014
2014,7,Canadian Grand Prix,villeneuve,2014-06-08,sutil,SUT,sauber,13,16,+1 Lap,16.0,29.0,13.0,0.0,57.0,7.0,0.0,19.4,16.2,0.5,16.6,13.666666666666666,3,0.0,7,2014
2014,7,Canadian Grand Prix,villeneuve,2014-06-08,gutierrez,GUT,sauber,14,22,ERS,22.0,6.0,16.0,0.0,57.0,7.0,0.0,16.6,14.9,0.3,16.6,20.0,1,0.0,7,2014
2014,7,Canadian Grand Prix,villeneuve,2014-06-08,grosjean,GRO,lotus_f1,15,14,Rear wing,14.0,132.0,7.0,0.0,315.0,4.0,1.0,12.0,10.6,0.3,10.6,7.5,2,0.5,7,2014
2014,7,Canadian Grand Prix,villeneuve,2014-06-08,kvyat,KVY,toro_rosso,16,15,Drivetrain,15.0,0.0,20.0,0.0,33.0,8.0,0.0,12.8,12.166666666666666,0.16666666666666666,12.4,11.0,0,0.0,7,2014
2014,7,Canadian Grand Prix,villeneuve,2014-06-08,hamilton,HAM,mercedes,17,2,Brakes,2.0,189.0,4.0,1.0,360.0,2.0,3.0,1.2,5.1,0.1,1.0,7.25,4,0.75,7,2014
2014,7,Canadian Grand Prix,villeneuve,2014-06-08,kobayashi,KOB,caterham,18,21,Suspension,21.0,0.0,20.0,0.0,0.0,11.0,0.0,16.0,14.4,0.2,15.4,13.333333333333334,3,0.0,7,2014
2014,7,Canadian Grand Prix,villeneuve,2014-06-08,maldonado,MAL,lotus_f1,19,17,Power Unit,17.0,1.0,18.0,0.0,315.0,4.0,1.0,17.2,15.8,0.3,10.6,16.0,3,0.0,7,2014
2014,7,Canadian Grand Prix,villeneuve,2014-06-08,ericsson,ERI,caterham,20,20,Turbo,20.0,0.0,20.0,0.0,0.0,11.0,0.0,17.0,17.0,0.3333333333333333,15.4,11.0,0,0.0,7,2014
2014,7,Canadian Grand Prix,villeneuve,2014-06-08,chilton,CHI,marussia,21,18,Collision,18.0,0.0,23.0,0.0,0.0,10.0,0.0,16.0,17.1,0.0,14.4,19.0,1,0.0,7,2014
2014,7,Canadian Grand Prix,villeneuve,2014-06-08,jules_bianchi,BIA,marussia,22,19,Collision,19.0,0.0,19.0,0.0,0.0,10.0,0.0,16.0,16.7,0.1,14.4,17.0,1,0.0,7,2014
2014,8,Austrian Grand Prix,red_bull_ring,2014-06-22,rosberg,ROS,mercedes,1,3,Finished,3.0,171.0,6.0,2.0,360.0,2.0,3.0,1.8,2.9,0.0,1.2,11.0,0,0.0,8,2014
2014,8,Austrian Grand Prix,red_bull_ring,2014-06-22,hamilton,HAM,mercedes,2,9,Finished,9.0,189.0,4.0,1.0,360.0,2.0,3.0,4.4,6.2,0.2,1.2,11.0,0,0.0,8,2014
2014,8,Austrian Grand Prix,red_bull_ring,2014-06-22,bottas,BOT,williams,3,2,Finished,2.0,4.0,17.0,0.0,5.0,9.0,0.0,8.6,10.0,0.2,6.6,11.0,0,0.0,8,2014
2014,8,Austrian Grand Prix,red_bull_ring,2014-06-22,massa,MAS,williams,4,1,Finished,1.0,112.0,8.0,0.0,5.0,9.0,0.0,10.8,10.9,0.2,6.6,11.0,0,0.0,8,2014
2014,8,Austrian Grand Prix,red_bull_ring,2014-06-22,alonso,ALO,ferrari,5,4,Finished,4.0,242.0,2.0,2.0,354.0,3.0,2.0,5.6,4.9,0.0,5.6,11.0,0,0.0,8,2014
2014,8,Austrian Grand Prix,red_bull_ring,2014-06-22,perez,PER,force_india,6,15,Finished,15.0,49.0,11.0,0.0,77.0,6.0,0.0,10.6,10.7,0.3,5.6,11.0,0,0.0,8,2014
2014,8,Austrian Grand Prix,red_bull_ring,2014-06-22,kevin_magnussen,MAG,mclaren,7,6,Finished,6.0,0.0,20.0,0.0,122.0,5.0,0.0,12.4,10.428571428571429,0.14285714285714285,9.8,11.0,0,0.0,8,2014
2014,8,Austrian Grand Prix,red_bull_ring,2014-06-22,ricciardo,RIC,red_bull,8,5,Finished,5.0,20.0,14.0,0.0,596.0,1.0,13.0,3.0,9.0,0.2,3.0,11.0,0,0.0,8,2014
2014,8,Austrian Grand Prix,red_bull_ring,2014-06-22,hulkenberg,HUL,force_india,9,10,Finished,10.0,51.0,10.0,0.0,77.0,6.0,0.0,6.2,7.0,0.0,5.6,11.0,0,0.0,8,2014
2014,8,Austrian Grand Prix,red_bull_ring,2014-06-22,raikkonen,RAI,ferrari,10,8,Finished,8.0,183.0,5.0,1.0,354.0,3.0,2.0,9.4,10.0,0.1,5.6,11.0,0,0.0,8,2014
2014,8,Austrian Grand Prix,red_bull_ring,2014-06-22,button,BUT,mclaren,11,11,Finished,11.0,73.0,9.0,0.0,122.0,5.0,0.0,9.8,8.4,0.1,9.8,11.0,0,0.0,8,2014
2014,8,Austrian Grand Prix,red_bull_ring,2014-06-22,maldonado,MAL,lotus_f1,12,13,+1 Lap,13.0,1.0,18.0,0.0,315.0,4.0,1.0,16.8,16.5,0.4,11.4,11.0,0,0.0,8,2014
2014,8,Austrian Grand Prix,red_bull_ring,2014-06-22,sutil,SUT,sauber,13,16,+1 Lap,16.0,29.0,13.0,0.0,57.0,7.0,0.0,18.4,16.6,0.5,15.8,11.0,0,0.0,8,2014
2014,8,Austrian Grand Prix,red_bull_ring,2014-06-22,grosjean,GRO,lotus_f1,14,22,+1 Lap,22.0,132.0,7.0,0.0,315.0,4.0,1.0,12.8,11.8,0.4,11.4,11.0,0,0.0,8,2014
2014,8,Austrian Grand Prix,red_bull_ring,2014-06-22,jules_bianchi,BIA,marussia,15,18,+2 Laps,18.0,0.0,19.0,0.0,0.0,10.0,0.0,16.4,17.1,0.2,15.6,11.0,0,0.0,8,2014
2014,8,Austrian Grand Prix,red_bull_ring,2014-06-22,kobayashi,KOB,caterham,16,19,+2 Laps,19.0,0.0,20.0,0.0,0.0,11.0,0.0,17.0,14.8,0.3,16.4,11.0,0,0.0,8,2014
2014,8,Austrian Grand Prix,red_bull_ring,2014-06-22,chilton,CHI,marussia,17,21,+2 Laps,21.0,0.0,23.0,0.0,0.0,10.0,0.0,17.2,17.5,0.1,15.6,11.0,0,0.0,8,2014
2014,8,Austrian Grand Prix,red_bull_ring,2014-06-22,ericsson,ERI,caterham,18,20,+2 Laps,20.0,0.0,20.0,0.0,0.0,11.0,0.0,18.2,17.428571428571427,0.42857142857142855,16.4,11.0,0,0.0,8,2014
2014,8,Austrian Grand Prix,red_bull_ring,2014-06-22,gutierrez,GUT,sauber,19,17,+2 Laps,17.0,6.0,16.0,0.0,57.0,7.0,0.0,16.0,14.8,0.4,15.8,11.0,0,0.0,8,2014
2014,8,Austrian Grand Prix,red_bull_ring,2014-06-22,vergne,VER,toro_rosso,20,14,Brakes,14.0,13.0,15.0,0.0,33.0,8.0,0.0,16.0,15.1,0.4,12.0,11.0,0,0.0,8,2014
2014,8,Austrian Grand Prix,red_bull_ring,2014-06-22,vettel,VET,red_bull,21,12,Electrical,12.0,397.0,1.0,13.0,596.0,1.0,13.0,7.6,6.2,0.2,3.0,11.0,0,0.0,8,2014
2014,8,Austrian Grand Prix,red_bull_ring,2014-06-22,kvyat,KVY,toro_rosso,22,7,Suspension,7.0,0.0,20.0,0.0,33.0,8.0,0.0,14.0,12.714285714285714,0.2857142857142857,12.0,11.0,0,0.0,8,2014
2014,9,British Grand Prix,silverstone,2014-07-06,hamilton,HAM,mercedes,1,6,Finished,6.0,189.0,4.0,1.0,360.0,2.0,3.0,4.6,5.7,0.2,1.2,4.5,4,0.25,9,2014
2014,9,British Grand Prix,silverstone,2014-07-06,bottas,BOT,williams,2,14,Finished,14.0,4.0,17.0,0.0,5.0,9.0,0.0,7.6,8.8,0.2,5.8,12.0,1,0.0,9,2014
2014,9,British Grand Prix,silverstone,2014-07-06,ricciardo,RIC,red_bull,3,8,Finished,8.0,20.0,14.0,0.0,596.0,1.0,13.0,3.8,8.2,0.2,3.8,13.333333333333334,3,0.0,9,2014
2014,9,British Grand Prix,silverstone,2014-07-06,button,BUT,mclaren,4,3,Finished,3.0,73.0,9.0,0.0,122.0,5.0,0.0,8.6,8.3,0.1,7.8,11.75,4,0.0,9,2014
2014,9,British Grand Prix,silverstone,2014-07-06,vettel,VET,red_bull,5,2,Finished,2.0,397.0,1.0,13.0,596.0,1.0,13.0,10.6,8.2,0.3,3.8,8.25,4,0.5,9,2014
2014,9,British Grand Prix,silverstone,2014-07-06,alonso,ALO,ferrari,6,16,Finished,16.0,242.0,2.0,2.0,354.0,3.0,2.0,4.8,4.9,0.0,4.8,5.0,4,0.75,9,2014
2014,9,British Grand Prix,silverstone,2014-07-06,kevin_magnussen,MAG,mclaren,7,5,Finished,5.0,0.0,20.0,0.0,122.0,5.0,0.0,10.2,10.0,0.125,7.8,11.0,0,0.0,9,2014
2014,9,British Grand Prix,silverstone,2014-07-06,hulkenberg,HUL,force_india,8,4,Finished,4.0,51.0,10.0,0.0,77.0,6.0,0.0,7.0,6.5,0.0,6.2,10.666666666666666,3,0.0,9,2014
2014,9,British Grand Prix,silverstone,2014-07-06,kvyat,KVY,toro_rosso,9,9,Finished,9.0,0.0,20.0,0.0,33.0,8.0,0.0,16.2,13.875,0.375,13.8,11.0,0,0.0,9,2014
2014,9,British Grand Prix,silverstone,2014-07-06,vergne,VER,toro_rosso,10,10,+1 Lap,10.0,13.0,15.0,0.0,33.0,8.0,0.0,15.8,15.4,0.5,13.8,18.0,2,0.0,9,2014
2014,9,British Grand Prix,silverstone,2014-07-06,perez,PER,force_india,11,7,+1 Lap,7.0,49.0,11.0,0.0,77.0,6.0,0.0,11.2,10.4,0.3,6.2,16.333333333333332,3,0.0,9,2014
2014,9,British Grand Prix,silverstone,2014-07-06,grosjean,GRO,lotus_f1,12,11,+1 Lap,11.0,132.0,7.0,0.0,315.0,4.0,1.0,13.2,12.8,0.4,11.4,12.5,2,0.0,9,2014
2014,9,British Grand Prix,silverstone,2014-07-06,sutil,SUT,sauber,13,13,+1 Lap,13.0,29.0,13.0,0.0,57.0,7.0,0.0,16.6,16.9,0.5,14.6,8.666666666666666,3,0.0,9,2014
2014,9,British Grand Prix,silverstone,2014-07-06,jules_bianchi,BIA,marussia,14,12,+1 Lap,12.0,0.0,19.0,0.0,0.0,10.0,0.0,16.2,16.6,0.2,16.0,16.0,1,0.0,9,2014
2014,9,British Grand Prix,silverstone,2014-07-06,kobayashi,KOB,caterham,15,22,+2 Laps,22.0,0.0,20.0,0.0,0.0,11.0,0.0,17.2,15.8,0.3,16.6,13.0,3,0.0,9,2014
2014,9,British Grand Prix,silverstone,2014-07-06,chilton,CHI,marussia,16,17,+2 Laps,17.0,0.0,23.0,0.0,0.0,10.0,0.0,18.0,17.1,0.1,16.0,17.0,1,0.0,9,2014
2014,9,British Grand Prix,silverstone,2014-07-06,maldonado,MAL,lotus_f1,17,20,+3 Laps,20.0,1.0,18.0,0.0,315.0,4.0,1.0,16.4,16.6,0.4,11.4,13.666666666666666,3,0.0,9,2014
2014,9,British Grand Prix,silverstone,2014-07-06,rosberg,ROS,mercedes,18,1,Gearbox,1.0,171.0,6.0,2.0,360.0,2.0,3.0,1.6,2.7,0.0,1.2,6.25,4,0.5,9,2014
2014,9,British Grand Prix,silverstone,2014-07-06,ericsson,ERI,caterham,19,21,Suspension,21.0,0.0,20.0,0.0,0.0,11.0,0.0,17.8,17.5,0.375,16.6,11.0,0,0.0,9,2014
2014,9,British Grand Prix,silverstone,2014-07-06,gutierrez,GUT,sauber,20,19,Collision,19.0,6.0,16.0,0.0,57.0,7.0,0.0,16.0,15.4,0.4,14.6,14.0,1,0.0,9,2014
2014,9,British Grand Prix,silverstone,2014-07-06,massa,MAS,williams,21,15,Collision,15.0,112.0,8.0,0.0,5.0,9.0,0.0,10.2,10.5,0.2,5.8,7.5,4,0.0,9,2014
2014,9,British Grand Prix,silverstone,2014-07-06,raikkonen,RAI,ferrari,22,18,Collision,18.0,183.0,5.0,1.0,354.0,3.0,2.0,9.4,10.5,0.1,4.8,5.0,2,0.0,9,2014
2014,10,German Grand Prix,hockenheimring,2014-07-20,rosberg,ROS,mercedes,1,1,Finished,1.0,171.0,6.0,2.0,360.0,2.0,3.0,4.8,3.6,0.1,1.2,9.0,2,0.0,10,2014
2014,10,German Grand Prix,hockenheimring,2014-07-20,bottas,BOT,williams,2,2,Finished,2.0,4.0,17.0,0.0,5.0,9.0,0.0,6.6,8.2,0.2,4.8,11.0,0,0.0,10,2014
2014,10,German Grand Prix,hockenheimring,2014-07-20,hamilton,HAM,mercedes,3,20,Finished,20.0,189.0,4.0,1.0,360.0,2.0,3.0,4.6,5.4,0.2,1.2,14.0,2,0.0,10,2014
2014,10,German Grand Prix,hockenheimring,2014-07-20,vettel,VET,red_bull,4,6,Finished,6.0,397.0,1.0,13.0,596.0,1.0,13.0,10.6,8.6,0.3,3.6,4.0,2,0.5,10,2014
2014,10,German Grand Prix,hockenheimring,2014-07-20,alonso,ALO,ferrari,5,7,Finished,7.0,242.0,2.0,2.0,354.0,3.0,2.0,5.4,5.0,0.0,5.4,1.0,2,1.0,10,2014
2014,10,German Grand Prix,hockenheimring,2014-07-20,ricciardo,RIC,red_bull,6,5,Finished,5.0,20.0,14.0,0.0,596.0,1.0,13.0,3.6,7.4,0.2,3.6,13.0,1,0.0,10,2014
2014,10,German Grand Prix,hockenheimring,2014-07-20,hulkenberg,HUL,force_india,7,9,Finished,9.0,51.0,10.0,0.0,77.0,6.0,0.0,7.4,6.7,0.0,6.6,11.0,2,0.0,10,2014
2014,10,German Grand Prix,hockenheimring,2014-07-20,button,BUT,mclaren,8,11,Finished,11.0,73.0,9.0,0.0,122.0,5.0,0.0,7.2,7.7,0.1,6.4,3.5,2,0.5,10,2014
2014,10,German Grand Prix,hockenheimring,2014-07-20,kevin_magnussen,MAG,mclaren,9,4,+1 Lap,4.0,0.0,20.0,0.0,122.0,5.0,0.0,9.0,9.666666666666666,0.1111111111111111,6.4,11.0,0,0.0,10,2014
2014,10,German Grand Prix,hockenheimring,2014-07-20,perez,PER,force_india,10,10,+1 Lap,10.0,49.0,11.0,0.0,77.0,6.0,0.0,11.6,10.8,0.3,6.6,6.0,1,0.0,10,2014
2014,10,German Grand Prix,hockenheimring,2014-07-20,raikkonen,RAI,ferrari,11,12,+1 Lap,12.0,183.0,5.0,1.0,354.0,3.0,2.0,12.2,12.0,0.2,5.4,3.0,1,1.0,10,2014
2014,10,German Grand Prix,hockenheimring,2014-07-20,maldonado,MAL,lotus_f1,12,18,+1 Lap,18.0,1.0,18.0,0.0,315.0,4.0,1.0,17.0,16.6,0.4,11.0,15.0,1,0.0,10,2014
2014,10,German Grand Prix,hockenheimring,2014-07-20,vergne,VER,toro_rosso,13,13,+1 Lap,13.0,13.0,15.0,0.0,33.0,8.0,0.0,15.4,15.2,0.5,13.6,14.0,1,0.0,10,2014
2014,10,German Grand Prix,hockenheimring,2014-07-20,gutierrez,GUT,sauber,14,16,+1 Lap,16.0,6.0,16.0,0.0,57.0,7.0,0.0,16.8,16.0,0.5,14.0,11.0,0,0.0,10,2014
2014,10,German Grand Prix,hockenheimring,2014-07-20,jules_bianchi,BIA,marussia,15,17,+1 Lap,17.0,0.0,19.0,0.0,0.0,10.0,0.0,15.6,16.2,0.2,15.4,11.0,0,0.0,10,2014
2014,10,German Grand Prix,hockenheimring,2014-07-20,kobayashi,KOB,caterham,16,19,+2 Laps,19.0,0.0,20.0,0.0,0.0,11.0,0.0,16.6,15.9,0.3,16.0,7.5,2,0.0,10,2014
2014,10,German Grand Prix,hockenheimring,2014-07-20,chilton,CHI,marussia,17,21,+2 Laps,21.0,0.0,23.0,0.0,0.0,10.0,0.0,17.4,16.6,0.1,15.4,11.0,0,0.0,10,2014
2014,10,German Grand Prix,hockenheimring,2014-07-20,ericsson,ERI,caterham,18,22,+2 Laps,22.0,0.0,20.0,0.0,0.0,11.0,0.0,17.6,17.666666666666668,0.4444444444444444,16.0,11.0,0,0.0,10,2014
2014,10,German Grand Prix,hockenheimring,2014-07-20,sutil,SUT,sauber,19,15,Brakes,15.0,29.0,13.0,0.0,57.0,7.0,0.0,14.8,16.0,0.4,14.0,17.0,1,0.0,10,2014
2014,10,German Grand Prix,hockenheimring,2014-07-20,kvyat,KVY,toro_rosso,20,8,Oil leak,8.0,0.0,20.0,0.0,33.0,8.0,0.0,16.0,13.333333333333334,0.3333333333333333,13.6,11.0,0,0.0,10,2014
2014,10,German Grand Prix,hockenheimring,2014-07-20,grosjean,GRO,lotus_f1,21,14,Water leak,14.0,132.0,7.0,0.0,315.0,4.0,1.0,11.4,13.8,0.4,11.0,18.0,1,0.0,10,2014
2014,10,German Grand Prix,hockenheimring,2014-07-20,massa,MAS,williams,22,3,Collision,3.0,112.0,8.0,0.0,5.0,9.0,0.0,11.4,11.3,0.3,4.8,7.0,2,0.5,10,2014
2014,11,Hungarian Grand Prix,hungaroring,2014-07-27,ricciardo,RIC,red_bull,1,4,Finished,4.0,20.0,14.0,0.0,596.0,1.0,13.0,4.2,7.0,0.2,3.8,15.333333333333334,3,0.0,11,2014
2014,11,Hungarian Grand Prix,hungaroring,2014-07-27,alonso,ALO,ferrari,2,5,Finished,5.0,242.0,2.0,2.0,354.0,3.0,2.0,5.2,5.2,0.0,5.2,3.75,4,0.5,11,2014
2014,11,Hungarian Grand Prix,hungaroring,2014-07-27,hamilton,HAM,mercedes,3,22,Finished,22.0,189.0,4.0,1.0,360.0,2.0,3.0,5.0,4.8,0.2,1.2,6.5,4,0.5,11,2014
2014,11,Hungarian Grand Prix,hungaroring,2014-07-27,rosberg,ROS,mercedes,4,1,Finished,1.0,171.0,6.0,2.0,360.0,2.0,3.0,4.6,3.2,0.1,1.2,15.0,4,0.0,11,2014
2014,11,Hungarian Grand Prix,hungaroring,2014-07-27,massa,MAS,williams,5,6,Finished,6.0,112.0,8.0,0.0,5.0,9.0,0.0,13.2,12.8,0.4,4.2,6.75,4,0.0,11,2014
2014,11,Hungarian Grand Prix,hungaroring,2014-07-27,raikkonen,RAI,ferrari,6,16,Finished,16.0,183.0,5.0,1.0,354.0,3.0,2.0,13.0,10.9,0.1,5.2,2.0,2,1.0,11,2014
2014,11,Hungarian Grand Prix,hungaroring,2014-07-27,vettel,VET,red_bull,7,2,Finished,2.0,397.0,1.0,13.0,596.0,1.0,13.0,10.6,8.9,0.3,3.8,3.0,4,0.75,11,2014
2014,11,Hungarian Grand Prix,hungaroring,2014-07-27,bottas,BOT,williams,8,3,Finished,3.0,4.0,17.0,0.0,5.0,9.0,0.0,6.0,6.3,0.1,4.2,20.0,1,0.0,11,2014
2014,11,Hungarian Grand Prix,hungaroring,2014-07-27,vergne,VER,toro_rosso,9,8,Finished,8.0,13.0,15.0,0.0,33.0,8.0,0.0,13.6,15.0,0.5,13.4,14.0,2,0.0,11,2014
2014,11,Hungarian Grand Prix,hungaroring,2014-07-27,button,BUT,mclaren,10,7,Finished,7.0,73.0,9.0,0.0,122.0,5.0,0.0,6.6,8.1,0.1,5.8,5.5,4,0.25,11,2014
2014,11,Hungarian Grand Prix,hungaroring,2014-07-27,sutil,SUT,sauber,11,11,Finished,11.0,29.0,13.0,0.0,57.0,7.0,0.0,15.2,16.6,0.5,13.6,19.666666666666668,3,0.0,11,2014
2014,11,Hungarian Grand Prix,hungaroring,2014-07-27,kevin_magnussen,MAG,mclaren,12,21,Finished,21.0,0.0,20.0,0.0,122.0,5.0,0.0,8.4,9.6,0.1,5.8,11.0,0,0.0,11,2014
2014,11,Hungarian Grand Prix,hungaroring,2014-07-27,maldonado,MAL,lotus_f1,13,20,Finished,20.0,1.0,18.0,0.0,315.0,4.0,1.0,16.4,16.2,0.4,11.8,13.0,3,0.0,11,2014
2014,11,Hungarian Grand Prix,hungaroring,2014-07-27,kvyat,KVY,toro_rosso,14,10,+1 Lap,10.0,0.0,20.0,0.0,33.0,8.0,0.0,17.2,14.0,0.4,13.4,11.0,0,0.0,11,2014
2014,11,Hungarian Grand Prix,hungaroring,2014-07-27,jules_bianchi,BIA,marussia,15,15,+1 Lap,15.0,0.0,19.0,0.0,0.0,10.0,0.0,15.0,16.0,0.2,14.8,16.0,1,0.0,11,2014
2014,11,Hungarian Grand Prix,hungaroring,2014-07-27,chilton,CHI,marussia,16,18,+1 Lap,18.0,0.0,23.0,0.0,0.0,10.0,0.0,17.0,16.4,0.1,14.8,17.0,1,0.0,11,2014
2014,11,Hungarian Grand Prix,hungaroring,2014-07-27,gutierrez,GUT,sauber,17,13,Retired,13.0,6.0,16.0,0.0,57.0,7.0,0.0,16.4,16.2,0.5,13.6,21.0,1,0.0,11,2014
2014,11,Hungarian Grand Prix,hungaroring,2014-07-27,kobayashi,KOB,caterham,18,17,Retired,17.0,0.0,20.0,0.0,0.0,11.0,0.0,15.6,16.6,0.3,15.2,12.666666666666666,3,0.0,11,2014
2014,11,Hungarian Grand Prix,hungaroring,2014-07-27,perez,PER,force_india,19,12,Accident,12.0,49.0,11.0,0.0,77.0,6.0,0.0,11.8,11.2,0.3,6.2,12.666666666666666,3,0.0,11,2014
2014,11,Hungarian Grand Prix,hungaroring,2014-07-27,hulkenberg,HUL,force_india,20,9,Accident,9.0,51.0,10.0,0.0,77.0,6.0,0.0,6.8,6.6,0.0,6.2,9.333333333333334,3,0.0,11,2014
2014,11,Hungarian Grand Prix,hungaroring,2014-07-27,grosjean,GRO,lotus_f1,21,14,Accident,14.0,132.0,7.0,0.0,315.0,4.0,1.0,14.0,13.7,0.4,11.8,4.5,2,0.5,11,2014
2014,11,Hungarian Grand Prix,hungaroring,2014-07-27,ericsson,ERI,caterham,22,19,Accident,19.0,0.0,20.0,0.0,0.0,11.0,0.0,17.2,17.7,0.4,15.2,11.0,0,0.0,11,2014
2014,12,Belgian Grand Prix,spa,2014-08-24,ricciardo,RIC,red_bull,1,5,Finished,5.0,20.0,14.0,0.0,596.0,1.0,13.0,3.8,4.9,0.1,3.4,13.333333333333334,3,0.0,12,2014
2014,12,Belgian Grand Prix,spa,2014-08-24,rosberg,ROS,mercedes,2,1,Finished,1.0,171.0,6.0,2.0,360.0,2.0,3.0,5.2,3.5,0.1,1.6,6.75,4,0.0,12,2014
2014,12,Belgian Grand Prix,spa,2014-08-24,bottas,BOT,williams,3,6,Finished,6.0,4.0,17.0,0.0,5.0,9.0,0.0,4.4,6.6,0.1,3.8,15.0,1,0.0,12,2014
2014,12,Belgian Grand Prix,spa,2014-08-24,raikkonen,RAI,ferrari,4,8,Finished,8.0,183.0,5.0,1.0,354.0,3.0,2.0,11.8,10.8,0.1,4.8,12.0,2,0.5,12,2014
2014,12,Belgian Grand Prix,spa,2014-08-24,vettel,VET,red_bull,5,3,Finished,3.0,397.0,1.0,13.0,596.0,1.0,13.0,8.0,7.8,0.2,3.4,4.75,4,0.75,12,2014
2014,12,Belgian Grand Prix,spa,2014-08-24,button,BUT,mclaren,6,10,Finished,10.0,73.0,9.0,0.0,122.0,5.0,0.0,7.4,8.8,0.1,6.6,8.0,4,0.5,12,2014
2014,12,Belgian Grand Prix,spa,2014-08-24,alonso,ALO,ferrari,7,4,Finished,4.0,242.0,2.0,2.0,354.0,3.0,2.0,4.8,5.0,0.0,4.8,12.25,4,0.25,12,2014
2014,12,Belgian Grand Prix,spa,2014-08-24,perez,PER,force_india,8,13,Finished,13.0,49.0,11.0,0.0,77.0,6.0,0.0,11.4,12.1,0.4,9.0,17.333333333333332,3,0.0,12,2014
2014,12,Belgian Grand Prix,spa,2014-08-24,kvyat,KVY,toro_rosso,9,11,Finished,11.0,0.0,20.0,0.0,33.0,8.0,0.0,16.2,14.5,0.4,11.8,11.0,0,0.0,12,2014
2014,12,Belgian Grand Prix,spa,2014-08-24,hulkenberg,HUL,force_india,10,18,Finished,18.0,51.0,10.0,0.0,77.0,6.0,0.0,9.8,8.0,0.1,9.0,10.333333333333334,3,0.0,12,2014
2014,12,Belgian Grand Prix,spa,2014-08-24,vergne,VER,toro_rosso,11,12,Finished,12.0,13.0,15.0,0.0,33.0,8.0,0.0,12.0,15.1,0.5,11.8,10.0,2,0.0,12,2014
2014,12,Belgian Grand Prix,spa,2014-08-24,kevin_magnussen,MAG,mclaren,12,7,Finished,7.0,0.0,20.0,0.0,122.0,5.0,0.0,8.8,10.6,0.1,6.6,11.0,0,0.0,12,2014
2014,12,Belgian Grand Prix,spa,2014-08-24,massa,MAS,williams,13,9,Finished,9.0,112.0,8.0,0.0,5.0,9.0,0.0,12.8,11.3,0.3,3.8,6.0,4,0.0,12,2014
2014,12,Belgian Grand Prix,spa,2014-08-24,sutil,SUT,sauber,14,14,Finished,14.0,29.0,13.0,0.0,57.0,7.0,0.0,13.8,16.6,0.5,12.8,7.0,3,0.0,12,2014
2014,12,Belgian Grand Prix,spa,2014-08-24,gutierrez,GUT,sauber,15,20,Finished,20.0,6.0,16.0,0.0,57.0,7.0,0.0,16.8,16.7,0.6,12.8,14.0,1,0.0,12,2014
2014,12,Belgian Grand Prix,spa,2014-08-24,chilton,CHI,marussia,16,19,+1 Lap,19.0,0.0,23.0,0.0,0.0,10.0,0.0,17.4,16.7,0.1,16.0,19.0,1,0.0,12,2014
2014,12,Belgian Grand Prix,spa,2014-08-24,ericsson,ERI,caterham,17,22,+1 Lap,22.0,0.0,20.0,0.0,0.0,11.0,0.0,19.4,18.2,0.4,16.6,11.0,0,0.0,12,2014
2014,12,Belgian Grand Prix,spa,2014-08-24,jules_bianchi,BIA,marussia,18,16,Gearbox,16.0,0.0,19.0,0.0,0.0,10.0,0.0,16.2,16.1,0.2,16.0,18.0,1,0.0,12,2014
2014,12,Belgian Grand Prix,spa,2014-08-24,hamilton,HAM,mercedes,19,2,Retired,2.0,189.0,4.0,1.0,360.0,2.0,3.0,5.2,3.2,0.1,1.6,12.25,4,0.5,12,2014
2014,12,Belgian Grand Prix,spa,2014-08-24,grosjean,GRO,lotus_f1,20,15,Retired,15.0,132.0,7.0,0.0,315.0,4.0,1.0,16.6,14.3,0.4,12.8,16.0,2,0.0,12,2014
2014,12,Belgian Grand Prix,spa,2014-08-24,maldonado,MAL,lotus_f1,21,17,Mechanical,17.0,1.0,18.0,0.0,315.0,4.0,1.0,14.6,15.9,0.3,12.8,15.666666666666666,3,0.0,12,2014
2014,12,Belgian Grand Prix,spa,2014-08-24,lotterer,LOT,caterham,22,21,Power Unit,21.0,0.0,20.0,0.0,0.0,11.0,0.0,11.0,11.0,0.1,16.6,11.0,0,0.0,12,2014
2014,13,Italian Grand Prix,monza,2014-09-07,hamilton,HAM,mercedes,1,1,Finished,1.0,189.0,4.0,1.0,360.0,2.0,3.0,5.6,5.0,0.2,1.6,9.25,4,0.25,13,2014
2014,13,Italian Grand Prix,monza,2014-09-07,rosberg,ROS,mercedes,2,2,Finished,2.0,171.0,6.0,2.0,360.0,2.0,3.0,5.2,3.5,0.1,1.6,10.25,4,0.0,13,2014
2014,13,Italian Grand Prix,monza,2014-09-07,massa,MAS,williams,3,4,Finished,4.0,112.0,8.0,0.0,5.0,9.0,0.0,13.0,11.9,0.3,3.0,4.25,4,0.25,13,2014
2014,13,Italian Grand Prix,monza,2014-09-07,bottas,BOT,williams,4,3,Finished,3.0,4.0,17.0,0.0,5.0,9.0,0.0,3.6,6.1,0.1,3.0,15.0,1,0.0,13,2014
2014,13,Italian Grand Prix,monza,2014-09-07,ricciardo,RIC,red_bull,5,9,Finished,9.0,20.0,14.0,0.0,596.0,1.0,13.0,3.8,3.4,0.0,3.4,11.666666666666666,3,0.0,13,2014
2014,13,Italian Grand Prix,monza,2014-09-07,vettel,VET,red_bull,6,8,Finished,8.0,397.0,1.0,13.0,596.0,1.0,13.0,8.4,8.0,0.2,3.4,7.0,4,0.5,13,2014
2014,13,Italian Grand Prix,monza,2014-09-07,perez,PER,force_india,7,10,Finished,10.0,49.0,11.0,0.0,77.0,6.0,0.0,10.8,10.7,0.3,9.6,10.333333333333334,3,0.3333333333333333,13,2014
2014,13,Italian Grand Prix,monza,2014-09-07,button,BUT,mclaren,8,6,Finished,6.0,73.0,9.0,0.0,122.0,5.0,0.0,7.8,8.8,0.1,7.0,9.25,4,0.5,13,2014
2014,13,Italian Grand Prix,monza,2014-09-07,raikkonen,RAI,ferrari,9,11,Finished,11.0,183.0,5.0,1.0,354.0,3.0,2.0,10.6,10.0,0.1,4.4,8.0,2,0.0,13,2014
2014,13,Italian Grand Prix,monza,2014-09-07,kevin_magnussen,MAG,mclaren,10,5,Finished,5.0,0.0,20.0,0.0,122.0,5.0,0.0,9.4,10.9,0.1,7.0,11.0,0,0.0,13,2014
2014,13,Italian Grand Prix,monza,2014-09-07,kvyat,KVY,toro_rosso,11,21,Finished,21.0,0.0,20.0,0.0,33.0,8.0,0.0,14.8,14.4,0.4,12.0,11.0,0,0.0,13,2014
2014,13,Italian Grand Prix,monza,2014-09-07,hulkenberg,HUL,force_india,12,13,Finished,13.0,51.0,10.0,0.0,77.0,6.0,0.0,10.8,8.5,0.1,9.6,11.0,3,0.0,13,2014
2014,13,Italian Grand Prix,monza,2014-09-07,vergne,VER,toro_rosso,13,12,Finished,12.0,13.0,15.0,0.0,33.0,8.0,0.0,12.6,14.3,0.4,12.0,22.5,2,0.0,13,2014
2014,13,Italian Grand Prix,monza,2014-09-07,maldonado,MAL,lotus_f1,14,16,+1 Lap,16.0,1.0,18.0,0.0,315.0,4.0,1.0,15.0,15.9,0.3,13.8,12.0,3,0.0,13,2014
2014,13,Italian Grand Prix,monza,2014-09-07,sutil,SUT,sauber,15,14,+1 Lap,14.0,29.0,13.0,0.0,57.0,7.0,0.0,14.0,16.2,0.4,13.0,17.0,3,0.0,13,2014
2014,13,Italian Grand Prix,monza,2014-09-07,grosjean,GRO,lotus_f1,16,17,+1 Lap,17.0,132.0,7.0,0.0,315.0,4.0,1.0,17.6,15.2,0.5,13.8,8.0,1,0.0,13,2014
2014,13,Italian Grand Prix,monza,2014-09-07,kobayashi,KOB,caterham,17,18,+1 Lap,18.0,0.0,20.0,0.0,0.0,11.0,0.0,16.6,16.3,0.3,16.4,17.0,3,0.0,13,2014
2014,13,Italian Grand Prix,monza,2014-09-07,jules_bianchi,BIA,marussia,18,19,+1 Lap,19.0,0.0,19.0,0.0,0.0,10.0,0.0,15.4,15.9,0.2,15.0,19.0,1,0.0,13,2014
2014,13,Italian Grand Prix,monza,2014-09-07,gutierrez,GUT,sauber,19,15,+2 Laps,15.0,6.0,16.0,0.0,57.0,7.0,0.0,17.0,16.5,0.5,13.0,13.0,1,0.0,13,2014
2014,13,Italian Grand Prix,monza,2014-09-07,ericsson,ERI,caterham,20,22,+2 Laps,22.0,0.0,20.0,0.0,0.0,11.0,0.0,18.8,18.5,0.4,16.4,11.0,0,0.0,13,2014
2014,13,Italian Grand Prix,monza,2014-09-07,alonso,ALO,ferrari,21,7,Engine,7.0,242.0,2.0,2.0,354.0,3.0,2.0,5.0,5.3,0.0,4.4,2.25,4,1.0,13,2014
2014,13,Italian Grand Prix,monza,2014-09-07,chilton,CHI,marussia,22,20,Accident,20.0,0.0,23.0,0.0,0.0,10.0,0.0,16.4,16.8,0.1,15.0,20.0,1,0.0,13,2014
2014,14,Singapore Grand Prix,marina_bay,2014-09-21,hamilton,HAM,mercedes,1,1,Finished,1.0,189.0,4.0,1.0,360.0,2.0,3.0,5.4,5.0,0.2,1.6,13.25,4,0.0,14,2014
2014,14,Singapore Grand Prix,marina_bay,2014-09-21,vettel,VET,red_bull,2,4,Finished,4.0,397.0,1.0,13.0,596.0,1.0,13.0,5.4,8.0,0.2,2.8,1.25,4,1.0,14,2014
2014,14,Singapore Grand Prix,marina_bay,2014-09-21,ricciardo,RIC,red_bull,3,3,Finished,3.0,20.0,14.0,0.0,596.0,1.0,13.0,3.2,3.5,0.0,2.8,16.666666666666668,3,0.0,14,2014
2014,14,Singapore Grand Prix,marina_bay,2014-09-21,alonso,ALO,ferrari,4,5,Finished,5.0,242.0,2.0,2.0,354.0,3.0,2.0,8.2,6.5,0.1,5.2,2.5,4,0.75,14,2014
2014,14,Singapore Grand Prix,marina_bay,2014-09-21,massa,MAS,williams,5,6,Finished,6.0,112.0,8.0,0.0,5.0,9.0,0.0,12.8,11.5,0.3,3.0,7.75,4,0.0,14,2014
2014,14,Singapore Grand Prix,marina_bay,2014-09-21,vergne,VER,toro_rosso,6,12,Finished,12.0,13.0,15.0,0.0,33.0,8.0,0.0,11.2,13.5,0.3,10.2,17.0,2,0.0,14,2014
2014,14,Singapore Grand Prix,marina_bay,2014-09-21,perez,PER,force_india,7,15,Finished,15.0,49.0,11.0,0.0,77.0,6.0,0.0,11.0,11.1,0.3,9.8,9.333333333333334,3,0.0,14,2014
2014,14,Singapore Grand Prix,marina_bay,2014-09-21,raikkonen,RAI,ferrari,8,7,Finished,7.0,183.0,5.0,1.0,354.0,3.0,2.0,10.4,9.9,0.1,5.2,4.5,2,0.5,14,2014
2014,14,Singapore Grand Prix,marina_bay,2014-09-21,hulkenberg,HUL,force_india,9,13,Finished,13.0,51.0,10.0,0.0,77.0,6.0,0.0,11.4,9.2,0.1,9.8,11.0,3,0.0,14,2014
2014,14,Singapore Grand Prix,marina_bay,2014-09-21,kevin_magnussen,MAG,mclaren,10,9,Finished,9.0,0.0,20.0,0.0,122.0,5.0,0.0,10.0,10.1,0.0,7.2,11.0,0,0.0,14,2014
2014,14,Singapore Grand Prix,marina_bay,2014-09-21,bottas,BOT,williams,11,8,Finished,8.0,4.0,17.0,0.0,5.0,9.0,0.0,3.8,5.7,0.1,3.0,13.0,1,0.0,14,2014
2014,14,Singapore Grand Prix,marina_bay,2014-09-21,maldonado,MAL,lotus_f1,12,18,Finished,18.0,1.0,18.0,0.0,315.0,4.0,1.0,15.4,15.9,0.3,14.2,14.666666666666666,3,0.0,14,2014
2014,14,Singapore Grand Prix,marina_bay,2014-09-21,grosjean,GRO,lotus_f1,13,16,Finished,16.0,132.0,7.0,0.0,315.0,4.0,1.0,18.0,15.6,0.5,14.2,14.0,2,0.0,14,2014
2014,14,Singapore Grand Prix,marina_bay,2014-09-21,kvyat,KVY,toro_rosso,14,10,Finished,10.0,0.0,20.0,0.0,33.0,8.0,0.0,12.6,14.4,0.4,10.2,11.0,0,0.0,14,2014
2014,14,Singapore Grand Prix,marina_bay,2014-09-21,ericsson,ERI,caterham,15,22,Finished,22.0,0.0,20.0,0.0,0.0,11.0,0.0,19.2,18.5,0.3,16.6,11.0,0,0.0,14,2014
2014,14,Singapore Grand Prix,marina_bay,2014-09-21,jules_bianchi,BIA,marussia,16,19,Finished,19.0,0.0,19.0,0.0,0.0,10.0,0.0,16.0,16.1,0.2,15.6,18.0,1,0.0,14,2014
2014,14,Singapore Grand Prix,marina_bay,2014-09-21,chilton,CHI,marussia,17,21,+1 Lap,21.0,0.0,23.0,0.0,0.0,10.0,0.0,17.4,17.7,0.2,15.6,17.0,1,0.0,14,2014
2014,14,Singapore Grand Prix,marina_bay,2014-09-21,button,BUT,mclaren,18,11,Retired,11.0,73.0,9.0,0.0,122.0,5.0,0.0,7.2,7.9,0.0,7.2,3.75,4,0.5,14,2014
2014,14,Singapore Grand Prix,marina_bay,2014-09-21,sutil,SUT,sauber,19,17,Water pressure,17.0,29.0,13.0,0.0,57.0,7.0,0.0,14.4,15.5,0.3,13.4,9.0,3,0.0,14,2014
2014,14,Singapore Grand Prix,marina_bay,2014-09-21,gutierrez,GUT,sauber,20,14,Electrical,14.0,6.0,16.0,0.0,57.0,7.0,0.0,17.0,16.5,0.4,13.4,12.0,1,0.0,14,2014
2014,14,Singapore Grand Prix,marina_bay,2014-09-21,rosberg,ROS,mercedes,21,2,Electrical,2.0,171.0,6.0,2.0,360.0,2.0,3.0,5.4,3.5,0.1,1.6,5.25,4,0.0,14,2014
2014,14,Singapore Grand Prix,marina_bay,2014-09-21,kobayashi,KOB,caterham,22,20,Power Unit,20.0,0.0,20.0,0.0,0.0,11.0,0.0,16.4,16.7,0.3,16.6,16.0,3,0.0,14,2014
2014,15,Japanese Grand Prix,suzuka,2014-10-05,hamilton,HAM,mercedes,1,2,Finished,2.0,189.0,4.0,1.0,360.0,2.0,3.0,5.4,5.0,0.2,1.6,8.75,4,0.0,15,2014
2014,15,Japanese Grand Prix,suzuka,2014-10-05,rosberg,ROS,mercedes,2,1,Finished,1.0,171.0,6.0,2.0,360.0,2.0,3.0,6.0,5.4,0.2,1.6,14.75,4,0.0,15,2014
2014,15,Japanese Grand Prix,suzuka,2014-10-05,vettel,VET,red_bull,3,9,Finished,9.0,397.0,1.0,13.0,596.0,1.0,13.0,4.8,7.7,0.2,2.6,1.5,4,1.0,15,2014
2014,15,Japanese Grand Prix,suzuka,2014-10-05,ricciardo,RIC,red_bull,4,6,Finished,6.0,20.0,14.0,0.0,596.0,1.0,13.0,3.2,3.4,0.0,2.6,15.0,3,0.0,15,2014
2014,15,Japanese Grand Prix,suzuka,2014-10-05,button,BUT,mclaren,5,8,Finished,8.0,73.0,9.0,0.0,122.0,5.0,0.0,10.0,8.6,0.1,8.4,4.5,4,0.25,15,2014
2014,15,Japanese Grand Prix,suzuka,2014-10-05,bottas,BOT,williams,6,3,Finished,3.0,4.0,17.0,0.0,5.0,9.0,0.0,5.6,6.1,0.1,3.6,17.0,1,0.0,15,2014
2014,15,Japanese Grand Prix,suzuka,2014-10-05,massa,MAS,williams,7,4,Finished,4.0,112.0,8.0,0.0,5.0,9.0,0.0,9.6,10.5,0.3,3.6,10.0,4,0.25,15,2014
2014,15,Japanese Grand Prix,suzuka,2014-10-05,hulkenberg,HUL,force_india,8,13,Finished,13.0,51.0,10.0,0.0,77.0,6.0,0.0,11.6,9.5,0.1,9.6,11.0,3,0.0,15,2014
2014,15,Japanese Grand Prix,suzuka,2014-10-05,vergne,VER,toro_rosso,9,20,Finished,20.0,13.0,15.0,0.0,33.0,8.0,0.0,10.4,12.9,0.3,9.6,12.5,2,0.0,15,2014
2014,15,Japanese Grand Prix,suzuka,2014-10-05,perez,PER,force_india,10,11,+1 Lap,11.0,49.0,11.0,0.0,77.0,6.0,0.0,10.2,10.9,0.3,9.6,15.0,3,0.0,15,2014
2014,15,Japanese Grand Prix,suzuka,2014-10-05,kvyat,KVY,toro_rosso,11,12,+1 Lap,12.0,0.0,20.0,0.0,33.0,8.0,0.0,13.6,14.8,0.4,9.6,11.0,0,0.0,15,2014
2014,15,Japanese Grand Prix,suzuka,2014-10-05,raikkonen,RAI,ferrari,12,10,+1 Lap,10.0,183.0,5.0,1.0,354.0,3.0,2.0,7.6,9.9,0.1,4.8,5.5,2,0.0,15,2014
2014,15,Japanese Grand Prix,suzuka,2014-10-05,gutierrez,GUT,sauber,13,15,+1 Lap,15.0,6.0,16.0,0.0,57.0,7.0,0.0,17.0,16.9,0.5,14.6,7.0,1,0.0,15,2014
2014,15,Japanese Grand Prix,suzuka,2014-10-05,kevin_magnussen,MAG,mclaren,14,7,+1 Lap,7.0,0.0,20.0,0.0,122.0,5.0,0.0,10.6,9.8,0.0,8.4,11.0,0,0.0,15,2014
2014,15,Japanese Grand Prix,suzuka,2014-10-05,grosjean,GRO,lotus_f1,15,16,+1 Lap,16.0,132.0,7.0,0.0,315.0,4.0,1.0,18.2,14.8,0.4,14.2,11.0,2,0.5,15,2014
2014,15,Japanese Grand Prix,suzuka,2014-10-05,maldonado,MAL,lotus_f1,16,22,+1 Lap,22.0,1.0,18.0,0.0,315.0,4.0,1.0,14.4,15.7,0.3,14.2,12.666666666666666,3,0.0,15,2014
2014,15,Japanese Grand Prix,suzuka,2014-10-05,ericsson,ERI,caterham,17,17,+1 Lap,17.0,0.0,20.0,0.0,0.0,11.0,0.0,18.4,18.0,0.3,16.6,11.0,0,0.0,15,2014
2014,15,Japanese Grand Prix,suzuka,2014-10-05,chilton,CHI,marussia,18,21,+1 Lap,21.0,0.0,23.0,0.0,0.0,10.0,0.0,17.6,17.5,0.2,16.0,19.0,1,0.0,15,2014
2014,15,Japanese Grand Prix,suzuka,2014-10-05,kobayashi,KOB,caterham,19,19,+1 Lap,19.0,0.0,20.0,0.0,0.0,11.0,0.0,17.6,17.4,0.4,16.6,7.666666666666667,3,0.3333333333333333,15,2014
2014,15,Japanese Grand Prix,suzuka,2014-10-05,jules_bianchi,BIA,marussia,20,18,Accident,18.0,0.0,19.0,0.0,0.0,10.0,0.0,16.4,16.0,0.2,16.0,22.0,1,0.0,15,2014
2014,15,Japanese Grand Prix,suzuka,2014-10-05,sutil,SUT,sauber,21,14,Accident,14.0,29.0,13.0,0.0,57.0,7.0,0.0,15.6,15.2,0.3,14.6,14.333333333333334,3,0.0,15,2014
2014,15,Japanese Grand Prix,suzuka,2014-10-05,alonso,ALO,ferrari,22,5,Electronics,5.0,242.0,2.0,2.0,354.0,3.0,2.0,7.8,6.6,0.1,4.8,8.0,4,0.5,15,2014
2014,16,Russian Grand Prix,sochi,2014-10-12,hamilton,HAM,mercedes,1,1,Finished,1.0,189.0,4.0,1.0,360.0,2.0,3.0,5.0,5.0,0.2,1.6,11.0,0,0.0,16,2014
2014,16,Russian Grand Prix,sochi,2014-10-12,rosberg,ROS,mercedes,2,2,Finished,2.0,171.0,6.0,2.0,360.0,2.0,3.0,6.2,5.4,0.2,1.6,11.0,0,0.0,16,2014
2014,16,Russian Grand Prix,sochi,2014-10-12,bottas,BOT,williams,3,3,Finished,3.0,4.0,17.0,0.0,5.0,9.0,0.0,6.4,6.2,0.1,4.4,11.0,0,0.0,16,2014
2014,16,Russian Grand Prix,sochi,2014-10-12,button,BUT,mclaren,4,4,Finished,4.0,73.0,9.0,0.0,122.0,5.0,0.0,9.4,8.0,0.1,7.8,11.0,0,0.0,16,2014
2014,16,Russian Grand Prix,sochi,2014-10-12,kevin_magnussen,MAG,mclaren,5,11,Finished,11.0,0.0,20.0,0.0,122.0,5.0,0.0,11.6,10.0,0.0,7.8,11.0,0,0.0,16,2014
2014,16,Russian Grand Prix,sochi,2014-10-12,alonso,ALO,ferrari,6,7,Finished,7.0,242.0,2.0,2.0,354.0,3.0,2.0,11.2,8.2,0.2,6.2,11.0,0,0.0,16,2014
2014,16,Russian Grand Prix,sochi,2014-10-12,ricciardo,RIC,red_bull,7,6,Finished,6.0,20.0,14.0,0.0,596.0,1.0,13.0,2.8,3.5,0.0,2.4,11.0,0,0.0,16,2014
2014,16,Russian Grand Prix,sochi,2014-10-12,vettel,VET,red_bull,8,10,Finished,10.0,397.0,1.0,13.0,596.0,1.0,13.0,4.6,7.6,0.2,2.4,11.0,0,0.0,16,2014
2014,16,Russian Grand Prix,sochi,2014-10-12,raikkonen,RAI,ferrari,9,8,Finished,8.0,183.0,5.0,1.0,354.0,3.0,2.0,7.8,10.4,0.1,6.2,11.0,0,0.0,16,2014
2014,16,Russian Grand Prix,sochi,2014-10-12,perez,PER,force_india,10,12,Finished,12.0,49.0,11.0,0.0,77.0,6.0,0.0,10.2,11.0,0.3,9.8,11.0,0,0.0,16,2014
2014,16,Russian Grand Prix,sochi,2014-10-12,massa,MAS,williams,11,18,Finished,18.0,112.0,8.0,0.0,5.0,9.0,0.0,6.6,9.9,0.3,4.4,11.0,0,0.0,16,2014
2014,16,Russian Grand Prix,sochi,2014-10-12,hulkenberg,HUL,force_india,12,17,Finished,17.0,51.0,10.0,0.0,77.0,6.0,0.0,11.8,9.3,0.1,9.8,11.0,0,0.0,16,2014
2014,16,Russian Grand Prix,sochi,2014-10-12,vergne,VER,toro_rosso,13,9,Finished,9.0,13.0,15.0,0.0,33.0,8.0,0.0,9.6,11.6,0.2,8.8,11.0,0,0.0,16,2014
2014,16,Russian Grand Prix,sochi,2014-10-12,kvyat,KVY,toro_rosso,14,5,+1 Lap,5.0,0.0,20.0,0.0,33.0,8.0,0.0,11.8,14.5,0.4,8.8,11.0,0,0.0,16,2014
2014,16,Russian Grand Prix,sochi,2014-10-12,gutierrez,GUT,sauber,15,13,+1 Lap,13.0,6.0,16.0,0.0,57.0,7.0,0.0,16.8,16.6,0.5,14.4,11.0,0,0.0,16,2014
2014,16,Russian Grand Prix,sochi,2014-10-12,sutil,SUT,sauber,16,14,+1 Lap,14.0,29.0,13.0,0.0,57.0,7.0,0.0,16.0,15.6,0.4,14.4,11.0,0,0.0,16,2014
2014,16,Russian Grand Prix,sochi,2014-10-12,grosjean,GRO,lotus_f1,17,15,+1 Lap,15.0,132.0,7.0,0.0,315.0,4.0,1.0,17.0,15.5,0.4,14.8,11.0,0,0.0,16,2014
2014,16,Russian Grand Prix,sochi,2014-10-12,maldonado,MAL,lotus_f1,18,21,+1 Lap,21.0,1.0,18.0,0.0,315.0,4.0,1.0,15.2,15.8,0.3,14.8,11.0,0,0.0,16,2014
2014,16,Russian Grand Prix,sochi,2014-10-12,ericsson,ERI,caterham,19,16,+2 Laps,16.0,0.0,20.0,0.0,0.0,11.0,0.0,18.2,17.7,0.3,16.8,11.0,0,0.0,16,2014
2014,16,Russian Grand Prix,sochi,2014-10-12,kobayashi,KOB,caterham,20,19,Brakes,19.0,0.0,20.0,0.0,0.0,11.0,0.0,18.4,17.5,0.4,16.8,11.0,0,0.0,16,2014
2014,16,Russian Grand Prix,sochi,2014-10-12,chilton,CHI,marussia,21,20,Suspension,20.0,0.0,23.0,0.0,0.0,10.0,0.0,17.8,17.4,0.2,16.6,11.0,0,0.0,16,2014
2014,17,United States Grand Prix,americas,2014-11-02,hamilton,HAM,mercedes,1,2,Finished,2.0,189.0,4.0,1.0,360.0,2.0,3.0,4.6,4.9,0.2,1.2,2.5,2,0.5,17,2014
2014,17,United States Grand Prix,americas,2014-11-02,rosberg,ROS,mercedes,2,1,Finished,1.0,171.0,6.0,2.0,360.0,2.0,3.0,5.8,5.5,0.2,1.2,11.0,2,0.0,17,2014
2014,17,United States Grand Prix,americas,2014-11-02,ricciardo,RIC,red_bull,3,5,Finished,5.0,20.0,14.0,0.0,596.0,1.0,13.0,4.0,3.9,0.0,3.6,11.5,2,0.0,17,2014
2014,17,United States Grand Prix,americas,2014-11-02,massa,MAS,williams,4,4,Finished,4.0,112.0,8.0,0.0,5.0,9.0,0.0,7.8,10.3,0.3,4.0,8.5,2,0.0,17,2014
2014,17,United States Grand Prix,americas,2014-11-02,bottas,BOT,williams,5,3,Finished,3.0,4.0,17.0,0.0,5.0,9.0,0.0,5.4,4.9,0.0,4.0,8.0,1,0.0,17,2014
2014,17,United States Grand Prix,americas,2014-11-02,alonso,ALO,ferrari,6,6,Finished,6.0,242.0,2.0,2.0,354.0,3.0,2.0,12.0,8.4,0.2,7.0,4.0,2,0.5,17,2014
2014,17,United States Grand Prix,americas,2014-11-02,vettel,VET,red_bull,7,18,Finished,18.0,397.0,1.0,13.0,596.0,1.0,13.0,4.8,6.4,0.1,3.6,1.5,2,1.0,17,2014
2014,17,United States Grand Prix,americas,2014-11-02,kevin_magnussen,MAG,mclaren,8,7,Finished,7.0,0.0,20.0,0.0,122.0,5.0,0.0,10.2,9.5,0.0,6.6,11.0,0,0.0,17,2014
2014,17,United States Grand Prix,americas,2014-11-02,maldonado,MAL,lotus_f1,9,10,Finished,10.0,1.0,18.0,0.0,315.0,4.0,1.0,16.2,15.4,0.2,15.6,13.0,2,0.0,17,2014
2014,17,United States Grand Prix,americas,2014-11-02,vergne,VER,toro_rosso,10,14,Finished,14.0,13.0,15.0,0.0,33.0,8.0,0.0,10.4,11.2,0.1,9.6,18.0,2,0.0,17,2014
2014,17,United States Grand Prix,americas,2014-11-02,grosjean,GRO,lotus_f1,11,16,+1 Lap,16.0,132.0,7.0,0.0,315.0,4.0,1.0,16.2,16.4,0.4,15.6,4.5,2,0.5,17,2014
2014,17,United States Grand Prix,americas,2014-11-02,button,BUT,mclaren,12,12,+1 Lap,12.0,73.0,9.0,0.0,122.0,5.0,0.0,8.2,7.8,0.1,6.6,7.5,2,0.0,17,2014
2014,17,United States Grand Prix,americas,2014-11-02,raikkonen,RAI,ferrari,13,8,+1 Lap,8.0,183.0,5.0,1.0,354.0,3.0,2.0,8.4,10.1,0.1,7.0,6.0,1,0.0,17,2014
2014,17,United States Grand Prix,americas,2014-11-02,gutierrez,GUT,sauber,14,15,+1 Lap,15.0,6.0,16.0,0.0,57.0,7.0,0.0,16.4,16.6,0.4,15.2,14.0,1,0.0,17,2014
2014,17,United States Grand Prix,americas,2014-11-02,kvyat,KVY,toro_rosso,15,17,+1 Lap,17.0,0.0,20.0,0.0,33.0,8.0,0.0,11.8,14.0,0.3,9.6,11.0,0,0.0,17,2014
2014,17,United States Grand Prix,americas,2014-11-02,hulkenberg,HUL,force_india,16,13,Engine,13.0,51.0,10.0,0.0,77.0,6.0,0.0,10.2,10.0,0.1,8.0,7.0,2,0.0,17,2014
2014,17,United States Grand Prix,americas,2014-11-02,perez,PER,force_india,17,11,Collision damage,11.0,49.0,11.0,0.0,77.0,6.0,0.0,8.4,9.9,0.2,8.0,9.0,2,0.0,17,2014
2014,17,United States Grand Prix,americas,2014-11-02,sutil,SUT,sauber,18,9,Collision,9.0,29.0,13.0,0.0,57.0,7.0,0.0,17.0,15.4,0.3,15.2,22.0,1,0.0,17,2014
2014,18,Brazilian Grand Prix,interlagos,2014-11-09,rosberg,ROS,mercedes,1,1,Finished,1.0,171.0,6.0,2.0,360.0,2.0,3.0,5.8,5.5,0.2,1.0,8.25,4,0.0,18,2014
2014,18,Brazilian Grand Prix,interlagos,2014-11-09,hamilton,HAM,mercedes,2,2,Finished,2.0,189.0,4.0,1.0,360.0,2.0,3.0,1.0,3.3,0.1,1.0,13.75,4,0.0,18,2014
2014,18,Brazilian Grand Prix,interlagos,2014-11-09,massa,MAS,williams,3,3,Finished,3.0,112.0,8.0,0.0,5.0,9.0,0.0,6.0,9.5,0.2,4.2,7.5,4,0.25,18,2014
2014,18,Brazilian Grand Prix,interlagos,2014-11-09,button,BUT,mclaren,4,5,Finished,5.0,73.0,9.0,0.0,122.0,5.0,0.0,9.4,8.6,0.1,7.0,3.25,4,0.5,18,2014
2014,18,Brazilian Grand Prix,interlagos,2014-11-09,vettel,VET,red_bull,5,6,Finished,6.0,397.0,1.0,13.0,596.0,1.0,13.0,5.2,6.8,0.1,4.0,2.5,4,0.75,18,2014
2014,18,Brazilian Grand Prix,interlagos,2014-11-09,alonso,ALO,ferrari,6,8,Finished,8.0,242.0,2.0,2.0,354.0,3.0,2.0,11.8,8.4,0.2,7.4,3.0,4,0.75,18,2014
2014,18,Brazilian Grand Prix,interlagos,2014-11-09,raikkonen,RAI,ferrari,7,10,Finished,10.0,183.0,5.0,1.0,354.0,3.0,2.0,10.2,10.4,0.1,7.4,10.0,1,0.0,18,2014
2014,18,Brazilian Grand Prix,interlagos,2014-11-09,hulkenberg,HUL,force_india,8,12,Finished,12.0,51.0,10.0,0.0,77.0,6.0,0.0,11.4,11.1,0.2,9.6,7.0,3,0.0,18,2014
2014,18,Brazilian Grand Prix,interlagos,2014-11-09,kevin_magnussen,MAG,mclaren,9,7,Finished,7.0,0.0,20.0,0.0,122.0,5.0,0.0,9.4,9.4,0.0,7.0,11.0,0,0.0,18,2014
2014,18,Brazilian Grand Prix,interlagos,2014-11-09,bottas,BOT,williams,10,4,+1 Lap,4.0,4.0,17.0,0.0,5.0,9.0,0.0,5.8,4.7,0.0,4.2,21.0,1,0.0,18,2014
2014,18,Brazilian Grand Prix,interlagos,2014-11-09,kvyat,KVY,toro_rosso,11,17,+1 Lap,17.0,0.0,20.0,0.0,33.0,8.0,0.0,13.0,13.9,0.2,9.8,11.0,0,0.0,18,2014
2014,18,Brazilian Grand Prix,interlagos,2014-11-09,maldonado,MAL,lotus_f1,12,16,+1 Lap,16.0,1.0,18.0,0.0,315.0,4.0,1.0,13.8,14.4,0.1,13.4,20.333333333333332,3,0.0,18,2014
2014,18,Brazilian Grand Prix,interlagos,2014-11-09,vergne,VER,toro_rosso,13,15,+1 Lap,15.0,13.0,15.0,0.0,33.0,8.0,0.0,10.2,11.4,0.1,9.8,11.5,2,0.0,18,2014
2014,18,Brazilian Grand Prix,interlagos,2014-11-09,gutierrez,GUT,sauber,14,11,+1 Lap,11.0,6.0,16.0,0.0,57.0,7.0,0.0,16.2,16.6,0.3,15.2,12.0,1,0.0,18,2014
2014,18,Brazilian Grand Prix,interlagos,2014-11-09,perez,PER,force_india,15,18,+1 Lap,18.0,49.0,11.0,0.0,77.0,6.0,0.0,10.2,10.5,0.2,9.6,14.333333333333334,3,0.0,18,2014
2014,18,Brazilian Grand Prix,interlagos,2014-11-09,sutil,SUT,sauber,16,13,+1 Lap,13.0,29.0,13.0,0.0,57.0,7.0,0.0,17.8,15.9,0.4,15.2,10.333333333333334,3,0.0,18,2014
2014,18,Brazilian Grand Prix,interlagos,2014-11-09,grosjean,GRO,lotus_f1,17,14,+8 Laps,14.0,132.0,7.0,0.0,315.0,4.0,1.0,14.4,16.0,0.3,13.4,21.5,2,0.0,18,2014
2014,18,Brazilian Grand Prix,interlagos,2014-11-09,ricciardo,RIC,red_bull,18,9,Suspension,9.0,20.0,14.0,0.0,596.0,1.0,13.0,4.4,4.1,0.0,4.0,14.333333333333334,3,0.0,18,2014
2014,19,Abu Dhabi Grand Prix,yas_marina,2014-11-23,hamilton,HAM,mercedes,1,2,Finished,2.0,189.0,4.0,1.0,360.0,2.0,3.0,1.2,3.3,0.1,1.0,7.75,4,0.5,19,2014
2014,19,Abu Dhabi Grand Prix,yas_marina,2014-11-23,massa,MAS,williams,2,4,Finished,4.0,112.0,8.0,0.0,5.0,9.0,0.0,6.0,9.4,0.2,4.2,7.5,4,0.0,19,2014
2014,19,Abu Dhabi Grand Prix,yas_marina,2014-11-23,bottas,BOT,williams,3,3,Finished,3.0,4.0,17.0,0.0,5.0,9.0,0.0,7.0,5.4,0.0,4.2,15.0,1,0.0,19,2014
2014,19,Abu Dhabi Grand Prix,yas_marina,2014-11-23,ricciardo,RIC,red_bull,4,20,Finished,20.0,20.0,14.0,0.0,596.0,1.0,13.0,7.0,5.1,0.1,4.0,15.666666666666666,3,0.0,19,2014
2014,19,Abu Dhabi Grand Prix,yas_marina,2014-11-23,button,BUT,mclaren,5,6,Finished,6.0,73.0,9.0,0.0,122.0,5.0,0.0,8.6,7.9,0.1,6.2,5.5,4,0.5,19,2014
2014,19,Abu Dhabi Grand Prix,yas_marina,2014-11-23,hulkenberg,HUL,force_india,6,12,Finished,12.0,51.0,10.0,0.0,77.0,6.0,0.0,10.6,11.0,0.2,9.8,18.0,3,0.0,19,2014
2014,19,Abu Dhabi Grand Prix,yas_marina,2014-11-23,perez,PER,force_india,7,11,Finished,11.0,49.0,11.0,0.0,77.0,6.0,0.0,11.8,11.4,0.2,9.8,11.666666666666666,3,0.0,19,2014
2014,19,Abu Dhabi Grand Prix,yas_marina,2014-11-23,vettel,VET,red_bull,8,19,Finished,19.0,397.0,1.0,13.0,596.0,1.0,13.0,5.0,5.2,0.0,4.0,7.25,4,0.75,19,2014
2014,19,Abu Dhabi Grand Prix,yas_marina,2014-11-23,alonso,ALO,ferrari,9,8,Finished,8.0,242.0,2.0,2.0,354.0,3.0,2.0,8.8,8.5,0.2,6.8,4.0,4,0.5,19,2014
2014,19,Abu Dhabi Grand Prix,yas_marina,2014-11-23,raikkonen,RAI,ferrari,10,7,Finished,7.0,183.0,5.0,1.0,354.0,3.0,2.0,9.8,10.1,0.1,6.8,11.5,2,0.5,19,2014
2014,19,Abu Dhabi Grand Prix,yas_marina,2014-11-23,kevin_magnussen,MAG,mclaren,11,9,Finished,9.0,0.0,20.0,0.0,122.0,5.0,0.0,9.2,9.6,0.0,6.2,11.0,0,0.0,19,2014
2014,19,Abu Dhabi Grand Prix,yas_marina,2014-11-23,vergne,VER,toro_rosso,12,10,Finished,10.0,13.0,15.0,0.0,33.0,8.0,0.0,10.2,10.7,0.0,9.8,14.5,2,0.0,19,2014
2014,19,Abu Dhabi Grand Prix,yas_marina,2014-11-23,grosjean,GRO,lotus_f1,13,18,+1 Lap,18.0,132.0,7.0,0.0,315.0,4.0,1.0,14.6,16.3,0.3,13.0,11.5,2,0.0,19,2014
2014,19,Abu Dhabi Grand Prix,yas_marina,2014-11-23,rosberg,ROS,mercedes,14,1,+1 Lap,1.0,171.0,6.0,2.0,360.0,2.0,3.0,5.6,5.5,0.2,1.0,9.0,4,0.25,19,2014
2014,19,Abu Dhabi Grand Prix,yas_marina,2014-11-23,gutierrez,GUT,sauber,15,14,+1 Lap,14.0,6.0,16.0,0.0,57.0,7.0,0.0,15.2,16.1,0.3,15.0,13.0,1,0.0,19,2014
2014,19,Abu Dhabi Grand Prix,yas_marina,2014-11-23,sutil,SUT,sauber,16,13,+1 Lap,13.0,29.0,13.0,0.0,57.0,7.0,0.0,18.0,16.2,0.4,15.0,10.333333333333334,3,0.0,19,2014
2014,19,Abu Dhabi Grand Prix,yas_marina,2014-11-23,stevens,STE,caterham,17,17,+1 Lap,17.0,0.0,20.0,0.0,0.0,11.0,0.0,11.0,11.0,0.1,17.0,11.0,0,0.0,19,2014
2014,19,Abu Dhabi Grand Prix,yas_marina,2014-11-23,kobayashi,KOB,caterham,18,16,Retired,16.0,0.0,20.0,0.0,0.0,11.0,0.0,19.2,17.4,0.4,17.0,10.0,3,0.0,19,2014
2014,19,Abu Dhabi Grand Prix,yas_marina,2014-11-23,maldonado,MAL,lotus_f1,19,15,Power Unit,15.0,1.0,18.0,0.0,315.0,4.0,1.0,13.4,14.4,0.1,13.0,10.0,3,0.0,19,2014
2014,19,Abu Dhabi Grand Prix,yas_marina,2014-11-23,kvyat,KVY,toro_rosso,20,5,Power Unit,5.0,0.0,20.0,0.0,33.0,8.0,0.0,13.0,12.8,0.1,9.8,11.0,0,0.0,19,2014
2015,1,Australian Grand Prix,albert_park,2015-03-15,hamilton,HAM,mercedes,1,1,Finished,1.0,384.0,1.0,11.0,701.0,1.0,16.0,1.2,3.3,0.1,1.0,7.0,5,0.4,1,2015
2015,1,Australian Grand Prix,albert_park,2015-03-15,rosberg,ROS,mercedes,2,2,Finished,2.0,317.0,2.0,5.0,701.0,1.0,16.0,4.2,5.1,0.1,1.0,11.0,5,0.2,1,2015
2015,1,Australian Grand Prix,albert_park,2015-03-15,vettel,VET,ferrari,3,4,Finished,4.0,167.0,5.0,0.0,216.0,4.0,0.0,6.2,5.5,0.0,7.8,8.2,5,0.6,1,2015
2015,1,Australian Grand Prix,albert_park,2015-03-15,massa,MAS,williams,4,3,Finished,3.0,134.0,7.0,0.0,320.0,3.0,0.0,5.4,7.5,0.1,3.6,10.2,5,0.2,1,2015
2015,1,Australian Grand Prix,albert_park,2015-03-15,nasr,NAS,sauber,5,10,Finished,11.0,0.0,20.0,0.0,0.0,10.0,0.0,11.0,11.0,0.1,14.2,11.0,0,0.0,1,2015
2015,1,Australian Grand Prix,albert_park,2015-03-15,ricciardo,RIC,red_bull,6,6,+1 Lap,7.0,238.0,3.0,3.0,405.0,2.0,3.0,7.2,5.2,0.1,4.4,16.666666666666668,3,0.0,1,2015
2015,1,Australian Grand Prix,albert_park,2015-03-15,hulkenberg,HUL,force_india,7,13,+1 Lap,14.0,96.0,9.0,0.0,155.0,6.0,0.0,10.0,10.8,0.2,9.6,18.0,4,0.0,1,2015
2015,1,Australian Grand Prix,albert_park,2015-03-15,ericsson,ERI,sauber,8,15,+1 Lap,16.0,0.0,19.0,0.0,0.0,10.0,0.0,17.6,18.5,0.3,14.2,17.0,1,0.0,1,2015
2015,1,Australian Grand Prix,albert_park,2015-03-15,sainz,SAI,toro_rosso,9,7,+1 Lap,8.0,0.0,20.0,0.0,30.0,7.0,0.0,11.0,11.0,0.1,11.0,11.0,0,0.0,1,2015
2015,1,Australian Grand Prix,albert_park,2015-03-15,perez,PER,force_india,10,14,+1 Lap,15.0,59.0,10.0,0.0,155.0,6.0,0.0,11.8,11.0,0.2,9.6,12.75,4,0.0,1,2015
2015,1,Australian Grand Prix,albert_park,2015-03-15,button,BUT,mclaren,11,16,+2 Laps,17.0,126.0,8.0,0.0,181.0,5.0,0.0,6.0,8.0,0.1,5.2,4.0,5,0.6,1,2015
2015,1,Australian Grand Prix,albert_park,2015-03-15,raikkonen,RAI,ferrari,12,5,Wheel,5.0,55.0,12.0,0.0,216.0,4.0,0.0,10.2,8.9,0.0,7.8,5.0,3,0.3333333333333333,1,2015
2015,1,Australian Grand Prix,albert_park,2015-03-15,max_verstappen,VER,toro_rosso,13,11,Engine,12.0,0.0,20.0,0.0,30.0,7.0,0.0,11.0,11.0,0.1,11.0,11.0,0,0.0,1,2015
2015,1,Australian Grand Prix,albert_park,2015-03-15,grosjean,GRO,lotus_f1,14,8,Power loss,9.0,8.0,14.0,0.0,10.0,8.0,0.0,14.6,16.4,0.3,13.2,15.333333333333334,3,0.0,1,2015
2015,1,Australian Grand Prix,albert_park,2015-03-15,maldonado,MAL,lotus_f1,15,9,Accident,10.0,2.0,16.0,0.0,10.0,8.0,0.0,14.8,14.6,0.2,13.2,17.5,4,0.0,1,2015
2015,1,Australian Grand Prix,albert_park,2015-03-15,kvyat,KVY,red_bull,16,12,Withdrew,13.0,8.0,15.0,0.0,405.0,2.0,3.0,14.2,13.9,0.2,4.4,9.0,1,0.0,1,2015
2015,1,Australian Grand Prix,albert_park,2015-03-15,kevin_magnussen,MAG,mclaren,17,17,Withdrew,18.0,55.0,11.0,0.0,181.0,5.0,0.0,9.4,10.0,0.0,5.2,2.0,1,1.0,1,2015
2015,1,Australian Grand Prix,albert_park,2015-03-15,bottas,BOT,williams,18,0,Withdrew,6.0,186.0,4.0,0.0,320.0,3.0,0.0,5.4,5.5,0.0,3.6,9.5,2,0.0,1,2015
2015,2,Malaysian Grand Prix,sepang,2015-03-29,vettel,VET,ferrari,1,2,Finished,2.0,167.0,5.0,0.0,216.0,4.0,0.0,6.2,5.4,0.0,6.0,3.4,5,0.8,2,2015
2015,2,Malaysian Grand Prix,sepang,2015-03-29,hamilton,HAM,mercedes,2,1,Finished,1.0,384.0,1.0,11.0,701.0,1.0,16.0,1.2,3.1,0.1,1.0,4.2,5,0.6,2,2015
2015,2,Malaysian Grand Prix,sepang,2015-03-29,rosberg,ROS,mercedes,3,3,Finished,3.0,317.0,2.0,5.0,701.0,1.0,16.0,4.2,5.2,0.1,1.0,6.8,5,0.4,2,2015
2015,2,Malaysian Grand Prix,sepang,2015-03-29,raikkonen,RAI,ferrari,4,11,Finished,11.0,55.0,12.0,0.0,216.0,4.0,0.0,10.2,9.0,0.1,6.0,8.0,3,0.0,2,2015
2015,2,Malaysian Grand Prix,sepang,2015-03-29,bottas,BOT,williams,5,8,Finished,9.0,186.0,4.0,0.0,320.0,3.0,0.0,7.8,7.1,0.1,3.2,9.5,2,0.0,2,2015
2015,2,Malaysian Grand Prix,sepang,2015-03-29,massa,MAS,williams,6,7,Finished,7.0,134.0,7.0,0.0,320.0,3.0,0.0,4.8,5.7,0.0,3.2,7.8,5,0.0,2,2015
2015,2,Malaysian Grand Prix,sepang,2015-03-29,max_verstappen,VER,toro_rosso,7,6,Finished,6.0,0.0,20.0,0.0,30.0,7.0,0.0,13.0,13.0,1.0,11.0,11.0,0,0.0,2,2015
2015,2,Malaysian Grand Prix,sepang,2015-03-29,sainz,SAI,toro_rosso,8,15,+1 Lap,15.0,0.0,20.0,0.0,30.0,7.0,0.0,9.0,9.0,0.0,11.0,11.0,0,0.0,2,2015
2015,2,Malaysian Grand Prix,sepang,2015-03-29,kvyat,KVY,red_bull,9,5,+1 Lap,5.0,8.0,15.0,0.0,405.0,2.0,3.0,15.2,13.5,0.2,5.0,10.0,1,0.0,2,2015
2015,2,Malaysian Grand Prix,sepang,2015-03-29,ricciardo,RIC,red_bull,10,4,+1 Lap,4.0,238.0,3.0,3.0,405.0,2.0,3.0,7.6,5.2,0.1,5.0,15.333333333333334,3,0.0,2,2015
2015,2,Malaysian Grand Prix,sepang,2015-03-29,grosjean,GRO,lotus_f1,11,10,+1 Lap,8.0,8.0,14.0,0.0,10.0,8.0,0.0,14.4,15.7,0.3,13.0,13.666666666666666,3,0.0,2,2015
2015,2,Malaysian Grand Prix,sepang,2015-03-29,nasr,NAS,sauber,12,16,+1 Lap,16.0,0.0,20.0,0.0,0.0,10.0,0.0,5.0,5.0,0.0,12.6,11.0,0,0.0,2,2015
2015,2,Malaysian Grand Prix,sepang,2015-03-29,perez,PER,force_india,13,14,+1 Lap,14.0,59.0,10.0,0.0,155.0,6.0,0.0,11.8,11.0,0.2,9.4,13.5,4,0.25,2,2015
2015,2,Malaysian Grand Prix,sepang,2015-03-29,hulkenberg,HUL,force_india,14,13,+1 Lap,13.0,96.0,9.0,0.0,155.0,6.0,0.0,9.8,10.8,0.2,9.4,8.0,4,0.0,2,2015
2015,2,Malaysian Grand Prix,sepang,2015-03-29,merhi,MER,manor,15,19,+3 Laps,19.0,0.0,20.0,0.0,0.0,10.0,0.0,11.0,11.0,0.1,6.0,11.0,0,0.0,2,2015
2015,2,Malaysian Grand Prix,sepang,2015-03-29,maldonado,MAL,lotus_f1,16,12,Retired,12.0,2.0,16.0,0.0,10.0,8.0,0.0,14.6,14.9,0.3,13.0,20.75,4,0.0,2,2015
2015,2,Malaysian Grand Prix,sepang,2015-03-29,button,BUT,mclaren,17,17,Turbo,17.0,126.0,8.0,0.0,181.0,5.0,0.0,7.2,8.3,0.1,6.4,9.4,5,0.2,2,2015
2015,2,Malaysian Grand Prix,sepang,2015-03-29,alonso,ALO,mclaren,18,18,ERS,18.0,161.0,6.0,0.0,181.0,5.0,0.0,9.8,8.8,0.2,6.4,9.2,5,0.2,2,2015
2015,2,Malaysian Grand Prix,sepang,2015-03-29,ericsson,ERI,sauber,19,9,Spun off,10.0,0.0,19.0,0.0,0.0,10.0,0.0,15.8,17.3,0.2,12.6,14.0,1,0.0,2,2015
2015,2,Malaysian Grand Prix,sepang,2015-03-29,stevens,STE,manor,20,0,Fuel system,0.0,0.0,23.0,0.0,0.0,10.0,0.0,17.0,17.0,0.0,6.0,11.0,0,0.0,2,2015
2015,3,Chinese Grand Prix,shanghai,2015-04-12,hamilton,HAM,mercedes,1,1,Finished,1.0,384.0,1.0,11.0,701.0,1.0,16.0,1.4,3.0,0.1,1.2,2.0,5,1.0,3,2015
2015,3,Chinese Grand Prix,shanghai,2015-04-12,rosberg,ROS,mercedes,2,2,Finished,2.0,317.0,2.0,5.0,701.0,1.0,16.0,4.4,5.1,0.1,1.2,6.0,5,0.6,3,2015
2015,3,Chinese Grand Prix,shanghai,2015-04-12,vettel,VET,ferrari,3,3,Finished,3.0,167.0,5.0,0.0,216.0,4.0,0.0,4.8,4.8,0.0,5.0,4.4,5,0.2,3,2015
2015,3,Chinese Grand Prix,shanghai,2015-04-12,raikkonen,RAI,ferrari,4,6,Finished,6.0,55.0,12.0,0.0,216.0,4.0,0.0,9.2,8.8,0.1,5.0,8.0,3,0.3333333333333333,3,2015
2015,3,Chinese Grand Prix,shanghai,2015-04-12,massa,MAS,williams,5,4,Finished,4.0,134.0,7.0,0.0,320.0,3.0,0.0,3.8,5.8,0.0,3.6,9.8,5,0.0,3,2015
2015,3,Chinese Grand Prix,shanghai,2015-04-12,bottas,BOT,williams,6,5,Finished,5.0,186.0,4.0,0.0,320.0,3.0,0.0,8.2,6.8,0.1,3.6,10.0,2,0.0,3,2015
2015,3,Chinese Grand Prix,shanghai,2015-04-12,grosjean,GRO,lotus_f1,7,8,Finished,8.0,8.0,14.0,0.0,10.0,8.0,0.0,13.2,14.7,0.2,11.8,12.0,3,0.0,3,2015
2015,3,Chinese Grand Prix,shanghai,2015-04-12,nasr,NAS,sauber,8,9,Finished,9.0,0.0,20.0,0.0,0.0,10.0,0.0,8.5,8.5,0.0,12.0,11.0,0,0.0,3,2015
2015,3,Chinese Grand Prix,shanghai,2015-04-12,ricciardo,RIC,red_bull,9,7,Finished,7.0,238.0,3.0,3.0,405.0,2.0,3.0,8.2,6.1,0.1,5.4,9.333333333333334,3,0.0,3,2015
2015,3,Chinese Grand Prix,shanghai,2015-04-12,ericsson,ERI,sauber,10,10,+1 Lap,10.0,0.0,19.0,0.0,0.0,10.0,0.0,15.6,17.4,0.3,12.0,20.0,1,0.0,3,2015
2015,3,Chinese Grand Prix,shanghai,2015-04-12,perez,PER,force_india,11,15,+1 Lap,15.0,59.0,10.0,0.0,155.0,6.0,0.0,12.4,10.4,0.1,10.0,12.0,4,0.0,3,2015
2015,3,Chinese Grand Prix,shanghai,2015-04-12,alonso,ALO,mclaren,12,18,+1 Lap,18.0,161.0,6.0,0.0,181.0,5.0,0.0,9.0,10.1,0.3,9.0,4.8,5,0.4,3,2015
2015,3,Chinese Grand Prix,shanghai,2015-04-12,sainz,SAI,toro_rosso,13,14,+1 Lap,14.0,0.0,20.0,0.0,30.0,7.0,0.0,8.5,8.5,0.0,9.8,11.0,0,0.0,3,2015
2015,3,Chinese Grand Prix,shanghai,2015-04-12,button,BUT,mclaren,14,17,+1 Lap,17.0,126.0,8.0,0.0,181.0,5.0,0.0,9.8,9.0,0.2,9.0,4.6,5,0.4,3,2015
2015,3,Chinese Grand Prix,shanghai,2015-04-12,stevens,STE,manor,15,19,+2 Laps,19.0,0.0,23.0,0.0,0.0,10.0,0.0,18.5,18.5,0.5,15.0,11.0,0,0.0,3,2015
2015,3,Chinese Grand Prix,shanghai,2015-04-12,merhi,MER,manor,16,20,+2 Laps,20.0,0.0,20.0,0.0,0.0,10.0,0.0,15.0,15.0,0.0,15.0,11.0,0,0.0,3,2015
2015,3,Chinese Grand Prix,shanghai,2015-04-12,max_verstappen,VER,toro_rosso,17,13,Transmission,13.0,0.0,20.0,0.0,30.0,7.0,0.0,10.0,10.0,0.5,9.8,11.0,0,0.0,3,2015
2015,3,Chinese Grand Prix,shanghai,2015-04-12,maldonado,MAL,lotus_f1,18,11,Brakes,11.0,2.0,16.0,0.0,10.0,8.0,0.0,14.2,15.2,0.4,11.8,13.5,4,0.0,3,2015
2015,3,Chinese Grand Prix,shanghai,2015-04-12,kvyat,KVY,red_bull,19,12,Power Unit,12.0,8.0,15.0,0.0,405.0,2.0,3.0,14.2,13.0,0.2,5.4,10.0,1,0.0,3,2015
2015,3,Chinese Grand Prix,shanghai,2015-04-12,hulkenberg,HUL,force_india,20,16,Gearbox,16.0,96.0,9.0,0.0,155.0,6.0,0.0,10.2,10.2,0.1,10.0,11.5,4,0.0,3,2015
2015,4,Bahrain Grand Prix,bahrain,2015-04-19,hamilton,HAM,mercedes,1,1,Finished,1.0,384.0,1.0,11.0,701.0,1.0,16.0,1.4,1.2,0.0,1.2,4.25,4,0.5,4,2015
2015,4,Bahrain Grand Prix,bahrain,2015-04-19,raikkonen,RAI,ferrari,2,4,Finished,4.0,55.0,12.0,0.0,216.0,4.0,0.0,7.4,8.8,0.1,4.4,4.666666666666667,3,0.6666666666666666,4,2015
2015,4,Bahrain Grand Prix,bahrain,2015-04-19,rosberg,ROS,mercedes,3,3,Finished,3.0,317.0,2.0,5.0,701.0,1.0,16.0,4.4,5.1,0.1,1.2,5.25,4,0.25,4,2015
2015,4,Bahrain Grand Prix,bahrain,2015-04-19,bottas,BOT,williams,4,5,Finished,5.0,186.0,4.0,0.0,320.0,3.0,0.0,8.4,7.1,0.1,3.8,11.0,2,0.0,4,2015
2015,4,Bahrain Grand Prix,bahrain,2015-04-19,vettel,VET,ferrari,5,2,Finished,2.0,167.0,5.0,0.0,216.0,4.0,0.0,4.0,4.6,0.0,4.4,3.0,4,0.5,4,2015
2015,4,Bahrain Grand Prix,bahrain,2015-04-19,ricciardo,RIC,red_bull,6,7,Finished,7.0,238.0,3.0,3.0,405.0,2.0,3.0,9.4,6.9,0.1,6.6,11.666666666666666,3,0.0,4,2015
2015,4,Bahrain Grand Prix,bahrain,2015-04-19,grosjean,GRO,lotus_f1,7,10,Finished,10.0,8.0,14.0,0.0,10.0,8.0,0.0,12.4,13.4,0.1,11.4,6.0,3,0.6666666666666666,4,2015
2015,4,Bahrain Grand Prix,bahrain,2015-04-19,perez,PER,force_india,8,11,+1 Lap,11.0,59.0,10.0,0.0,155.0,6.0,0.0,11.2,10.7,0.1,9.0,6.666666666666667,3,0.3333333333333333,4,2015
2015,4,Bahrain Grand Prix,bahrain,2015-04-19,kvyat,KVY,red_bull,9,17,+1 Lap,17.0,8.0,15.0,0.0,405.0,2.0,3.0,15.0,14.0,0.3,6.6,11.0,1,0.0,4,2015
2015,4,Bahrain Grand Prix,bahrain,2015-04-19,massa,MAS,williams,10,6,+1 Lap,6.0,134.0,7.0,0.0,320.0,3.0,0.0,4.0,5.0,0.0,3.8,8.25,4,0.25,4,2015
2015,4,Bahrain Grand Prix,bahrain,2015-04-19,alonso,ALO,mclaren,11,14,+1 Lap,14.0,161.0,6.0,0.0,181.0,5.0,0.0,10.2,11.1,0.3,9.8,6.25,4,0.25,4,2015
2015,4,Bahrain Grand Prix,bahrain,2015-04-19,nasr,NAS,sauber,12,12,+1 Lap,12.0,0.0,20.0,0.0,0.0,10.0,0.0,8.333333333333334,8.333333333333334,0.0,10.8,11.0,0,0.0,4,2015
2015,4,Bahrain Grand Prix,bahrain,2015-04-19,hulkenberg,HUL,force_india,13,8,+1 Lap,8.0,96.0,9.0,0.0,155.0,6.0,0.0,11.0,11.2,0.2,9.0,10.75,4,0.0,4,2015
2015,4,Bahrain Grand Prix,bahrain,2015-04-19,ericsson,ERI,sauber,14,13,+1 Lap,13.0,0.0,19.0,0.0,0.0,10.0,0.0,14.6,16.5,0.2,10.8,20.0,1,0.0,4,2015
2015,4,Bahrain Grand Prix,bahrain,2015-04-19,maldonado,MAL,lotus_f1,15,16,+1 Lap,16.0,2.0,16.0,0.0,10.0,8.0,0.0,16.0,14.9,0.4,11.4,16.0,3,0.0,4,2015
2015,4,Bahrain Grand Prix,bahrain,2015-04-19,stevens,STE,manor,16,18,+2 Laps,18.0,0.0,23.0,0.0,0.0,10.0,0.0,17.333333333333332,17.333333333333332,0.3333333333333333,15.0,11.0,0,0.0,4,2015
2015,4,Bahrain Grand Prix,bahrain,2015-04-19,merhi,MER,manor,17,19,+3 Laps,19.0,0.0,20.0,0.0,0.0,10.0,0.0,15.5,15.5,0.0,15.0,11.0,0,0.0,4,2015
2015,4,Bahrain Grand Prix,bahrain,2015-04-19,max_verstappen,VER,toro_rosso,18,15,Electrical,15.0,0.0,20.0,0.0,30.0,7.0,0.0,12.333333333333334,12.333333333333334,0.6666666666666666,10.4,11.0,0,0.0,4,2015
2015,4,Bahrain Grand Prix,bahrain,2015-04-19,sainz,SAI,toro_rosso,19,9,Engine,9.0,0.0,20.0,0.0,30.0,7.0,0.0,10.0,10.0,0.0,10.4,11.0,0,0.0,4,2015
2015,4,Bahrain Grand Prix,bahrain,2015-04-19,button,BUT,mclaren,20,20,ERS,20.0,126.0,8.0,0.0,181.0,5.0,0.0,10.2,9.8,0.2,9.8,13.0,4,0.0,4,2015
2015,5,Spanish Grand Prix,catalunya,2015-05-10,rosberg,ROS,mercedes,1,1,Finished,1.0,317.0,2.0,5.0,701.0,1.0,16.0,4.8,5.2,0.1,1.2,7.0,5,0.2,5,2015
2015,5,Spanish Grand Prix,catalunya,2015-05-10,hamilton,HAM,mercedes,2,2,Finished,2.0,384.0,1.0,11.0,701.0,1.0,16.0,1.2,1.2,0.0,1.2,7.4,5,0.4,5,2015
2015,5,Spanish Grand Prix,catalunya,2015-05-10,vettel,VET,ferrari,3,3,Finished,3.0,167.0,5.0,0.0,216.0,4.0,0.0,4.0,4.5,0.0,3.6,3.6,5,0.4,5,2015
2015,5,Spanish Grand Prix,catalunya,2015-05-10,bottas,BOT,williams,4,4,Finished,4.0,186.0,4.0,0.0,320.0,3.0,0.0,7.2,7.1,0.1,4.0,10.5,2,0.0,5,2015
2015,5,Spanish Grand Prix,catalunya,2015-05-10,raikkonen,RAI,ferrari,5,7,Finished,7.0,55.0,12.0,0.0,216.0,4.0,0.0,6.4,8.1,0.1,3.6,4.0,3,0.6666666666666666,5,2015
2015,5,Spanish Grand Prix,catalunya,2015-05-10,massa,MAS,williams,6,9,Finished,9.0,134.0,7.0,0.0,320.0,3.0,0.0,5.4,5.7,0.0,4.0,11.8,5,0.2,5,2015
2015,5,Spanish Grand Prix,catalunya,2015-05-10,ricciardo,RIC,red_bull,7,10,+1 Lap,10.0,238.0,3.0,3.0,405.0,2.0,3.0,7.0,7.0,0.1,6.8,8.666666666666666,3,0.3333333333333333,5,2015
2015,5,Spanish Grand Prix,catalunya,2015-05-10,grosjean,GRO,lotus_f1,8,11,+1 Lap,11.0,8.0,14.0,0.0,10.0,8.0,0.0,10.4,12.5,0.1,10.4,11.333333333333334,3,0.0,5,2015
2015,5,Spanish Grand Prix,catalunya,2015-05-10,sainz,SAI,toro_rosso,9,5,+1 Lap,5.0,0.0,20.0,0.0,30.0,7.0,0.0,12.25,12.25,0.25,11.8,11.0,0,0.0,5,2015
2015,5,Spanish Grand Prix,catalunya,2015-05-10,kvyat,KVY,red_bull,10,8,+1 Lap,8.0,8.0,15.0,0.0,405.0,2.0,3.0,14.6,13.8,0.3,6.8,14.0,1,0.0,5,2015
2015,5,Spanish Grand Prix,catalunya,2015-05-10,max_verstappen,VER,toro_rosso,11,6,+1 Lap,6.0,0.0,20.0,0.0,30.0,7.0,0.0,13.75,13.75,0.75,11.8,11.0,0,0.0,5,2015
2015,5,Spanish Grand Prix,catalunya,2015-05-10,nasr,NAS,sauber,12,15,+1 Lap,15.0,0.0,20.0,0.0,0.0,10.0,0.0,9.25,9.25,0.0,10.4,11.0,0,0.0,5,2015
2015,5,Spanish Grand Prix,catalunya,2015-05-10,perez,PER,force_india,13,18,+1 Lap,18.0,59.0,10.0,0.0,155.0,6.0,0.0,9.8,10.8,0.1,9.0,11.75,4,0.0,5,2015
2015,5,Spanish Grand Prix,catalunya,2015-05-10,ericsson,ERI,sauber,14,16,+1 Lap,16.0,0.0,19.0,0.0,0.0,10.0,0.0,14.0,16.1,0.2,10.4,20.0,1,0.0,5,2015
2015,5,Spanish Grand Prix,catalunya,2015-05-10,hulkenberg,HUL,force_india,15,17,+1 Lap,17.0,96.0,9.0,0.0,155.0,6.0,0.0,12.0,11.3,0.2,9.0,12.75,4,0.0,5,2015
2015,5,Spanish Grand Prix,catalunya,2015-05-10,button,BUT,mclaren,16,14,+1 Lap,14.0,126.0,8.0,0.0,181.0,5.0,0.0,13.4,11.0,0.3,11.2,7.2,5,0.2,5,2015
2015,5,Spanish Grand Prix,catalunya,2015-05-10,stevens,STE,manor,17,19,+3 Laps,19.0,0.0,23.0,0.0,0.0,10.0,0.0,17.0,17.0,0.25,15.333333333333334,11.0,0,0.0,5,2015
2015,5,Spanish Grand Prix,catalunya,2015-05-10,merhi,MER,manor,18,20,+4 Laps,20.0,0.0,20.0,0.0,0.0,10.0,0.0,16.0,16.0,0.0,15.333333333333334,11.0,0,0.0,5,2015
2015,5,Spanish Grand Prix,catalunya,2015-05-10,maldonado,MAL,lotus_f1,19,12,Accident,12.0,2.0,16.0,0.0,10.0,8.0,0.0,16.6,15.0,0.4,10.4,11.25,4,0.25,5,2015
2015,5,Spanish Grand Prix,catalunya,2015-05-10,alonso,ALO,mclaren,20,13,Brakes,13.0,161.0,6.0,0.0,181.0,5.0,0.0,11.2,11.5,0.3,11.2,3.2,5,0.6,5,2015
2015,6,Monaco Grand Prix,monaco,2015-05-24,rosberg,ROS,mercedes,1,2,Finished,2.0,317.0,2.0,5.0,701.0,1.0,16.0,2.2,3.2,0.0,1.2,4.4,5,0.6,6,2015
2015,6,Monaco Grand Prix,monaco,2015-05-24,vettel,VET,ferrari,2,3,Finished,3.0,167.0,5.0,0.0,216.0,4.0,0.0,3.0,4.6,0.0,2.4,5.8,5,0.6,6,2015
2015,6,Monaco Grand Prix,monaco,2015-05-24,hamilton,HAM,mercedes,3,1,Finished,1.0,384.0,1.0,11.0,701.0,1.0,16.0,1.4,1.3,0.0,1.2,4.4,5,0.2,6,2015
2015,6,Monaco Grand Prix,monaco,2015-05-24,kvyat,KVY,red_bull,4,5,Finished,5.0,8.0,15.0,0.0,405.0,2.0,3.0,12.6,13.4,0.3,7.4,19.0,1,0.0,6,2015
2015,6,Monaco Grand Prix,monaco,2015-05-24,ricciardo,RIC,red_bull,5,4,Finished,4.0,238.0,3.0,3.0,405.0,2.0,3.0,7.6,7.4,0.1,7.4,12.666666666666666,3,0.3333333333333333,6,2015
2015,6,Monaco Grand Prix,monaco,2015-05-24,raikkonen,RAI,ferrari,6,6,Finished,6.0,55.0,12.0,0.0,216.0,4.0,0.0,5.4,7.8,0.1,2.4,10.333333333333334,3,0.0,6,2015
2015,6,Monaco Grand Prix,monaco,2015-05-24,perez,PER,force_india,7,7,Finished,7.0,59.0,10.0,0.0,155.0,6.0,0.0,11.0,11.4,0.1,10.4,18.0,4,0.0,6,2015
2015,6,Monaco Grand Prix,monaco,2015-05-24,button,BUT,mclaren,8,10,Finished,10.0,126.0,8.0,0.0,181.0,5.0,0.0,15.6,10.8,0.2,13.4,10.8,5,0.2,6,2015
2015,6,Monaco Grand Prix,monaco,2015-05-24,nasr,NAS,sauber,9,14,Finished,14.0,0.0,20.0,0.0,0.0,10.0,0.0,9.8,9.8,0.0,9.8,11.0,0,0.0,6,2015
2015,6,Monaco Grand Prix,monaco,2015-05-24,sainz,SAI,toro_rosso,10,0,Finished,0.0,0.0,20.0,0.0,30.0,7.0,0.0,11.6,11.6,0.2,11.2,11.0,0,0.0,6,2015
2015,6,Monaco Grand Prix,monaco,2015-05-24,hulkenberg,HUL,force_india,11,11,Finished,11.0,96.0,9.0,0.0,155.0,6.0,0.0,13.8,11.9,0.2,10.4,12.0,4,0.0,6,2015
2015,6,Monaco Grand Prix,monaco,2015-05-24,grosjean,GRO,lotus_f1,12,15,Finished,15.0,8.0,14.0,0.0,10.0,8.0,0.0,9.4,12.0,0.1,9.4,16.333333333333332,3,0.0,6,2015
2015,6,Monaco Grand Prix,monaco,2015-05-24,ericsson,ERI,sauber,13,17,Finished,17.0,0.0,19.0,0.0,0.0,10.0,0.0,13.0,15.3,0.1,9.8,11.0,1,0.0,6,2015
2015,6,Monaco Grand Prix,monaco,2015-05-24,bottas,BOT,williams,14,16,Finished,16.0,186.0,4.0,0.0,320.0,3.0,0.0,7.4,6.4,0.1,4.4,14.0,2,0.0,6,2015
2015,6,Monaco Grand Prix,monaco,2015-05-24,massa,MAS,williams,15,12,+1 Lap,12.0,134.0,7.0,0.0,320.0,3.0,0.0,6.2,5.8,0.0,4.4,11.8,5,0.0,6,2015
2015,6,Monaco Grand Prix,monaco,2015-05-24,merhi,MER,manor,16,19,+2 Laps,19.0,0.0,20.0,0.0,0.0,10.0,0.0,16.5,16.5,0.0,15.75,11.0,0,0.0,6,2015
2015,6,Monaco Grand Prix,monaco,2015-05-24,stevens,STE,manor,17,18,+2 Laps,18.0,0.0,23.0,0.0,0.0,10.0,0.0,17.0,17.0,0.2,15.75,11.0,0,0.0,6,2015
2015,6,Monaco Grand Prix,monaco,2015-05-24,max_verstappen,VER,toro_rosso,18,9,Accident,9.0,0.0,20.0,0.0,30.0,7.0,0.0,13.2,13.2,0.6,11.2,11.0,0,0.0,6,2015
2015,6,Monaco Grand Prix,monaco,2015-05-24,alonso,ALO,mclaren,19,13,Gearbox,13.0,161.0,6.0,0.0,181.0,5.0,0.0,14.0,11.4,0.3,13.4,4.4,5,0.4,6,2015
2015,6,Monaco Grand Prix,monaco,2015-05-24,maldonado,MAL,lotus_f1,20,8,Brakes,8.0,2.0,16.0,0.0,10.0,8.0,0.0,16.6,15.7,0.5,9.4,20.75,4,0.0,6,2015
2015,7,Canadian Grand Prix,villeneuve,2015-06-07,hamilton,HAM,mercedes,1,1,Finished,1.0,384.0,1.0,11.0,701.0,1.0,16.0,1.8,1.5,0.0,1.2,9.2,5,0.6,7,2015
2015,7,Canadian Grand Prix,villeneuve,2015-06-07,rosberg,ROS,mercedes,2,2,Finished,2.0,317.0,2.0,5.0,701.0,1.0,16.0,2.0,3.1,0.0,1.2,6.0,5,0.2,7,2015
2015,7,Canadian Grand Prix,villeneuve,2015-06-07,bottas,BOT,williams,3,4,Finished,4.0,186.0,4.0,0.0,320.0,3.0,0.0,6.6,7.2,0.1,6.4,10.5,2,0.0,7,2015
2015,7,Canadian Grand Prix,villeneuve,2015-06-07,raikkonen,RAI,ferrari,4,3,Finished,3.0,55.0,12.0,0.0,216.0,4.0,0.0,4.2,7.2,0.1,2.2,9.0,3,0.0,7,2015
2015,7,Canadian Grand Prix,villeneuve,2015-06-07,vettel,VET,ferrari,5,18,Finished,18.0,167.0,5.0,0.0,216.0,4.0,0.0,2.8,4.5,0.0,2.2,2.8,5,0.6,7,2015
2015,7,Canadian Grand Prix,villeneuve,2015-06-07,massa,MAS,williams,6,15,Finished,15.0,134.0,7.0,0.0,320.0,3.0,0.0,8.4,6.6,0.0,6.4,10.2,5,0.0,7,2015
2015,7,Canadian Grand Prix,villeneuve,2015-06-07,maldonado,MAL,lotus_f1,7,6,Finished,6.0,2.0,16.0,0.0,10.0,8.0,0.0,17.6,16.1,0.6,9.0,16.75,4,0.0,7,2015
2015,7,Canadian Grand Prix,villeneuve,2015-06-07,hulkenberg,HUL,force_india,8,7,+1 Lap,7.0,96.0,9.0,0.0,155.0,6.0,0.0,14.6,12.2,0.2,10.4,12.75,4,0.0,7,2015
2015,7,Canadian Grand Prix,villeneuve,2015-06-07,kvyat,KVY,red_bull,9,8,+1 Lap,8.0,8.0,15.0,0.0,405.0,2.0,3.0,10.2,12.7,0.3,7.0,16.0,1,0.0,7,2015
2015,7,Canadian Grand Prix,villeneuve,2015-06-07,grosjean,GRO,lotus_f1,10,5,+1 Lap,5.0,8.0,14.0,0.0,10.0,8.0,0.0,9.0,11.7,0.1,9.0,10.0,3,0.3333333333333333,7,2015
2015,7,Canadian Grand Prix,villeneuve,2015-06-07,perez,PER,force_india,11,10,+1 Lap,10.0,59.0,10.0,0.0,155.0,6.0,0.0,10.4,11.1,0.1,10.4,8.333333333333334,3,0.3333333333333333,7,2015
2015,7,Canadian Grand Prix,villeneuve,2015-06-07,sainz,SAI,toro_rosso,12,11,+1 Lap,11.0,0.0,20.0,0.0,30.0,7.0,0.0,11.8,11.333333333333334,0.16666666666666666,11.4,11.0,0,0.0,7,2015
2015,7,Canadian Grand Prix,villeneuve,2015-06-07,ricciardo,RIC,red_bull,13,9,+1 Lap,9.0,238.0,3.0,3.0,405.0,2.0,3.0,7.4,7.5,0.1,7.0,10.0,3,0.3333333333333333,7,2015
2015,7,Canadian Grand Prix,villeneuve,2015-06-07,ericsson,ERI,sauber,14,12,+1 Lap,12.0,0.0,19.0,0.0,0.0,10.0,0.0,14.0,14.9,0.1,10.6,20.0,1,0.0,7,2015
2015,7,Canadian Grand Prix,villeneuve,2015-06-07,max_verstappen,VER,toro_rosso,15,19,+1 Lap,19.0,0.0,20.0,0.0,30.0,7.0,0.0,14.2,14.0,0.6666666666666666,11.4,11.0,0,0.0,7,2015
2015,7,Canadian Grand Prix,villeneuve,2015-06-07,nasr,NAS,sauber,16,14,+2 Laps,14.0,0.0,20.0,0.0,0.0,10.0,0.0,10.6,9.666666666666666,0.0,10.6,11.0,0,0.0,7,2015
2015,7,Canadian Grand Prix,villeneuve,2015-06-07,stevens,STE,manor,17,17,+4 Laps,17.0,0.0,23.0,0.0,0.0,10.0,0.0,17.0,17.0,0.16666666666666666,15.8,11.0,0,0.0,7,2015
2015,7,Canadian Grand Prix,villeneuve,2015-06-07,merhi,MER,manor,18,16,Retired,16.0,0.0,20.0,0.0,0.0,10.0,0.0,16.4,16.4,0.0,15.8,11.0,0,0.0,7,2015
2015,7,Canadian Grand Prix,villeneuve,2015-06-07,button,BUT,mclaren,19,20,Retired,20.0,126.0,8.0,0.0,181.0,5.0,0.0,15.0,11.1,0.2,12.8,7.0,5,0.4,7,2015
2015,7,Canadian Grand Prix,villeneuve,2015-06-07,alonso,ALO,mclaren,20,13,Engine,13.0,161.0,6.0,0.0,181.0,5.0,0.0,16.0,12.9,0.4,12.8,7.6,5,0.4,7,2015
2015,8,Austrian Grand Prix,red_bull_ring,2015-06-21,rosberg,ROS,mercedes,1,2,Finished,2.0,317.0,2.0,5.0,701.0,1.0,16.0,1.8,3.1,0.0,1.0,1.0,1,1.0,8,2015
2015,8,Austrian Grand Prix,red_bull_ring,2015-06-21,hamilton,HAM,mercedes,2,1,Finished,1.0,384.0,1.0,11.0,701.0,1.0,16.0,1.6,1.5,0.0,1.0,2.0,1,1.0,8,2015
2015,8,Austrian Grand Prix,red_bull_ring,2015-06-21,massa,MAS,williams,3,4,Finished,4.0,134.0,7.0,0.0,320.0,3.0,0.0,8.4,6.1,0.0,6.0,4.0,1,0.0,8,2015
2015,8,Austrian Grand Prix,red_bull_ring,2015-06-21,vettel,VET,ferrari,4,3,Finished,3.0,167.0,5.0,0.0,216.0,4.0,0.0,3.6,4.2,0.0,2.8,21.0,1,0.0,8,2015
2015,8,Austrian Grand Prix,red_bull_ring,2015-06-21,bottas,BOT,williams,5,6,Finished,6.0,186.0,4.0,0.0,320.0,3.0,0.0,6.2,7.2,0.1,6.0,3.0,1,1.0,8,2015
2015,8,Austrian Grand Prix,red_bull_ring,2015-06-21,hulkenberg,HUL,force_india,6,5,Finished,5.0,96.0,9.0,0.0,155.0,6.0,0.0,13.4,11.8,0.2,9.4,9.0,1,0.0,8,2015
2015,8,Austrian Grand Prix,red_bull_ring,2015-06-21,maldonado,MAL,lotus_f1,7,10,+1 Lap,10.0,2.0,16.0,0.0,10.0,8.0,0.0,15.8,15.0,0.6,8.2,12.0,1,0.0,8,2015
2015,8,Austrian Grand Prix,red_bull_ring,2015-06-21,max_verstappen,VER,toro_rosso,8,7,+1 Lap,7.0,0.0,20.0,0.0,30.0,7.0,0.0,15.8,14.142857142857142,0.5714285714285714,12.4,11.0,0,0.0,8,2015
2015,8,Austrian Grand Prix,red_bull_ring,2015-06-21,perez,PER,force_india,9,13,+1 Lap,13.0,59.0,10.0,0.0,155.0,6.0,0.0,10.0,11.2,0.1,9.4,6.0,1,0.0,8,2015
2015,8,Austrian Grand Prix,red_bull_ring,2015-06-21,ricciardo,RIC,red_bull,10,18,+1 Lap,18.0,238.0,3.0,3.0,405.0,2.0,3.0,8.0,8.1,0.1,7.0,8.0,1,0.0,8,2015
2015,8,Austrian Grand Prix,red_bull_ring,2015-06-21,nasr,NAS,sauber,11,8,+1 Lap,8.0,0.0,20.0,0.0,0.0,10.0,0.0,11.4,10.571428571428571,0.0,11.0,11.0,0,0.0,8,2015
2015,8,Austrian Grand Prix,red_bull_ring,2015-06-21,kvyat,KVY,red_bull,12,15,+1 Lap,15.0,8.0,15.0,0.0,405.0,2.0,3.0,10.2,12.2,0.3,7.0,22.0,1,0.0,8,2015
2015,8,Austrian Grand Prix,red_bull_ring,2015-06-21,ericsson,ERI,sauber,13,11,+2 Laps,11.0,0.0,19.0,0.0,0.0,10.0,0.0,13.0,14.3,0.1,11.0,18.0,1,0.0,8,2015
2015,8,Austrian Grand Prix,red_bull_ring,2015-06-21,merhi,MER,manor,14,16,+3 Laps,16.0,0.0,20.0,0.0,0.0,10.0,0.0,17.0,16.666666666666668,0.16666666666666666,16.2,11.0,0,0.0,8,2015
2015,8,Austrian Grand Prix,red_bull_ring,2015-06-21,grosjean,GRO,lotus_f1,15,9,Gearbox,9.0,8.0,14.0,0.0,10.0,8.0,0.0,8.8,11.0,0.1,8.2,14.0,1,0.0,8,2015
2015,8,Austrian Grand Prix,red_bull_ring,2015-06-21,sainz,SAI,toro_rosso,16,12,Power loss,12.0,0.0,20.0,0.0,30.0,7.0,0.0,12.6,11.428571428571429,0.14285714285714285,12.4,11.0,0,0.0,8,2015
2015,8,Austrian Grand Prix,red_bull_ring,2015-06-21,button,BUT,mclaren,17,20,Retired,20.0,126.0,8.0,0.0,181.0,5.0,0.0,15.4,12.6,0.3,13.2,11.0,1,0.0,8,2015
2015,8,Austrian Grand Prix,red_bull_ring,2015-06-21,stevens,STE,manor,18,17,Oil leak,17.0,0.0,23.0,0.0,0.0,10.0,0.0,16.4,17.0,0.14285714285714285,16.2,11.0,0,0.0,8,2015
2015,8,Austrian Grand Prix,red_bull_ring,2015-06-21,raikkonen,RAI,ferrari,19,14,Collision,14.0,55.0,12.0,0.0,216.0,4.0,0.0,4.2,6.7,0.1,2.8,10.0,1,0.0,8,2015
2015,8,Austrian Grand Prix,red_bull_ring,2015-06-21,alonso,ALO,mclaren,20,19,Collision,19.0,161.0,6.0,0.0,181.0,5.0,0.0,16.4,12.7,0.4,13.2,5.0,1,0.0,8,2015
2015,9,British Grand Prix,silverstone,2015-07-05,hamilton,HAM,mercedes,1,1,Finished,1.0,384.0,1.0,11.0,701.0,1.0,16.0,1.8,1.6,0.0,1.0,3.8,5,0.4,9,2015
2015,9,British Grand Prix,silverstone,2015-07-05,rosberg,ROS,mercedes,2,2,Finished,2.0,317.0,2.0,5.0,701.0,1.0,16.0,1.6,3.0,0.0,1.0,8.6,5,0.4,9,2015
2015,9,British Grand Prix,silverstone,2015-07-05,vettel,VET,ferrari,3,6,Finished,6.0,167.0,5.0,0.0,216.0,4.0,0.0,3.8,3.9,0.0,3.0,7.6,5,0.4,9,2015
2015,9,British Grand Prix,silverstone,2015-07-05,massa,MAS,williams,4,3,Finished,3.0,134.0,7.0,0.0,320.0,3.0,0.0,8.0,6.0,0.0,5.6,10.2,5,0.0,9,2015
2015,9,British Grand Prix,silverstone,2015-07-05,bottas,BOT,williams,5,4,Finished,4.0,186.0,4.0,0.0,320.0,3.0,0.0,6.0,7.2,0.1,5.6,7.0,2,0.5,9,2015
2015,9,British Grand Prix,silverstone,2015-07-05,kvyat,KVY,red_bull,6,7,Finished,7.0,8.0,15.0,0.0,405.0,2.0,3.0,8.8,11.9,0.3,7.2,9.0,1,0.0,9,2015
2015,9,British Grand Prix,silverstone,2015-07-05,hulkenberg,HUL,force_india,7,9,Finished,9.0,96.0,9.0,0.0,155.0,6.0,0.0,10.6,10.8,0.1,8.4,10.0,4,0.0,9,2015
2015,9,British Grand Prix,silverstone,2015-07-05,raikkonen,RAI,ferrari,8,5,+1 Lap,5.0,55.0,12.0,0.0,216.0,4.0,0.0,7.2,7.3,0.2,3.0,10.666666666666666,3,0.0,9,2015
2015,9,British Grand Prix,silverstone,2015-07-05,perez,PER,force_india,9,11,+1 Lap,11.0,59.0,10.0,0.0,155.0,6.0,0.0,9.6,10.4,0.0,8.4,15.0,4,0.0,9,2015
2015,9,British Grand Prix,silverstone,2015-07-05,alonso,ALO,mclaren,10,17,+1 Lap,17.0,161.0,6.0,0.0,181.0,5.0,0.0,18.0,14.1,0.5,14.2,5.2,5,0.6,9,2015
2015,9,British Grand Prix,silverstone,2015-07-05,ericsson,ERI,sauber,11,15,+1 Lap,15.0,0.0,19.0,0.0,0.0,10.0,0.0,13.6,14.1,0.1,11.6,19.0,1,0.0,9,2015
2015,9,British Grand Prix,silverstone,2015-07-05,merhi,MER,manor,12,20,+3 Laps,20.0,0.0,20.0,0.0,0.0,10.0,0.0,16.6,16.285714285714285,0.14285714285714285,16.0,11.0,0,0.0,9,2015
2015,9,British Grand Prix,silverstone,2015-07-05,stevens,STE,manor,13,19,+3 Laps,19.0,0.0,23.0,0.0,0.0,10.0,0.0,17.0,17.125,0.25,16.0,11.0,0,0.0,9,2015
2015,9,British Grand Prix,silverstone,2015-07-05,sainz,SAI,toro_rosso,14,8,Electrical,8.0,0.0,20.0,0.0,30.0,7.0,0.0,13.2,12.0,0.25,11.4,11.0,0,0.0,9,2015
2015,9,British Grand Prix,silverstone,2015-07-05,ricciardo,RIC,red_bull,15,10,Electrical,10.0,238.0,3.0,3.0,405.0,2.0,3.0,8.2,8.8,0.1,7.2,10.75,4,0.25,9,2015
2015,9,British Grand Prix,silverstone,2015-07-05,max_verstappen,VER,toro_rosso,16,13,Spun off,13.0,0.0,20.0,0.0,30.0,7.0,0.0,14.0,13.375,0.5,11.4,11.0,0,0.0,9,2015
2015,9,British Grand Prix,silverstone,2015-07-05,grosjean,GRO,lotus_f1,17,12,Collision,12.0,8.0,14.0,0.0,10.0,8.0,0.0,10.4,11.4,0.2,8.2,12.333333333333334,3,0.0,9,2015
2015,9,British Grand Prix,silverstone,2015-07-05,maldonado,MAL,lotus_f1,18,14,Collision,14.0,2.0,16.0,0.0,10.0,8.0,0.0,13.6,14.8,0.6,8.2,14.5,4,0.0,9,2015
2015,9,British Grand Prix,silverstone,2015-07-05,button,BUT,mclaren,19,18,Collision,18.0,126.0,8.0,0.0,181.0,5.0,0.0,16.0,13.1,0.4,14.2,10.2,5,0.0,9,2015
2015,9,British Grand Prix,silverstone,2015-07-05,nasr,NAS,sauber,20,16,Gearbox,16.0,0.0,20.0,0.0,0.0,10.0,0.0,12.0,10.625,0.0,11.6,11.0,0,0.0,9,2015
2015,10,Hungarian Grand Prix,hungaroring,2015-07-26,vettel,VET,ferrari,1,3,Finished,3.0,167.0,5.0,0.0,216.0,4.0,0.0,3.4,3.7,0.0,3.2,3.8,5,0.6,10,2015
2015,10,Hungarian Grand Prix,hungaroring,2015-07-26,kvyat,KVY,red_bull,2,7,Finished,7.0,8.0,15.0,0.0,405.0,2.0,3.0,8.2,11.4,0.3,7.2,14.0,1,0.0,10,2015
2015,10,Hungarian Grand Prix,hungaroring,2015-07-26,ricciardo,RIC,red_bull,3,4,Finished,4.0,238.0,3.0,3.0,405.0,2.0,3.0,10.0,8.5,0.1,7.2,11.75,4,0.25,10,2015
2015,10,Hungarian Grand Prix,hungaroring,2015-07-26,max_verstappen,VER,toro_rosso,4,9,Finished,9.0,0.0,20.0,0.0,30.0,7.0,0.0,13.6,13.666666666666666,0.5555555555555556,10.6,11.0,0,0.0,10,2015
2015,10,Hungarian Grand Prix,hungaroring,2015-07-26,alonso,ALO,mclaren,5,15,Finished,15.0,161.0,6.0,0.0,181.0,5.0,0.0,17.8,14.5,0.5,14.0,3.4,5,0.6,10,2015
2015,10,Hungarian Grand Prix,hungaroring,2015-07-26,hamilton,HAM,mercedes,6,1,Finished,1.0,384.0,1.0,11.0,701.0,1.0,16.0,1.8,1.5,0.0,1.0,5.8,5,0.6,10,2015
2015,10,Hungarian Grand Prix,hungaroring,2015-07-26,grosjean,GRO,lotus_f1,7,10,Finished,10.0,8.0,14.0,0.0,10.0,8.0,0.0,12.4,11.4,0.3,10.2,10.0,3,0.3333333333333333,10,2015
2015,10,Hungarian Grand Prix,hungaroring,2015-07-26,rosberg,ROS,mercedes,8,2,Finished,2.0,317.0,2.0,5.0,701.0,1.0,16.0,1.4,3.1,0.0,1.0,12.8,5,0.0,10,2015
2015,10,Hungarian Grand Prix,hungaroring,2015-07-26,button,BUT,mclaren,9,16,Finished,16.0,126.0,8.0,0.0,181.0,5.0,0.0,15.8,14.6,0.5,14.0,6.4,5,0.2,10,2015
2015,10,Hungarian Grand Prix,hungaroring,2015-07-26,ericsson,ERI,sauber,10,17,Finished,17.0,0.0,19.0,0.0,0.0,10.0,0.0,13.0,13.5,0.1,11.4,22.0,1,0.0,10,2015
2015,10,Hungarian Grand Prix,hungaroring,2015-07-26,nasr,NAS,sauber,11,18,Finished,18.0,0.0,20.0,0.0,0.0,10.0,0.0,13.6,11.666666666666666,0.1111111111111111,11.4,11.0,0,0.0,10,2015
2015,10,Hungarian Grand Prix,hungaroring,2015-07-26,massa,MAS,williams,12,8,Finished,8.0,134.0,7.0,0.0,320.0,3.0,0.0,6.8,6.1,0.0,5.6,6.4,5,0.0,10,2015
2015,10,Hungarian Grand Prix,hungaroring,2015-07-26,bottas,BOT,williams,13,6,Finished,6.0,186.0,4.0,0.0,320.0,3.0,0.0,6.2,6.7,0.1,5.6,14.0,2,0.0,10,2015
2015,10,Hungarian Grand Prix,hungaroring,2015-07-26,maldonado,MAL,lotus_f1,14,14,Finished,14.0,2.0,16.0,0.0,10.0,8.0,0.0,14.2,15.4,0.7,10.2,13.0,4,0.0,10,2015
2015,10,Hungarian Grand Prix,hungaroring,2015-07-26,merhi,MER,manor,15,19,+2 Laps,19.0,0.0,20.0,0.0,0.0,10.0,0.0,15.6,15.75,0.125,15.2,11.0,0,0.0,10,2015
2015,10,Hungarian Grand Prix,hungaroring,2015-07-26,stevens,STE,manor,16,20,+4 Laps,20.0,0.0,23.0,0.0,0.0,10.0,0.0,16.4,16.666666666666668,0.2222222222222222,15.2,11.0,0,0.0,10,2015
2015,10,Hungarian Grand Prix,hungaroring,2015-07-26,sainz,SAI,toro_rosso,17,12,Electrical,12.0,0.0,20.0,0.0,30.0,7.0,0.0,12.2,12.222222222222221,0.3333333333333333,10.6,11.0,0,0.0,10,2015
2015,10,Hungarian Grand Prix,hungaroring,2015-07-26,raikkonen,RAI,ferrari,18,5,Power Unit,5.0,55.0,12.0,0.0,216.0,4.0,0.0,8.4,7.4,0.2,3.2,3.3333333333333335,3,0.6666666666666666,10,2015
2015,10,Hungarian Grand Prix,hungaroring,2015-07-26,perez,PER,force_india,19,13,Suspension,13.0,59.0,10.0,0.0,155.0,6.0,0.0,9.8,9.8,0.0,8.2,14.25,4,0.0,10,2015
2015,10,Hungarian Grand Prix,hungaroring,2015-07-26,hulkenberg,HUL,force_india,20,11,Front wing,11.0,96.0,9.0,0.0,155.0,6.0,0.0,9.4,10.7,0.1,8.2,12.0,4,0.0,10,2015
2015,11,Belgian Grand Prix,spa,2015-08-23,hamilton,HAM,mercedes,1,1,Finished,1.0,384.0,1.0,11.0,701.0,1.0,16.0,2.6,2.0,0.0,2.0,13.6,5,0.4,11,2015
2015,11,Belgian Grand Prix,spa,2015-08-23,rosberg,ROS,mercedes,2,2,Finished,2.0,317.0,2.0,5.0,701.0,1.0,16.0,2.8,2.5,0.0,2.0,5.8,5,0.2,11,2015
2015,11,Belgian Grand Prix,spa,2015-08-23,grosjean,GRO,lotus_f1,3,9,Finished,9.0,8.0,14.0,0.0,10.0,8.0,0.0,12.2,10.8,0.3,10.0,17.333333333333332,3,0.0,11,2015
2015,11,Belgian Grand Prix,spa,2015-08-23,kvyat,KVY,red_bull,4,12,Finished,12.0,8.0,15.0,0.0,405.0,2.0,3.0,6.6,9.6,0.2,6.2,9.0,1,0.0,11,2015
2015,11,Belgian Grand Prix,spa,2015-08-23,perez,PER,force_india,5,4,Finished,4.0,59.0,10.0,0.0,155.0,6.0,0.0,11.0,11.0,0.1,9.4,15.0,4,0.0,11,2015
2015,11,Belgian Grand Prix,spa,2015-08-23,massa,MAS,williams,6,6,Finished,6.0,134.0,7.0,0.0,320.0,3.0,0.0,8.0,7.1,0.0,7.2,7.4,5,0.0,11,2015
2015,11,Belgian Grand Prix,spa,2015-08-23,raikkonen,RAI,ferrari,7,16,Finished,16.0,55.0,12.0,0.0,216.0,4.0,0.0,11.0,8.2,0.3,2.8,9.333333333333334,3,0.3333333333333333,11,2015
2015,11,Belgian Grand Prix,spa,2015-08-23,max_verstappen,VER,toro_rosso,8,18,Finished,18.0,0.0,20.0,0.0,30.0,7.0,0.0,12.2,12.7,0.5,9.6,11.0,0,0.0,11,2015
2015,11,Belgian Grand Prix,spa,2015-08-23,bottas,BOT,williams,9,3,Power Unit,3.0,186.0,4.0,0.0,320.0,3.0,0.0,8.0,7.7,0.1,7.2,9.0,2,0.5,11,2015
2015,11,Belgian Grand Prix,spa,2015-08-23,ericsson,ERI,sauber,10,13,Finished,13.0,0.0,19.0,0.0,0.0,10.0,0.0,12.2,12.6,0.1,11.0,17.0,1,0.0,11,2015
2015,11,Belgian Grand Prix,spa,2015-08-23,nasr,NAS,sauber,11,14,Finished,14.0,0.0,20.0,0.0,0.0,10.0,0.0,13.4,11.6,0.1,11.0,11.0,0,0.0,11,2015
2015,11,Belgian Grand Prix,spa,2015-08-23,vettel,VET,ferrari,12,8,Tyre,8.0,167.0,5.0,0.0,216.0,4.0,0.0,3.0,3.0,0.0,2.8,4.8,5,0.6,11,2015
2015,11,Belgian Grand Prix,spa,2015-08-23,alonso,ALO,mclaren,13,20,+1 Lap,20.0,161.0,6.0,0.0,181.0,5.0,0.0,14.8,14.4,0.5,11.8,11.2,5,0.2,11,2015
2015,11,Belgian Grand Prix,spa,2015-08-23,button,BUT,mclaren,14,19,+1 Lap,19.0,126.0,8.0,0.0,181.0,5.0,0.0,14.4,15.0,0.5,11.8,7.6,5,0.4,11,2015
2015,11,Belgian Grand Prix,spa,2015-08-23,merhi,MER,manor,15,17,+1 Lap,17.0,0.0,20.0,0.0,0.0,10.0,0.0,15.0,15.666666666666666,0.1111111111111111,14.8,11.0,0,0.0,11,2015
2015,11,Belgian Grand Prix,spa,2015-08-23,stevens,STE,manor,16,15,+1 Lap,15.0,0.0,23.0,0.0,0.0,10.0,0.0,16.2,16.6,0.2,14.8,11.0,0,0.0,11,2015
2015,11,Belgian Grand Prix,spa,2015-08-23,sainz,SAI,toro_rosso,17,10,Power Unit,10.0,0.0,20.0,0.0,30.0,7.0,0.0,13.8,12.7,0.4,9.6,11.0,0,0.0,11,2015
2015,11,Belgian Grand Prix,spa,2015-08-23,ricciardo,RIC,red_bull,18,5,Power Unit,5.0,238.0,3.0,3.0,405.0,2.0,3.0,9.2,8.4,0.1,6.2,10.25,4,0.25,11,2015
2015,11,Belgian Grand Prix,spa,2015-08-23,maldonado,MAL,lotus_f1,19,7,Engine,7.0,2.0,16.0,0.0,10.0,8.0,0.0,13.2,14.9,0.6,10.0,17.0,4,0.0,11,2015
2015,11,Belgian Grand Prix,spa,2015-08-23,hulkenberg,HUL,force_india,20,11,Power loss,11.0,96.0,9.0,0.0,155.0,6.0,0.0,10.4,12.1,0.2,9.4,10.25,4,0.0,11,2015
2015,12,Italian Grand Prix,monza,2015-09-06,hamilton,HAM,mercedes,1,1,Finished,1.0,384.0,1.0,11.0,701.0,1.0,16.0,2.2,2.0,0.0,2.0,7.6,5,0.4,12,2015
2015,12,Italian Grand Prix,monza,2015-09-06,vettel,VET,ferrari,2,3,Finished,3.0,167.0,5.0,0.0,216.0,4.0,0.0,5.0,3.9,0.1,3.8,6.8,5,0.4,12,2015
2015,12,Italian Grand Prix,monza,2015-09-06,massa,MAS,williams,3,5,Finished,5.0,134.0,7.0,0.0,320.0,3.0,0.0,6.2,7.3,0.0,5.6,4.0,5,0.4,12,2015
2015,12,Italian Grand Prix,monza,2015-09-06,bottas,BOT,williams,4,6,Finished,6.0,186.0,4.0,0.0,320.0,3.0,0.0,7.0,6.8,0.1,5.6,9.5,2,0.0,12,2015
2015,12,Italian Grand Prix,monza,2015-09-06,raikkonen,RAI,ferrari,5,2,Finished,2.0,55.0,12.0,0.0,216.0,4.0,0.0,11.2,7.7,0.2,3.8,8.333333333333334,3,0.0,12,2015
2015,12,Italian Grand Prix,monza,2015-09-06,perez,PER,force_india,6,7,Finished,7.0,59.0,10.0,0.0,155.0,6.0,0.0,10.6,10.5,0.1,9.0,9.5,4,0.25,12,2015
2015,12,Italian Grand Prix,monza,2015-09-06,hulkenberg,HUL,force_india,7,9,+1 Lap,9.0,96.0,9.0,0.0,155.0,6.0,0.0,12.2,13.4,0.3,9.0,11.25,4,0.0,12,2015
2015,12,Italian Grand Prix,monza,2015-09-06,ricciardo,RIC,red_bull,8,19,+1 Lap,19.0,238.0,3.0,3.0,405.0,2.0,3.0,11.8,9.6,0.2,6.2,10.0,4,0.0,12,2015
2015,12,Italian Grand Prix,monza,2015-09-06,ericsson,ERI,sauber,9,12,+1 Lap,12.0,0.0,19.0,0.0,0.0,10.0,0.0,11.6,12.8,0.1,11.2,20.0,1,0.0,12,2015
2015,12,Italian Grand Prix,monza,2015-09-06,kvyat,KVY,red_bull,10,18,+1 Lap,18.0,8.0,15.0,0.0,405.0,2.0,3.0,6.6,8.4,0.1,6.2,11.0,1,0.0,12,2015
2015,12,Italian Grand Prix,monza,2015-09-06,sainz,SAI,toro_rosso,11,17,+1 Lap,17.0,0.0,20.0,0.0,30.0,7.0,0.0,15.2,13.5,0.5,9.2,11.0,0,0.0,12,2015
2015,12,Italian Grand Prix,monza,2015-09-06,max_verstappen,VER,toro_rosso,12,20,+1 Lap,20.0,0.0,20.0,0.0,30.0,7.0,0.0,10.2,12.2,0.4,9.2,11.0,0,0.0,12,2015
2015,12,Italian Grand Prix,monza,2015-09-06,nasr,NAS,sauber,13,17,+1 Lap,17.0,0.0,20.0,0.0,0.0,10.0,0.0,13.8,12.2,0.1,11.2,11.0,0,0.0,12,2015
2015,12,Italian Grand Prix,monza,2015-09-06,button,BUT,mclaren,14,15,+1 Lap,15.0,126.0,8.0,0.0,181.0,5.0,0.0,15.6,15.3,0.5,12.8,9.0,5,0.4,12,2015
2015,12,Italian Grand Prix,monza,2015-09-06,stevens,STE,manor,15,13,+2 Laps,13.0,0.0,23.0,0.0,0.0,10.0,0.0,16.0,16.5,0.2,14.6,11.0,0,0.0,12,2015
2015,12,Italian Grand Prix,monza,2015-09-06,merhi,MER,manor,16,14,+2 Laps,14.0,0.0,20.0,0.0,0.0,10.0,0.0,14.8,15.6,0.1,14.6,11.0,0,0.0,12,2015
2015,12,Italian Grand Prix,monza,2015-09-06,rosberg,ROS,mercedes,17,4,+3 Laps,4.0,317.0,2.0,5.0,701.0,1.0,16.0,3.0,2.5,0.0,2.0,8.6,5,0.2,12,2015
2015,12,Italian Grand Prix,monza,2015-09-06,alonso,ALO,mclaren,18,16,+6 Laps,16.0,161.0,6.0,0.0,181.0,5.0,0.0,13.6,14.8,0.5,12.8,6.0,5,0.8,12,2015
2015,12,Italian Grand Prix,monza,2015-09-06,grosjean,GRO,lotus_f1,19,8,Collision damage,8.0,8.0,14.0,0.0,10.0,8.0,0.0,10.4,9.7,0.2,8.2,12.0,2,0.0,12,2015
2015,12,Italian Grand Prix,monza,2015-09-06,maldonado,MAL,lotus_f1,20,10,Collision damage,10.0,2.0,16.0,0.0,10.0,8.0,0.0,13.0,15.3,0.6,8.2,12.5,4,0.0,12,2015
2015,13,Singapore Grand Prix,marina_bay,2015-09-20,vettel,VET,ferrari,1,1,Finished,1.0,167.0,5.0,0.0,216.0,4.0,0.0,4.4,4.0,0.1,3.4,1.4,5,1.0,13,2015
2015,13,Singapore Grand Prix,marina_bay,2015-09-20,ricciardo,RIC,red_bull,2,2,Finished,2.0,238.0,3.0,3.0,405.0,2.0,3.0,10.8,9.4,0.2,6.0,13.25,4,0.25,13,2015
2015,13,Singapore Grand Prix,marina_bay,2015-09-20,raikkonen,RAI,ferrari,3,3,Finished,3.0,55.0,12.0,0.0,216.0,4.0,0.0,11.4,7.8,0.2,3.4,5.666666666666667,3,0.3333333333333333,13,2015
2015,13,Singapore Grand Prix,marina_bay,2015-09-20,rosberg,ROS,mercedes,4,6,Finished,6.0,317.0,2.0,5.0,701.0,1.0,16.0,6.0,3.9,0.0,2.0,8.4,5,0.0,13,2015
2015,13,Singapore Grand Prix,marina_bay,2015-09-20,bottas,BOT,williams,5,7,Finished,7.0,186.0,4.0,0.0,320.0,3.0,0.0,7.2,6.7,0.1,5.6,12.0,2,0.0,13,2015
2015,13,Singapore Grand Prix,marina_bay,2015-09-20,kvyat,KVY,red_bull,6,4,Finished,4.0,8.0,15.0,0.0,405.0,2.0,3.0,6.8,8.5,0.1,6.0,14.0,1,0.0,13,2015
2015,13,Singapore Grand Prix,marina_bay,2015-09-20,perez,PER,force_india,7,13,Finished,13.0,59.0,10.0,0.0,155.0,6.0,0.0,9.6,9.8,0.1,8.6,8.75,4,0.0,13,2015
2015,13,Singapore Grand Prix,marina_bay,2015-09-20,max_verstappen,VER,toro_rosso,8,8,Finished,8.0,0.0,20.0,0.0,30.0,7.0,0.0,9.6,12.7,0.4,9.0,11.0,0,0.0,13,2015
2015,13,Singapore Grand Prix,marina_bay,2015-09-20,sainz,SAI,toro_rosso,9,14,Finished,14.0,0.0,20.0,0.0,30.0,7.0,0.0,15.0,13.8,0.5,9.0,11.0,0,0.0,13,2015
2015,13,Singapore Grand Prix,marina_bay,2015-09-20,nasr,NAS,sauber,10,16,Finished,16.0,0.0,20.0,0.0,0.0,10.0,0.0,13.2,12.3,0.1,10.2,11.0,0,0.0,13,2015
2015,13,Singapore Grand Prix,marina_bay,2015-09-20,ericsson,ERI,sauber,11,17,Finished,17.0,0.0,19.0,0.0,0.0,10.0,0.0,10.6,11.8,0.0,10.2,15.0,1,0.0,13,2015
2015,13,Singapore Grand Prix,marina_bay,2015-09-20,maldonado,MAL,lotus_f1,12,18,Finished,18.0,2.0,16.0,0.0,10.0,8.0,0.0,15.6,15.7,0.6,10.6,14.0,4,0.0,13,2015
2015,13,Singapore Grand Prix,marina_bay,2015-09-20,grosjean,GRO,lotus_f1,13,10,Tyre,10.0,8.0,14.0,0.0,10.0,8.0,0.0,12.2,10.5,0.3,10.6,13.666666666666666,3,0.0,13,2015
2015,13,Singapore Grand Prix,marina_bay,2015-09-20,rossi,RSS,manor,14,20,+2 Laps,20.0,0.0,20.0,0.0,0.0,10.0,0.0,11.0,11.0,0.1,14.2,11.0,0,0.0,13,2015
2015,13,Singapore Grand Prix,marina_bay,2015-09-20,stevens,STE,manor,15,19,+2 Laps,19.0,0.0,23.0,0.0,0.0,10.0,0.0,15.6,16.0,0.1,14.2,11.0,0,0.0,13,2015
2015,13,Singapore Grand Prix,marina_bay,2015-09-20,button,BUT,mclaren,16,15,Gearbox,15.0,126.0,8.0,0.0,181.0,5.0,0.0,14.6,15.0,0.4,11.8,6.6,5,0.4,13,2015
2015,13,Singapore Grand Prix,marina_bay,2015-09-20,alonso,ALO,mclaren,17,12,Gearbox,12.0,161.0,6.0,0.0,181.0,5.0,0.0,13.2,14.8,0.4,11.8,2.8,5,0.6,13,2015
2015,13,Singapore Grand Prix,marina_bay,2015-09-20,hamilton,HAM,mercedes,18,5,Throttle,5.0,384.0,1.0,11.0,701.0,1.0,16.0,2.2,1.9,0.0,2.0,10.8,5,0.2,13,2015
2015,13,Singapore Grand Prix,marina_bay,2015-09-20,massa,MAS,williams,19,9,Gearbox,9.0,134.0,7.0,0.0,320.0,3.0,0.0,5.6,7.0,0.0,5.6,7.2,5,0.0,13,2015
2015,13,Singapore Grand Prix,marina_bay,2015-09-20,hulkenberg,HUL,force_india,20,11,Collision,11.0,96.0,9.0,0.0,155.0,6.0,0.0,12.0,12.7,0.3,8.6,10.5,4,0.0,13,2015
2015,14,Japanese Grand Prix,suzuka,2015-09-27,hamilton,HAM,mercedes,1,2,Finished,2.0,384.0,1.0,11.0,701.0,1.0,16.0,5.4,3.6,0.1,2.6,7.2,5,0.2,14,2015
2015,14,Japanese Grand Prix,suzuka,2015-09-27,rosberg,ROS,mercedes,2,1,Finished,1.0,317.0,2.0,5.0,701.0,1.0,16.0,6.6,4.1,0.0,2.6,12.2,5,0.2,14,2015
2015,14,Japanese Grand Prix,suzuka,2015-09-27,vettel,VET,ferrari,3,4,Finished,4.0,167.0,5.0,0.0,216.0,4.0,0.0,3.8,3.8,0.1,2.8,1.8,5,1.0,14,2015
2015,14,Japanese Grand Prix,suzuka,2015-09-27,raikkonen,RAI,ferrari,4,6,Finished,6.0,55.0,12.0,0.0,216.0,4.0,0.0,8.2,7.7,0.2,2.8,7.666666666666667,3,0.0,14,2015
2015,14,Japanese Grand Prix,suzuka,2015-09-27,bottas,BOT,williams,5,3,Finished,3.0,186.0,4.0,0.0,320.0,3.0,0.0,7.2,6.6,0.1,6.0,11.5,2,0.0,14,2015
2015,14,Japanese Grand Prix,suzuka,2015-09-27,hulkenberg,HUL,force_india,6,13,Finished,13.0,96.0,9.0,0.0,155.0,6.0,0.0,14.8,12.7,0.3,8.8,10.25,4,0.0,14,2015
2015,14,Japanese Grand Prix,suzuka,2015-09-27,grosjean,GRO,lotus_f1,7,8,Finished,8.0,8.0,14.0,0.0,10.0,8.0,0.0,11.8,11.1,0.4,11.6,12.333333333333334,3,0.3333333333333333,14,2015
2015,14,Japanese Grand Prix,suzuka,2015-09-27,maldonado,MAL,lotus_f1,8,11,Finished,11.0,2.0,16.0,0.0,10.0,8.0,0.0,16.6,15.1,0.5,11.6,13.5,4,0.0,14,2015
2015,14,Japanese Grand Prix,suzuka,2015-09-27,max_verstappen,VER,toro_rosso,9,17,Finished,17.0,0.0,20.0,0.0,30.0,7.0,0.0,9.6,11.8,0.3,9.0,11.0,0,0.0,14,2015
2015,14,Japanese Grand Prix,suzuka,2015-09-27,sainz,SAI,toro_rosso,10,10,+1 Lap,10.0,0.0,20.0,0.0,30.0,7.0,0.0,13.6,13.4,0.5,9.0,11.0,0,0.0,14,2015
2015,14,Japanese Grand Prix,suzuka,2015-09-27,alonso,ALO,mclaren,11,12,+1 Lap,12.0,161.0,6.0,0.0,181.0,5.0,0.0,12.6,15.3,0.5,11.6,10.8,5,0.4,14,2015
2015,14,Japanese Grand Prix,suzuka,2015-09-27,perez,PER,force_india,12,9,+1 Lap,9.0,59.0,10.0,0.0,155.0,6.0,0.0,9.2,9.4,0.1,8.8,13.75,4,0.0,14,2015
2015,14,Japanese Grand Prix,suzuka,2015-09-27,kvyat,KVY,red_bull,13,20,+1 Lap,20.0,8.0,15.0,0.0,405.0,2.0,3.0,5.6,7.2,0.0,4.4,11.0,1,0.0,14,2015
2015,14,Japanese Grand Prix,suzuka,2015-09-27,ericsson,ERI,sauber,14,15,+1 Lap,15.0,0.0,19.0,0.0,0.0,10.0,0.0,10.2,11.9,0.0,10.0,17.0,1,0.0,14,2015
2015,14,Japanese Grand Prix,suzuka,2015-09-27,ricciardo,RIC,red_bull,15,7,+1 Lap,7.0,238.0,3.0,3.0,405.0,2.0,3.0,9.2,8.7,0.2,4.4,12.25,4,0.0,14,2015
2015,14,Japanese Grand Prix,suzuka,2015-09-27,button,BUT,mclaren,16,14,+1 Lap,14.0,126.0,8.0,0.0,181.0,5.0,0.0,14.4,15.2,0.5,11.6,4.6,5,0.2,14,2015
2015,14,Japanese Grand Prix,suzuka,2015-09-27,massa,MAS,williams,17,5,+2 Laps,5.0,134.0,7.0,0.0,320.0,3.0,0.0,8.8,8.4,0.1,6.0,9.4,5,0.2,14,2015
2015,14,Japanese Grand Prix,suzuka,2015-09-27,rossi,RSS,manor,18,19,+2 Laps,19.0,0.0,20.0,0.0,0.0,10.0,0.0,14.0,14.0,0.0,14.2,11.0,0,0.0,14,2015
2015,14,Japanese Grand Prix,suzuka,2015-09-27,stevens,STE,manor,19,18,+3 Laps,18.0,0.0,23.0,0.0,0.0,10.0,0.0,15.0,16.0,0.1,14.2,11.0,0,0.0,14,2015
2015,14,Japanese Grand Prix,suzuka,2015-09-27,nasr,NAS,sauber,20,16,Retired,16.0,0.0,20.0,0.0,0.0,10.0,0.0,13.0,12.5,0.1,10.0,11.0,0,0.0,14,2015
2015,15,Russian Grand Prix,sochi,2015-10-11,hamilton,HAM,mercedes,1,2,Finished,2.0,384.0,1.0,11.0,701.0,1.0,16.0,5.4,3.6,0.1,2.6,1.0,1,1.0,15,2015
2015,15,Russian Grand Prix,sochi,2015-10-11,vettel,VET,ferrari,2,4,Finished,4.0,167.0,5.0,0.0,216.0,4.0,0.0,3.8,3.6,0.1,2.8,8.0,1,0.0,15,2015
2015,15,Russian Grand Prix,sochi,2015-10-11,perez,PER,force_india,3,7,Finished,7.0,59.0,10.0,0.0,155.0,6.0,0.0,9.8,9.8,0.1,8.6,10.0,1,0.0,15,2015
2015,15,Russian Grand Prix,sochi,2015-10-11,massa,MAS,williams,4,15,Finished,15.0,134.0,7.0,0.0,320.0,3.0,0.0,11.4,9.1,0.1,6.2,11.0,1,0.0,15,2015
2015,15,Russian Grand Prix,sochi,2015-10-11,kvyat,KVY,red_bull,5,11,Finished,11.0,8.0,15.0,0.0,405.0,2.0,3.0,7.0,7.6,0.0,5.8,14.0,1,0.0,15,2015
2015,15,Russian Grand Prix,sochi,2015-10-11,nasr,NAS,sauber,6,12,Finished,12.0,0.0,20.0,0.0,0.0,10.0,0.0,13.0,13.3,0.2,10.6,11.0,0,0.0,15,2015
2015,15,Russian Grand Prix,sochi,2015-10-11,maldonado,MAL,lotus_f1,7,14,Finished,14.0,2.0,16.0,0.0,10.0,8.0,0.0,14.6,14.4,0.5,9.6,18.0,1,0.0,15,2015
2015,15,Russian Grand Prix,sochi,2015-10-11,raikkonen,RAI,ferrari,8,5,Finished,5.0,55.0,12.0,0.0,216.0,4.0,0.0,7.4,7.9,0.2,2.8,9.0,1,0.0,15,2015
2015,15,Russian Grand Prix,sochi,2015-10-11,button,BUT,mclaren,9,13,Finished,13.0,126.0,8.0,0.0,181.0,5.0,0.0,13.8,14.8,0.4,11.8,4.0,1,0.0,15,2015
2015,15,Russian Grand Prix,sochi,2015-10-11,max_verstappen,VER,toro_rosso,10,9,Finished,9.0,0.0,20.0,0.0,30.0,7.0,0.0,8.2,10.9,0.2,8.0,11.0,0,0.0,15,2015
2015,15,Russian Grand Prix,sochi,2015-10-11,alonso,ALO,mclaren,11,19,Finished,19.0,161.0,6.0,0.0,181.0,5.0,0.0,12.8,15.3,0.5,11.8,6.0,1,0.0,15,2015
2015,15,Russian Grand Prix,sochi,2015-10-11,bottas,BOT,williams,12,3,Collision,3.0,186.0,4.0,0.0,320.0,3.0,0.0,7.2,6.7,0.1,6.2,3.0,1,1.0,15,2015
2015,15,Russian Grand Prix,sochi,2015-10-11,merhi,MER,manor,13,18,+1 Lap,18.0,0.0,20.0,0.0,0.0,10.0,0.0,14.4,15.7,0.1,15.4,11.0,0,0.0,15,2015
2015,15,Russian Grand Prix,sochi,2015-10-11,stevens,STE,manor,14,17,+2 Laps,17.0,0.0,23.0,0.0,0.0,10.0,0.0,16.2,16.3,0.1,15.4,11.0,0,0.0,15,2015
2015,15,Russian Grand Prix,sochi,2015-10-11,ricciardo,RIC,red_bull,15,10,Suspension,10.0,238.0,3.0,3.0,405.0,2.0,3.0,9.2,9.6,0.2,5.8,7.0,1,0.0,15,2015
2015,15,Russian Grand Prix,sochi,2015-10-11,sainz,SAI,toro_rosso,16,20,Brakes,20.0,0.0,20.0,0.0,30.0,7.0,0.0,12.8,12.5,0.4,8.0,11.0,0,0.0,15,2015
2015,15,Russian Grand Prix,sochi,2015-10-11,grosjean,GRO,lotus_f1,17,8,Accident,8.0,8.0,14.0,0.0,10.0,8.0,0.0,9.8,11.1,0.4,9.6,17.0,1,0.0,15,2015
2015,15,Russian Grand Prix,sochi,2015-10-11,rosberg,ROS,mercedes,18,1,Throttle,1.0,317.0,2.0,5.0,701.0,1.0,16.0,6.6,4.0,0.0,2.6,2.0,1,1.0,15,2015
2015,15,Russian Grand Prix,sochi,2015-10-11,hulkenberg,HUL,force_india,19,6,Collision,6.0,96.0,9.0,0.0,155.0,6.0,0.0,14.6,12.0,0.3,8.6,12.0,1,0.0,15,2015
2015,15,Russian Grand Prix,sochi,2015-10-11,ericsson,ERI,sauber,20,17,Collision,17.0,0.0,19.0,0.0,0.0,10.0,0.0,10.8,11.9,0.0,10.6,19.0,1,0.0,15,2015
2015,16,United States Grand Prix,americas,2015-10-25,hamilton,HAM,mercedes,1,2,Finished,2.0,384.0,1.0,11.0,701.0,1.0,16.0,4.4,3.5,0.1,1.6,2.0,3,0.6666666666666666,16,2015
2015,16,United States Grand Prix,americas,2015-10-25,rosberg,ROS,mercedes,2,1,Finished,1.0,317.0,2.0,5.0,701.0,1.0,16.0,8.6,5.7,0.1,1.6,8.0,3,0.3333333333333333,16,2015
2015,16,United States Grand Prix,americas,2015-10-25,vettel,VET,ferrari,3,13,Finished,13.0,167.0,5.0,0.0,216.0,4.0,0.0,4.0,3.5,0.1,3.0,3.3333333333333335,3,0.6666666666666666,16,2015
2015,16,United States Grand Prix,americas,2015-10-25,max_verstappen,VER,toro_rosso,4,8,Finished,8.0,0.0,20.0,0.0,30.0,7.0,0.0,9.4,10.8,0.2,9.2,11.0,0,0.0,16,2015
2015,16,United States Grand Prix,americas,2015-10-25,perez,PER,force_india,5,5,Finished,5.0,59.0,10.0,0.0,155.0,6.0,0.0,6.6,8.8,0.1,5.4,11.666666666666666,3,0.0,16,2015
2015,16,United States Grand Prix,americas,2015-10-25,button,BUT,mclaren,6,11,Finished,11.0,126.0,8.0,0.0,181.0,5.0,0.0,13.8,14.1,0.4,12.6,9.0,3,0.0,16,2015
2015,16,United States Grand Prix,americas,2015-10-25,sainz,SAI,toro_rosso,7,20,Finished,20.0,0.0,20.0,0.0,30.0,7.0,0.0,12.6,13.2,0.5,9.2,11.0,0,0.0,16,2015
2015,16,United States Grand Prix,americas,2015-10-25,maldonado,MAL,lotus_f1,8,12,Finished,12.0,2.0,16.0,0.0,10.0,8.0,0.0,13.2,13.2,0.4,9.6,11.666666666666666,3,0.0,16,2015
2015,16,United States Grand Prix,americas,2015-10-25,nasr,NAS,sauber,9,15,Finished,15.0,0.0,20.0,0.0,0.0,10.0,0.0,12.0,12.7,0.2,9.8,11.0,0,0.0,16,2015
2015,16,United States Grand Prix,americas,2015-10-25,ricciardo,RIC,red_bull,10,3,Finished,3.0,238.0,3.0,3.0,405.0,2.0,3.0,11.6,10.4,0.3,6.4,8.666666666666666,3,0.3333333333333333,16,2015
2015,16,United States Grand Prix,americas,2015-10-25,alonso,ALO,mclaren,11,9,Finished,9.0,161.0,6.0,0.0,181.0,5.0,0.0,14.0,14.4,0.4,12.6,4.666666666666667,3,0.3333333333333333,16,2015
2015,16,United States Grand Prix,americas,2015-10-25,rossi,RSS,manor,12,17,Finished,17.0,0.0,20.0,0.0,0.0,10.0,0.0,16.0,16.0,0.0,15.0,11.0,0,0.0,16,2015
2015,16,United States Grand Prix,americas,2015-10-25,kvyat,KVY,red_bull,13,4,Accident,4.0,8.0,15.0,0.0,405.0,2.0,3.0,7.6,7.1,0.0,6.4,15.0,1,0.0,16,2015
2015,16,United States Grand Prix,americas,2015-10-25,hulkenberg,HUL,force_india,14,6,Accident,6.0,96.0,9.0,0.0,155.0,6.0,0.0,14.4,12.4,0.4,5.4,10.0,3,0.0,16,2015
2015,16,United States Grand Prix,americas,2015-10-25,ericsson,ERI,sauber,15,14,Retired,14.0,0.0,19.0,0.0,0.0,10.0,0.0,12.8,12.5,0.1,9.8,11.0,0,0.0,16,2015
2015,16,United States Grand Prix,americas,2015-10-25,raikkonen,RAI,ferrari,16,18,Brake duct,18.0,55.0,12.0,0.0,216.0,4.0,0.0,5.4,8.2,0.2,3.0,9.5,2,0.0,16,2015
2015,16,United States Grand Prix,americas,2015-10-25,massa,MAS,williams,17,7,Retired,7.0,134.0,7.0,0.0,320.0,3.0,0.0,9.8,8.9,0.1,4.6,7.0,3,0.0,16,2015
2015,16,United States Grand Prix,americas,2015-10-25,grosjean,GRO,lotus_f1,18,10,Retired,10.0,8.0,14.0,0.0,10.0,8.0,0.0,11.8,12.0,0.5,9.6,6.666666666666667,3,0.3333333333333333,16,2015
2015,16,United States Grand Prix,americas,2015-10-25,bottas,BOT,williams,19,16,Retired,16.0,186.0,4.0,0.0,320.0,3.0,0.0,7.0,7.5,0.2,4.6,6.5,2,0.0,16,2015
2015,16,United States Grand Prix,americas,2015-10-25,stevens,STE,manor,20,19,Retired,19.0,0.0,23.0,0.0,0.0,10.0,0.0,15.8,16.0,0.1,15.0,11.0,0,0.0,16,2015
2015,17,Mexican Grand Prix,rodriguez,2015-11-01,rosberg,ROS,mercedes,1,1,Finished,1.0,317.0,2.0,5.0,701.0,1.0,16.0,8.6,5.8,0.1,1.6,11.0,0,0.0,17,2015
2015,17,Mexican Grand Prix,rodriguez,2015-11-01,hamilton,HAM,mercedes,2,2,Finished,2.0,384.0,1.0,11.0,701.0,1.0,16.0,4.4,3.3,0.1,1.6,11.0,0,0.0,17,2015
2015,17,Mexican Grand Prix,rodriguez,2015-11-01,bottas,BOT,williams,3,6,Finished,6.0,186.0,4.0,0.0,320.0,3.0,0.0,9.0,8.0,0.3,6.8,11.0,0,0.0,17,2015
2015,17,Mexican Grand Prix,rodriguez,2015-11-01,kvyat,KVY,red_bull,4,4,Finished,4.0,8.0,15.0,0.0,405.0,2.0,3.0,9.4,8.0,0.1,7.6,11.0,0,0.0,17,2015
2015,17,Mexican Grand Prix,rodriguez,2015-11-01,ricciardo,RIC,red_bull,5,5,Finished,5.0,238.0,3.0,3.0,405.0,2.0,3.0,10.0,10.9,0.3,7.6,11.0,0,0.0,17,2015
2015,17,Mexican Grand Prix,rodriguez,2015-11-01,massa,MAS,williams,6,7,Finished,7.0,134.0,7.0,0.0,320.0,3.0,0.0,12.0,9.1,0.2,6.8,11.0,0,0.0,17,2015
2015,17,Mexican Grand Prix,rodriguez,2015-11-01,hulkenberg,HUL,force_india,7,10,Finished,10.0,96.0,9.0,0.0,155.0,6.0,0.0,13.2,12.7,0.5,5.4,11.0,0,0.0,17,2015
2015,17,Mexican Grand Prix,rodriguez,2015-11-01,perez,PER,force_india,8,9,Finished,9.0,59.0,10.0,0.0,155.0,6.0,0.0,6.6,8.6,0.1,5.4,11.0,0,0.0,17,2015
2015,17,Mexican Grand Prix,rodriguez,2015-11-01,max_verstappen,VER,toro_rosso,9,8,Finished,8.0,0.0,20.0,0.0,30.0,7.0,0.0,8.6,9.4,0.1,8.4,11.0,0,0.0,17,2015
2015,17,Mexican Grand Prix,rodriguez,2015-11-01,grosjean,GRO,lotus_f1,10,12,Finished,12.0,8.0,14.0,0.0,10.0,8.0,0.0,14.8,12.6,0.6,10.6,11.0,0,0.0,17,2015
2015,17,Mexican Grand Prix,rodriguez,2015-11-01,maldonado,MAL,lotus_f1,11,13,Finished,13.0,2.0,16.0,0.0,10.0,8.0,0.0,11.0,12.0,0.3,10.6,11.0,0,0.0,17,2015
2015,17,Mexican Grand Prix,rodriguez,2015-11-01,ericsson,ERI,sauber,12,14,Finished,14.0,0.0,19.0,0.0,0.0,10.0,0.0,13.8,12.7,0.2,9.6,11.0,0,0.0,17,2015
2015,17,Mexican Grand Prix,rodriguez,2015-11-01,sainz,SAI,toro_rosso,13,11,Finished,11.0,0.0,20.0,0.0,30.0,7.0,0.0,10.6,12.9,0.5,8.4,11.0,0,0.0,17,2015
2015,17,Mexican Grand Prix,rodriguez,2015-11-01,button,BUT,mclaren,14,20,Finished,20.0,126.0,8.0,0.0,181.0,5.0,0.0,12.2,13.9,0.4,11.2,11.0,0,0.0,17,2015
2015,17,Mexican Grand Prix,rodriguez,2015-11-01,rossi,RSS,manor,15,16,+2 Laps,16.0,0.0,20.0,0.0,0.0,10.0,0.0,14.666666666666666,14.666666666666666,0.0,14.4,11.0,0,0.0,17,2015
2015,17,Mexican Grand Prix,rodriguez,2015-11-01,stevens,STE,manor,16,17,+2 Laps,17.0,0.0,23.0,0.0,0.0,10.0,0.0,16.6,16.3,0.2,14.4,11.0,0,0.0,17,2015
2015,17,Mexican Grand Prix,rodriguez,2015-11-01,nasr,NAS,sauber,17,15,Brakes,15.0,0.0,20.0,0.0,0.0,10.0,0.0,11.6,12.7,0.2,9.6,11.0,0,0.0,17,2015
2015,17,Mexican Grand Prix,rodriguez,2015-11-01,vettel,VET,ferrari,18,3,Accident,3.0,167.0,5.0,0.0,216.0,4.0,0.0,2.2,3.6,0.1,2.2,11.0,0,0.0,17,2015
2015,17,Mexican Grand Prix,rodriguez,2015-11-01,raikkonen,RAI,ferrari,19,19,Collision,19.0,55.0,12.0,0.0,216.0,4.0,0.0,7.2,9.2,0.3,2.2,11.0,0,0.0,17,2015
2015,17,Mexican Grand Prix,rodriguez,2015-11-01,alonso,ALO,mclaren,20,18,Retired,18.0,161.0,6.0,0.0,181.0,5.0,0.0,13.6,13.6,0.3,11.2,11.0,0,0.0,17,2015
2015,18,Brazilian Grand Prix,interlagos,2015-11-15,rosberg,ROS,mercedes,1,1,Finished,1.0,317.0,2.0,5.0,701.0,1.0,16.0,5.4,5.7,0.1,1.6,6.8,5,0.2,18,2015
2015,18,Brazilian Grand Prix,interlagos,2015-11-15,hamilton,HAM,mercedes,2,2,Finished,2.0,384.0,1.0,11.0,701.0,1.0,16.0,4.6,3.4,0.1,1.6,11.4,5,0.2,18,2015
2015,18,Brazilian Grand Prix,interlagos,2015-11-15,vettel,VET,ferrari,3,3,Finished,3.0,167.0,5.0,0.0,216.0,4.0,0.0,5.4,4.9,0.2,5.4,3.0,5,0.6,18,2015
2015,18,Brazilian Grand Prix,interlagos,2015-11-15,raikkonen,RAI,ferrari,4,4,Finished,4.0,55.0,12.0,0.0,216.0,4.0,0.0,10.0,10.7,0.4,5.4,8.5,2,0.0,18,2015
2015,18,Brazilian Grand Prix,interlagos,2015-11-15,bottas,BOT,williams,5,7,+1 Lap,7.0,186.0,4.0,0.0,320.0,3.0,0.0,8.8,8.0,0.3,6.8,15.5,2,0.0,18,2015
2015,18,Brazilian Grand Prix,interlagos,2015-11-15,hulkenberg,HUL,force_india,6,5,+1 Lap,5.0,96.0,9.0,0.0,155.0,6.0,0.0,13.2,12.6,0.5,5.6,7.25,4,0.0,18,2015
2015,18,Brazilian Grand Prix,interlagos,2015-11-15,kvyat,KVY,red_bull,7,6,+1 Lap,6.0,8.0,15.0,0.0,405.0,2.0,3.0,8.2,7.5,0.1,6.8,11.0,1,0.0,18,2015
2015,18,Brazilian Grand Prix,interlagos,2015-11-15,grosjean,GRO,lotus_f1,8,14,+1 Lap,14.0,8.0,14.0,0.0,10.0,8.0,0.0,13.0,12.6,0.6,8.8,20.0,3,0.0,18,2015
2015,18,Brazilian Grand Prix,interlagos,2015-11-15,max_verstappen,VER,toro_rosso,9,9,+1 Lap,9.0,0.0,20.0,0.0,30.0,7.0,0.0,8.0,8.8,0.1,8.0,11.0,0,0.0,18,2015
2015,18,Brazilian Grand Prix,interlagos,2015-11-15,maldonado,MAL,lotus_f1,10,15,+1 Lap,15.0,2.0,16.0,0.0,10.0,8.0,0.0,9.2,12.4,0.3,8.8,18.25,4,0.0,18,2015
2015,18,Brazilian Grand Prix,interlagos,2015-11-15,ricciardo,RIC,red_bull,11,19,+1 Lap,19.0,238.0,3.0,3.0,405.0,2.0,3.0,9.4,10.1,0.3,6.8,15.25,4,0.0,18,2015
2015,18,Brazilian Grand Prix,interlagos,2015-11-15,perez,PER,force_india,12,11,+1 Lap,11.0,59.0,10.0,0.0,155.0,6.0,0.0,7.0,8.3,0.1,5.6,14.5,4,0.0,18,2015
2015,18,Brazilian Grand Prix,interlagos,2015-11-15,nasr,NAS,sauber,13,13,+1 Lap,13.0,0.0,20.0,0.0,0.0,10.0,0.0,12.4,12.8,0.3,10.2,11.0,0,0.0,18,2015
2015,18,Brazilian Grand Prix,interlagos,2015-11-15,button,BUT,mclaren,14,16,+1 Lap,16.0,126.0,8.0,0.0,181.0,5.0,0.0,12.2,13.4,0.3,11.2,3.4,5,0.4,18,2015
2015,18,Brazilian Grand Prix,interlagos,2015-11-15,alonso,ALO,mclaren,15,20,+1 Lap,20.0,161.0,6.0,0.0,181.0,5.0,0.0,14.0,13.6,0.3,11.2,3.6,5,0.6,18,2015
2015,18,Brazilian Grand Prix,interlagos,2015-11-15,ericsson,ERI,sauber,16,12,+2 Laps,12.0,0.0,19.0,0.0,0.0,10.0,0.0,14.4,12.5,0.2,10.2,11.0,0,0.0,18,2015
2015,18,Brazilian Grand Prix,interlagos,2015-11-15,stevens,STE,manor,17,18,+4 Laps,18.0,0.0,23.0,0.0,0.0,10.0,0.0,16.8,16.2,0.2,14.4,11.0,0,0.0,18,2015
2015,18,Brazilian Grand Prix,interlagos,2015-11-15,rossi,RSS,manor,18,17,+4 Laps,17.0,0.0,20.0,0.0,0.0,10.0,0.0,14.75,14.75,0.0,14.4,11.0,0,0.0,18,2015
2015,18,Brazilian Grand Prix,interlagos,2015-11-15,sainz,SAI,toro_rosso,19,10,Retired,10.0,0.0,20.0,0.0,30.0,7.0,0.0,11.0,13.0,0.5,8.0,11.0,0,0.0,18,2015
2015,18,Brazilian Grand Prix,interlagos,2015-11-15,massa,MAS,williams,20,8,Excluded,8.0,134.0,7.0,0.0,320.0,3.0,0.0,12.6,9.1,0.2,6.8,6.6,5,0.4,18,2015
2015,19,Abu Dhabi Grand Prix,yas_marina,2015-11-29,rosberg,ROS,mercedes,1,1,Finished,1.0,317.0,2.0,5.0,701.0,1.0,16.0,4.8,5.7,0.1,1.0,10.0,5,0.2,19,2015
2015,19,Abu Dhabi Grand Prix,yas_marina,2015-11-29,hamilton,HAM,mercedes,2,2,Finished,2.0,384.0,1.0,11.0,701.0,1.0,16.0,1.4,3.4,0.1,1.0,6.4,5,0.6,19,2015
2015,19,Abu Dhabi Grand Prix,yas_marina,2015-11-29,raikkonen,RAI,ferrari,3,3,Finished,3.0,55.0,12.0,0.0,216.0,4.0,0.0,10.2,9.2,0.3,5.8,11.0,3,0.3333333333333333,19,2015
2015,19,Abu Dhabi Grand Prix,yas_marina,2015-11-29,vettel,VET,ferrari,4,15,Finished,15.0,167.0,5.0,0.0,216.0,4.0,0.0,5.8,4.8,0.2,5.8,7.4,5,0.6,19,2015
2015,19,Abu Dhabi Grand Prix,yas_marina,2015-11-29,perez,PER,force_india,5,4,Finished,4.0,59.0,10.0,0.0,155.0,6.0,0.0,8.0,8.6,0.1,5.4,10.5,4,0.0,19,2015
2015,19,Abu Dhabi Grand Prix,yas_marina,2015-11-29,ricciardo,RIC,red_bull,6,5,Finished,5.0,238.0,3.0,3.0,405.0,2.0,3.0,11.2,10.2,0.3,7.8,12.75,4,0.0,19,2015
2015,19,Abu Dhabi Grand Prix,yas_marina,2015-11-29,hulkenberg,HUL,force_india,7,7,Finished,7.0,96.0,9.0,0.0,155.0,6.0,0.0,10.4,12.6,0.5,5.4,15.0,4,0.0,19,2015
2015,19,Abu Dhabi Grand Prix,yas_marina,2015-11-29,massa,MAS,williams,8,8,Finished,8.0,134.0,7.0,0.0,320.0,3.0,0.0,12.8,10.8,0.3,6.8,6.4,5,0.2,19,2015
2015,19,Abu Dhabi Grand Prix,yas_marina,2015-11-29,grosjean,GRO,lotus_f1,9,18,Finished,18.0,8.0,14.0,0.0,10.0,8.0,0.0,12.0,11.9,0.5,8.0,12.0,3,0.0,19,2015
2015,19,Abu Dhabi Grand Prix,yas_marina,2015-11-29,kvyat,KVY,red_bull,10,9,Finished,9.0,8.0,15.0,0.0,405.0,2.0,3.0,8.4,7.0,0.1,7.8,20.0,1,0.0,19,2015
2015,19,Abu Dhabi Grand Prix,yas_marina,2015-11-29,sainz,SAI,toro_rosso,11,10,Finished,10.0,0.0,20.0,0.0,30.0,7.0,0.0,13.0,13.3,0.5,8.2,11.0,0,0.0,19,2015
2015,19,Abu Dhabi Grand Prix,yas_marina,2015-11-29,button,BUT,mclaren,12,12,+1 Lap,12.0,126.0,8.0,0.0,181.0,5.0,0.0,11.8,13.1,0.2,10.8,5.4,5,0.4,19,2015
2015,19,Abu Dhabi Grand Prix,yas_marina,2015-11-29,bottas,BOT,williams,13,6,+1 Lap,6.0,186.0,4.0,0.0,320.0,3.0,0.0,8.8,8.0,0.3,6.8,9.0,2,0.5,19,2015
2015,19,Abu Dhabi Grand Prix,yas_marina,2015-11-29,ericsson,ERI,sauber,14,17,+1 Lap,17.0,0.0,19.0,0.0,0.0,10.0,0.0,15.4,12.8,0.2,10.8,11.0,0,0.0,19,2015
2015,19,Abu Dhabi Grand Prix,yas_marina,2015-11-29,nasr,NAS,sauber,15,14,+1 Lap,14.0,0.0,20.0,0.0,0.0,10.0,0.0,13.0,13.0,0.3,10.8,11.0,0,0.0,19,2015
2015,19,Abu Dhabi Grand Prix,yas_marina,2015-11-29,max_verstappen,VER,toro_rosso,16,11,+1 Lap,11.0,0.0,20.0,0.0,30.0,7.0,0.0,8.2,8.9,0.1,8.2,11.0,0,0.0,19,2015
2015,19,Abu Dhabi Grand Prix,yas_marina,2015-11-29,alonso,ALO,mclaren,17,16,+2 Laps,16.0,161.0,6.0,0.0,181.0,5.0,0.0,13.6,13.1,0.2,10.8,5.0,5,0.4,19,2015
2015,19,Abu Dhabi Grand Prix,yas_marina,2015-11-29,stevens,STE,manor,18,19,+2 Laps,19.0,0.0,23.0,0.0,0.0,10.0,0.0,17.2,16.1,0.1,15.0,17.0,1,0.0,19,2015
2015,19,Abu Dhabi Grand Prix,yas_marina,2015-11-29,merhi,MER,manor,19,20,+3 Laps,20.0,0.0,20.0,0.0,0.0,10.0,0.0,14.2,15.4,0.1,15.0,11.0,0,0.0,19,2015
2015,19,Abu Dhabi Grand Prix,yas_marina,2015-11-29,maldonado,MAL,lotus_f1,20,13,Collision,13.0,2.0,16.0,0.0,10.0,8.0,0.0,8.8,12.7,0.3,8.0,12.25,4,0.0,19,2015
2016,1,Australian Grand Prix,albert_park,2016-03-20,rosberg,ROS,mercedes,1,2,Finished,2.0,322.0,2.0,6.0,703.0,1.0,16.0,4.6,5.6,0.1,1.0,9.5,6,0.3333333333333333,1,2016
2016,1,Australian Grand Prix,albert_park,2016-03-20,hamilton,HAM,mercedes,2,1,Finished,1.0,381.0,1.0,10.0,703.0,1.0,16.0,1.6,3.5,0.1,1.0,6.0,6,0.5,1,2016
2016,1,Australian Grand Prix,albert_park,2016-03-20,vettel,VET,ferrari,3,3,Finished,3.0,278.0,3.0,3.0,428.0,2.0,3.0,6.0,4.9,0.2,5.8,7.333333333333333,6,0.6666666666666666,1,2016
2016,1,Australian Grand Prix,albert_park,2016-03-20,ricciardo,RIC,red_bull,4,8,Finished,8.0,92.0,8.0,0.0,187.0,4.0,0.0,9.4,9.3,0.2,6.4,14.0,4,0.0,1,2016
2016,1,Australian Grand Prix,albert_park,2016-03-20,massa,MAS,williams,5,6,Finished,6.0,121.0,6.0,0.0,257.0,3.0,0.0,11.0,11.2,0.3,7.4,9.166666666666666,6,0.16666666666666666,1,2016
2016,1,Australian Grand Prix,albert_park,2016-03-20,grosjean,GRO,haas,6,19,Finished,19.0,51.0,11.0,0.0,0.0,10.0,0.0,12.4,11.1,0.4,6.0,15.0,4,0.0,1,2016
2016,1,Australian Grand Prix,albert_park,2016-03-20,hulkenberg,HUL,force_india,7,10,Finished,10.0,58.0,10.0,0.0,136.0,5.0,0.0,10.6,12.6,0.5,5.2,15.8,5,0.0,1,2016
2016,1,Australian Grand Prix,albert_park,2016-03-20,bottas,BOT,williams,8,16,Finished,11.0,136.0,5.0,0.0,257.0,3.0,0.0,10.4,8.8,0.3,7.4,12.333333333333334,3,0.0,1,2016
2016,1,Australian Grand Prix,albert_park,2016-03-20,sainz,SAI,toro_rosso,9,7,Finished,7.0,18.0,15.0,0.0,67.0,7.0,0.0,13.2,13.0,0.4,8.6,9.0,1,0.0,1,2016
2016,1,Australian Grand Prix,albert_park,2016-03-20,max_verstappen,VER,toro_rosso,10,5,Finished,5.0,49.0,12.0,0.0,67.0,7.0,0.0,9.6,8.9,0.0,8.6,13.0,1,0.0,1,2016
2016,1,Australian Grand Prix,albert_park,2016-03-20,jolyon_palmer,PAL,renault,11,13,Finished,14.0,0.0,20.0,0.0,0.0,10.0,0.0,11.0,11.0,0.1,11.2,11.0,0,0.0,1,2016
2016,1,Australian Grand Prix,albert_park,2016-03-20,kevin_magnussen,MAG,renault,12,14,Finished,15.0,0.0,20.0,0.0,0.0,10.0,0.0,10.0,10.8,0.1,11.2,9.5,2,0.5,1,2016
2016,1,Australian Grand Prix,albert_park,2016-03-20,perez,PER,force_india,13,9,Finished,9.0,78.0,9.0,0.0,136.0,5.0,0.0,6.6,8.2,0.1,5.2,12.2,5,0.0,1,2016
2016,1,Australian Grand Prix,albert_park,2016-03-20,button,BUT,mclaren,14,12,+1 Lap,13.0,16.0,16.0,0.0,27.0,9.0,0.0,11.0,12.4,0.1,11.0,5.166666666666667,6,0.5,1,2016
2016,1,Australian Grand Prix,albert_park,2016-03-20,nasr,NAS,sauber,15,17,+1 Lap,17.0,27.0,13.0,0.0,36.0,8.0,0.0,12.0,12.5,0.2,10.8,5.0,1,0.0,1,2016
2016,1,Australian Grand Prix,albert_park,2016-03-20,wehrlein,WEH,manor,16,21,+1 Lap,22.0,0.0,20.0,0.0,0.0,10.0,0.0,11.0,11.0,0.1,15.0,11.0,0,0.0,1,2016
2016,1,Australian Grand Prix,albert_park,2016-03-20,ericsson,ERI,sauber,17,15,Engine,16.0,9.0,18.0,0.0,36.0,8.0,0.0,15.4,13.1,0.2,10.8,12.5,2,0.0,1,2016
2016,1,Australian Grand Prix,albert_park,2016-03-20,raikkonen,RAI,ferrari,18,4,Engine,4.0,150.0,4.0,0.0,428.0,2.0,3.0,10.0,8.7,0.3,5.8,6.75,4,0.25,1,2016
2016,1,Australian Grand Prix,albert_park,2016-03-20,haryanto,HAR,manor,19,22,Mechanical,21.0,0.0,20.0,0.0,0.0,10.0,0.0,11.0,11.0,0.1,15.0,11.0,0,0.0,1,2016
2016,1,Australian Grand Prix,albert_park,2016-03-20,gutierrez,GUT,haas,20,20,Collision,20.0,0.0,20.0,0.0,0.0,10.0,0.0,14.2,15.6,0.2,6.0,12.5,2,0.0,1,2016
2016,1,Australian Grand Prix,albert_park,2016-03-20,alonso,ALO,mclaren,21,11,Collision,12.0,11.0,17.0,0.0,27.0,9.0,0.0,14.8,13.8,0.2,11.0,3.8,5,0.2,1,2016
2016,1,Australian Grand Prix,albert_park,2016-03-20,kvyat,KVY,red_bull,22,18,Retired,18.0,95.0,7.0,0.0,187.0,4.0,0.0,7.8,7.4,0.1,6.4,12.5,2,0.0,1,2016
2016,2,Bahrain Grand Prix,bahrain,2016-04-03,rosberg,ROS,mercedes,1,2,Finished,2.0,322.0,2.0,6.0,703.0,1.0,16.0,1.2,4.9,0.1,1.0,4.8,5,0.4,2,2016
2016,2,Bahrain Grand Prix,bahrain,2016-04-03,raikkonen,RAI,ferrari,2,4,Finished,4.0,150.0,4.0,0.0,428.0,2.0,3.0,12.0,8.7,0.3,6.0,4.0,4,0.75,2,2016
2016,2,Bahrain Grand Prix,bahrain,2016-04-03,hamilton,HAM,mercedes,3,1,Finished,1.0,381.0,1.0,10.0,703.0,1.0,16.0,1.8,3.1,0.1,1.0,3.6,5,0.6,2,2016
2016,2,Bahrain Grand Prix,bahrain,2016-04-03,ricciardo,RIC,red_bull,4,5,Finished,5.0,92.0,8.0,0.0,187.0,4.0,0.0,7.2,9.4,0.2,6.2,10.25,4,0.0,2,2016
2016,2,Bahrain Grand Prix,bahrain,2016-04-03,grosjean,GRO,haas,5,9,Finished,9.0,51.0,11.0,0.0,0.0,10.0,0.0,10.2,11.0,0.4,6.0,6.25,4,0.5,2,2016
2016,2,Bahrain Grand Prix,bahrain,2016-04-03,max_verstappen,VER,toro_rosso,6,10,Finished,10.0,49.0,12.0,0.0,67.0,7.0,0.0,9.6,9.5,0.0,8.4,18.0,1,0.0,2,2016
2016,2,Bahrain Grand Prix,bahrain,2016-04-03,kvyat,KVY,red_bull,7,15,+1 Lap,15.0,95.0,7.0,0.0,187.0,4.0,0.0,11.2,9.4,0.2,6.2,10.0,2,0.0,2,2016
2016,2,Bahrain Grand Prix,bahrain,2016-04-03,massa,MAS,williams,8,7,+1 Lap,7.0,121.0,6.0,0.0,257.0,3.0,0.0,11.2,10.5,0.3,7.6,8.6,5,0.2,2,2016
2016,2,Bahrain Grand Prix,bahrain,2016-04-03,bottas,BOT,williams,9,6,+1 Lap,6.0,136.0,5.0,0.0,257.0,3.0,0.0,9.6,8.3,0.3,7.6,8.666666666666666,3,0.0,2,2016
2016,2,Bahrain Grand Prix,bahrain,2016-04-03,vandoorne,VAN,mclaren,10,12,+1 Lap,12.0,0.0,20.0,0.0,27.0,9.0,0.0,11.0,11.0,0.1,12.0,11.0,0,0.0,2,2016
2016,2,Bahrain Grand Prix,bahrain,2016-04-03,kevin_magnussen,MAG,renault,11,22,+1 Lap,19.0,0.0,20.0,0.0,0.0,10.0,0.0,11.4,10.8,0.1,11.6,18.0,1,0.0,2,2016
2016,2,Bahrain Grand Prix,bahrain,2016-04-03,ericsson,ERI,sauber,12,17,+1 Lap,17.0,9.0,18.0,0.0,36.0,8.0,0.0,14.8,13.8,0.3,12.6,17.0,2,0.0,2,2016
2016,2,Bahrain Grand Prix,bahrain,2016-04-03,wehrlein,WEH,manor,13,16,+1 Lap,16.0,0.0,20.0,0.0,0.0,10.0,0.0,16.0,16.0,0.0,15.6,11.0,0,0.0,2,2016
2016,2,Bahrain Grand Prix,bahrain,2016-04-03,nasr,NAS,sauber,14,21,+1 Lap,22.0,27.0,13.0,0.0,36.0,8.0,0.0,13.8,12.9,0.2,12.6,12.0,1,0.0,2,2016
2016,2,Bahrain Grand Prix,bahrain,2016-04-03,hulkenberg,HUL,force_india,15,8,+1 Lap,8.0,58.0,10.0,0.0,136.0,5.0,0.0,8.2,11.3,0.4,6.0,11.2,5,0.0,2,2016
2016,2,Bahrain Grand Prix,bahrain,2016-04-03,perez,PER,force_india,16,18,+1 Lap,18.0,78.0,9.0,0.0,136.0,5.0,0.0,8.6,7.6,0.0,6.0,7.0,4,0.25,2,2016
2016,2,Bahrain Grand Prix,bahrain,2016-04-03,haryanto,HAR,manor,17,20,+1 Lap,21.0,0.0,20.0,0.0,0.0,10.0,0.0,19.0,19.0,1.0,15.6,11.0,0,0.0,2,2016
2016,2,Bahrain Grand Prix,bahrain,2016-04-03,sainz,SAI,toro_rosso,18,11,Retired,11.0,18.0,15.0,0.0,67.0,7.0,0.0,11.8,12.2,0.3,8.4,19.0,1,0.0,2,2016
2016,2,Bahrain Grand Prix,bahrain,2016-04-03,gutierrez,GUT,haas,19,13,Retired,13.0,0.0,20.0,0.0,0.0,10.0,0.0,15.6,16.2,0.3,6.0,18.5,2,0.0,2,2016
2016,2,Bahrain Grand Prix,bahrain,2016-04-03,button,BUT,mclaren,20,14,Power Unit,14.0,16.0,16.0,0.0,27.0,9.0,0.0,12.0,12.9,0.1,12.0,14.4,5,0.0,2,2016
2016,2,Bahrain Grand Prix,bahrain,2016-04-03,vettel,VET,ferrari,21,3,Engine,3.0,278.0,3.0,3.0,428.0,2.0,3.0,6.2,5.1,0.2,6.0,3.4,5,0.4,2,2016
2016,2,Bahrain Grand Prix,bahrain,2016-04-03,jolyon_palmer,PAL,renault,22,19,Hydraulics,20.0,0.0,20.0,0.0,0.0,10.0,0.0,11.0,11.0,0.0,11.6,11.0,0,0.0,2,2016
2016,3,Chinese Grand Prix,shanghai,2016-04-17,rosberg,ROS,mercedes,1,1,Finished,1.0,322.0,2.0,6.0,703.0,1.0,16.0,1.0,4.8,0.1,1.0,5.333333333333333,6,0.6666666666666666,3,2016
2016,3,Chinese Grand Prix,shanghai,2016-04-17,vettel,VET,ferrari,2,4,Finished,4.0,278.0,3.0,3.0,428.0,2.0,3.0,9.8,6.0,0.2,5.8,4.166666666666667,6,0.3333333333333333,3,2016
2016,3,Chinese Grand Prix,shanghai,2016-04-17,kvyat,KVY,red_bull,3,6,Finished,6.0,95.0,7.0,0.0,187.0,4.0,0.0,10.0,9.7,0.2,5.0,14.5,2,0.0,3,2016
2016,3,Chinese Grand Prix,shanghai,2016-04-17,ricciardo,RIC,red_bull,4,2,Finished,2.0,92.0,8.0,0.0,187.0,4.0,0.0,6.0,8.0,0.1,5.0,9.25,4,0.0,3,2016
2016,3,Chinese Grand Prix,shanghai,2016-04-17,raikkonen,RAI,ferrari,5,3,Finished,3.0,150.0,4.0,0.0,428.0,2.0,3.0,9.2,8.2,0.3,5.8,7.0,4,0.25,3,2016
2016,3,Chinese Grand Prix,shanghai,2016-04-17,massa,MAS,williams,6,10,Finished,11.0,121.0,6.0,0.0,257.0,3.0,0.0,9.4,10.7,0.3,5.8,9.0,6,0.0,3,2016
2016,3,Chinese Grand Prix,shanghai,2016-04-17,hamilton,HAM,mercedes,7,22,Finished,22.0,381.0,1.0,10.0,703.0,1.0,16.0,2.2,3.3,0.1,1.0,1.8333333333333333,6,1.0,3,2016
2016,3,Chinese Grand Prix,shanghai,2016-04-17,max_verstappen,VER,toro_rosso,8,9,Finished,9.0,49.0,12.0,0.0,67.0,7.0,0.0,10.0,9.3,0.0,8.8,17.0,1,0.0,3,2016
2016,3,Chinese Grand Prix,shanghai,2016-04-17,sainz,SAI,toro_rosso,9,8,Finished,8.0,18.0,15.0,0.0,67.0,7.0,0.0,14.0,12.3,0.3,8.8,13.0,1,0.0,3,2016
2016,3,Chinese Grand Prix,shanghai,2016-04-17,bottas,BOT,williams,10,5,Finished,5.0,136.0,5.0,0.0,257.0,3.0,0.0,7.6,8.3,0.2,5.8,8.666666666666666,3,0.0,3,2016
2016,3,Chinese Grand Prix,shanghai,2016-04-17,perez,PER,force_india,11,7,Finished,7.0,78.0,9.0,0.0,136.0,5.0,0.0,10.8,8.7,0.0,8.0,11.8,5,0.0,3,2016
2016,3,Chinese Grand Prix,shanghai,2016-04-17,alonso,ALO,mclaren,12,11,Finished,12.0,11.0,17.0,0.0,27.0,9.0,0.0,16.8,15.4,0.3,12.8,6.0,6,0.3333333333333333,3,2016
2016,3,Chinese Grand Prix,shanghai,2016-04-17,button,BUT,mclaren,13,12,Finished,13.0,16.0,16.0,0.0,27.0,9.0,0.0,14.8,13.5,0.2,12.8,6.166666666666667,6,0.3333333333333333,3,2016
2016,3,Chinese Grand Prix,shanghai,2016-04-17,gutierrez,GUT,haas,14,18,+1 Lap,18.0,0.0,20.0,0.0,0.0,10.0,0.0,16.4,16.4,0.3,5.5,19.0,2,0.0,3,2016
2016,3,Chinese Grand Prix,shanghai,2016-04-17,hulkenberg,HUL,force_india,15,13,+1 Lap,10.0,58.0,10.0,0.0,136.0,5.0,0.0,8.4,10.8,0.3,8.0,13.2,5,0.0,3,2016
2016,3,Chinese Grand Prix,shanghai,2016-04-17,ericsson,ERI,sauber,16,15,+1 Lap,15.0,9.0,18.0,0.0,36.0,8.0,0.0,14.2,14.0,0.3,13.2,15.0,2,0.0,3,2016
2016,3,Chinese Grand Prix,shanghai,2016-04-17,kevin_magnussen,MAG,renault,17,17,+1 Lap,17.0,0.0,20.0,0.0,0.0,10.0,0.0,12.0,10.7,0.1,11.2,13.0,1,0.0,3,2016
2016,3,Chinese Grand Prix,shanghai,2016-04-17,wehrlein,WEH,manor,18,21,+1 Lap,21.0,0.0,20.0,0.0,0.0,10.0,0.0,14.5,14.5,0.0,15.8,11.0,0,0.0,3,2016
2016,3,Chinese Grand Prix,shanghai,2016-04-17,grosjean,GRO,haas,19,14,+1 Lap,14.0,51.0,11.0,0.0,0.0,10.0,0.0,7.6,11.2,0.4,5.5,10.75,4,0.0,3,2016
2016,3,Chinese Grand Prix,shanghai,2016-04-17,nasr,NAS,sauber,20,16,+1 Lap,16.0,27.0,13.0,0.0,36.0,8.0,0.0,14.8,13.2,0.2,13.2,8.0,1,0.0,3,2016
2016,3,Chinese Grand Prix,shanghai,2016-04-17,haryanto,HAR,manor,21,20,+1 Lap,20.0,0.0,20.0,0.0,0.0,10.0,0.0,18.0,18.0,0.5,15.8,11.0,0,0.0,3,2016
2016,3,Chinese Grand Prix,shanghai,2016-04-17,jolyon_palmer,PAL,renault,22,19,+1 Lap,19.0,0.0,20.0,0.0,0.0,10.0,0.0,16.5,16.5,0.5,11.2,11.0,0,0.0,3,2016
2016,4,Russian Grand Prix,sochi,2016-05-01,rosberg,ROS,mercedes,1,1,Finished,1.0,322.0,2.0,6.0,703.0,1.0,16.0,1.0,3.2,0.1,1.0,10.0,2,0.5,4,2016
2016,4,Russian Grand Prix,sochi,2016-05-01,hamilton,HAM,mercedes,2,10,Finished,10.0,381.0,1.0,10.0,703.0,1.0,16.0,3.2,3.9,0.1,1.0,1.0,2,1.0,4,2016
2016,4,Russian Grand Prix,sochi,2016-05-01,raikkonen,RAI,ferrari,3,3,Finished,4.0,150.0,4.0,0.0,428.0,2.0,3.0,6.4,8.2,0.3,2.6,8.5,2,0.0,4,2016
2016,4,Russian Grand Prix,sochi,2016-05-01,bottas,BOT,williams,4,2,Finished,3.0,136.0,5.0,0.0,257.0,3.0,0.0,9.0,8.9,0.2,6.4,7.5,2,0.5,4,2016
2016,4,Russian Grand Prix,sochi,2016-05-01,massa,MAS,williams,5,4,Finished,5.0,121.0,6.0,0.0,257.0,3.0,0.0,9.4,11.0,0.3,6.4,7.5,2,0.0,4,2016
2016,4,Russian Grand Prix,sochi,2016-05-01,alonso,ALO,mclaren,6,14,+1 Lap,14.0,11.0,17.0,0.0,27.0,9.0,0.0,17.0,15.3,0.3,12.4,8.5,2,0.0,4,2016
2016,4,Russian Grand Prix,sochi,2016-05-01,kevin_magnussen,MAG,renault,7,17,+1 Lap,17.0,0.0,20.0,0.0,0.0,10.0,0.0,13.6,11.4,0.1,12.4,5.0,1,0.0,4,2016
2016,4,Russian Grand Prix,sochi,2016-05-01,grosjean,GRO,haas,8,15,+1 Lap,15.0,51.0,11.0,0.0,0.0,10.0,0.0,9.4,11.2,0.3,8.333333333333334,17.0,2,0.0,4,2016
2016,4,Russian Grand Prix,sochi,2016-05-01,perez,PER,force_india,9,6,+1 Lap,7.0,78.0,9.0,0.0,136.0,5.0,0.0,11.4,9.2,0.0,8.8,6.5,2,0.5,4,2016
2016,4,Russian Grand Prix,sochi,2016-05-01,button,BUT,mclaren,10,12,+1 Lap,12.0,16.0,16.0,0.0,27.0,9.0,0.0,14.6,13.4,0.2,12.4,6.5,2,0.0,4,2016
2016,4,Russian Grand Prix,sochi,2016-05-01,ricciardo,RIC,red_bull,11,5,+1 Lap,6.0,92.0,8.0,0.0,187.0,4.0,0.0,5.8,7.6,0.1,4.8,11.0,2,0.0,4,2016
2016,4,Russian Grand Prix,sochi,2016-05-01,sainz,SAI,toro_rosso,12,11,+1 Lap,11.0,18.0,15.0,0.0,67.0,7.0,0.0,13.2,12.1,0.3,8.6,16.0,1,0.0,4,2016
2016,4,Russian Grand Prix,sochi,2016-05-01,jolyon_palmer,PAL,renault,13,18,+1 Lap,18.0,0.0,20.0,0.0,0.0,10.0,0.0,18.333333333333332,18.333333333333332,0.3333333333333333,12.4,11.0,0,0.0,4,2016
2016,4,Russian Grand Prix,sochi,2016-05-01,ericsson,ERI,sauber,14,22,+1 Lap,22.0,9.0,18.0,0.0,36.0,8.0,0.0,15.0,14.7,0.3,14.0,19.5,2,0.0,4,2016
2016,4,Russian Grand Prix,sochi,2016-05-01,kvyat,KVY,red_bull,15,8,+1 Lap,8.0,95.0,7.0,0.0,187.0,4.0,0.0,9.8,9.0,0.2,4.8,9.5,2,0.0,4,2016
2016,4,Russian Grand Prix,sochi,2016-05-01,nasr,NAS,sauber,16,19,+1 Lap,19.0,27.0,13.0,0.0,36.0,8.0,0.0,15.4,13.9,0.2,14.0,6.0,1,0.0,4,2016
2016,4,Russian Grand Prix,sochi,2016-05-01,gutierrez,GUT,haas,17,16,+1 Lap,16.0,0.0,20.0,0.0,0.0,10.0,0.0,16.4,16.3,0.3,8.333333333333334,15.0,1,0.0,4,2016
2016,4,Russian Grand Prix,sochi,2016-05-01,wehrlein,WEH,manor,18,20,+2 Laps,20.0,0.0,20.0,0.0,0.0,10.0,0.0,15.666666666666666,15.666666666666666,0.0,16.4,11.0,0,0.0,4,2016
2016,4,Russian Grand Prix,sochi,2016-05-01,max_verstappen,VER,toro_rosso,19,9,Power Unit,9.0,49.0,12.0,0.0,67.0,7.0,0.0,9.8,8.9,0.0,8.6,10.0,1,0.0,4,2016
2016,4,Russian Grand Prix,sochi,2016-05-01,vettel,VET,ferrari,20,7,Collision,2.0,278.0,3.0,3.0,428.0,2.0,3.0,6.6,6.0,0.2,2.6,5.0,2,0.5,4,2016
2016,4,Russian Grand Prix,sochi,2016-05-01,hulkenberg,HUL,force_india,21,13,Collision,13.0,58.0,10.0,0.0,136.0,5.0,0.0,10.0,11.6,0.3,8.8,15.5,2,0.0,4,2016
2016,4,Russian Grand Prix,sochi,2016-05-01,haryanto,HAR,manor,22,21,Collision,21.0,0.0,20.0,0.0,0.0,10.0,0.0,19.0,19.0,0.3333333333333333,16.4,11.0,0,0.0,4,2016
2016,5,Spanish Grand Prix,catalunya,2016-05-15,max_verstappen,VER,red_bull,1,4,Finished,4.0,49.0,12.0,0.0,187.0,4.0,0.0,11.8,10.0,0.1,5.6,11.0,1,0.0,5,2016
2016,5,Spanish Grand Prix,catalunya,2016-05-15,raikkonen,RAI,ferrari,2,5,Finished,5.0,150.0,4.0,0.0,428.0,2.0,3.0,6.2,8.2,0.3,2.6,4.25,4,0.5,5,2016
2016,5,Spanish Grand Prix,catalunya,2016-05-15,vettel,VET,ferrari,3,6,Finished,6.0,278.0,3.0,3.0,428.0,2.0,3.0,10.0,7.9,0.3,2.6,3.5,6,0.5,5,2016
2016,5,Spanish Grand Prix,catalunya,2016-05-15,ricciardo,RIC,red_bull,4,3,Finished,3.0,92.0,8.0,0.0,187.0,4.0,0.0,5.8,8.5,0.1,5.6,8.25,4,0.25,5,2016
2016,5,Spanish Grand Prix,catalunya,2016-05-15,bottas,BOT,williams,5,7,Finished,7.0,136.0,5.0,0.0,257.0,3.0,0.0,8.8,8.8,0.2,6.2,8.333333333333334,3,0.0,5,2016
2016,5,Spanish Grand Prix,catalunya,2016-05-15,sainz,SAI,toro_rosso,6,8,Finished,8.0,18.0,15.0,0.0,67.0,7.0,0.0,11.8,12.4,0.3,9.2,9.0,1,0.0,5,2016
2016,5,Spanish Grand Prix,catalunya,2016-05-15,perez,PER,force_india,7,9,Finished,9.0,78.0,9.0,0.0,136.0,5.0,0.0,10.8,9.4,0.0,9.4,12.0,5,0.0,5,2016
2016,5,Spanish Grand Prix,catalunya,2016-05-15,massa,MAS,williams,8,18,Finished,18.0,121.0,6.0,0.0,257.0,3.0,0.0,6.4,9.6,0.2,6.2,10.833333333333334,6,0.16666666666666666,5,2016
2016,5,Spanish Grand Prix,catalunya,2016-05-15,button,BUT,mclaren,9,12,+1 Lap,12.0,16.0,16.0,0.0,27.0,9.0,0.0,13.8,12.8,0.1,10.8,8.666666666666666,6,0.16666666666666666,5,2016
2016,5,Spanish Grand Prix,catalunya,2016-05-15,kvyat,KVY,toro_rosso,10,13,+1 Lap,13.0,95.0,7.0,0.0,67.0,7.0,0.0,11.4,9.9,0.2,9.2,12.0,2,0.0,5,2016
2016,5,Spanish Grand Prix,catalunya,2016-05-15,gutierrez,GUT,haas,11,16,+1 Lap,16.0,0.0,20.0,0.0,0.0,10.0,0.0,17.0,16.1,0.3,8.25,13.5,2,0.0,5,2016
2016,5,Spanish Grand Prix,catalunya,2016-05-15,ericsson,ERI,sauber,12,19,+1 Lap,19.0,9.0,18.0,0.0,36.0,8.0,0.0,14.6,15.0,0.3,14.2,17.0,2,0.0,5,2016
2016,5,Spanish Grand Prix,catalunya,2016-05-15,jolyon_palmer,PAL,renault,13,17,+1 Lap,17.0,0.0,20.0,0.0,0.0,10.0,0.0,17.0,17.0,0.25,11.2,11.0,0,0.0,5,2016
2016,5,Spanish Grand Prix,catalunya,2016-05-15,kevin_magnussen,MAG,renault,14,15,+1 Lap,15.0,0.0,20.0,0.0,0.0,10.0,0.0,12.8,11.1,0.1,11.2,12.0,1,0.0,5,2016
2016,5,Spanish Grand Prix,catalunya,2016-05-15,nasr,NAS,sauber,15,20,+1 Lap,20.0,27.0,13.0,0.0,36.0,8.0,0.0,16.0,14.5,0.2,14.2,12.0,1,0.0,5,2016
2016,5,Spanish Grand Prix,catalunya,2016-05-15,wehrlein,WEH,manor,16,21,+1 Lap,21.0,0.0,20.0,0.0,0.0,10.0,0.0,16.25,16.25,0.0,16.6,11.0,0,0.0,5,2016
2016,5,Spanish Grand Prix,catalunya,2016-05-15,haryanto,HAR,manor,17,22,+1 Lap,22.0,0.0,20.0,0.0,0.0,10.0,0.0,19.75,19.75,0.5,16.6,11.0,0,0.0,5,2016
2016,5,Spanish Grand Prix,catalunya,2016-05-15,grosjean,GRO,haas,18,14,Engine,14.0,51.0,11.0,0.0,0.0,10.0,0.0,9.4,10.7,0.2,8.25,10.5,4,0.0,5,2016
2016,5,Spanish Grand Prix,catalunya,2016-05-15,alonso,ALO,mclaren,19,10,Engine,10.0,11.0,17.0,0.0,27.0,9.0,0.0,14.2,14.1,0.3,10.8,6.0,6,0.5,5,2016
2016,5,Spanish Grand Prix,catalunya,2016-05-15,hulkenberg,HUL,force_india,20,11,Engine,11.0,58.0,10.0,0.0,136.0,5.0,0.0,13.0,11.7,0.3,9.4,13.2,5,0.0,5,2016
2016,5,Spanish Grand Prix,catalunya,2016-05-15,hamilton,HAM,mercedes,21,1,Collision,1.0,381.0,1.0,10.0,703.0,1.0,16.0,3.2,2.3,0.0,1.0,6.5,6,0.5,5,2016
2016,5,Spanish Grand Prix,catalunya,2016-05-15,rosberg,ROS,mercedes,22,2,Collision,2.0,322.0,2.0,6.0,703.0,1.0,16.0,1.0,2.9,0.1,1.0,6.0,6,0.3333333333333333,5,2016
2016,6,Monaco Grand Prix,monaco,2016-05-29,hamilton,HAM,mercedes,1,3,Finished,3.0,381.0,1.0,10.0,703.0,1.0,16.0,7.0,4.3,0.1,5.0,4.166666666666667,6,0.3333333333333333,6,2016
2016,6,Monaco Grand Prix,monaco,2016-05-29,ricciardo,RIC,red_bull,2,1,Finished,1.0,92.0,8.0,0.0,187.0,4.0,0.0,5.4,7.4,0.1,4.6,10.75,4,0.25,6,2016
2016,6,Monaco Grand Prix,monaco,2016-05-29,perez,PER,force_india,3,7,Finished,7.0,78.0,9.0,0.0,136.0,5.0,0.0,11.2,8.9,0.0,9.8,15.8,5,0.0,6,2016
2016,6,Monaco Grand Prix,monaco,2016-05-29,vettel,VET,ferrari,4,4,Finished,4.0,278.0,3.0,3.0,428.0,2.0,3.0,9.8,7.9,0.3,2.4,5.166666666666667,6,0.6666666666666666,6,2016
2016,6,Monaco Grand Prix,monaco,2016-05-29,alonso,ALO,mclaren,5,9,Finished,9.0,11.0,17.0,0.0,27.0,9.0,0.0,15.0,14.3,0.3,10.2,6.833333333333333,6,0.3333333333333333,6,2016
2016,6,Monaco Grand Prix,monaco,2016-05-29,hulkenberg,HUL,force_india,6,5,Finished,5.0,58.0,10.0,0.0,136.0,5.0,0.0,15.6,13.1,0.4,9.8,11.8,5,0.0,6,2016
2016,6,Monaco Grand Prix,monaco,2016-05-29,rosberg,ROS,mercedes,7,2,Finished,2.0,322.0,2.0,6.0,703.0,1.0,16.0,5.2,4.9,0.2,5.0,3.8333333333333335,6,0.6666666666666666,6,2016
2016,6,Monaco Grand Prix,monaco,2016-05-29,sainz,SAI,toro_rosso,8,6,+1 Lap,6.0,18.0,15.0,0.0,67.0,7.0,0.0,10.8,12.0,0.3,8.2,10.0,1,0.0,6,2016
2016,6,Monaco Grand Prix,monaco,2016-05-29,button,BUT,mclaren,9,13,+1 Lap,13.0,16.0,16.0,0.0,27.0,9.0,0.0,13.2,12.1,0.1,10.2,10.333333333333334,6,0.16666666666666666,6,2016
2016,6,Monaco Grand Prix,monaco,2016-05-29,massa,MAS,williams,10,14,+1 Lap,14.0,121.0,6.0,0.0,257.0,3.0,0.0,6.4,8.7,0.2,5.6,12.333333333333334,6,0.0,6,2016
2016,6,Monaco Grand Prix,monaco,2016-05-29,gutierrez,GUT,haas,11,12,+1 Lap,12.0,0.0,20.0,0.0,0.0,10.0,0.0,16.2,15.2,0.2,8.8,14.0,2,0.0,6,2016
2016,6,Monaco Grand Prix,monaco,2016-05-29,bottas,BOT,williams,12,10,+1 Lap,10.0,136.0,5.0,0.0,257.0,3.0,0.0,7.2,8.8,0.2,5.6,14.0,3,0.0,6,2016
2016,6,Monaco Grand Prix,monaco,2016-05-29,grosjean,GRO,haas,13,15,+2 Laps,15.0,51.0,11.0,0.0,0.0,10.0,0.0,11.2,11.8,0.3,8.8,15.25,4,0.0,6,2016
2016,6,Monaco Grand Prix,monaco,2016-05-29,wehrlein,WEH,manor,14,20,+2 Laps,20.0,0.0,20.0,0.0,0.0,10.0,0.0,16.2,16.2,0.0,16.2,11.0,0,0.0,6,2016
2016,6,Monaco Grand Prix,monaco,2016-05-29,haryanto,HAR,manor,15,19,+4 Laps,19.0,0.0,20.0,0.0,0.0,10.0,0.0,19.2,19.2,0.4,16.2,11.0,0,0.0,6,2016
2016,6,Monaco Grand Prix,monaco,2016-05-29,ericsson,ERI,sauber,16,17,Collision,17.0,9.0,18.0,0.0,36.0,8.0,0.0,14.2,14.8,0.3,13.8,12.0,2,0.0,6,2016
2016,6,Monaco Grand Prix,monaco,2016-05-29,nasr,NAS,sauber,17,0,Retired,0.0,27.0,13.0,0.0,36.0,8.0,0.0,16.0,14.0,0.1,13.8,9.0,1,0.0,6,2016
2016,6,Monaco Grand Prix,monaco,2016-05-29,max_verstappen,VER,red_bull,18,0,Accident,0.0,49.0,12.0,0.0,187.0,4.0,0.0,8.8,9.2,0.1,4.6,18.0,1,0.0,6,2016
2016,6,Monaco Grand Prix,monaco,2016-05-29,kevin_magnussen,MAG,renault,19,16,Retired,16.0,0.0,20.0,0.0,0.0,10.0,0.0,12.2,11.1,0.1,11.8,10.0,1,0.0,6,2016
2016,6,Monaco Grand Prix,monaco,2016-05-29,kvyat,KVY,toro_rosso,20,8,Accident,8.0,95.0,7.0,0.0,67.0,7.0,0.0,11.4,9.6,0.2,8.2,11.5,2,0.0,6,2016
2016,6,Monaco Grand Prix,monaco,2016-05-29,raikkonen,RAI,ferrari,21,11,Accident,11.0,150.0,4.0,0.0,428.0,2.0,3.0,6.0,8.0,0.3,2.4,9.25,4,0.0,6,2016
2016,6,Monaco Grand Prix,monaco,2016-05-29,jolyon_palmer,PAL,renault,22,18,Accident,18.0,0.0,20.0,0.0,0.0,10.0,0.0,16.2,16.2,0.2,11.8,11.0,0,0.0,6,2016
2016,7,Canadian Grand Prix,villeneuve,2016-06-12,hamilton,HAM,mercedes,1,1,Finished,1.0,381.0,1.0,10.0,703.0,1.0,16.0,6.8,4.3,0.1,5.0,7.833333333333333,6,0.6666666666666666,7,2016
2016,7,Canadian Grand Prix,villeneuve,2016-06-12,vettel,VET,ferrari,2,3,Finished,3.0,278.0,3.0,3.0,428.0,2.0,3.0,10.0,8.1,0.3,2.6,3.1666666666666665,6,0.5,7,2016
2016,7,Canadian Grand Prix,villeneuve,2016-06-12,bottas,BOT,williams,3,7,Finished,7.0,136.0,5.0,0.0,257.0,3.0,0.0,8.0,8.8,0.1,6.6,8.0,3,0.3333333333333333,7,2016
2016,7,Canadian Grand Prix,villeneuve,2016-06-12,max_verstappen,VER,red_bull,4,5,Finished,5.0,49.0,12.0,0.0,187.0,4.0,0.0,10.4,10.0,0.2,4.2,15.0,1,0.0,7,2016
2016,7,Canadian Grand Prix,villeneuve,2016-06-12,rosberg,ROS,mercedes,5,2,Finished,2.0,322.0,2.0,6.0,703.0,1.0,16.0,6.4,3.8,0.1,5.0,5.333333333333333,6,0.3333333333333333,7,2016
2016,7,Canadian Grand Prix,villeneuve,2016-06-12,raikkonen,RAI,ferrari,6,6,Finished,6.0,150.0,4.0,0.0,428.0,2.0,3.0,6.6,9.3,0.4,2.6,7.75,4,0.0,7,2016
2016,7,Canadian Grand Prix,villeneuve,2016-06-12,ricciardo,RIC,red_bull,7,4,Finished,4.0,92.0,8.0,0.0,187.0,4.0,0.0,5.0,6.1,0.0,4.2,10.75,4,0.25,7,2016
2016,7,Canadian Grand Prix,villeneuve,2016-06-12,hulkenberg,HUL,force_india,8,9,+1 Lap,9.0,58.0,10.0,0.0,136.0,5.0,0.0,15.4,11.8,0.3,9.0,11.8,5,0.0,7,2016
2016,7,Canadian Grand Prix,villeneuve,2016-06-12,sainz,SAI,toro_rosso,9,20,+1 Lap,20.0,18.0,15.0,0.0,67.0,7.0,0.0,10.6,11.2,0.2,8.0,12.0,1,0.0,7,2016
2016,7,Canadian Grand Prix,villeneuve,2016-06-12,perez,PER,force_india,10,11,+1 Lap,11.0,78.0,9.0,0.0,136.0,5.0,0.0,9.2,8.9,0.0,9.0,9.0,4,0.25,7,2016
2016,7,Canadian Grand Prix,villeneuve,2016-06-12,alonso,ALO,mclaren,11,10,+1 Lap,10.0,11.0,17.0,0.0,27.0,9.0,0.0,12.6,13.7,0.3,8.4,9.666666666666666,6,0.3333333333333333,7,2016
2016,7,Canadian Grand Prix,villeneuve,2016-06-12,kvyat,KVY,toro_rosso,12,15,+1 Lap,15.0,95.0,7.0,0.0,67.0,7.0,0.0,11.0,11.1,0.3,8.0,12.5,2,0.0,7,2016
2016,7,Canadian Grand Prix,villeneuve,2016-06-12,gutierrez,GUT,haas,13,13,+2 Laps,13.0,0.0,20.0,0.0,0.0,10.0,0.0,14.4,15.0,0.2,9.8,17.0,2,0.0,7,2016
2016,7,Canadian Grand Prix,villeneuve,2016-06-12,grosjean,GRO,haas,14,14,+2 Laps,14.0,51.0,11.0,0.0,0.0,10.0,0.0,12.6,11.4,0.2,9.8,10.0,4,0.25,7,2016
2016,7,Canadian Grand Prix,villeneuve,2016-06-12,ericsson,ERI,sauber,15,21,+2 Laps,21.0,9.0,18.0,0.0,36.0,8.0,0.0,14.0,14.4,0.3,14.0,17.0,2,0.0,7,2016
2016,7,Canadian Grand Prix,villeneuve,2016-06-12,kevin_magnussen,MAG,renault,16,22,+2 Laps,22.0,0.0,20.0,0.0,0.0,10.0,0.0,13.6,12.5,0.2,13.4,9.0,1,0.0,7,2016
2016,7,Canadian Grand Prix,villeneuve,2016-06-12,wehrlein,WEH,manor,17,17,+2 Laps,17.0,0.0,20.0,0.0,0.0,10.0,0.0,15.8,15.833333333333334,0.0,15.8,11.0,0,0.0,7,2016
2016,7,Canadian Grand Prix,villeneuve,2016-06-12,nasr,NAS,sauber,18,18,+2 Laps,18.0,27.0,13.0,0.0,36.0,8.0,0.0,16.4,15.1,0.2,14.0,16.0,1,0.0,7,2016
2016,7,Canadian Grand Prix,villeneuve,2016-06-12,haryanto,HAR,manor,19,19,+2 Laps,19.0,0.0,20.0,0.0,0.0,10.0,0.0,18.4,18.5,0.3333333333333333,15.8,11.0,0,0.0,7,2016
2016,7,Canadian Grand Prix,villeneuve,2016-06-12,massa,MAS,williams,20,8,Retired,8.0,121.0,6.0,0.0,257.0,3.0,0.0,7.4,9.3,0.2,6.6,9.5,6,0.0,7,2016
2016,7,Canadian Grand Prix,villeneuve,2016-06-12,jolyon_palmer,PAL,renault,21,16,Retired,16.0,0.0,20.0,0.0,0.0,10.0,0.0,18.4,17.166666666666668,0.3333333333333333,13.4,11.0,0,0.0,7,2016
2016,7,Canadian Grand Prix,villeneuve,2016-06-12,button,BUT,mclaren,22,12,Power Unit,12.0,16.0,16.0,0.0,27.0,9.0,0.0,12.2,12.1,0.1,8.4,9.0,6,0.3333333333333333,7,2016
2016,8,European Grand Prix,baku,2016-06-19,rosberg,ROS,mercedes,1,1,Finished,1.0,322.0,2.0,6.0,703.0,1.0,16.0,7.2,4.1,0.1,5.0,11.0,0,0.0,8,2016
2016,8,European Grand Prix,baku,2016-06-19,vettel,VET,ferrari,2,3,Finished,3.0,278.0,3.0,3.0,428.0,2.0,3.0,6.2,8.0,0.3,2.6,11.0,0,0.0,8,2016
2016,8,European Grand Prix,baku,2016-06-19,perez,PER,force_india,3,7,Finished,7.0,78.0,9.0,0.0,136.0,5.0,0.0,8.0,9.4,0.0,7.6,11.0,0,0.0,8,2016
2016,8,European Grand Prix,baku,2016-06-19,raikkonen,RAI,ferrari,4,4,Finished,4.0,150.0,4.0,0.0,428.0,2.0,3.0,7.4,8.3,0.3,2.6,11.0,0,0.0,8,2016
2016,8,European Grand Prix,baku,2016-06-19,hamilton,HAM,mercedes,5,10,Finished,10.0,381.0,1.0,10.0,703.0,1.0,16.0,6.4,4.3,0.1,5.0,11.0,0,0.0,8,2016
2016,8,European Grand Prix,baku,2016-06-19,bottas,BOT,williams,6,8,Finished,8.0,136.0,5.0,0.0,257.0,3.0,0.0,6.8,7.2,0.0,5.6,11.0,0,0.0,8,2016
2016,8,European Grand Prix,baku,2016-06-19,ricciardo,RIC,red_bull,7,2,Finished,2.0,92.0,8.0,0.0,187.0,4.0,0.0,5.6,5.8,0.0,4.2,11.0,0,0.0,8,2016
2016,8,European Grand Prix,baku,2016-06-19,max_verstappen,VER,red_bull,8,9,Finished,9.0,49.0,12.0,0.0,187.0,4.0,0.0,10.0,10.0,0.2,4.2,11.0,0,0.0,8,2016
2016,8,European Grand Prix,baku,2016-06-19,hulkenberg,HUL,force_india,9,12,Finished,12.0,58.0,10.0,0.0,136.0,5.0,0.0,14.0,11.2,0.2,7.6,11.0,0,0.0,8,2016
2016,8,European Grand Prix,baku,2016-06-19,massa,MAS,williams,10,5,Finished,5.0,121.0,6.0,0.0,257.0,3.0,0.0,9.8,9.6,0.2,5.6,11.0,0,0.0,8,2016
2016,8,European Grand Prix,baku,2016-06-19,button,BUT,mclaren,11,19,Finished,19.0,16.0,16.0,0.0,27.0,9.0,0.0,12.6,13.7,0.2,8.6,11.0,0,0.0,8,2016
2016,8,European Grand Prix,baku,2016-06-19,nasr,NAS,sauber,12,15,+1 Lap,15.0,27.0,13.0,0.0,36.0,8.0,0.0,17.2,16.0,0.2,14.6,11.0,0,0.0,8,2016
2016,8,European Grand Prix,baku,2016-06-19,grosjean,GRO,haas,13,11,+1 Lap,11.0,51.0,11.0,0.0,0.0,10.0,0.0,14.4,11.0,0.1,11.4,11.0,0,0.0,8,2016
2016,8,European Grand Prix,baku,2016-06-19,kevin_magnussen,MAG,renault,14,22,+1 Lap,22.0,0.0,20.0,0.0,0.0,10.0,0.0,14.6,13.3,0.2,14.4,11.0,0,0.0,8,2016
2016,8,European Grand Prix,baku,2016-06-19,jolyon_palmer,PAL,renault,15,21,+1 Lap,21.0,0.0,20.0,0.0,0.0,10.0,0.0,18.2,17.714285714285715,0.42857142857142855,14.4,11.0,0,0.0,8,2016
2016,8,European Grand Prix,baku,2016-06-19,gutierrez,GUT,haas,16,14,+1 Lap,14.0,0.0,20.0,0.0,0.0,10.0,0.0,13.2,14.8,0.2,11.4,11.0,0,0.0,8,2016
2016,8,European Grand Prix,baku,2016-06-19,ericsson,ERI,sauber,17,20,+1 Lap,20.0,9.0,18.0,0.0,36.0,8.0,0.0,14.6,14.4,0.2,14.6,11.0,0,0.0,8,2016
2016,8,European Grand Prix,baku,2016-06-19,haryanto,HAR,manor,18,16,+2 Laps,16.0,0.0,20.0,0.0,0.0,10.0,0.0,18.8,18.571428571428573,0.2857142857142857,16.6,11.0,0,0.0,8,2016
2016,8,European Grand Prix,baku,2016-06-19,alonso,ALO,mclaren,19,13,Gearbox,13.0,11.0,17.0,0.0,27.0,9.0,0.0,10.6,13.7,0.3,8.6,11.0,0,0.0,8,2016
2016,8,European Grand Prix,baku,2016-06-19,wehrlein,WEH,manor,20,17,Brakes,17.0,0.0,20.0,0.0,0.0,10.0,0.0,16.6,16.0,0.0,16.6,11.0,0,0.0,8,2016
2016,8,European Grand Prix,baku,2016-06-19,sainz,SAI,toro_rosso,21,18,Suspension,18.0,18.0,15.0,0.0,67.0,7.0,0.0,8.8,11.4,0.2,8.6,11.0,0,0.0,8,2016
2016,8,European Grand Prix,baku,2016-06-19,kvyat,KVY,toro_rosso,22,6,Suspension,6.0,95.0,7.0,0.0,67.0,7.0,0.0,12.0,11.0,0.2,8.6,11.0,0,0.0,8,2016
2016,9,Austrian Grand Prix,red_bull_ring,2016-07-03,hamilton,HAM,mercedes,1,1,Finished,1.0,381.0,1.0,10.0,703.0,1.0,16.0,6.0,4.6,0.1,5.0,2.0,2,1.0,9,2016
2016,9,Austrian Grand Prix,red_bull_ring,2016-07-03,max_verstappen,VER,red_bull,2,8,Finished,8.0,49.0,12.0,0.0,187.0,4.0,0.0,10.0,9.9,0.2,5.0,8.0,1,0.0,9,2016
2016,9,Austrian Grand Prix,red_bull_ring,2016-07-03,raikkonen,RAI,ferrari,3,4,Finished,4.0,150.0,4.0,0.0,428.0,2.0,3.0,7.2,6.8,0.2,2.6,14.5,2,0.0,9,2016
2016,9,Austrian Grand Prix,red_bull_ring,2016-07-03,rosberg,ROS,mercedes,4,6,Finished,6.0,322.0,2.0,6.0,703.0,1.0,16.0,7.2,4.1,0.1,5.0,1.0,2,1.0,9,2016
2016,9,Austrian Grand Prix,red_bull_ring,2016-07-03,ricciardo,RIC,red_bull,5,5,Finished,5.0,92.0,8.0,0.0,187.0,4.0,0.0,6.2,6.0,0.0,5.0,9.0,2,0.0,9,2016
2016,9,Austrian Grand Prix,red_bull_ring,2016-07-03,button,BUT,mclaren,6,3,Finished,3.0,16.0,16.0,0.0,27.0,9.0,0.0,12.2,13.4,0.2,8.4,14.0,2,0.0,9,2016
2016,9,Austrian Grand Prix,red_bull_ring,2016-07-03,grosjean,GRO,haas,7,13,Finished,13.0,51.0,11.0,0.0,0.0,10.0,0.0,13.2,11.3,0.1,11.2,14.5,2,0.0,9,2016
2016,9,Austrian Grand Prix,red_bull_ring,2016-07-03,sainz,SAI,toro_rosso,8,15,Finished,15.0,18.0,15.0,0.0,67.0,7.0,0.0,11.2,12.2,0.3,11.2,16.0,1,0.0,9,2016
2016,9,Austrian Grand Prix,red_bull_ring,2016-07-03,bottas,BOT,williams,9,7,+1 Lap,7.0,136.0,5.0,0.0,257.0,3.0,0.0,6.0,7.5,0.0,5.6,4.0,2,0.5,9,2016
2016,9,Austrian Grand Prix,red_bull_ring,2016-07-03,wehrlein,WEH,manor,10,12,+1 Lap,12.0,0.0,20.0,0.0,0.0,10.0,0.0,17.0,16.5,0.125,16.6,11.0,0,0.0,9,2016
2016,9,Austrian Grand Prix,red_bull_ring,2016-07-03,gutierrez,GUT,haas,11,11,+1 Lap,11.0,0.0,20.0,0.0,0.0,10.0,0.0,13.6,15.0,0.2,11.2,19.0,1,0.0,9,2016
2016,9,Austrian Grand Prix,red_bull_ring,2016-07-03,jolyon_palmer,PAL,renault,12,19,+1 Lap,19.0,0.0,20.0,0.0,0.0,10.0,0.0,16.8,17.375,0.375,13.8,11.0,0,0.0,9,2016
2016,9,Austrian Grand Prix,red_bull_ring,2016-07-03,nasr,NAS,sauber,13,21,+1 Lap,21.0,27.0,13.0,0.0,36.0,8.0,0.0,15.6,15.5,0.1,13.8,11.0,1,0.0,9,2016
2016,9,Austrian Grand Prix,red_bull_ring,2016-07-03,kevin_magnussen,MAG,renault,14,17,+1 Lap,17.0,0.0,20.0,0.0,0.0,10.0,0.0,14.0,13.8,0.2,13.8,7.0,1,0.0,9,2016
2016,9,Austrian Grand Prix,red_bull_ring,2016-07-03,ericsson,ERI,sauber,15,18,+1 Lap,18.0,9.0,18.0,0.0,36.0,8.0,0.0,14.8,14.9,0.2,13.8,15.5,2,0.0,9,2016
2016,9,Austrian Grand Prix,red_bull_ring,2016-07-03,haryanto,HAR,manor,16,20,+1 Lap,20.0,0.0,20.0,0.0,0.0,10.0,0.0,18.2,18.5,0.25,16.6,11.0,0,0.0,9,2016
2016,9,Austrian Grand Prix,red_bull_ring,2016-07-03,perez,PER,force_india,17,16,Brakes,16.0,78.0,9.0,0.0,136.0,5.0,0.0,6.4,8.9,0.0,6.0,7.5,2,0.0,9,2016
2016,9,Austrian Grand Prix,red_bull_ring,2016-07-03,alonso,ALO,mclaren,18,14,Battery,14.0,11.0,17.0,0.0,27.0,9.0,0.0,12.0,14.5,0.4,8.4,12.5,2,0.0,9,2016
2016,9,Austrian Grand Prix,red_bull_ring,2016-07-03,hulkenberg,HUL,force_india,19,2,Brakes,2.0,58.0,10.0,0.0,136.0,5.0,0.0,12.8,11.4,0.2,6.0,7.5,2,0.0,9,2016
2016,9,Austrian Grand Prix,red_bull_ring,2016-07-03,massa,MAS,williams,20,0,Brakes,0.0,121.0,6.0,0.0,257.0,3.0,0.0,10.6,10.0,0.2,5.6,3.5,2,0.5,9,2016
2016,9,Austrian Grand Prix,red_bull_ring,2016-07-03,vettel,VET,ferrari,21,9,Tyre,9.0,278.0,3.0,3.0,428.0,2.0,3.0,6.2,6.4,0.2,2.6,12.5,2,0.0,9,2016
2016,9,Austrian Grand Prix,red_bull_ring,2016-07-03,kvyat,KVY,toro_rosso,22,0,Retired,0.0,95.0,7.0,0.0,67.0,7.0,0.0,15.8,12.8,0.3,11.2,17.0,2,0.0,9,2016
2016,10,British Grand Prix,silverstone,2016-07-10,hamilton,HAM,mercedes,1,1,Finished,1.0,381.0,1.0,10.0,703.0,1.0,16.0,5.8,4.5,0.1,5.0,3.3333333333333335,6,0.5,10,2016
2016,10,British Grand Prix,silverstone,2016-07-10,max_verstappen,VER,red_bull,2,3,Finished,3.0,49.0,12.0,0.0,187.0,4.0,0.0,6.6,9.2,0.2,3.2,16.0,1,0.0,10,2016
2016,10,British Grand Prix,silverstone,2016-07-10,rosberg,ROS,mercedes,3,2,Finished,2.0,322.0,2.0,6.0,703.0,1.0,16.0,7.8,4.4,0.1,5.0,7.5,6,0.5,10,2016
2016,10,British Grand Prix,silverstone,2016-07-10,ricciardo,RIC,red_bull,4,4,Finished,4.0,92.0,8.0,0.0,187.0,4.0,0.0,5.0,5.4,0.0,3.2,11.6,5,0.2,10,2016
2016,10,British Grand Prix,silverstone,2016-07-10,raikkonen,RAI,ferrari,5,5,Finished,5.0,150.0,4.0,0.0,428.0,2.0,3.0,7.2,6.7,0.2,2.6,10.0,4,0.0,10,2016
2016,10,British Grand Prix,silverstone,2016-07-10,perez,PER,force_india,6,10,Finished,10.0,78.0,9.0,0.0,136.0,5.0,0.0,8.0,9.4,0.1,7.6,13.8,5,0.0,10,2016
2016,10,British Grand Prix,silverstone,2016-07-10,hulkenberg,HUL,force_india,7,8,Finished,8.0,58.0,10.0,0.0,136.0,5.0,0.0,12.4,12.7,0.3,7.6,9.4,5,0.0,10,2016
2016,10,British Grand Prix,silverstone,2016-07-10,sainz,SAI,toro_rosso,8,7,Finished,7.0,18.0,15.0,0.0,67.0,7.0,0.0,10.4,11.1,0.2,10.4,14.0,1,0.0,10,2016
2016,10,British Grand Prix,silverstone,2016-07-10,vettel,VET,ferrari,9,11,Finished,11.0,278.0,3.0,3.0,428.0,2.0,3.0,6.4,8.2,0.3,2.6,6.833333333333333,6,0.5,10,2016
2016,10,British Grand Prix,silverstone,2016-07-10,kvyat,KVY,toro_rosso,10,15,Finished,15.0,95.0,7.0,0.0,67.0,7.0,0.0,17.2,14.3,0.4,10.4,7.5,2,0.0,10,2016
2016,10,British Grand Prix,silverstone,2016-07-10,massa,MAS,williams,11,12,+1 Lap,12.0,121.0,6.0,0.0,257.0,3.0,0.0,13.6,10.0,0.2,6.6,9.166666666666666,6,0.0,10,2016
2016,10,British Grand Prix,silverstone,2016-07-10,button,BUT,mclaren,12,17,+1 Lap,17.0,16.0,16.0,0.0,27.0,9.0,0.0,11.4,12.6,0.2,8.4,11.666666666666666,6,0.0,10,2016
2016,10,British Grand Prix,silverstone,2016-07-10,alonso,ALO,mclaren,13,9,+1 Lap,9.0,11.0,17.0,0.0,27.0,9.0,0.0,14.4,14.3,0.4,8.4,6.0,6,0.5,10,2016
2016,10,British Grand Prix,silverstone,2016-07-10,bottas,BOT,williams,14,6,+1 Lap,6.0,136.0,5.0,0.0,257.0,3.0,0.0,7.0,7.9,0.0,6.6,6.333333333333333,3,0.3333333333333333,10,2016
2016,10,British Grand Prix,silverstone,2016-07-10,nasr,NAS,sauber,15,21,+1 Lap,21.0,27.0,13.0,0.0,36.0,8.0,0.0,15.0,15.5,0.1,13.6,20.0,1,0.0,10,2016
2016,10,British Grand Prix,silverstone,2016-07-10,gutierrez,GUT,haas,16,14,+1 Lap,14.0,0.0,20.0,0.0,0.0,10.0,0.0,12.4,14.7,0.2,11.0,17.0,2,0.0,10,2016
2016,10,British Grand Prix,silverstone,2016-07-10,kevin_magnussen,MAG,renault,17,16,Gearbox,16.0,0.0,20.0,0.0,0.0,10.0,0.0,15.4,14.1,0.2,14.8,7.0,1,0.0,10,2016
2016,10,British Grand Prix,silverstone,2016-07-10,jolyon_palmer,PAL,renault,18,18,Gearbox,18.0,0.0,20.0,0.0,0.0,10.0,0.0,16.6,16.77777777777778,0.3333333333333333,14.8,11.0,0,0.0,10,2016
2016,10,British Grand Prix,silverstone,2016-07-10,haryanto,HAR,manor,19,19,Spun off,19.0,0.0,20.0,0.0,0.0,10.0,0.0,17.0,18.22222222222222,0.2222222222222222,15.0,11.0,0,0.0,10,2016
2016,10,British Grand Prix,silverstone,2016-07-10,grosjean,GRO,haas,20,13,Retired,13.0,51.0,11.0,0.0,0.0,10.0,0.0,13.0,11.2,0.1,11.0,13.5,4,0.0,10,2016
2016,10,British Grand Prix,silverstone,2016-07-10,ericsson,ERI,sauber,21,22,Power Unit,22.0,9.0,18.0,0.0,36.0,8.0,0.0,15.0,14.8,0.2,13.6,15.0,2,0.0,10,2016
2016,10,British Grand Prix,silverstone,2016-07-10,wehrlein,WEH,manor,22,20,Spun off,20.0,0.0,20.0,0.0,0.0,10.0,0.0,15.4,15.777777777777779,0.1111111111111111,15.0,11.0,0,0.0,10,2016
2016,11,Hungarian Grand Prix,hungaroring,2016-07-24,hamilton,HAM,mercedes,1,2,Finished,2.0,381.0,1.0,10.0,703.0,1.0,16.0,1.8,4.4,0.1,1.0,5.833333333333333,6,0.5,11,2016
2016,11,Hungarian Grand Prix,hungaroring,2016-07-24,rosberg,ROS,mercedes,2,1,Finished,1.0,322.0,2.0,6.0,703.0,1.0,16.0,4.0,4.6,0.1,1.0,12.0,6,0.0,11,2016
2016,11,Hungarian Grand Prix,hungaroring,2016-07-24,ricciardo,RIC,red_bull,3,3,Finished,3.0,92.0,8.0,0.0,187.0,4.0,0.0,5.0,5.2,0.0,3.4,10.0,5,0.4,11,2016
2016,11,Hungarian Grand Prix,hungaroring,2016-07-24,vettel,VET,ferrari,4,5,Finished,5.0,278.0,3.0,3.0,428.0,2.0,3.0,7.6,8.7,0.3,3.2,3.3333333333333335,6,0.6666666666666666,11,2016
2016,11,Hungarian Grand Prix,hungaroring,2016-07-24,max_verstappen,VER,red_bull,5,4,Finished,4.0,49.0,12.0,0.0,187.0,4.0,0.0,6.8,7.8,0.2,3.4,4.0,1,0.0,11,2016
2016,11,Hungarian Grand Prix,hungaroring,2016-07-24,raikkonen,RAI,ferrari,6,14,Finished,14.0,150.0,4.0,0.0,428.0,2.0,3.0,7.8,6.9,0.2,3.2,7.0,4,0.5,11,2016
2016,11,Hungarian Grand Prix,hungaroring,2016-07-24,alonso,ALO,mclaren,7,7,+1 Lap,7.0,11.0,17.0,0.0,27.0,9.0,0.0,13.2,14.1,0.4,9.0,3.6666666666666665,6,0.5,11,2016
2016,11,Hungarian Grand Prix,hungaroring,2016-07-24,sainz,SAI,toro_rosso,8,6,+1 Lap,6.0,18.0,15.0,0.0,67.0,7.0,0.0,10.8,10.8,0.2,10.8,17.0,1,0.0,11,2016
2016,11,Hungarian Grand Prix,hungaroring,2016-07-24,bottas,BOT,williams,9,10,+1 Lap,10.0,136.0,5.0,0.0,257.0,3.0,0.0,8.8,8.0,0.0,7.8,13.666666666666666,3,0.0,11,2016
2016,11,Hungarian Grand Prix,hungaroring,2016-07-24,hulkenberg,HUL,force_india,10,9,+1 Lap,9.0,58.0,10.0,0.0,136.0,5.0,0.0,9.8,12.7,0.3,7.4,13.6,5,0.0,11,2016
2016,11,Hungarian Grand Prix,hungaroring,2016-07-24,perez,PER,force_india,11,13,+1 Lap,13.0,78.0,9.0,0.0,136.0,5.0,0.0,7.8,9.5,0.1,7.4,15.2,5,0.0,11,2016
2016,11,Hungarian Grand Prix,hungaroring,2016-07-24,jolyon_palmer,PAL,renault,12,17,+1 Lap,17.0,0.0,20.0,0.0,0.0,10.0,0.0,17.6,16.9,0.4,15.6,11.0,0,0.0,11,2016
2016,11,Hungarian Grand Prix,hungaroring,2016-07-24,gutierrez,GUT,haas,13,15,+1 Lap,15.0,0.0,20.0,0.0,0.0,10.0,0.0,13.4,14.8,0.2,12.0,19.0,2,0.0,11,2016
2016,11,Hungarian Grand Prix,hungaroring,2016-07-24,grosjean,GRO,haas,14,11,+1 Lap,11.0,51.0,11.0,0.0,0.0,10.0,0.0,13.4,12.3,0.2,12.0,9.25,4,0.25,11,2016
2016,11,Hungarian Grand Prix,hungaroring,2016-07-24,kevin_magnussen,MAG,renault,15,19,+1 Lap,19.0,0.0,20.0,0.0,0.0,10.0,0.0,16.0,14.1,0.2,15.6,12.0,1,0.0,11,2016
2016,11,Hungarian Grand Prix,hungaroring,2016-07-24,kvyat,KVY,toro_rosso,16,12,+1 Lap,12.0,95.0,7.0,0.0,67.0,7.0,0.0,17.2,14.3,0.4,10.8,8.0,2,0.5,11,2016
2016,11,Hungarian Grand Prix,hungaroring,2016-07-24,nasr,NAS,sauber,17,16,+1 Lap,16.0,27.0,13.0,0.0,36.0,8.0,0.0,15.0,15.5,0.1,14.2,11.0,1,0.0,11,2016
2016,11,Hungarian Grand Prix,hungaroring,2016-07-24,massa,MAS,williams,18,18,+2 Laps,18.0,121.0,6.0,0.0,257.0,3.0,0.0,14.2,10.3,0.2,7.8,7.333333333333333,6,0.0,11,2016
2016,11,Hungarian Grand Prix,hungaroring,2016-07-24,wehrlein,WEH,manor,19,20,+2 Laps,20.0,0.0,20.0,0.0,0.0,10.0,0.0,16.6,16.4,0.2,15.6,11.0,0,0.0,11,2016
2016,11,Hungarian Grand Prix,hungaroring,2016-07-24,ericsson,ERI,sauber,20,22,+2 Laps,22.0,9.0,18.0,0.0,36.0,8.0,0.0,16.8,15.5,0.3,14.2,16.0,2,0.0,11,2016
2016,11,Hungarian Grand Prix,hungaroring,2016-07-24,haryanto,HAR,manor,21,21,+2 Laps,21.0,0.0,20.0,0.0,0.0,10.0,0.0,17.4,18.3,0.3,15.6,11.0,0,0.0,11,2016
2016,11,Hungarian Grand Prix,hungaroring,2016-07-24,button,BUT,mclaren,22,8,Oil leak,8.0,16.0,16.0,0.0,27.0,9.0,0.0,12.0,12.6,0.2,9.0,6.833333333333333,6,0.16666666666666666,11,2016
2016,12,German Grand Prix,hockenheimring,2016-07-31,hamilton,HAM,mercedes,1,2,Finished,2.0,381.0,1.0,10.0,703.0,1.0,16.0,1.8,4.3,0.1,1.0,10.333333333333334,3,0.3333333333333333,12,2016
2016,12,German Grand Prix,hockenheimring,2016-07-31,ricciardo,RIC,red_bull,2,3,Finished,3.0,92.0,8.0,0.0,187.0,4.0,0.0,5.2,5.1,0.0,3.6,9.5,2,0.0,12,2016
2016,12,German Grand Prix,hockenheimring,2016-07-31,max_verstappen,VER,red_bull,3,4,Finished,4.0,49.0,12.0,0.0,187.0,4.0,0.0,4.2,7.3,0.2,3.6,11.0,0,0.0,12,2016
2016,12,German Grand Prix,hockenheimring,2016-07-31,rosberg,ROS,mercedes,4,1,Finished,1.0,322.0,2.0,6.0,703.0,1.0,16.0,3.0,4.7,0.1,1.0,6.333333333333333,3,0.3333333333333333,12,2016
2016,12,German Grand Prix,hockenheimring,2016-07-31,vettel,VET,ferrari,5,6,Finished,6.0,278.0,3.0,3.0,428.0,2.0,3.0,7.6,8.8,0.3,3.2,4.0,3,0.3333333333333333,12,2016
2016,12,German Grand Prix,hockenheimring,2016-07-31,raikkonen,RAI,ferrari,6,5,Finished,5.0,150.0,4.0,0.0,428.0,2.0,3.0,4.8,5.7,0.1,3.2,7.0,2,0.5,12,2016
2016,12,German Grand Prix,hockenheimring,2016-07-31,hulkenberg,HUL,force_india,7,8,Finished,8.0,58.0,10.0,0.0,136.0,5.0,0.0,10.6,13.0,0.3,8.8,9.666666666666666,3,0.0,12,2016
2016,12,German Grand Prix,hockenheimring,2016-07-31,button,BUT,mclaren,8,12,+1 Lap,12.0,16.0,16.0,0.0,27.0,9.0,0.0,14.6,13.4,0.3,9.4,5.0,3,0.3333333333333333,12,2016
2016,12,German Grand Prix,hockenheimring,2016-07-31,bottas,BOT,williams,9,7,+1 Lap,7.0,136.0,5.0,0.0,257.0,3.0,0.0,8.2,8.1,0.0,7.6,2.0,1,1.0,12,2016
2016,12,German Grand Prix,hockenheimring,2016-07-31,perez,PER,force_india,10,9,+1 Lap,9.0,78.0,9.0,0.0,136.0,5.0,0.0,9.4,9.3,0.1,8.8,8.0,2,0.0,12,2016
2016,12,German Grand Prix,hockenheimring,2016-07-31,gutierrez,GUT,haas,11,11,+1 Lap,11.0,0.0,20.0,0.0,0.0,10.0,0.0,13.8,14.1,0.1,12.4,14.0,1,0.0,12,2016
2016,12,German Grand Prix,hockenheimring,2016-07-31,alonso,ALO,mclaren,12,13,+1 Lap,13.0,11.0,17.0,0.0,27.0,9.0,0.0,13.6,13.1,0.4,9.4,2.3333333333333335,3,0.6666666666666666,12,2016
2016,12,German Grand Prix,hockenheimring,2016-07-31,grosjean,GRO,haas,13,20,+1 Lap,20.0,51.0,11.0,0.0,0.0,10.0,0.0,13.6,13.1,0.2,12.4,19.5,2,0.0,12,2016
2016,12,German Grand Prix,hockenheimring,2016-07-31,sainz,SAI,toro_rosso,14,15,+1 Lap,15.0,18.0,15.0,0.0,67.0,7.0,0.0,10.8,10.7,0.2,10.8,11.0,0,0.0,12,2016
2016,12,German Grand Prix,hockenheimring,2016-07-31,kvyat,KVY,toro_rosso,15,18,+1 Lap,18.0,95.0,7.0,0.0,67.0,7.0,0.0,16.4,13.7,0.3,10.8,20.0,1,0.0,12,2016
2016,12,German Grand Prix,hockenheimring,2016-07-31,kevin_magnussen,MAG,renault,16,16,+1 Lap,16.0,0.0,20.0,0.0,0.0,10.0,0.0,15.2,14.4,0.2,14.2,9.0,1,0.0,12,2016
2016,12,German Grand Prix,hockenheimring,2016-07-31,wehrlein,WEH,manor,17,17,+2 Laps,17.0,0.0,20.0,0.0,0.0,10.0,0.0,17.6,16.7,0.2,16.6,11.0,0,0.0,12,2016
2016,12,German Grand Prix,hockenheimring,2016-07-31,ericsson,ERI,sauber,18,22,+2 Laps,22.0,9.0,18.0,0.0,36.0,8.0,0.0,17.6,15.8,0.2,14.4,18.0,1,0.0,12,2016
2016,12,German Grand Prix,hockenheimring,2016-07-31,jolyon_palmer,PAL,renault,19,14,+2 Laps,14.0,0.0,20.0,0.0,0.0,10.0,0.0,15.6,17.0,0.4,14.2,11.0,0,0.0,12,2016
2016,12,German Grand Prix,hockenheimring,2016-07-31,haryanto,HAR,manor,20,19,+2 Laps,19.0,0.0,20.0,0.0,0.0,10.0,0.0,18.6,18.5,0.2,16.6,11.0,0,0.0,12,2016
2016,12,German Grand Prix,hockenheimring,2016-07-31,nasr,NAS,sauber,21,21,Power Unit,21.0,27.0,13.0,0.0,36.0,8.0,0.0,15.0,15.7,0.1,14.4,11.0,0,0.0,12,2016
2016,12,German Grand Prix,hockenheimring,2016-07-31,massa,MAS,williams,22,10,Suspension,10.0,121.0,6.0,0.0,257.0,3.0,0.0,15.8,11.6,0.2,7.6,12.0,3,0.3333333333333333,12,2016
2016,13,Belgian Grand Prix,spa,2016-08-28,rosberg,ROS,mercedes,1,1,Finished,1.0,322.0,2.0,6.0,703.0,1.0,16.0,2.8,5.0,0.1,1.0,5.166666666666667,6,0.3333333333333333,13,2016
2016,13,Belgian Grand Prix,spa,2016-08-28,ricciardo,RIC,red_bull,2,5,Finished,5.0,92.0,8.0,0.0,187.0,4.0,0.0,4.2,4.9,0.0,3.2,11.8,5,0.2,13,2016
2016,13,Belgian Grand Prix,spa,2016-08-28,hamilton,HAM,mercedes,3,21,Finished,21.0,381.0,1.0,10.0,703.0,1.0,16.0,1.8,4.1,0.1,1.0,11.5,6,0.5,13,2016
2016,13,Belgian Grand Prix,spa,2016-08-28,hulkenberg,HUL,force_india,4,7,Finished,7.0,58.0,10.0,0.0,136.0,5.0,0.0,10.4,12.2,0.3,8.6,12.2,5,0.0,13,2016
2016,13,Belgian Grand Prix,spa,2016-08-28,perez,PER,force_india,5,6,Finished,6.0,78.0,9.0,0.0,136.0,5.0,0.0,9.4,8.7,0.1,8.6,13.0,5,0.0,13,2016
2016,13,Belgian Grand Prix,spa,2016-08-28,vettel,VET,ferrari,6,4,Finished,4.0,278.0,3.0,3.0,428.0,2.0,3.0,8.2,7.2,0.2,3.8,6.0,6,0.5,13,2016
2016,13,Belgian Grand Prix,spa,2016-08-28,alonso,ALO,mclaren,7,22,Finished,22.0,11.0,17.0,0.0,27.0,9.0,0.0,13.8,12.2,0.3,8.8,11.5,6,0.16666666666666666,13,2016
2016,13,Belgian Grand Prix,spa,2016-08-28,bottas,BOT,williams,8,8,Finished,8.0,136.0,5.0,0.0,257.0,3.0,0.0,9.4,8.1,0.0,8.8,9.0,3,0.3333333333333333,13,2016
2016,13,Belgian Grand Prix,spa,2016-08-28,raikkonen,RAI,ferrari,9,3,Finished,3.0,150.0,4.0,0.0,428.0,2.0,3.0,4.8,6.1,0.1,3.8,8.75,4,0.25,13,2016
2016,13,Belgian Grand Prix,spa,2016-08-28,massa,MAS,williams,10,10,Finished,10.0,121.0,6.0,0.0,257.0,3.0,0.0,16.2,13.0,0.3,8.8,7.166666666666667,6,0.0,13,2016
2016,13,Belgian Grand Prix,spa,2016-08-28,max_verstappen,VER,red_bull,11,2,Finished,2.0,49.0,12.0,0.0,187.0,4.0,0.0,4.0,7.0,0.2,3.2,8.0,1,0.0,13,2016
2016,13,Belgian Grand Prix,spa,2016-08-28,gutierrez,GUT,haas,12,18,Finished,18.0,0.0,20.0,0.0,0.0,10.0,0.0,13.4,13.3,0.0,12.0,14.5,2,0.0,13,2016
2016,13,Belgian Grand Prix,spa,2016-08-28,grosjean,GRO,haas,13,11,Finished,11.0,51.0,11.0,0.0,0.0,10.0,0.0,13.4,13.9,0.2,12.0,13.75,4,0.25,13,2016
2016,13,Belgian Grand Prix,spa,2016-08-28,kvyat,KVY,toro_rosso,14,19,Finished,19.0,95.0,7.0,0.0,67.0,7.0,0.0,17.0,14.5,0.3,11.8,6.5,2,0.0,13,2016
2016,13,Belgian Grand Prix,spa,2016-08-28,jolyon_palmer,PAL,renault,15,13,Finished,13.0,0.0,20.0,0.0,0.0,10.0,0.0,15.2,16.7,0.3,14.2,11.0,0,0.0,13,2016
2016,13,Belgian Grand Prix,spa,2016-08-28,ocon,OCO,manor,16,17,+1 Lap,17.0,0.0,20.0,0.0,0.0,10.0,0.0,11.0,11.0,0.1,16.6,11.0,0,0.0,13,2016
2016,13,Belgian Grand Prix,spa,2016-08-28,nasr,NAS,sauber,17,16,+1 Lap,16.0,27.0,13.0,0.0,36.0,8.0,0.0,15.6,16.4,0.2,15.0,11.0,1,0.0,13,2016
2016,13,Belgian Grand Prix,spa,2016-08-28,kevin_magnussen,MAG,renault,18,12,Accident,12.0,0.0,20.0,0.0,0.0,10.0,0.0,15.2,14.9,0.2,14.2,12.0,1,0.0,13,2016
2016,13,Belgian Grand Prix,spa,2016-08-28,ericsson,ERI,sauber,19,20,Gearbox,20.0,9.0,18.0,0.0,36.0,8.0,0.0,18.2,16.4,0.2,15.0,13.5,2,0.0,13,2016
2016,13,Belgian Grand Prix,spa,2016-08-28,sainz,SAI,toro_rosso,20,14,Puncture,14.0,18.0,15.0,0.0,67.0,7.0,0.0,11.8,10.3,0.1,11.8,17.0,1,0.0,13,2016
2016,13,Belgian Grand Prix,spa,2016-08-28,button,BUT,mclaren,21,9,Collision damage,9.0,16.0,16.0,0.0,27.0,9.0,0.0,11.8,12.2,0.2,8.8,8.666666666666666,6,0.3333333333333333,13,2016
2016,13,Belgian Grand Prix,spa,2016-08-28,wehrlein,WEH,manor,22,15,Collision damage,15.0,0.0,20.0,0.0,0.0,10.0,0.0,17.6,17.1,0.2,16.6,11.0,0,0.0,13,2016
2016,14,Italian Grand Prix,monza,2016-09-04,rosberg,ROS,mercedes,1,2,Finished,2.0,322.0,2.0,6.0,703.0,1.0,16.0,2.8,5.0,0.1,1.0,10.0,6,0.16666666666666666,14,2016
2016,14,Italian Grand Prix,monza,2016-09-04,hamilton,HAM,mercedes,2,1,Finished,1.0,381.0,1.0,10.0,703.0,1.0,16.0,1.4,3.7,0.1,1.0,6.5,6,0.5,14,2016
2016,14,Italian Grand Prix,monza,2016-09-04,vettel,VET,ferrari,3,3,Finished,3.0,278.0,3.0,3.0,428.0,2.0,3.0,9.0,7.6,0.2,4.6,6.0,6,0.5,14,2016
2016,14,Italian Grand Prix,monza,2016-09-04,raikkonen,RAI,ferrari,4,4,Finished,4.0,150.0,4.0,0.0,428.0,2.0,3.0,5.8,6.5,0.1,4.6,7.5,4,0.0,14,2016
2016,14,Italian Grand Prix,monza,2016-09-04,ricciardo,RIC,red_bull,5,6,Finished,6.0,92.0,8.0,0.0,187.0,4.0,0.0,3.2,4.7,0.0,2.2,9.6,5,0.0,14,2016
2016,14,Italian Grand Prix,monza,2016-09-04,bottas,BOT,williams,6,5,Finished,5.0,136.0,5.0,0.0,257.0,3.0,0.0,9.8,7.9,0.0,9.2,7.666666666666667,3,0.0,14,2016
2016,14,Italian Grand Prix,monza,2016-09-04,max_verstappen,VER,red_bull,7,7,Finished,7.0,49.0,12.0,0.0,187.0,4.0,0.0,4.6,7.3,0.2,2.2,12.0,1,0.0,14,2016
2016,14,Italian Grand Prix,monza,2016-09-04,perez,PER,force_india,8,8,Finished,8.0,78.0,9.0,0.0,136.0,5.0,0.0,9.8,8.1,0.1,8.8,8.8,5,0.2,14,2016
2016,14,Italian Grand Prix,monza,2016-09-04,massa,MAS,williams,9,11,Finished,11.0,121.0,6.0,0.0,257.0,3.0,0.0,16.2,13.4,0.3,9.2,3.8333333333333335,6,0.5,14,2016
2016,14,Italian Grand Prix,monza,2016-09-04,hulkenberg,HUL,force_india,10,9,Finished,9.0,58.0,10.0,0.0,136.0,5.0,0.0,9.4,11.1,0.3,8.8,10.4,5,0.0,14,2016
2016,14,Italian Grand Prix,monza,2016-09-04,grosjean,GRO,haas,11,17,+1 Lap,17.0,51.0,11.0,0.0,0.0,10.0,0.0,13.4,13.3,0.2,11.8,14.333333333333334,3,0.0,14,2016
2016,14,Italian Grand Prix,monza,2016-09-04,button,BUT,mclaren,12,14,+1 Lap,14.0,16.0,16.0,0.0,27.0,9.0,0.0,13.8,13.0,0.3,8.0,9.833333333333334,6,0.3333333333333333,14,2016
2016,14,Italian Grand Prix,monza,2016-09-04,gutierrez,GUT,haas,13,10,+1 Lap,10.0,0.0,20.0,0.0,0.0,10.0,0.0,12.6,13.1,0.0,11.8,16.0,2,0.0,14,2016
2016,14,Italian Grand Prix,monza,2016-09-04,alonso,ALO,mclaren,14,12,+1 Lap,12.0,11.0,17.0,0.0,27.0,9.0,0.0,11.4,11.7,0.3,8.0,8.0,6,0.6666666666666666,14,2016
2016,14,Italian Grand Prix,monza,2016-09-04,sainz,SAI,toro_rosso,15,15,+1 Lap,15.0,18.0,15.0,0.0,67.0,7.0,0.0,11.6,11.4,0.2,10.4,11.0,1,0.0,14,2016
2016,14,Italian Grand Prix,monza,2016-09-04,ericsson,ERI,sauber,16,19,+1 Lap,19.0,9.0,18.0,0.0,36.0,8.0,0.0,18.6,16.7,0.3,16.0,14.5,2,0.0,14,2016
2016,14,Italian Grand Prix,monza,2016-09-04,kevin_magnussen,MAG,renault,17,21,+1 Lap,21.0,0.0,20.0,0.0,0.0,10.0,0.0,16.0,15.0,0.3,14.4,10.0,1,0.0,14,2016
2016,14,Italian Grand Prix,monza,2016-09-04,ocon,OCO,manor,18,22,+2 Laps,22.0,0.0,20.0,0.0,0.0,10.0,0.0,16.0,16.0,0.0,16.2,11.0,0,0.0,14,2016
2016,14,Italian Grand Prix,monza,2016-09-04,kvyat,KVY,toro_rosso,19,16,Battery,16.0,95.0,7.0,0.0,67.0,7.0,0.0,15.4,15.6,0.3,10.4,10.5,2,0.0,14,2016
2016,14,Italian Grand Prix,monza,2016-09-04,wehrlein,WEH,manor,20,13,Oil leak,13.0,0.0,20.0,0.0,0.0,10.0,0.0,18.0,17.5,0.3,16.2,11.0,0,0.0,14,2016
2016,14,Italian Grand Prix,monza,2016-09-04,jolyon_palmer,PAL,renault,21,20,Collision damage,20.0,0.0,20.0,0.0,0.0,10.0,0.0,15.2,16.0,0.3,14.4,11.0,0,0.0,14,2016
2016,14,Italian Grand Prix,monza,2016-09-04,nasr,NAS,sauber,22,18,Collision damage,18.0,27.0,13.0,0.0,36.0,8.0,0.0,16.6,16.1,0.2,16.0,13.0,1,0.0,14,2016
2016,15,Singapore Grand Prix,marina_bay,2016-09-18,rosberg,ROS,mercedes,1,1,Finished,1.0,322.0,2.0,6.0,703.0,1.0,16.0,2.2,5.0,0.1,1.0,7.666666666666667,6,0.0,15,2016
2016,15,Singapore Grand Prix,marina_bay,2016-09-18,ricciardo,RIC,red_bull,2,2,Finished,2.0,92.0,8.0,0.0,187.0,4.0,0.0,3.2,4.1,0.0,2.8,11.0,5,0.4,15,2016
2016,15,Singapore Grand Prix,marina_bay,2016-09-18,hamilton,HAM,mercedes,3,3,Finished,3.0,381.0,1.0,10.0,703.0,1.0,16.0,1.6,3.7,0.1,1.0,12.0,6,0.16666666666666666,15,2016
2016,15,Singapore Grand Prix,marina_bay,2016-09-18,raikkonen,RAI,ferrari,4,5,Finished,5.0,150.0,4.0,0.0,428.0,2.0,3.0,6.0,6.6,0.1,4.6,5.0,4,0.5,15,2016
2016,15,Singapore Grand Prix,marina_bay,2016-09-18,vettel,VET,ferrari,5,22,Finished,22.0,278.0,3.0,3.0,428.0,2.0,3.0,5.4,5.9,0.1,4.6,1.3333333333333333,6,1.0,15,2016
2016,15,Singapore Grand Prix,marina_bay,2016-09-18,max_verstappen,VER,red_bull,6,4,Finished,4.0,49.0,12.0,0.0,187.0,4.0,0.0,5.6,6.1,0.1,2.8,8.0,1,0.0,15,2016
2016,15,Singapore Grand Prix,marina_bay,2016-09-18,alonso,ALO,mclaren,7,9,Finished,9.0,11.0,17.0,0.0,27.0,9.0,0.0,10.6,12.5,0.3,9.2,5.166666666666667,6,0.5,15,2016
2016,15,Singapore Grand Prix,marina_bay,2016-09-18,perez,PER,force_india,8,17,Finished,17.0,78.0,9.0,0.0,136.0,5.0,0.0,8.0,8.0,0.1,7.0,8.4,5,0.0,15,2016
2016,15,Singapore Grand Prix,marina_bay,2016-09-18,kvyat,KVY,toro_rosso,9,7,Finished,7.0,95.0,7.0,0.0,67.0,7.0,0.0,14.8,16.0,0.4,11.8,10.0,2,0.0,15,2016
2016,15,Singapore Grand Prix,marina_bay,2016-09-18,kevin_magnussen,MAG,renault,10,15,Finished,15.0,0.0,20.0,0.0,0.0,10.0,0.0,16.6,16.0,0.3,15.4,10.0,1,0.0,15,2016
2016,15,Singapore Grand Prix,marina_bay,2016-09-18,gutierrez,GUT,haas,11,13,+1 Lap,13.0,0.0,20.0,0.0,0.0,10.0,0.0,13.0,12.7,0.0,12.6,16.0,2,0.0,15,2016
2016,15,Singapore Grand Prix,marina_bay,2016-09-18,massa,MAS,williams,12,11,+1 Lap,11.0,121.0,6.0,0.0,257.0,3.0,0.0,14.0,13.8,0.3,8.6,9.166666666666666,6,0.0,15,2016
2016,15,Singapore Grand Prix,marina_bay,2016-09-18,nasr,NAS,sauber,13,16,+1 Lap,16.0,27.0,13.0,0.0,36.0,8.0,0.0,18.4,16.7,0.3,16.6,10.0,1,0.0,15,2016
2016,15,Singapore Grand Prix,marina_bay,2016-09-18,sainz,SAI,toro_rosso,14,6,+1 Lap,6.0,18.0,15.0,0.0,67.0,7.0,0.0,13.0,11.7,0.2,11.8,9.0,1,0.0,15,2016
2016,15,Singapore Grand Prix,marina_bay,2016-09-18,jolyon_palmer,PAL,renault,15,18,+1 Lap,18.0,0.0,20.0,0.0,0.0,10.0,0.0,17.0,16.8,0.4,15.4,11.0,0,0.0,15,2016
2016,15,Singapore Grand Prix,marina_bay,2016-09-18,wehrlein,WEH,manor,16,19,+1 Lap,19.0,0.0,20.0,0.0,0.0,10.0,0.0,20.0,17.7,0.4,17.8,11.0,0,0.0,15,2016
2016,15,Singapore Grand Prix,marina_bay,2016-09-18,ericsson,ERI,sauber,17,14,+1 Lap,14.0,9.0,18.0,0.0,36.0,8.0,0.0,18.8,16.9,0.3,16.6,13.0,2,0.0,15,2016
2016,15,Singapore Grand Prix,marina_bay,2016-09-18,ocon,OCO,manor,18,21,+2 Laps,21.0,0.0,20.0,0.0,0.0,10.0,0.0,17.0,17.0,0.0,17.8,11.0,0,0.0,15,2016
2016,15,Singapore Grand Prix,marina_bay,2016-09-18,button,BUT,mclaren,19,12,Brakes,12.0,16.0,16.0,0.0,27.0,9.0,0.0,15.0,13.2,0.3,9.2,8.166666666666666,6,0.3333333333333333,15,2016
2016,15,Singapore Grand Prix,marina_bay,2016-09-18,bottas,BOT,williams,20,10,Overheating,10.0,136.0,5.0,0.0,257.0,3.0,0.0,9.2,8.1,0.0,8.6,9.666666666666666,3,0.0,15,2016
2016,15,Singapore Grand Prix,marina_bay,2016-09-18,hulkenberg,HUL,force_india,21,8,Collision,8.0,58.0,10.0,0.0,136.0,5.0,0.0,7.6,10.0,0.2,7.0,12.4,5,0.0,15,2016
2016,15,Singapore Grand Prix,marina_bay,2016-09-18,grosjean,GRO,haas,22,20,Withdrew,20.0,51.0,11.0,0.0,0.0,10.0,0.0,14.2,13.6,0.2,12.6,13.5,4,0.0,15,2016
2016,16,Malaysian Grand Prix,sepang,2016-10-02,ricciardo,RIC,red_bull,1,4,Finished,4.0,92.0,8.0,0.0,187.0,4.0,0.0,2.8,3.9,0.0,2.8,14.0,4,0.0,16,2016
2016,16,Malaysian Grand Prix,sepang,2016-10-02,max_verstappen,VER,red_bull,2,3,Finished,3.0,49.0,12.0,0.0,187.0,4.0,0.0,6.4,6.6,0.1,2.8,7.0,1,0.0,16,2016
2016,16,Malaysian Grand Prix,sepang,2016-10-02,rosberg,ROS,mercedes,3,2,Finished,2.0,322.0,2.0,6.0,703.0,1.0,16.0,1.8,2.9,0.0,1.0,6.166666666666667,6,0.5,16,2016
2016,16,Malaysian Grand Prix,sepang,2016-10-02,raikkonen,RAI,ferrari,4,6,Finished,6.0,150.0,4.0,0.0,428.0,2.0,3.0,5.8,6.8,0.1,4.4,7.0,4,0.0,16,2016
2016,16,Malaysian Grand Prix,sepang,2016-10-02,bottas,BOT,williams,5,11,Finished,11.0,136.0,5.0,0.0,257.0,3.0,0.0,10.4,9.6,0.1,8.8,8.0,3,0.0,16,2016
2016,16,Malaysian Grand Prix,sepang,2016-10-02,perez,PER,force_india,6,7,Finished,7.0,78.0,9.0,0.0,136.0,5.0,0.0,8.4,8.1,0.1,7.4,13.4,5,0.2,16,2016
2016,16,Malaysian Grand Prix,sepang,2016-10-02,alonso,ALO,mclaren,7,22,Finished,22.0,11.0,17.0,0.0,27.0,9.0,0.0,9.4,11.3,0.2,8.2,10.666666666666666,6,0.16666666666666666,16,2016
2016,16,Malaysian Grand Prix,sepang,2016-10-02,hulkenberg,HUL,force_india,8,8,Finished,8.0,58.0,10.0,0.0,136.0,5.0,0.0,10.4,10.1,0.2,7.4,9.2,5,0.0,16,2016
2016,16,Malaysian Grand Prix,sepang,2016-10-02,button,BUT,mclaren,9,9,Finished,9.0,16.0,16.0,0.0,27.0,9.0,0.0,16.4,14.2,0.4,8.2,10.666666666666666,6,0.16666666666666666,16,2016
2016,16,Malaysian Grand Prix,sepang,2016-10-02,jolyon_palmer,PAL,renault,10,19,Finished,19.0,0.0,20.0,0.0,0.0,10.0,0.0,16.4,17.0,0.4,14.0,11.0,0,0.0,16,2016
2016,16,Malaysian Grand Prix,sepang,2016-10-02,sainz,SAI,toro_rosso,11,16,Finished,16.0,18.0,15.0,0.0,67.0,7.0,0.0,14.2,12.5,0.2,12.0,8.0,1,0.0,16,2016
2016,16,Malaysian Grand Prix,sepang,2016-10-02,ericsson,ERI,sauber,12,17,+1 Lap,17.0,9.0,18.0,0.0,36.0,8.0,0.0,18.0,17.4,0.3,16.2,16.5,2,0.0,16,2016
2016,16,Malaysian Grand Prix,sepang,2016-10-02,massa,MAS,williams,13,10,+1 Lap,10.0,121.0,6.0,0.0,257.0,3.0,0.0,14.2,14.2,0.3,8.8,7.5,6,0.0,16,2016
2016,16,Malaysian Grand Prix,sepang,2016-10-02,kvyat,KVY,toro_rosso,14,15,+1 Lap,15.0,95.0,7.0,0.0,67.0,7.0,0.0,14.6,15.9,0.4,12.0,9.5,2,0.0,16,2016
2016,16,Malaysian Grand Prix,sepang,2016-10-02,wehrlein,WEH,manor,15,21,+1 Lap,21.0,0.0,20.0,0.0,0.0,10.0,0.0,18.8,17.7,0.4,17.2,11.0,0,0.0,16,2016
2016,16,Malaysian Grand Prix,sepang,2016-10-02,ocon,OCO,manor,16,20,+1 Lap,20.0,0.0,20.0,0.0,0.0,10.0,0.0,17.333333333333332,17.333333333333332,0.0,17.2,11.0,0,0.0,16,2016
2016,16,Malaysian Grand Prix,sepang,2016-10-02,nasr,NAS,sauber,17,18,Brakes,18.0,27.0,13.0,0.0,36.0,8.0,0.0,18.0,16.5,0.3,16.2,12.0,1,0.0,16,2016
2016,16,Malaysian Grand Prix,sepang,2016-10-02,hamilton,HAM,mercedes,18,1,Engine,1.0,381.0,1.0,10.0,703.0,1.0,16.0,2.0,1.9,0.0,1.0,3.8333333333333335,6,0.6666666666666666,16,2016
2016,16,Malaysian Grand Prix,sepang,2016-10-02,gutierrez,GUT,haas,19,13,Wheel nut,13.0,0.0,20.0,0.0,0.0,10.0,0.0,12.0,12.7,0.0,11.6,14.5,2,0.0,16,2016
2016,16,Malaysian Grand Prix,sepang,2016-10-02,kevin_magnussen,MAG,renault,20,14,Power loss,14.0,0.0,20.0,0.0,0.0,10.0,0.0,15.2,15.6,0.3,14.0,9.0,1,0.0,16,2016
2016,16,Malaysian Grand Prix,sepang,2016-10-02,grosjean,GRO,haas,21,12,Brakes,12.0,51.0,11.0,0.0,0.0,10.0,0.0,14.6,14.0,0.2,11.6,13.0,4,0.0,16,2016
2016,16,Malaysian Grand Prix,sepang,2016-10-02,vettel,VET,ferrari,22,5,Collision,5.0,278.0,3.0,3.0,428.0,2.0,3.0,4.6,6.1,0.1,4.4,3.0,6,0.8333333333333334,16,2016
2016,17,Japanese Grand Prix,suzuka,2016-10-09,rosberg,ROS,mercedes,1,1,Finished,1.0,322.0,2.0,6.0,703.0,1.0,16.0,2.0,2.5,0.0,1.4,10.5,6,0.3333333333333333,17,2016
2016,17,Japanese Grand Prix,suzuka,2016-10-09,max_verstappen,VER,red_bull,2,3,Finished,3.0,49.0,12.0,0.0,187.0,4.0,0.0,5.8,5.0,0.0,2.4,9.0,1,0.0,17,2016
2016,17,Japanese Grand Prix,suzuka,2016-10-09,hamilton,HAM,mercedes,3,2,Finished,2.0,381.0,1.0,10.0,703.0,1.0,16.0,5.4,3.6,0.1,1.4,6.166666666666667,6,0.3333333333333333,17,2016
2016,17,Japanese Grand Prix,suzuka,2016-10-09,vettel,VET,ferrari,4,6,Finished,6.0,278.0,3.0,3.0,428.0,2.0,3.0,8.2,7.9,0.2,4.4,2.0,6,1.0,17,2016
2016,17,Japanese Grand Prix,suzuka,2016-10-09,raikkonen,RAI,ferrari,5,8,Finished,8.0,150.0,4.0,0.0,428.0,2.0,3.0,5.4,5.1,0.0,4.4,6.75,4,0.0,17,2016
2016,17,Japanese Grand Prix,suzuka,2016-10-09,ricciardo,RIC,red_bull,6,4,Finished,4.0,92.0,8.0,0.0,187.0,4.0,0.0,2.4,3.8,0.0,2.4,12.8,5,0.0,17,2016
2016,17,Japanese Grand Prix,suzuka,2016-10-09,perez,PER,force_india,7,5,Finished,5.0,78.0,9.0,0.0,136.0,5.0,0.0,7.4,8.4,0.1,6.6,13.4,5,0.0,17,2016
2016,17,Japanese Grand Prix,suzuka,2016-10-09,hulkenberg,HUL,force_india,8,9,Finished,9.0,58.0,10.0,0.0,136.0,5.0,0.0,10.0,10.3,0.2,6.6,9.4,5,0.0,17,2016
2016,17,Japanese Grand Prix,suzuka,2016-10-09,massa,MAS,williams,9,12,Finished,12.0,121.0,6.0,0.0,257.0,3.0,0.0,13.2,14.5,0.3,8.0,10.666666666666666,6,0.16666666666666666,17,2016
2016,17,Japanese Grand Prix,suzuka,2016-10-09,bottas,BOT,williams,10,11,Finished,11.0,136.0,5.0,0.0,257.0,3.0,0.0,9.6,8.9,0.1,8.0,9.333333333333334,3,0.0,17,2016
2016,17,Japanese Grand Prix,suzuka,2016-10-09,grosjean,GRO,haas,11,7,Finished,7.0,51.0,11.0,0.0,0.0,10.0,0.0,16.0,14.8,0.3,12.8,11.0,4,0.25,17,2016
2016,17,Japanese Grand Prix,suzuka,2016-10-09,jolyon_palmer,PAL,renault,12,16,+1 Lap,16.0,0.0,20.0,0.0,0.0,10.0,0.0,16.0,15.8,0.3,13.6,11.0,0,0.0,17,2016
2016,17,Japanese Grand Prix,suzuka,2016-10-09,kvyat,KVY,toro_rosso,13,13,+1 Lap,13.0,95.0,7.0,0.0,67.0,7.0,0.0,14.2,15.3,0.3,12.6,12.0,2,0.0,17,2016
2016,17,Japanese Grand Prix,suzuka,2016-10-09,kevin_magnussen,MAG,renault,14,17,+1 Lap,17.0,0.0,20.0,0.0,0.0,10.0,0.0,16.2,15.7,0.3,13.6,14.0,1,0.0,17,2016
2016,17,Japanese Grand Prix,suzuka,2016-10-09,ericsson,ERI,sauber,15,18,+1 Lap,18.0,9.0,18.0,0.0,36.0,8.0,0.0,16.4,17.0,0.2,15.2,15.5,2,0.0,17,2016
2016,17,Japanese Grand Prix,suzuka,2016-10-09,alonso,ALO,mclaren,16,15,+1 Lap,15.0,11.0,17.0,0.0,27.0,9.0,0.0,9.4,11.5,0.2,8.2,10.833333333333334,6,0.3333333333333333,17,2016
2016,17,Japanese Grand Prix,suzuka,2016-10-09,sainz,SAI,toro_rosso,17,14,+1 Lap,14.0,18.0,15.0,0.0,67.0,7.0,0.0,14.8,12.8,0.2,12.6,10.0,1,0.0,17,2016
2016,17,Japanese Grand Prix,suzuka,2016-10-09,button,BUT,mclaren,18,22,+1 Lap,22.0,16.0,16.0,0.0,27.0,9.0,0.0,13.8,14.2,0.4,8.2,6.5,6,0.16666666666666666,17,2016
2016,17,Japanese Grand Prix,suzuka,2016-10-09,nasr,NAS,sauber,19,19,+1 Lap,19.0,27.0,13.0,0.0,36.0,8.0,0.0,18.0,16.5,0.3,15.2,20.0,1,0.0,17,2016
2016,17,Japanese Grand Prix,suzuka,2016-10-09,gutierrez,GUT,haas,20,10,+1 Lap,10.0,0.0,20.0,0.0,0.0,10.0,0.0,13.2,13.5,0.1,12.8,10.0,2,0.0,17,2016
2016,17,Japanese Grand Prix,suzuka,2016-10-09,ocon,OCO,manor,21,20,+1 Lap,20.0,0.0,20.0,0.0,0.0,10.0,0.0,17.0,17.0,0.0,16.4,11.0,0,0.0,17,2016
2016,17,Japanese Grand Prix,suzuka,2016-10-09,wehrlein,WEH,manor,22,21,+1 Lap,21.0,0.0,20.0,0.0,0.0,10.0,0.0,18.0,17.8,0.4,16.4,11.0,0,0.0,17,2016
2016,18,United States Grand Prix,americas,2016-10-23,hamilton,HAM,mercedes,1,1,Finished,1.0,381.0,1.0,10.0,703.0,1.0,16.0,5.8,3.8,0.1,1.4,1.75,4,0.75,18,2016
2016,18,United States Grand Prix,americas,2016-10-23,rosberg,ROS,mercedes,2,2,Finished,2.0,322.0,2.0,6.0,703.0,1.0,16.0,1.4,2.1,0.0,1.4,6.5,4,0.5,18,2016
2016,18,United States Grand Prix,americas,2016-10-23,ricciardo,RIC,red_bull,3,3,Finished,3.0,92.0,8.0,0.0,187.0,4.0,0.0,3.2,3.7,0.0,2.4,9.0,4,0.25,18,2016
2016,18,United States Grand Prix,americas,2016-10-23,vettel,VET,ferrari,4,6,Finished,6.0,278.0,3.0,3.0,428.0,2.0,3.0,8.0,8.1,0.2,4.2,3.25,4,0.75,18,2016
2016,18,United States Grand Prix,americas,2016-10-23,alonso,ALO,mclaren,5,12,Finished,12.0,11.0,17.0,0.0,27.0,9.0,0.0,10.2,12.0,0.2,9.8,6.25,4,0.25,18,2016
2016,18,United States Grand Prix,americas,2016-10-23,sainz,SAI,toro_rosso,6,10,Finished,10.0,18.0,15.0,0.0,67.0,7.0,0.0,15.4,13.6,0.2,12.4,7.0,1,0.0,18,2016
2016,18,United States Grand Prix,americas,2016-10-23,massa,MAS,williams,7,9,+1 Lap,9.0,121.0,6.0,0.0,257.0,3.0,0.0,10.6,13.4,0.2,8.0,9.5,4,0.0,18,2016
2016,18,United States Grand Prix,americas,2016-10-23,perez,PER,force_india,8,11,+1 Lap,11.0,78.0,9.0,0.0,136.0,5.0,0.0,6.8,8.1,0.1,6.6,10.0,4,0.0,18,2016
2016,18,United States Grand Prix,americas,2016-10-23,button,BUT,mclaren,9,19,+1 Lap,19.0,16.0,16.0,0.0,27.0,9.0,0.0,15.8,13.8,0.3,9.8,8.25,4,0.0,18,2016
2016,18,United States Grand Prix,americas,2016-10-23,grosjean,GRO,haas,10,17,+1 Lap,17.0,51.0,11.0,0.0,0.0,10.0,0.0,15.6,14.5,0.3,12.8,9.5,4,0.25,18,2016
2016,18,United States Grand Prix,americas,2016-10-23,kvyat,KVY,toro_rosso,11,13,+1 Lap,13.0,95.0,7.0,0.0,67.0,7.0,0.0,13.8,15.4,0.3,12.4,14.0,2,0.0,18,2016
2016,18,United States Grand Prix,americas,2016-10-23,kevin_magnussen,MAG,renault,12,18,+1 Lap,18.0,0.0,20.0,0.0,0.0,10.0,0.0,15.8,15.5,0.3,12.8,8.0,1,0.0,18,2016
2016,18,United States Grand Prix,americas,2016-10-23,jolyon_palmer,PAL,renault,13,15,+1 Lap,15.0,0.0,20.0,0.0,0.0,10.0,0.0,14.6,14.9,0.2,12.8,11.0,0,0.0,18,2016
2016,18,United States Grand Prix,americas,2016-10-23,ericsson,ERI,sauber,14,16,+1 Lap,16.0,9.0,18.0,0.0,36.0,8.0,0.0,15.8,17.0,0.2,14.6,15.0,1,0.0,18,2016
2016,18,United States Grand Prix,americas,2016-10-23,nasr,NAS,sauber,15,21,+1 Lap,21.0,27.0,13.0,0.0,36.0,8.0,0.0,17.6,16.6,0.3,14.6,9.0,1,0.0,18,2016
2016,18,United States Grand Prix,americas,2016-10-23,bottas,BOT,williams,16,8,+1 Lap,8.0,136.0,5.0,0.0,257.0,3.0,0.0,9.8,9.6,0.1,8.0,10.666666666666666,3,0.0,18,2016
2016,18,United States Grand Prix,americas,2016-10-23,wehrlein,WEH,manor,17,20,+1 Lap,20.0,0.0,20.0,0.0,0.0,10.0,0.0,19.0,18.3,0.4,17.2,11.0,0,0.0,18,2016
2016,18,United States Grand Prix,americas,2016-10-23,ocon,OCO,manor,18,22,+2 Laps,22.0,0.0,20.0,0.0,0.0,10.0,0.0,17.8,17.8,0.0,17.2,11.0,0,0.0,18,2016
2016,18,United States Grand Prix,americas,2016-10-23,raikkonen,RAI,ferrari,19,5,Wheel,5.0,150.0,4.0,0.0,428.0,2.0,3.0,5.2,5.0,0.0,4.2,11.666666666666666,3,0.0,18,2016
2016,18,United States Grand Prix,americas,2016-10-23,max_verstappen,VER,red_bull,20,4,Gearbox,4.0,49.0,12.0,0.0,187.0,4.0,0.0,5.6,4.8,0.0,2.4,4.0,1,0.0,18,2016
2016,18,United States Grand Prix,americas,2016-10-23,gutierrez,GUT,haas,21,14,Brakes,14.0,0.0,20.0,0.0,0.0,10.0,0.0,15.0,14.2,0.1,12.8,14.0,2,0.0,18,2016
2016,18,United States Grand Prix,americas,2016-10-23,hulkenberg,HUL,force_india,22,7,Collision,7.0,58.0,10.0,0.0,136.0,5.0,0.0,10.2,10.3,0.2,6.6,11.0,4,0.0,18,2016
2016,19,Mexican Grand Prix,rodriguez,2016-10-30,hamilton,HAM,mercedes,1,1,Finished,1.0,381.0,1.0,10.0,703.0,1.0,16.0,5.4,3.4,0.1,1.4,2.0,1,1.0,19,2016
2016,19,Mexican Grand Prix,rodriguez,2016-10-30,rosberg,ROS,mercedes,2,2,Finished,2.0,322.0,2.0,6.0,703.0,1.0,16.0,1.6,2.2,0.0,1.4,1.0,1,1.0,19,2016
2016,19,Mexican Grand Prix,rodriguez,2016-10-30,ricciardo,RIC,red_bull,3,4,Finished,4.0,92.0,8.0,0.0,187.0,4.0,0.0,3.4,3.3,0.0,2.6,5.0,1,0.0,19,2016
2016,19,Mexican Grand Prix,rodriguez,2016-10-30,max_verstappen,VER,red_bull,4,3,Finished,3.0,49.0,12.0,0.0,187.0,4.0,0.0,7.4,6.0,0.1,2.6,9.0,1,0.0,19,2016
2016,19,Mexican Grand Prix,rodriguez,2016-10-30,vettel,VET,ferrari,5,7,Finished,7.0,278.0,3.0,3.0,428.0,2.0,3.0,7.6,8.3,0.2,3.8,18.0,1,0.0,19,2016
2016,19,Mexican Grand Prix,rodriguez,2016-10-30,raikkonen,RAI,ferrari,6,6,Finished,6.0,150.0,4.0,0.0,428.0,2.0,3.0,7.2,6.5,0.1,3.8,19.0,1,0.0,19,2016
2016,19,Mexican Grand Prix,rodriguez,2016-10-30,hulkenberg,HUL,force_india,7,5,Finished,5.0,58.0,10.0,0.0,136.0,5.0,0.0,13.8,11.6,0.3,7.4,7.0,1,0.0,19,2016
2016,19,Mexican Grand Prix,rodriguez,2016-10-30,bottas,BOT,williams,8,8,Finished,8.0,136.0,5.0,0.0,257.0,3.0,0.0,11.4,10.6,0.1,7.8,3.0,1,1.0,19,2016
2016,19,Mexican Grand Prix,rodriguez,2016-10-30,massa,MAS,williams,9,9,Finished,9.0,121.0,6.0,0.0,257.0,3.0,0.0,10.0,13.1,0.2,7.8,6.0,1,0.0,19,2016
2016,19,Mexican Grand Prix,rodriguez,2016-10-30,perez,PER,force_india,10,12,Finished,12.0,78.0,9.0,0.0,136.0,5.0,0.0,7.4,8.6,0.1,7.4,8.0,1,0.0,19,2016
2016,19,Mexican Grand Prix,rodriguez,2016-10-30,ericsson,ERI,sauber,11,15,+1 Lap,15.0,9.0,18.0,0.0,36.0,8.0,0.0,14.8,16.7,0.2,14.0,12.0,1,0.0,19,2016
2016,19,Mexican Grand Prix,rodriguez,2016-10-30,button,BUT,mclaren,12,13,+1 Lap,13.0,16.0,16.0,0.0,27.0,9.0,0.0,13.4,13.6,0.3,9.4,14.0,1,0.0,19,2016
2016,19,Mexican Grand Prix,rodriguez,2016-10-30,alonso,ALO,mclaren,13,11,+1 Lap,11.0,11.0,17.0,0.0,27.0,9.0,0.0,9.8,10.6,0.1,9.4,20.0,1,0.0,19,2016
2016,19,Mexican Grand Prix,rodriguez,2016-10-30,jolyon_palmer,PAL,renault,14,21,+1 Lap,21.0,0.0,20.0,0.0,0.0,10.0,0.0,14.2,14.7,0.2,12.2,11.0,0,0.0,19,2016
2016,19,Mexican Grand Prix,rodriguez,2016-10-30,nasr,NAS,sauber,15,19,+1 Lap,19.0,27.0,13.0,0.0,36.0,8.0,0.0,17.2,16.9,0.3,14.0,17.0,1,0.0,19,2016
2016,19,Mexican Grand Prix,rodriguez,2016-10-30,sainz,SAI,toro_rosso,16,10,+1 Lap,10.0,18.0,15.0,0.0,67.0,7.0,0.0,12.6,12.1,0.1,10.8,13.0,1,0.0,19,2016
2016,19,Mexican Grand Prix,rodriguez,2016-10-30,kevin_magnussen,MAG,renault,17,14,+1 Lap,14.0,0.0,20.0,0.0,0.0,10.0,0.0,14.6,15.3,0.3,12.2,11.0,0,0.0,19,2016
2016,19,Mexican Grand Prix,rodriguez,2016-10-30,kvyat,KVY,toro_rosso,18,18,+1 Lap,18.0,95.0,7.0,0.0,67.0,7.0,0.0,13.2,14.3,0.2,10.8,4.0,1,0.0,19,2016
2016,19,Mexican Grand Prix,rodriguez,2016-10-30,gutierrez,GUT,haas,19,17,+1 Lap,17.0,0.0,20.0,0.0,0.0,10.0,0.0,16.8,14.7,0.2,12.4,11.0,0,0.0,19,2016
2016,19,Mexican Grand Prix,rodriguez,2016-10-30,grosjean,GRO,haas,20,22,+1 Lap,22.0,51.0,11.0,0.0,0.0,10.0,0.0,15.0,14.2,0.3,12.4,10.0,1,0.0,19,2016
2016,19,Mexican Grand Prix,rodriguez,2016-10-30,ocon,OCO,manor,21,20,+2 Laps,20.0,0.0,20.0,0.0,0.0,10.0,0.0,18.2,17.833333333333332,0.0,17.4,11.0,0,0.0,19,2016
2016,19,Mexican Grand Prix,rodriguez,2016-10-30,wehrlein,WEH,manor,22,16,Collision,16.0,0.0,20.0,0.0,0.0,10.0,0.0,18.0,18.0,0.3,17.4,11.0,0,0.0,19,2016
2016,20,Brazilian Grand Prix,interlagos,2016-11-13,hamilton,HAM,mercedes,1,1,Finished,1.0,381.0,1.0,10.0,703.0,1.0,16.0,5.2,3.4,0.1,1.4,9.833333333333334,6,0.3333333333333333,20,2016
2016,20,Brazilian Grand Prix,interlagos,2016-11-13,rosberg,ROS,mercedes,2,2,Finished,2.0,322.0,2.0,6.0,703.0,1.0,16.0,1.8,2.0,0.0,1.4,5.833333333333333,6,0.3333333333333333,20,2016
2016,20,Brazilian Grand Prix,interlagos,2016-11-13,max_verstappen,VER,red_bull,3,4,Finished,4.0,49.0,12.0,0.0,187.0,4.0,0.0,6.8,6.2,0.1,2.2,9.0,1,0.0,20,2016
2016,20,Brazilian Grand Prix,interlagos,2016-11-13,perez,PER,force_india,4,9,Finished,9.0,78.0,9.0,0.0,136.0,5.0,0.0,7.8,7.9,0.0,7.2,14.0,5,0.0,20,2016
2016,20,Brazilian Grand Prix,interlagos,2016-11-13,vettel,VET,ferrari,5,5,Finished,5.0,278.0,3.0,3.0,428.0,2.0,3.0,8.0,6.7,0.1,4.2,3.0,6,0.6666666666666666,20,2016
2016,20,Brazilian Grand Prix,interlagos,2016-11-13,sainz,SAI,toro_rosso,6,15,Finished,15.0,18.0,15.0,0.0,67.0,7.0,0.0,12.8,12.9,0.1,11.0,19.0,1,0.0,20,2016
2016,20,Brazilian Grand Prix,interlagos,2016-11-13,hulkenberg,HUL,force_india,7,8,Finished,8.0,58.0,10.0,0.0,136.0,5.0,0.0,13.2,10.4,0.2,7.2,7.0,5,0.0,20,2016
2016,20,Brazilian Grand Prix,interlagos,2016-11-13,ricciardo,RIC,red_bull,8,6,Finished,6.0,92.0,8.0,0.0,187.0,4.0,0.0,3.0,3.1,0.0,2.2,14.4,5,0.0,20,2016
2016,20,Brazilian Grand Prix,interlagos,2016-11-13,nasr,NAS,sauber,9,21,Finished,21.0,27.0,13.0,0.0,36.0,8.0,0.0,15.8,17.1,0.3,13.0,13.0,1,0.0,20,2016
2016,20,Brazilian Grand Prix,interlagos,2016-11-13,alonso,ALO,mclaren,10,10,Finished,10.0,11.0,17.0,0.0,27.0,9.0,0.0,9.6,10.1,0.0,9.4,5.5,6,0.5,20,2016
2016,20,Brazilian Grand Prix,interlagos,2016-11-13,bottas,BOT,williams,11,11,Finished,11.0,136.0,5.0,0.0,257.0,3.0,0.0,11.8,10.5,0.1,8.2,12.0,3,0.0,20,2016
2016,20,Brazilian Grand Prix,interlagos,2016-11-13,ocon,OCO,manor,12,22,Finished,22.0,0.0,20.0,0.0,0.0,10.0,0.0,18.8,18.285714285714285,0.0,18.0,11.0,0,0.0,20,2016
2016,20,Brazilian Grand Prix,interlagos,2016-11-13,kvyat,KVY,toro_rosso,13,14,Finished,14.0,95.0,7.0,0.0,67.0,7.0,0.0,13.0,13.9,0.1,11.0,9.0,2,0.0,20,2016
2016,20,Brazilian Grand Prix,interlagos,2016-11-13,kevin_magnussen,MAG,renault,14,18,Finished,18.0,0.0,20.0,0.0,0.0,10.0,0.0,14.6,15.6,0.3,11.6,9.0,1,0.0,20,2016
2016,20,Brazilian Grand Prix,interlagos,2016-11-13,wehrlein,WEH,manor,15,19,Finished,19.0,0.0,20.0,0.0,0.0,10.0,0.0,18.4,19.2,0.4,18.0,11.0,0,0.0,20,2016
2016,20,Brazilian Grand Prix,interlagos,2016-11-13,button,BUT,mclaren,16,17,Finished,17.0,16.0,16.0,0.0,27.0,9.0,0.0,13.4,14.2,0.3,9.4,5.166666666666667,6,0.3333333333333333,20,2016
2016,20,Brazilian Grand Prix,interlagos,2016-11-13,gutierrez,GUT,haas,17,12,Retired,12.0,0.0,20.0,0.0,0.0,10.0,0.0,18.0,15.5,0.2,14.0,13.0,2,0.0,20,2016
2016,20,Brazilian Grand Prix,interlagos,2016-11-13,massa,MAS,williams,18,13,Collision,13.0,121.0,6.0,0.0,257.0,3.0,0.0,10.0,12.0,0.1,8.2,8.833333333333334,6,0.3333333333333333,20,2016
2016,20,Brazilian Grand Prix,interlagos,2016-11-13,jolyon_palmer,PAL,renault,19,16,Collision damage,16.0,0.0,20.0,0.0,0.0,10.0,0.0,12.8,14.9,0.2,11.6,11.0,0,0.0,20,2016
2016,20,Brazilian Grand Prix,interlagos,2016-11-13,raikkonen,RAI,ferrari,20,3,Collision,3.0,150.0,4.0,0.0,428.0,2.0,3.0,7.6,6.8,0.1,4.2,7.0,3,0.0,20,2016
2016,20,Brazilian Grand Prix,interlagos,2016-11-13,ericsson,ERI,sauber,21,20,Collision,20.0,9.0,18.0,0.0,36.0,8.0,0.0,13.8,16.3,0.2,13.0,16.0,1,0.0,20,2016
2016,20,Brazilian Grand Prix,interlagos,2016-11-13,grosjean,GRO,haas,22,7,Withdrew,7.0,51.0,11.0,0.0,0.0,10.0,0.0,16.8,15.5,0.3,14.0,17.0,4,0.0,20,2016
2016,21,Abu Dhabi Grand Prix,yas_marina,2016-11-27,hamilton,HAM,mercedes,1,1,Finished,1.0,381.0,1.0,10.0,703.0,1.0,16.0,4.8,3.4,0.1,1.4,5.666666666666667,6,0.6666666666666666,21,2016
2016,21,Abu Dhabi Grand Prix,yas_marina,2016-11-27,rosberg,ROS,mercedes,2,2,Finished,2.0,322.0,2.0,6.0,703.0,1.0,16.0,2.0,1.9,0.0,1.4,8.5,6,0.3333333333333333,21,2016
2016,21,Abu Dhabi Grand Prix,yas_marina,2016-11-27,vettel,VET,ferrari,3,5,Finished,5.0,278.0,3.0,3.0,428.0,2.0,3.0,8.0,6.3,0.1,4.4,6.833333333333333,6,0.5,21,2016
2016,21,Abu Dhabi Grand Prix,yas_marina,2016-11-27,max_verstappen,VER,red_bull,4,6,Finished,6.0,49.0,12.0,0.0,187.0,4.0,0.0,6.2,6.3,0.1,2.4,16.0,1,0.0,21,2016
2016,21,Abu Dhabi Grand Prix,yas_marina,2016-11-27,ricciardo,RIC,red_bull,5,3,Finished,3.0,92.0,8.0,0.0,187.0,4.0,0.0,4.2,3.5,0.0,2.4,11.4,5,0.0,21,2016
2016,21,Abu Dhabi Grand Prix,yas_marina,2016-11-27,raikkonen,RAI,ferrari,6,4,Finished,4.0,150.0,4.0,0.0,428.0,2.0,3.0,10.8,8.3,0.2,4.4,9.0,4,0.5,21,2016
2016,21,Abu Dhabi Grand Prix,yas_marina,2016-11-27,hulkenberg,HUL,force_india,7,7,Finished,7.0,58.0,10.0,0.0,136.0,5.0,0.0,10.4,10.4,0.2,6.4,13.4,5,0.0,21,2016
2016,21,Abu Dhabi Grand Prix,yas_marina,2016-11-27,perez,PER,force_india,8,8,Finished,8.0,78.0,9.0,0.0,136.0,5.0,0.0,7.0,7.7,0.0,6.4,9.4,5,0.0,21,2016
2016,21,Abu Dhabi Grand Prix,yas_marina,2016-11-27,massa,MAS,williams,9,10,Finished,10.0,121.0,6.0,0.0,257.0,3.0,0.0,11.2,12.7,0.2,8.0,6.666666666666667,6,0.16666666666666666,21,2016
2016,21,Abu Dhabi Grand Prix,yas_marina,2016-11-27,alonso,ALO,mclaren,10,9,Finished,9.0,11.0,17.0,0.0,27.0,9.0,0.0,10.2,9.8,0.0,10.0,7.0,6,0.3333333333333333,21,2016
2016,21,Abu Dhabi Grand Prix,yas_marina,2016-11-27,grosjean,GRO,haas,11,14,Finished,14.0,51.0,11.0,0.0,0.0,10.0,0.0,16.8,15.7,0.3,15.2,11.25,4,0.0,21,2016
2016,21,Abu Dhabi Grand Prix,yas_marina,2016-11-27,gutierrez,GUT,haas,12,13,Finished,13.0,0.0,20.0,0.0,0.0,10.0,0.0,19.2,15.6,0.3,15.2,14.0,2,0.0,21,2016
2016,21,Abu Dhabi Grand Prix,yas_marina,2016-11-27,ocon,OCO,manor,13,20,+1 Lap,20.0,0.0,20.0,0.0,0.0,10.0,0.0,17.6,17.5,0.0,17.2,11.0,0,0.0,21,2016
2016,21,Abu Dhabi Grand Prix,yas_marina,2016-11-27,wehrlein,WEH,manor,14,16,+1 Lap,16.0,0.0,20.0,0.0,0.0,10.0,0.0,18.2,18.5,0.3,17.2,11.0,0,0.0,21,2016
2016,21,Abu Dhabi Grand Prix,yas_marina,2016-11-27,ericsson,ERI,sauber,15,22,+1 Lap,22.0,9.0,18.0,0.0,36.0,8.0,0.0,14.6,16.3,0.2,12.2,14.0,1,0.0,21,2016
2016,21,Abu Dhabi Grand Prix,yas_marina,2016-11-27,nasr,NAS,sauber,16,19,+1 Lap,19.0,27.0,13.0,0.0,36.0,8.0,0.0,15.0,16.5,0.3,12.2,15.0,1,0.0,21,2016
2016,21,Abu Dhabi Grand Prix,yas_marina,2016-11-27,jolyon_palmer,PAL,renault,17,15,+1 Lap,15.0,0.0,20.0,0.0,0.0,10.0,0.0,13.6,15.0,0.2,12.4,11.0,0,0.0,21,2016
2016,21,Abu Dhabi Grand Prix,yas_marina,2016-11-27,sainz,SAI,toro_rosso,18,21,Collision damage,21.0,18.0,15.0,0.0,67.0,7.0,0.0,11.2,12.7,0.1,10.4,11.0,1,0.0,21,2016
2016,21,Abu Dhabi Grand Prix,yas_marina,2016-11-27,kvyat,KVY,toro_rosso,19,17,Gearbox,17.0,95.0,7.0,0.0,67.0,7.0,0.0,13.8,14.2,0.1,10.4,15.0,2,0.0,21,2016
2016,21,Abu Dhabi Grand Prix,yas_marina,2016-11-27,button,BUT,mclaren,20,12,Suspension,12.0,16.0,16.0,0.0,27.0,9.0,0.0,12.8,14.6,0.3,10.0,6.5,6,0.3333333333333333,21,2016
2016,21,Abu Dhabi Grand Prix,yas_marina,2016-11-27,bottas,BOT,williams,21,11,Suspension,11.0,136.0,5.0,0.0,257.0,3.0,0.0,10.0,10.2,0.1,8.0,10.333333333333334,3,0.3333333333333333,21,2016
2016,21,Abu Dhabi Grand Prix,yas_marina,2016-11-27,kevin_magnussen,MAG,renault,22,18,Suspension,18.0,0.0,20.0,0.0,0.0,10.0,0.0,15.4,15.3,0.2,12.4,11.0,1,0.0,21,2016
2017,1,Australian Grand Prix,albert_park,2017-03-26,vettel,VET,ferrari,1,2,Finished,2.0,212.0,4.0,0.0,398.0,3.0,0.0,4.2,6.2,0.1,4.2,6.714285714285714,7,0.7142857142857143,1,2017
2017,1,Australian Grand Prix,albert_park,2017-03-26,hamilton,HAM,mercedes,2,1,Finished,1.0,380.0,2.0,10.0,765.0,1.0,19.0,1.4,3.4,0.1,1.0,5.428571428571429,7,0.5714285714285714,1,2017
2017,1,Australian Grand Prix,albert_park,2017-03-26,bottas,BOT,mercedes,3,3,Finished,3.0,85.0,8.0,0.0,765.0,1.0,19.0,13.2,11.4,0.2,1.0,11.25,4,0.0,1,2017
2017,1,Australian Grand Prix,albert_park,2017-03-26,raikkonen,RAI,ferrari,4,4,Finished,4.0,186.0,6.0,0.0,398.0,3.0,0.0,11.2,8.3,0.2,4.2,9.0,5,0.2,1,2017
2017,1,Australian Grand Prix,albert_park,2017-03-26,max_verstappen,VER,red_bull,5,5,Finished,5.0,204.0,5.0,1.0,468.0,2.0,2.0,6.6,6.2,0.1,3.0,11.5,2,0.0,1,2017
2017,1,Australian Grand Prix,albert_park,2017-03-26,massa,MAS,williams,6,7,Finished,7.0,53.0,11.0,0.0,138.0,5.0,0.0,10.4,11.8,0.2,8.8,8.571428571428571,7,0.14285714285714285,1,2017
2017,1,Australian Grand Prix,albert_park,2017-03-26,perez,PER,force_india,7,10,+1 Lap,11.0,101.0,7.0,0.0,173.0,4.0,0.0,7.4,7.4,0.0,6.6,12.333333333333334,6,0.0,1,2017
2017,1,Australian Grand Prix,albert_park,2017-03-26,sainz,SAI,toro_rosso,8,8,+1 Lap,8.0,46.0,12.0,0.0,63.0,7.0,0.0,12.6,13.7,0.2,11.8,9.0,2,0.0,1,2017
2017,1,Australian Grand Prix,albert_park,2017-03-26,kvyat,KVY,toro_rosso,9,9,+1 Lap,9.0,25.0,14.0,0.0,63.0,7.0,0.0,14.8,14.5,0.2,11.8,15.666666666666666,3,0.0,1,2017
2017,1,Australian Grand Prix,albert_park,2017-03-26,ocon,OCO,force_india,10,13,+1 Lap,14.0,0.0,23.0,0.0,173.0,4.0,0.0,17.0,17.0,0.0,6.6,11.0,0,0.0,1,2017
2017,1,Australian Grand Prix,albert_park,2017-03-26,hulkenberg,HUL,renault,11,11,+1 Lap,12.0,72.0,9.0,0.0,8.0,9.0,0.0,10.2,10.1,0.2,13.8,14.333333333333334,6,0.0,1,2017
2017,1,Australian Grand Prix,albert_park,2017-03-26,giovinazzi,GIO,sauber,12,16,+2 Laps,16.0,0.0,20.0,0.0,2.0,10.0,0.0,11.0,11.0,0.1,12.8,11.0,0,0.0,1,2017
2017,1,Australian Grand Prix,albert_park,2017-03-26,vandoorne,VAN,mclaren,13,18,+2 Laps,18.0,1.0,20.0,0.0,76.0,6.0,0.0,10.0,10.0,0.0,10.6,11.0,0,0.0,1,2017
2017,1,Australian Grand Prix,albert_park,2017-03-26,alonso,ALO,mclaren,14,12,Vibrations,13.0,54.0,10.0,0.0,76.0,6.0,0.0,10.8,10.1,0.0,10.6,6.666666666666667,6,0.16666666666666666,1,2017
2017,1,Australian Grand Prix,albert_park,2017-03-26,kevin_magnussen,MAG,haas,15,17,Suspension,17.0,7.0,16.0,0.0,29.0,8.0,0.0,15.8,16.0,0.3,13.6,10.333333333333334,3,0.3333333333333333,1,2017
2017,1,Australian Grand Prix,albert_park,2017-03-26,stroll,STR,williams,16,20,Brakes,19.0,0.0,20.0,0.0,138.0,5.0,0.0,11.0,11.0,0.1,8.8,11.0,0,0.0,1,2017
2017,1,Australian Grand Prix,albert_park,2017-03-26,ricciardo,RIC,red_bull,17,0,Power Unit,10.0,256.0,3.0,1.0,468.0,2.0,2.0,5.0,3.7,0.0,3.0,12.0,5,0.0,1,2017
2017,1,Australian Grand Prix,albert_park,2017-03-26,ericsson,ERI,sauber,18,14,Hydraulics,15.0,0.0,22.0,0.0,2.0,10.0,0.0,15.2,15.8,0.2,12.8,14.0,3,0.0,1,2017
2017,1,Australian Grand Prix,albert_park,2017-03-26,jolyon_palmer,PAL,renault,19,19,Brakes,20.0,1.0,18.0,0.0,8.0,9.0,0.0,15.0,15.5,0.2,13.8,11.0,1,0.0,1,2017
2017,1,Australian Grand Prix,albert_park,2017-03-26,grosjean,GRO,haas,20,6,Water leak,6.0,29.0,13.0,0.0,29.0,8.0,0.0,14.8,15.4,0.3,13.6,13.2,5,0.0,1,2017
2017,2,Chinese Grand Prix,shanghai,2017-04-09,hamilton,HAM,mercedes,1,1,Finished,1.0,380.0,2.0,10.0,765.0,1.0,19.0,1.2,3.5,0.1,1.2,2.5714285714285716,7,0.8571428571428571,2,2017
2017,2,Chinese Grand Prix,shanghai,2017-04-09,vettel,VET,ferrari,2,2,Finished,2.0,212.0,4.0,0.0,398.0,3.0,0.0,3.6,5.8,0.1,3.6,3.857142857142857,7,0.42857142857142855,2,2017
2017,2,Chinese Grand Prix,shanghai,2017-04-09,max_verstappen,VER,red_bull,3,16,Finished,19.0,204.0,5.0,1.0,468.0,2.0,2.0,7.2,6.4,0.1,3.6,12.5,2,0.0,2,2017
2017,2,Chinese Grand Prix,shanghai,2017-04-09,ricciardo,RIC,red_bull,4,5,Finished,5.0,256.0,3.0,1.0,468.0,2.0,2.0,7.2,5.2,0.1,3.6,8.2,5,0.0,2,2017
2017,2,Chinese Grand Prix,shanghai,2017-04-09,raikkonen,RAI,ferrari,5,4,Finished,4.0,186.0,6.0,0.0,398.0,3.0,0.0,11.0,8.1,0.2,3.6,6.6,5,0.2,2,2017
2017,2,Chinese Grand Prix,shanghai,2017-04-09,bottas,BOT,mercedes,6,3,Finished,3.0,85.0,8.0,0.0,765.0,1.0,19.0,11.8,10.8,0.2,1.2,9.0,4,0.0,2,2017
2017,2,Chinese Grand Prix,shanghai,2017-04-09,sainz,SAI,toro_rosso,7,11,Finished,11.0,46.0,12.0,0.0,63.0,7.0,0.0,10.8,13.1,0.2,10.8,11.0,2,0.0,2,2017
2017,2,Chinese Grand Prix,shanghai,2017-04-09,kevin_magnussen,MAG,haas,8,12,+1 Lap,12.0,7.0,16.0,0.0,29.0,8.0,0.0,16.0,15.9,0.4,14.4,15.0,2,0.0,2,2017
2017,2,Chinese Grand Prix,shanghai,2017-04-09,perez,PER,force_india,9,8,+1 Lap,8.0,101.0,7.0,0.0,173.0,4.0,0.0,7.4,7.1,0.0,6.6,11.666666666666666,6,0.0,2,2017
2017,2,Chinese Grand Prix,shanghai,2017-04-09,ocon,OCO,force_india,10,17,+1 Lap,20.0,0.0,23.0,0.0,173.0,4.0,0.0,14.8,16.3,0.0,6.6,11.0,0,0.0,2,2017
2017,2,Chinese Grand Prix,shanghai,2017-04-09,grosjean,GRO,haas,11,19,+1 Lap,17.0,29.0,13.0,0.0,29.0,8.0,0.0,16.6,16.1,0.4,14.4,12.4,5,0.0,2,2017
2017,2,Chinese Grand Prix,shanghai,2017-04-09,hulkenberg,HUL,renault,12,7,+1 Lap,7.0,72.0,9.0,0.0,8.0,9.0,0.0,10.8,10.5,0.2,13.6,13.5,6,0.0,2,2017
2017,2,Chinese Grand Prix,shanghai,2017-04-09,jolyon_palmer,PAL,renault,13,20,+1 Lap,18.0,1.0,18.0,0.0,8.0,9.0,0.0,16.4,15.5,0.3,13.6,22.0,1,0.0,2,2017
2017,2,Chinese Grand Prix,shanghai,2017-04-09,massa,MAS,williams,14,6,+1 Lap,6.0,53.0,11.0,0.0,138.0,5.0,0.0,9.8,10.2,0.1,8.2,8.571428571428571,7,0.0,2,2017
2017,2,Chinese Grand Prix,shanghai,2017-04-09,ericsson,ERI,sauber,15,14,+1 Lap,14.0,0.0,22.0,0.0,2.0,10.0,0.0,15.8,15.8,0.3,12.2,15.333333333333334,3,0.0,2,2017
2017,2,Chinese Grand Prix,shanghai,2017-04-09,alonso,ALO,mclaren,16,13,Driveshaft,13.0,54.0,10.0,0.0,76.0,6.0,0.0,10.4,10.3,0.1,10.0,6.857142857142857,7,0.2857142857142857,2,2017
2017,2,Chinese Grand Prix,shanghai,2017-04-09,kvyat,KVY,toro_rosso,17,9,Hydraulics,9.0,25.0,14.0,0.0,63.0,7.0,0.0,14.0,13.9,0.2,10.8,10.666666666666666,3,0.3333333333333333,2,2017
2017,2,Chinese Grand Prix,shanghai,2017-04-09,vandoorne,VAN,mclaren,18,15,Fuel pressure,16.0,1.0,20.0,0.0,76.0,6.0,0.0,11.5,11.5,0.0,10.0,11.0,0,0.0,2,2017
2017,2,Chinese Grand Prix,shanghai,2017-04-09,giovinazzi,GIO,sauber,19,18,Accident,15.0,0.0,20.0,0.0,2.0,10.0,0.0,12.0,12.0,0.0,12.2,11.0,0,0.0,2,2017
2017,2,Chinese Grand Prix,shanghai,2017-04-09,stroll,STR,williams,20,10,Collision,10.0,0.0,20.0,0.0,138.0,5.0,0.0,16.0,16.0,1.0,8.2,11.0,0,0.0,2,2017
2017,3,Bahrain Grand Prix,bahrain,2017-04-16,vettel,VET,ferrari,1,3,Finished,3.0,212.0,4.0,0.0,398.0,3.0,0.0,3.2,5.4,0.1,3.2,6.333333333333333,6,0.3333333333333333,3,2017
2017,3,Bahrain Grand Prix,bahrain,2017-04-16,hamilton,HAM,mercedes,2,2,Finished,2.0,380.0,2.0,10.0,765.0,1.0,19.0,1.2,3.3,0.1,1.2,3.5,6,0.6666666666666666,3,2017
2017,3,Bahrain Grand Prix,bahrain,2017-04-16,bottas,BOT,mercedes,3,1,Finished,1.0,85.0,8.0,0.0,765.0,1.0,19.0,9.8,10.6,0.2,1.2,8.75,4,0.0,3,2017
2017,3,Bahrain Grand Prix,bahrain,2017-04-16,raikkonen,RAI,ferrari,4,5,Finished,5.0,186.0,6.0,0.0,398.0,3.0,0.0,8.2,7.7,0.2,3.2,3.6,5,0.8,3,2017
2017,3,Bahrain Grand Prix,bahrain,2017-04-16,ricciardo,RIC,red_bull,5,4,Finished,4.0,256.0,3.0,1.0,468.0,2.0,2.0,7.4,5.4,0.1,3.6,9.0,5,0.0,3,2017
2017,3,Bahrain Grand Prix,bahrain,2017-04-16,massa,MAS,williams,6,8,Finished,8.0,53.0,11.0,0.0,138.0,5.0,0.0,11.2,10.6,0.1,9.6,8.5,6,0.16666666666666666,3,2017
2017,3,Bahrain Grand Prix,bahrain,2017-04-16,perez,PER,force_india,7,18,Finished,18.0,101.0,7.0,0.0,173.0,4.0,0.0,7.6,7.5,0.0,6.8,8.8,5,0.2,3,2017
2017,3,Bahrain Grand Prix,bahrain,2017-04-16,grosjean,GRO,haas,8,9,Finished,9.0,29.0,13.0,0.0,29.0,8.0,0.0,16.8,15.9,0.4,14.0,6.0,5,0.4,3,2017
2017,3,Bahrain Grand Prix,bahrain,2017-04-16,hulkenberg,HUL,renault,9,7,Finished,7.0,72.0,9.0,0.0,8.0,9.0,0.0,8.8,11.3,0.2,13.6,11.833333333333334,6,0.0,3,2017
2017,3,Bahrain Grand Prix,bahrain,2017-04-16,ocon,OCO,force_india,10,14,Finished,14.0,0.0,23.0,0.0,173.0,4.0,0.0,13.2,15.7,0.0,6.8,11.0,0,0.0,3,2017
2017,3,Bahrain Grand Prix,bahrain,2017-04-16,wehrlein,WEH,sauber,11,13,+1 Lap,13.0,1.0,19.0,0.0,2.0,10.0,0.0,18.0,18.0,0.3,12.4,13.0,1,0.0,3,2017
2017,3,Bahrain Grand Prix,bahrain,2017-04-16,kvyat,KVY,toro_rosso,12,11,+1 Lap,11.0,25.0,14.0,0.0,63.0,7.0,0.0,15.2,14.2,0.3,11.0,9.0,3,0.0,3,2017
2017,3,Bahrain Grand Prix,bahrain,2017-04-16,jolyon_palmer,PAL,renault,13,10,+1 Lap,10.0,1.0,18.0,0.0,8.0,9.0,0.0,16.4,15.3,0.3,13.6,22.0,1,0.0,3,2017
2017,3,Bahrain Grand Prix,bahrain,2017-04-16,alonso,ALO,mclaren,14,15,Power Unit,15.0,54.0,10.0,0.0,76.0,6.0,0.0,12.6,11.2,0.2,12.2,7.2,5,0.2,3,2017
2017,3,Bahrain Grand Prix,bahrain,2017-04-16,ericsson,ERI,sauber,15,19,Gearbox,19.0,0.0,22.0,0.0,2.0,10.0,0.0,16.0,15.4,0.2,12.4,15.333333333333334,3,0.0,3,2017
2017,3,Bahrain Grand Prix,bahrain,2017-04-16,sainz,SAI,toro_rosso,16,16,Collision,16.0,46.0,12.0,0.0,63.0,7.0,0.0,11.0,11.8,0.1,11.0,18.5,2,0.0,3,2017
2017,3,Bahrain Grand Prix,bahrain,2017-04-16,stroll,STR,williams,17,12,Collision,12.0,0.0,20.0,0.0,138.0,5.0,0.0,18.0,18.0,1.0,9.6,11.0,0,0.0,3,2017
2017,3,Bahrain Grand Prix,bahrain,2017-04-16,max_verstappen,VER,red_bull,18,6,Brakes,6.0,204.0,5.0,1.0,468.0,2.0,2.0,3.8,5.6,0.1,3.6,12.0,2,0.0,3,2017
2017,3,Bahrain Grand Prix,bahrain,2017-04-16,kevin_magnussen,MAG,haas,19,20,Electrical,20.0,7.0,16.0,0.0,29.0,8.0,0.0,15.2,14.9,0.3,14.0,14.5,2,0.0,3,2017
2017,3,Bahrain Grand Prix,bahrain,2017-04-16,vandoorne,VAN,mclaren,20,17,Power Unit,17.0,1.0,20.0,0.0,76.0,6.0,0.0,13.666666666666666,13.666666666666666,0.3333333333333333,12.2,10.0,1,0.0,3,2017
2017,4,Russian Grand Prix,sochi,2017-04-30,bottas,BOT,mercedes,1,3,Finished,3.0,85.0,8.0,0.0,765.0,1.0,19.0,8.8,10.3,0.2,1.4,6.333333333333333,3,0.3333333333333333,4,2017
2017,4,Russian Grand Prix,sochi,2017-04-30,vettel,VET,ferrari,2,1,Finished,1.0,212.0,4.0,0.0,398.0,3.0,0.0,2.4,5.2,0.1,2.4,10.0,3,0.3333333333333333,4,2017
2017,4,Russian Grand Prix,sochi,2017-04-30,raikkonen,RAI,ferrari,3,2,Finished,2.0,186.0,6.0,0.0,398.0,3.0,0.0,7.8,7.7,0.2,2.4,6.666666666666667,3,0.3333333333333333,4,2017
2017,4,Russian Grand Prix,sochi,2017-04-30,hamilton,HAM,mercedes,4,4,Finished,4.0,380.0,2.0,10.0,765.0,1.0,19.0,1.4,3.3,0.1,1.4,1.3333333333333333,3,1.0,4,2017
2017,4,Russian Grand Prix,sochi,2017-04-30,max_verstappen,VER,red_bull,5,7,Finished,7.0,204.0,5.0,1.0,468.0,2.0,2.0,6.6,6.7,0.2,4.0,14.5,2,0.0,4,2017
2017,4,Russian Grand Prix,sochi,2017-04-30,perez,PER,force_india,6,9,Finished,9.0,101.0,7.0,0.0,173.0,4.0,0.0,7.0,7.4,0.0,6.8,7.333333333333333,3,0.3333333333333333,4,2017
2017,4,Russian Grand Prix,sochi,2017-04-30,ocon,OCO,force_india,7,10,Finished,10.0,0.0,23.0,0.0,173.0,4.0,0.0,11.0,14.9,0.0,6.8,11.0,0,0.0,4,2017
2017,4,Russian Grand Prix,sochi,2017-04-30,hulkenberg,HUL,renault,8,8,Finished,8.0,72.0,9.0,0.0,8.0,9.0,0.0,9.2,11.2,0.2,12.6,17.333333333333332,3,0.0,4,2017
2017,4,Russian Grand Prix,sochi,2017-04-30,massa,MAS,williams,9,6,+1 Lap,6.0,53.0,11.0,0.0,138.0,5.0,0.0,10.6,10.3,0.1,9.2,6.666666666666667,3,0.0,4,2017
2017,4,Russian Grand Prix,sochi,2017-04-30,sainz,SAI,toro_rosso,10,14,+1 Lap,11.0,46.0,12.0,0.0,63.0,7.0,0.0,11.0,11.9,0.2,10.2,14.0,2,0.0,4,2017
2017,4,Russian Grand Prix,sochi,2017-04-30,stroll,STR,williams,11,11,+1 Lap,12.0,0.0,20.0,0.0,138.0,5.0,0.0,17.666666666666668,17.666666666666668,1.0,9.2,11.0,0,0.0,4,2017
2017,4,Russian Grand Prix,sochi,2017-04-30,kvyat,KVY,toro_rosso,12,12,+1 Lap,13.0,25.0,14.0,0.0,63.0,7.0,0.0,14.0,13.5,0.2,10.2,11.333333333333334,3,0.0,4,2017
2017,4,Russian Grand Prix,sochi,2017-04-30,kevin_magnussen,MAG,haas,13,13,+1 Lap,14.0,7.0,16.0,0.0,29.0,8.0,0.0,15.6,15.1,0.4,11.8,6.0,2,0.0,4,2017
2017,4,Russian Grand Prix,sochi,2017-04-30,vandoorne,VAN,mclaren,14,20,+1 Lap,17.0,1.0,20.0,0.0,76.0,6.0,0.0,15.25,15.25,0.5,12.6,11.0,0,0.0,4,2017
2017,4,Russian Grand Prix,sochi,2017-04-30,ericsson,ERI,sauber,15,18,+1 Lap,19.0,0.0,22.0,0.0,2.0,10.0,0.0,16.8,15.3,0.3,12.4,17.666666666666668,3,0.0,4,2017
2017,4,Russian Grand Prix,sochi,2017-04-30,wehrlein,WEH,sauber,16,17,+2 Laps,18.0,1.0,19.0,0.0,2.0,10.0,0.0,15.8,17.4,0.3,12.4,18.0,1,0.0,4,2017
2017,4,Russian Grand Prix,sochi,2017-04-30,ricciardo,RIC,red_bull,17,5,Brakes,5.0,256.0,3.0,1.0,468.0,2.0,2.0,7.8,5.4,0.1,4.0,11.0,3,0.0,4,2017
2017,4,Russian Grand Prix,sochi,2017-04-30,jolyon_palmer,PAL,renault,18,16,Collision,16.0,1.0,18.0,0.0,8.0,9.0,0.0,16.2,14.5,0.2,12.6,13.0,1,0.0,4,2017
2017,4,Russian Grand Prix,sochi,2017-04-30,grosjean,GRO,haas,19,19,Collision,20.0,29.0,13.0,0.0,29.0,8.0,0.0,14.4,15.6,0.4,11.8,14.0,3,0.0,4,2017
2017,4,Russian Grand Prix,sochi,2017-04-30,alonso,ALO,mclaren,20,15,Power Unit,15.0,54.0,10.0,0.0,76.0,6.0,0.0,12.8,11.2,0.3,12.6,7.666666666666667,3,0.0,4,2017
2017,5,Spanish Grand Prix,catalunya,2017-05-14,hamilton,HAM,mercedes,1,1,Finished,1.0,380.0,2.0,10.0,765.0,1.0,19.0,2.0,3.4,0.1,1.4,8.571428571428571,7,0.42857142857142855,5,2017
2017,5,Spanish Grand Prix,catalunya,2017-05-14,vettel,VET,ferrari,2,2,Finished,2.0,212.0,4.0,0.0,398.0,3.0,0.0,1.8,4.9,0.1,1.8,3.4285714285714284,7,0.5714285714285714,5,2017
2017,5,Spanish Grand Prix,catalunya,2017-05-14,ricciardo,RIC,red_bull,3,6,Finished,6.0,256.0,3.0,1.0,468.0,2.0,2.0,9.6,6.9,0.2,4.4,7.4,5,0.2,5,2017
2017,5,Spanish Grand Prix,catalunya,2017-05-14,perez,PER,force_india,4,8,+1 Lap,8.0,101.0,7.0,0.0,173.0,4.0,0.0,7.4,7.2,0.0,7.2,11.166666666666666,6,0.0,5,2017
2017,5,Spanish Grand Prix,catalunya,2017-05-14,ocon,OCO,force_india,5,10,+1 Lap,10.0,0.0,23.0,0.0,173.0,4.0,0.0,10.0,13.8,0.0,7.2,11.0,0,0.0,5,2017
2017,5,Spanish Grand Prix,catalunya,2017-05-14,hulkenberg,HUL,renault,6,13,+1 Lap,13.0,72.0,9.0,0.0,8.0,9.0,0.0,9.4,9.9,0.1,11.4,14.333333333333334,6,0.0,5,2017
2017,5,Spanish Grand Prix,catalunya,2017-05-14,sainz,SAI,toro_rosso,7,12,+1 Lap,12.0,46.0,12.0,0.0,63.0,7.0,0.0,11.8,11.5,0.2,11.0,7.5,2,0.0,5,2017
2017,5,Spanish Grand Prix,catalunya,2017-05-14,wehrlein,WEH,sauber,8,15,+1 Lap,15.0,1.0,19.0,0.0,2.0,10.0,0.0,15.6,16.8,0.2,13.6,16.0,1,0.0,5,2017
2017,5,Spanish Grand Prix,catalunya,2017-05-14,kvyat,KVY,toro_rosso,9,19,+1 Lap,20.0,25.0,14.0,0.0,63.0,7.0,0.0,13.8,13.8,0.2,11.0,11.333333333333334,3,0.0,5,2017
2017,5,Spanish Grand Prix,catalunya,2017-05-14,grosjean,GRO,haas,10,14,+1 Lap,14.0,29.0,13.0,0.0,29.0,8.0,0.0,13.8,15.3,0.4,11.0,12.0,5,0.0,5,2017
2017,5,Spanish Grand Prix,catalunya,2017-05-14,ericsson,ERI,sauber,11,16,+2 Laps,16.0,0.0,22.0,0.0,2.0,10.0,0.0,15.6,15.1,0.3,13.6,15.333333333333334,3,0.0,5,2017
2017,5,Spanish Grand Prix,catalunya,2017-05-14,alonso,ALO,mclaren,12,7,+2 Laps,7.0,54.0,10.0,0.0,76.0,6.0,0.0,14.8,12.5,0.4,13.4,7.857142857142857,7,0.42857142857142855,5,2017
2017,5,Spanish Grand Prix,catalunya,2017-05-14,massa,MAS,williams,13,9,+2 Laps,9.0,53.0,11.0,0.0,138.0,5.0,0.0,8.8,10.0,0.1,8.8,10.428571428571429,7,0.14285714285714285,5,2017
2017,5,Spanish Grand Prix,catalunya,2017-05-14,kevin_magnussen,MAG,haas,14,11,+2 Laps,11.0,7.0,16.0,0.0,29.0,8.0,0.0,15.4,15.4,0.4,11.0,13.0,2,0.0,5,2017
2017,5,Spanish Grand Prix,catalunya,2017-05-14,jolyon_palmer,PAL,renault,15,17,+2 Laps,17.0,1.0,18.0,0.0,8.0,9.0,0.0,16.0,14.8,0.3,11.4,13.0,1,0.0,5,2017
2017,5,Spanish Grand Prix,catalunya,2017-05-14,stroll,STR,williams,16,18,+2 Laps,18.0,0.0,20.0,0.0,138.0,5.0,0.0,16.0,16.0,0.75,8.8,11.0,0,0.0,5,2017
2017,5,Spanish Grand Prix,catalunya,2017-05-14,bottas,BOT,mercedes,17,3,Power Unit,3.0,85.0,8.0,0.0,765.0,1.0,19.0,6.8,8.4,0.1,1.4,7.5,4,0.0,5,2017
2017,5,Spanish Grand Prix,catalunya,2017-05-14,vandoorne,VAN,mclaren,18,20,Collision,19.0,1.0,20.0,0.0,76.0,6.0,0.0,15.0,15.0,0.4,13.4,11.0,0,0.0,5,2017
2017,5,Spanish Grand Prix,catalunya,2017-05-14,max_verstappen,VER,red_bull,19,5,Collision damage,5.0,204.0,5.0,1.0,468.0,2.0,2.0,7.0,6.6,0.2,4.4,6.0,2,0.5,5,2017
2017,5,Spanish Grand Prix,catalunya,2017-05-14,raikkonen,RAI,ferrari,20,4,Collision damage,4.0,186.0,6.0,0.0,398.0,3.0,0.0,4.4,7.6,0.2,1.8,3.8,5,0.6,5,2017
2017,6,Monaco Grand Prix,monaco,2017-05-28,vettel,VET,ferrari,1,2,Finished,2.0,212.0,4.0,0.0,398.0,3.0,0.0,1.6,2.9,0.0,1.6,5.0,7,0.5714285714285714,6,2017
2017,6,Monaco Grand Prix,monaco,2017-05-28,raikkonen,RAI,ferrari,2,1,Finished,1.0,186.0,6.0,0.0,398.0,3.0,0.0,7.2,9.2,0.3,1.6,11.6,5,0.0,6,2017
2017,6,Monaco Grand Prix,monaco,2017-05-28,ricciardo,RIC,red_bull,3,5,Finished,5.0,256.0,3.0,1.0,468.0,2.0,2.0,9.2,7.1,0.2,4.2,9.0,5,0.4,6,2017
2017,6,Monaco Grand Prix,monaco,2017-05-28,bottas,BOT,mercedes,4,3,Finished,3.0,85.0,8.0,0.0,765.0,1.0,19.0,6.0,9.6,0.2,1.4,13.5,4,0.0,6,2017
2017,6,Monaco Grand Prix,monaco,2017-05-28,max_verstappen,VER,red_bull,5,4,Finished,4.0,204.0,5.0,1.0,468.0,2.0,2.0,10.0,8.3,0.3,4.2,18.0,2,0.0,6,2017
2017,6,Monaco Grand Prix,monaco,2017-05-28,sainz,SAI,toro_rosso,6,6,Finished,6.0,46.0,12.0,0.0,63.0,7.0,0.0,9.6,11.1,0.2,8.8,9.0,2,0.0,6,2017
2017,6,Monaco Grand Prix,monaco,2017-05-28,hamilton,HAM,mercedes,7,13,Finished,13.0,380.0,2.0,10.0,765.0,1.0,19.0,2.0,1.7,0.0,1.4,3.7142857142857144,7,0.42857142857142855,6,2017
2017,6,Monaco Grand Prix,monaco,2017-05-28,grosjean,GRO,haas,8,8,Finished,8.0,29.0,13.0,0.0,29.0,8.0,0.0,13.6,14.2,0.3,10.8,14.8,5,0.0,6,2017
2017,6,Monaco Grand Prix,monaco,2017-05-28,massa,MAS,williams,9,14,Finished,14.0,53.0,11.0,0.0,138.0,5.0,0.0,9.6,10.0,0.1,9.6,12.0,7,0.0,6,2017
2017,6,Monaco Grand Prix,monaco,2017-05-28,kevin_magnussen,MAG,haas,10,11,Finished,11.0,7.0,16.0,0.0,29.0,8.0,0.0,13.8,14.8,0.3,10.8,14.5,2,0.0,6,2017
2017,6,Monaco Grand Prix,monaco,2017-05-28,jolyon_palmer,PAL,renault,11,16,Finished,16.0,1.0,18.0,0.0,8.0,9.0,0.0,15.6,15.3,0.3,9.2,22.0,1,0.0,6,2017
2017,6,Monaco Grand Prix,monaco,2017-05-28,ocon,OCO,force_india,12,15,Finished,15.0,0.0,23.0,0.0,173.0,4.0,0.0,8.4,12.7,0.0,6.6,11.0,0,0.0,6,2017
2017,6,Monaco Grand Prix,monaco,2017-05-28,perez,PER,force_india,13,7,Finished,7.0,101.0,7.0,0.0,173.0,4.0,0.0,6.6,7.0,0.0,6.6,13.666666666666666,6,0.16666666666666666,6,2017
2017,6,Monaco Grand Prix,monaco,2017-05-28,kvyat,KVY,toro_rosso,14,9,Collision damage,9.0,25.0,14.0,0.0,63.0,7.0,0.0,11.8,13.3,0.2,8.8,14.333333333333334,3,0.0,6,2017
2017,6,Monaco Grand Prix,monaco,2017-05-28,stroll,STR,williams,15,17,Brakes,17.0,0.0,20.0,0.0,138.0,5.0,0.0,16.0,16.0,0.6,9.6,11.0,0,0.0,6,2017
2017,6,Monaco Grand Prix,monaco,2017-05-28,vandoorne,VAN,mclaren,16,12,Accident,12.0,1.0,20.0,0.0,76.0,6.0,0.0,16.6,15.5,0.5,13.8,11.0,0,0.0,6,2017
2017,6,Monaco Grand Prix,monaco,2017-05-28,ericsson,ERI,sauber,17,19,Accident,19.0,0.0,22.0,0.0,2.0,10.0,0.0,14.8,15.0,0.3,12.2,13.333333333333334,3,0.0,6,2017
2017,6,Monaco Grand Prix,monaco,2017-05-28,button,BUT,mclaren,18,20,Collision damage,20.0,21.0,15.0,0.0,76.0,6.0,0.0,15.0,14.4,0.3,13.8,10.142857142857142,7,0.14285714285714285,6,2017
2017,6,Monaco Grand Prix,monaco,2017-05-28,wehrlein,WEH,sauber,19,18,Collision,18.0,1.0,19.0,0.0,2.0,10.0,0.0,12.8,15.6,0.1,12.2,14.0,1,0.0,6,2017
2017,6,Monaco Grand Prix,monaco,2017-05-28,hulkenberg,HUL,renault,20,10,Gearbox,10.0,72.0,9.0,0.0,8.0,9.0,0.0,9.2,9.7,0.1,9.2,10.833333333333334,6,0.0,6,2017
2017,7,Canadian Grand Prix,villeneuve,2017-06-11,hamilton,HAM,mercedes,1,1,Finished,1.0,380.0,2.0,10.0,765.0,1.0,19.0,3.0,2.1,0.0,1.8,6.857142857142857,7,0.7142857142857143,7,2017
2017,7,Canadian Grand Prix,villeneuve,2017-06-11,bottas,BOT,mercedes,2,3,Finished,3.0,85.0,8.0,0.0,765.0,1.0,19.0,6.2,9.0,0.2,1.8,6.75,4,0.5,7,2017
2017,7,Canadian Grand Prix,villeneuve,2017-06-11,ricciardo,RIC,red_bull,3,6,Finished,6.0,256.0,3.0,1.0,468.0,2.0,2.0,6.4,6.8,0.2,3.8,10.0,5,0.2,7,2017
2017,7,Canadian Grand Prix,villeneuve,2017-06-11,vettel,VET,ferrari,4,2,Finished,2.0,212.0,4.0,0.0,398.0,3.0,0.0,1.6,2.6,0.0,1.6,3.0,7,0.5714285714285714,7,2017
2017,7,Canadian Grand Prix,villeneuve,2017-06-11,perez,PER,force_india,5,8,Finished,8.0,101.0,7.0,0.0,173.0,4.0,0.0,7.8,7.6,0.0,7.6,9.2,5,0.2,7,2017
2017,7,Canadian Grand Prix,villeneuve,2017-06-11,ocon,OCO,force_india,6,9,Finished,9.0,0.0,23.0,0.0,173.0,4.0,0.0,8.8,11.8,0.0,7.6,11.0,0,0.0,7,2017
2017,7,Canadian Grand Prix,villeneuve,2017-06-11,raikkonen,RAI,ferrari,7,4,Finished,4.0,186.0,6.0,0.0,398.0,3.0,0.0,6.8,8.9,0.3,1.6,7.4,5,0.0,7,2017
2017,7,Canadian Grand Prix,villeneuve,2017-06-11,hulkenberg,HUL,renault,8,10,Finished,10.0,72.0,9.0,0.0,8.0,9.0,0.0,11.0,10.9,0.2,9.2,11.166666666666666,6,0.0,7,2017
2017,7,Canadian Grand Prix,villeneuve,2017-06-11,stroll,STR,williams,9,17,+1 Lap,17.0,0.0,20.0,0.0,138.0,5.0,0.0,15.8,15.833333333333334,0.6666666666666666,10.2,11.0,0,0.0,7,2017
2017,7,Canadian Grand Prix,villeneuve,2017-06-11,grosjean,GRO,haas,10,14,+1 Lap,14.0,29.0,13.0,0.0,29.0,8.0,0.0,11.2,13.9,0.3,9.4,10.8,5,0.2,7,2017
2017,7,Canadian Grand Prix,villeneuve,2017-06-11,jolyon_palmer,PAL,renault,11,15,+1 Lap,15.0,1.0,18.0,0.0,8.0,9.0,0.0,14.0,15.2,0.3,9.2,21.0,1,0.0,7,2017
2017,7,Canadian Grand Prix,villeneuve,2017-06-11,kevin_magnussen,MAG,haas,12,18,+1 Lap,18.0,7.0,16.0,0.0,29.0,8.0,0.0,12.8,14.4,0.3,9.4,12.5,2,0.0,7,2017
2017,7,Canadian Grand Prix,villeneuve,2017-06-11,ericsson,ERI,sauber,13,19,+1 Lap,19.0,0.0,22.0,0.0,2.0,10.0,0.0,14.6,15.2,0.4,13.2,16.333333333333332,3,0.0,7,2017
2017,7,Canadian Grand Prix,villeneuve,2017-06-11,vandoorne,VAN,mclaren,14,16,+1 Lap,16.0,1.0,20.0,0.0,76.0,6.0,0.0,17.2,15.571428571428571,0.5714285714285714,14.4,11.0,0,0.0,7,2017
2017,7,Canadian Grand Prix,villeneuve,2017-06-11,wehrlein,WEH,sauber,15,20,+2 Laps,20.0,1.0,19.0,0.0,2.0,10.0,0.0,13.6,15.9,0.2,13.2,17.0,1,0.0,7,2017
2017,7,Canadian Grand Prix,villeneuve,2017-06-11,alonso,ALO,mclaren,16,12,Power Unit,12.0,54.0,10.0,0.0,76.0,6.0,0.0,15.2,13.0,0.4,14.4,9.857142857142858,7,0.2857142857142857,7,2017
2017,7,Canadian Grand Prix,villeneuve,2017-06-11,kvyat,KVY,toro_rosso,17,11,Power Unit,11.0,25.0,14.0,0.0,63.0,7.0,0.0,12.8,13.4,0.3,8.4,12.333333333333334,3,0.0,7,2017
2017,7,Canadian Grand Prix,villeneuve,2017-06-11,max_verstappen,VER,red_bull,18,5,Electrical,5.0,204.0,5.0,1.0,468.0,2.0,2.0,10.0,8.6,0.3,3.8,9.5,2,0.0,7,2017
2017,7,Canadian Grand Prix,villeneuve,2017-06-11,massa,MAS,williams,19,7,Collision,7.0,53.0,11.0,0.0,138.0,5.0,0.0,10.2,10.0,0.1,10.2,11.0,7,0.0,7,2017
2017,7,Canadian Grand Prix,villeneuve,2017-06-11,sainz,SAI,toro_rosso,20,13,Collision,13.0,46.0,12.0,0.0,63.0,7.0,0.0,9.2,10.0,0.2,8.4,10.5,2,0.0,7,2017
2017,8,Azerbaijan Grand Prix,baku,2017-06-25,ricciardo,RIC,red_bull,1,10,Finished,10.0,256.0,3.0,1.0,468.0,2.0,2.0,6.2,6.8,0.2,3.8,7.0,1,0.0,8,2017
2017,8,Azerbaijan Grand Prix,baku,2017-06-25,bottas,BOT,mercedes,2,2,Finished,2.0,85.0,8.0,0.0,765.0,1.0,19.0,5.4,7.6,0.2,1.8,6.0,1,0.0,8,2017
2017,8,Azerbaijan Grand Prix,baku,2017-06-25,stroll,STR,williams,3,8,Finished,8.0,0.0,20.0,0.0,138.0,5.0,0.0,13.6,14.857142857142858,0.5714285714285714,9.2,11.0,0,0.0,8,2017
2017,8,Azerbaijan Grand Prix,baku,2017-06-25,vettel,VET,ferrari,4,4,Finished,4.0,212.0,4.0,0.0,398.0,3.0,0.0,2.0,2.6,0.0,2.0,2.0,1,1.0,8,2017
2017,8,Azerbaijan Grand Prix,baku,2017-06-25,hamilton,HAM,mercedes,5,1,Finished,1.0,380.0,2.0,10.0,765.0,1.0,19.0,3.0,2.1,0.0,1.8,5.0,1,0.0,8,2017
2017,8,Azerbaijan Grand Prix,baku,2017-06-25,ocon,OCO,force_india,6,7,Finished,7.0,0.0,23.0,0.0,173.0,4.0,0.0,8.0,10.6,0.0,6.8,11.0,0,0.0,8,2017
2017,8,Azerbaijan Grand Prix,baku,2017-06-25,kevin_magnussen,MAG,haas,7,12,Finished,12.0,7.0,16.0,0.0,29.0,8.0,0.0,13.6,14.4,0.3,9.8,14.0,1,0.0,8,2017
2017,8,Azerbaijan Grand Prix,baku,2017-06-25,sainz,SAI,toro_rosso,8,15,Finished,15.0,46.0,12.0,0.0,63.0,7.0,0.0,11.8,11.4,0.3,10.4,21.0,1,0.0,8,2017
2017,8,Azerbaijan Grand Prix,baku,2017-06-25,alonso,ALO,mclaren,9,19,Finished,19.0,54.0,10.0,0.0,76.0,6.0,0.0,15.6,13.0,0.5,14.0,19.0,1,0.0,8,2017
2017,8,Azerbaijan Grand Prix,baku,2017-06-25,wehrlein,WEH,sauber,10,14,Finished,14.0,1.0,19.0,0.0,2.0,10.0,0.0,13.8,15.9,0.2,12.8,20.0,1,0.0,8,2017
2017,8,Azerbaijan Grand Prix,baku,2017-06-25,ericsson,ERI,sauber,11,17,Finished,17.0,0.0,22.0,0.0,2.0,10.0,0.0,14.2,15.1,0.4,12.8,17.0,1,0.0,8,2017
2017,8,Azerbaijan Grand Prix,baku,2017-06-25,vandoorne,VAN,mclaren,12,18,Finished,18.0,1.0,20.0,0.0,76.0,6.0,0.0,16.4,15.375,0.5,14.0,11.0,0,0.0,8,2017
2017,8,Azerbaijan Grand Prix,baku,2017-06-25,grosjean,GRO,haas,13,16,+1 Lap,16.0,29.0,13.0,0.0,29.0,8.0,0.0,11.0,13.9,0.3,9.8,13.0,1,0.0,8,2017
2017,8,Azerbaijan Grand Prix,baku,2017-06-25,raikkonen,RAI,ferrari,14,3,Water pressure,3.0,186.0,6.0,0.0,398.0,3.0,0.0,7.2,7.7,0.2,2.0,4.0,1,0.0,8,2017
2017,8,Azerbaijan Grand Prix,baku,2017-06-25,perez,PER,force_india,15,6,Seat,6.0,101.0,7.0,0.0,173.0,4.0,0.0,7.0,7.3,0.0,6.8,3.0,1,1.0,8,2017
2017,8,Azerbaijan Grand Prix,baku,2017-06-25,massa,MAS,williams,16,9,Suspension,9.0,53.0,11.0,0.0,138.0,5.0,0.0,11.2,11.2,0.2,9.2,10.0,1,0.0,8,2017
2017,8,Azerbaijan Grand Prix,baku,2017-06-25,hulkenberg,HUL,renault,17,13,Accident,13.0,72.0,9.0,0.0,8.0,9.0,0.0,10.2,9.5,0.1,8.4,9.0,1,0.0,8,2017
2017,8,Azerbaijan Grand Prix,baku,2017-06-25,max_verstappen,VER,red_bull,18,5,Oil pressure,5.0,204.0,5.0,1.0,468.0,2.0,2.0,13.0,8.4,0.3,3.8,8.0,1,0.0,8,2017
2017,8,Azerbaijan Grand Prix,baku,2017-06-25,kvyat,KVY,toro_rosso,19,11,Battery,11.0,25.0,14.0,0.0,63.0,7.0,0.0,12.8,14.0,0.4,10.4,22.0,1,0.0,8,2017
2017,8,Azerbaijan Grand Prix,baku,2017-06-25,jolyon_palmer,PAL,renault,20,20,Power Unit,20.0,1.0,18.0,0.0,8.0,9.0,0.0,13.6,15.0,0.3,8.4,15.0,1,0.0,8,2017
2017,9,Austrian Grand Prix,red_bull_ring,2017-07-09,bottas,BOT,mercedes,1,1,Finished,1.0,85.0,8.0,0.0,765.0,1.0,19.0,5.2,7.0,0.2,1.8,5.666666666666667,3,0.3333333333333333,9,2017
2017,9,Austrian Grand Prix,red_bull_ring,2017-07-09,vettel,VET,ferrari,2,2,Finished,2.0,212.0,4.0,0.0,398.0,3.0,0.0,2.6,2.5,0.0,2.6,15.333333333333334,3,0.0,9,2017
2017,9,Austrian Grand Prix,red_bull_ring,2017-07-09,ricciardo,RIC,red_bull,3,4,Finished,4.0,256.0,3.0,1.0,468.0,2.0,2.0,5.4,6.6,0.2,3.0,7.666666666666667,3,0.0,9,2017
2017,9,Austrian Grand Prix,red_bull_ring,2017-07-09,hamilton,HAM,mercedes,4,8,Finished,8.0,380.0,2.0,10.0,765.0,1.0,19.0,3.6,2.5,0.0,1.8,1.6666666666666667,3,1.0,9,2017
2017,9,Austrian Grand Prix,red_bull_ring,2017-07-09,raikkonen,RAI,ferrari,5,3,Finished,3.0,186.0,6.0,0.0,398.0,3.0,0.0,9.2,8.5,0.3,2.6,10.666666666666666,3,0.3333333333333333,9,2017
2017,9,Austrian Grand Prix,red_bull_ring,2017-07-09,grosjean,GRO,haas,6,6,Finished,6.0,29.0,13.0,0.0,29.0,8.0,0.0,12.0,13.2,0.3,9.6,12.0,3,0.0,9,2017
2017,9,Austrian Grand Prix,red_bull_ring,2017-07-09,perez,PER,force_india,7,7,+1 Lap,7.0,101.0,7.0,0.0,173.0,4.0,0.0,8.6,7.8,0.1,6.6,10.666666666666666,3,0.0,9,2017
2017,9,Austrian Grand Prix,red_bull_ring,2017-07-09,ocon,OCO,force_india,8,9,+1 Lap,9.0,0.0,23.0,0.0,173.0,4.0,0.0,7.2,9.1,0.0,6.6,11.0,0,0.0,9,2017
2017,9,Austrian Grand Prix,red_bull_ring,2017-07-09,massa,MAS,williams,9,17,+1 Lap,17.0,53.0,11.0,0.0,138.0,5.0,0.0,13.2,11.9,0.3,8.6,9.0,3,0.3333333333333333,9,2017
2017,9,Austrian Grand Prix,red_bull_ring,2017-07-09,stroll,STR,williams,10,18,+1 Lap,18.0,0.0,20.0,0.0,138.0,5.0,0.0,10.8,13.375,0.5,8.6,11.0,0,0.0,9,2017
2017,9,Austrian Grand Prix,red_bull_ring,2017-07-09,jolyon_palmer,PAL,renault,11,16,+1 Lap,16.0,1.0,18.0,0.0,8.0,9.0,0.0,15.0,15.6,0.4,10.0,12.0,1,0.0,9,2017
2017,9,Austrian Grand Prix,red_bull_ring,2017-07-09,vandoorne,VAN,mclaren,12,13,+1 Lap,13.0,1.0,20.0,0.0,76.0,6.0,0.0,14.8,15.0,0.4444444444444444,13.0,11.0,0,0.0,9,2017
2017,9,Austrian Grand Prix,red_bull_ring,2017-07-09,hulkenberg,HUL,renault,13,11,+1 Lap,11.0,72.0,9.0,0.0,8.0,9.0,0.0,11.8,10.5,0.2,10.0,11.333333333333334,3,0.0,9,2017
2017,9,Austrian Grand Prix,red_bull_ring,2017-07-09,wehrlein,WEH,sauber,14,20,+1 Lap,20.0,1.0,19.0,0.0,2.0,10.0,0.0,13.6,14.7,0.2,12.6,10.0,1,0.0,9,2017
2017,9,Austrian Grand Prix,red_bull_ring,2017-07-09,ericsson,ERI,sauber,15,19,+2 Laps,19.0,0.0,22.0,0.0,2.0,10.0,0.0,13.4,15.1,0.4,12.6,15.333333333333334,3,0.0,9,2017
2017,9,Austrian Grand Prix,red_bull_ring,2017-07-09,kvyat,KVY,toro_rosso,16,14,+3 Laps,14.0,25.0,14.0,0.0,63.0,7.0,0.0,14.2,14.1,0.5,9.6,18.666666666666668,3,0.0,9,2017
2017,9,Austrian Grand Prix,red_bull_ring,2017-07-09,sainz,SAI,toro_rosso,17,10,Engine,10.0,46.0,12.0,0.0,63.0,7.0,0.0,10.2,10.6,0.3,9.6,12.0,2,0.0,9,2017
2017,9,Austrian Grand Prix,red_bull_ring,2017-07-09,kevin_magnussen,MAG,haas,18,15,Hydraulics,15.0,7.0,16.0,0.0,29.0,8.0,0.0,11.2,13.4,0.3,9.6,10.5,2,0.0,9,2017
2017,9,Austrian Grand Prix,red_bull_ring,2017-07-09,alonso,ALO,mclaren,19,12,Collision damage,12.0,54.0,10.0,0.0,76.0,6.0,0.0,14.2,13.4,0.5,13.0,14.333333333333334,3,0.0,9,2017
2017,9,Austrian Grand Prix,red_bull_ring,2017-07-09,max_verstappen,VER,red_bull,20,5,Collision damage,5.0,204.0,5.0,1.0,468.0,2.0,2.0,13.0,9.8,0.4,3.0,5.0,2,0.5,9,2017
2017,10,British Grand Prix,silverstone,2017-07-16,hamilton,HAM,mercedes,1,1,Finished,1.0,380.0,2.0,10.0,765.0,1.0,19.0,3.6,2.8,0.0,1.8,3.0,7,0.5714285714285714,10,2017
2017,10,British Grand Prix,silverstone,2017-07-16,bottas,BOT,mercedes,2,9,Finished,9.0,85.0,8.0,0.0,765.0,1.0,19.0,5.2,6.0,0.2,1.8,8.25,4,0.25,10,2017
2017,10,British Grand Prix,silverstone,2017-07-16,raikkonen,RAI,ferrari,3,2,Finished,2.0,186.0,6.0,0.0,398.0,3.0,0.0,9.6,7.0,0.2,2.6,9.0,5,0.0,10,2017
2017,10,British Grand Prix,silverstone,2017-07-16,max_verstappen,VER,red_bull,4,4,Finished,4.0,204.0,5.0,1.0,468.0,2.0,2.0,16.0,11.5,0.5,2.6,9.0,2,0.5,10,2017
2017,10,British Grand Prix,silverstone,2017-07-16,ricciardo,RIC,red_bull,5,19,Finished,19.0,256.0,3.0,1.0,468.0,2.0,2.0,2.6,6.1,0.2,2.6,10.333333333333334,6,0.16666666666666666,10,2017
2017,10,British Grand Prix,silverstone,2017-07-16,hulkenberg,HUL,renault,6,5,Finished,5.0,72.0,9.0,0.0,8.0,9.0,0.0,12.8,11.1,0.2,10.6,9.0,6,0.0,10,2017
2017,10,British Grand Prix,silverstone,2017-07-16,vettel,VET,ferrari,7,3,Finished,3.0,212.0,4.0,0.0,398.0,3.0,0.0,2.6,2.2,0.0,2.6,7.142857142857143,7,0.42857142857142855,10,2017
2017,10,British Grand Prix,silverstone,2017-07-16,ocon,OCO,force_india,8,7,+1 Lap,7.0,0.0,23.0,0.0,173.0,4.0,0.0,7.4,8.7,0.0,6.8,11.0,0,0.0,10,2017
2017,10,British Grand Prix,silverstone,2017-07-16,perez,PER,force_india,9,6,+1 Lap,6.0,101.0,7.0,0.0,173.0,4.0,0.0,8.8,8.1,0.1,6.8,12.5,6,0.0,10,2017
2017,10,British Grand Prix,silverstone,2017-07-16,massa,MAS,williams,10,14,+1 Lap,14.0,53.0,11.0,0.0,138.0,5.0,0.0,13.2,11.0,0.2,8.6,9.428571428571429,7,0.0,10,2017
2017,10,British Grand Prix,silverstone,2017-07-16,vandoorne,VAN,mclaren,11,8,+1 Lap,8.0,1.0,20.0,0.0,76.0,6.0,0.0,14.4,14.7,0.4,12.6,11.0,0,0.0,10,2017
2017,10,British Grand Prix,silverstone,2017-07-16,kevin_magnussen,MAG,haas,12,16,+1 Lap,16.0,7.0,16.0,0.0,29.0,8.0,0.0,12.2,13.8,0.4,8.2,12.0,2,0.0,10,2017
2017,10,British Grand Prix,silverstone,2017-07-16,grosjean,GRO,haas,13,10,+1 Lap,10.0,29.0,13.0,0.0,29.0,8.0,0.0,9.4,11.6,0.2,8.2,14.8,5,0.0,10,2017
2017,10,British Grand Prix,silverstone,2017-07-16,ericsson,ERI,sauber,14,18,+1 Lap,18.0,0.0,22.0,0.0,2.0,10.0,0.0,13.4,14.5,0.3,12.4,17.0,3,0.0,10,2017
2017,10,British Grand Prix,silverstone,2017-07-16,kvyat,KVY,toro_rosso,15,12,+1 Lap,12.0,25.0,14.0,0.0,63.0,7.0,0.0,15.0,14.4,0.5,10.8,8.333333333333334,3,0.0,10,2017
2017,10,British Grand Prix,silverstone,2017-07-16,stroll,STR,williams,16,15,+1 Lap,15.0,0.0,20.0,0.0,138.0,5.0,0.0,10.6,13.0,0.4444444444444444,8.6,11.0,0,0.0,10,2017
2017,10,British Grand Prix,silverstone,2017-07-16,wehrlein,WEH,sauber,17,17,+1 Lap,17.0,1.0,19.0,0.0,2.0,10.0,0.0,13.2,14.4,0.2,12.4,22.0,1,0.0,10,2017
2017,10,British Grand Prix,silverstone,2017-07-16,alonso,ALO,mclaren,18,20,Power Unit,20.0,54.0,10.0,0.0,76.0,6.0,0.0,15.2,14.0,0.6,12.6,7.0,7,0.42857142857142855,10,2017
2017,10,British Grand Prix,silverstone,2017-07-16,sainz,SAI,toro_rosso,19,13,Collision damage,13.0,46.0,12.0,0.0,63.0,7.0,0.0,11.6,11.7,0.4,10.8,11.0,2,0.0,10,2017
2017,10,British Grand Prix,silverstone,2017-07-16,jolyon_palmer,PAL,renault,20,11,Hydraulics,11.0,1.0,18.0,0.0,8.0,9.0,0.0,13.6,14.8,0.3,10.6,18.0,1,0.0,10,2017
2017,11,Hungarian Grand Prix,hungaroring,2017-07-30,vettel,VET,ferrari,1,1,Finished,1.0,212.0,4.0,0.0,398.0,3.0,0.0,3.6,2.6,0.0,2.8,3.4285714285714284,7,0.5714285714285714,11,2017
2017,11,Hungarian Grand Prix,hungaroring,2017-07-30,raikkonen,RAI,ferrari,2,2,Finished,2.0,186.0,6.0,0.0,398.0,3.0,0.0,6.2,6.7,0.2,2.8,6.8,5,0.4,11,2017
2017,11,Hungarian Grand Prix,hungaroring,2017-07-30,bottas,BOT,mercedes,3,3,Finished,3.0,85.0,8.0,0.0,765.0,1.0,19.0,2.2,4.1,0.1,1.8,12.5,4,0.0,11,2017
2017,11,Hungarian Grand Prix,hungaroring,2017-07-30,hamilton,HAM,mercedes,4,4,Finished,4.0,380.0,2.0,10.0,765.0,1.0,19.0,3.6,2.8,0.0,1.8,5.142857142857143,7,0.5714285714285714,11,2017
2017,11,Hungarian Grand Prix,hungaroring,2017-07-30,max_verstappen,VER,red_bull,5,5,Finished,5.0,204.0,5.0,1.0,468.0,2.0,2.0,13.0,11.5,0.5,2.8,4.5,2,0.0,11,2017
2017,11,Hungarian Grand Prix,hungaroring,2017-07-30,alonso,ALO,mclaren,6,7,Finished,7.0,54.0,10.0,0.0,76.0,6.0,0.0,14.8,14.8,0.7,12.4,4.142857142857143,7,0.42857142857142855,11,2017
2017,11,Hungarian Grand Prix,hungaroring,2017-07-30,sainz,SAI,toro_rosso,7,9,+1 Lap,9.0,46.0,12.0,0.0,63.0,7.0,0.0,14.0,11.8,0.4,12.4,12.5,2,0.0,11,2017
2017,11,Hungarian Grand Prix,hungaroring,2017-07-30,perez,PER,force_india,8,13,+1 Lap,13.0,101.0,7.0,0.0,173.0,4.0,0.0,9.8,8.2,0.1,7.6,14.5,6,0.0,11,2017
2017,11,Hungarian Grand Prix,hungaroring,2017-07-30,ocon,OCO,force_india,9,11,+1 Lap,11.0,0.0,23.0,0.0,173.0,4.0,0.0,8.0,8.2,0.0,7.6,11.0,0,0.0,11,2017
2017,11,Hungarian Grand Prix,hungaroring,2017-07-30,vandoorne,VAN,mclaren,10,8,+1 Lap,8.0,1.0,20.0,0.0,76.0,6.0,0.0,13.0,14.8,0.4,12.4,11.0,0,0.0,11,2017
2017,11,Hungarian Grand Prix,hungaroring,2017-07-30,kvyat,KVY,toro_rosso,11,16,+1 Lap,16.0,25.0,14.0,0.0,63.0,7.0,0.0,16.2,14.0,0.4,12.4,10.666666666666666,3,0.3333333333333333,11,2017
2017,11,Hungarian Grand Prix,hungaroring,2017-07-30,jolyon_palmer,PAL,renault,12,10,+1 Lap,10.0,1.0,18.0,0.0,8.0,9.0,0.0,14.6,15.1,0.4,10.6,12.0,1,0.0,11,2017
2017,11,Hungarian Grand Prix,hungaroring,2017-07-30,kevin_magnussen,MAG,haas,13,15,+1 Lap,15.0,7.0,16.0,0.0,29.0,8.0,0.0,11.8,12.8,0.3,8.6,13.5,2,0.0,11,2017
2017,11,Hungarian Grand Prix,hungaroring,2017-07-30,stroll,STR,williams,14,17,+1 Lap,17.0,0.0,20.0,0.0,138.0,5.0,0.0,10.6,13.3,0.4,8.0,11.0,0,0.0,11,2017
2017,11,Hungarian Grand Prix,hungaroring,2017-07-30,wehrlein,WEH,sauber,15,18,+2 Laps,18.0,1.0,19.0,0.0,2.0,10.0,0.0,15.0,13.9,0.1,13.6,19.0,1,0.0,11,2017
2017,11,Hungarian Grand Prix,hungaroring,2017-07-30,ericsson,ERI,sauber,16,20,+2 Laps,20.0,0.0,22.0,0.0,2.0,10.0,0.0,14.0,14.4,0.3,13.6,17.333333333333332,3,0.0,11,2017
2017,11,Hungarian Grand Prix,hungaroring,2017-07-30,hulkenberg,HUL,renault,17,12,Brakes,12.0,72.0,9.0,0.0,8.0,9.0,0.0,12.8,11.0,0.2,10.6,13.0,6,0.0,11,2017
2017,11,Hungarian Grand Prix,hungaroring,2017-07-30,resta,DIR,williams,18,19,Oil leak,19.0,0.0,20.0,0.0,138.0,5.0,0.0,10.4,15.4,0.5,8.0,12.333333333333334,3,0.0,11,2017
2017,11,Hungarian Grand Prix,hungaroring,2017-07-30,grosjean,GRO,haas,19,14,Wheel nut,14.0,29.0,13.0,0.0,29.0,8.0,0.0,10.0,11.8,0.2,8.6,10.2,5,0.2,11,2017
2017,11,Hungarian Grand Prix,hungaroring,2017-07-30,ricciardo,RIC,red_bull,20,6,Collision,6.0,256.0,3.0,1.0,468.0,2.0,2.0,3.0,6.1,0.2,2.8,8.833333333333334,6,0.5,11,2017
2017,12,Belgian Grand Prix,spa,2017-08-27,hamilton,HAM,mercedes,1,1,Finished,1.0,380.0,2.0,10.0,765.0,1.0,19.0,3.0,3.0,0.0,1.6,10.285714285714286,7,0.5714285714285714,12,2017
2017,12,Belgian Grand Prix,spa,2017-08-27,vettel,VET,ferrari,2,2,Finished,2.0,212.0,4.0,0.0,398.0,3.0,0.0,3.6,2.6,0.0,2.8,6.0,7,0.42857142857142855,12,2017
2017,12,Belgian Grand Prix,spa,2017-08-27,ricciardo,RIC,red_bull,3,6,Finished,6.0,256.0,3.0,1.0,468.0,2.0,2.0,6.4,6.4,0.2,3.2,10.166666666666666,6,0.3333333333333333,12,2017
2017,12,Belgian Grand Prix,spa,2017-08-27,raikkonen,RAI,ferrari,4,4,Finished,4.0,186.0,6.0,0.0,398.0,3.0,0.0,6.2,6.5,0.2,2.8,8.8,5,0.2,12,2017
2017,12,Belgian Grand Prix,spa,2017-08-27,bottas,BOT,mercedes,5,3,Finished,3.0,85.0,8.0,0.0,765.0,1.0,19.0,2.0,4.1,0.1,1.6,8.75,4,0.25,12,2017
2017,12,Belgian Grand Prix,spa,2017-08-27,hulkenberg,HUL,renault,6,7,Finished,7.0,72.0,9.0,0.0,8.0,9.0,0.0,12.2,11.6,0.3,10.8,10.833333333333334,6,0.0,12,2017
2017,12,Belgian Grand Prix,spa,2017-08-27,grosjean,GRO,haas,7,11,Finished,11.0,29.0,13.0,0.0,29.0,8.0,0.0,12.2,11.7,0.2,9.6,13.6,5,0.2,12,2017
2017,12,Belgian Grand Prix,spa,2017-08-27,massa,MAS,williams,8,16,Finished,16.0,53.0,11.0,0.0,138.0,5.0,0.0,12.6,11.1,0.2,9.0,7.571428571428571,7,0.0,12,2017
2017,12,Belgian Grand Prix,spa,2017-08-27,ocon,OCO,force_india,9,9,Finished,9.0,0.0,23.0,0.0,173.0,4.0,0.0,7.4,8.1,0.0,6.8,16.0,1,0.0,12,2017
2017,12,Belgian Grand Prix,spa,2017-08-27,sainz,SAI,toro_rosso,10,13,Finished,13.0,46.0,12.0,0.0,63.0,7.0,0.0,14.2,11.7,0.4,12.6,18.5,2,0.0,12,2017
2017,12,Belgian Grand Prix,spa,2017-08-27,stroll,STR,williams,11,15,Finished,15.0,0.0,20.0,0.0,138.0,5.0,0.0,10.4,13.1,0.3,9.0,11.0,0,0.0,12,2017
2017,12,Belgian Grand Prix,spa,2017-08-27,kvyat,KVY,toro_rosso,12,19,Finished,19.0,25.0,14.0,0.0,63.0,7.0,0.0,15.6,14.2,0.4,12.6,9.0,3,0.0,12,2017
2017,12,Belgian Grand Prix,spa,2017-08-27,jolyon_palmer,PAL,renault,13,14,Finished,14.0,1.0,18.0,0.0,8.0,9.0,0.0,14.8,14.4,0.3,10.8,15.0,1,0.0,12,2017
2017,12,Belgian Grand Prix,spa,2017-08-27,vandoorne,VAN,mclaren,14,20,Finished,20.0,1.0,20.0,0.0,76.0,6.0,0.0,11.8,14.5,0.4,10.4,11.0,0,0.0,12,2017
2017,12,Belgian Grand Prix,spa,2017-08-27,kevin_magnussen,MAG,haas,15,12,Finished,12.0,7.0,16.0,0.0,29.0,8.0,0.0,12.4,12.6,0.2,9.6,15.0,2,0.0,12,2017
2017,12,Belgian Grand Prix,spa,2017-08-27,ericsson,ERI,sauber,16,17,Finished,17.0,0.0,22.0,0.0,2.0,10.0,0.0,13.8,14.2,0.2,13.2,15.333333333333334,3,0.0,12,2017
2017,12,Belgian Grand Prix,spa,2017-08-27,perez,PER,force_india,17,8,Gearbox,8.0,101.0,7.0,0.0,173.0,4.0,0.0,8.8,8.3,0.1,6.8,11.666666666666666,6,0.0,12,2017
2017,12,Belgian Grand Prix,spa,2017-08-27,alonso,ALO,mclaren,18,10,Engine,10.0,54.0,10.0,0.0,76.0,6.0,0.0,13.6,14.4,0.7,10.4,10.857142857142858,7,0.14285714285714285,12,2017
2017,12,Belgian Grand Prix,spa,2017-08-27,max_verstappen,VER,red_bull,19,5,Engine,5.0,204.0,5.0,1.0,468.0,2.0,2.0,13.0,11.5,0.5,3.2,9.5,2,0.0,12,2017
2017,12,Belgian Grand Prix,spa,2017-08-27,wehrlein,WEH,sauber,20,18,Collision,18.0,1.0,19.0,0.0,2.0,10.0,0.0,14.2,13.9,0.1,13.2,22.0,1,0.0,12,2017
2017,13,Italian Grand Prix,monza,2017-09-03,hamilton,HAM,mercedes,1,1,Finished,1.0,380.0,2.0,10.0,765.0,1.0,19.0,3.0,3.0,0.0,1.6,5.857142857142857,7,0.5714285714285714,13,2017
2017,13,Italian Grand Prix,monza,2017-09-03,bottas,BOT,mercedes,2,4,Finished,4.0,85.0,8.0,0.0,765.0,1.0,19.0,2.6,4.0,0.1,1.6,7.25,4,0.0,13,2017
2017,13,Italian Grand Prix,monza,2017-09-03,vettel,VET,ferrari,3,6,Finished,6.0,212.0,4.0,0.0,398.0,3.0,0.0,3.2,2.6,0.0,2.4,5.571428571428571,7,0.5714285714285714,13,2017
2017,13,Italian Grand Prix,monza,2017-09-03,ricciardo,RIC,red_bull,4,16,Finished,16.0,256.0,3.0,1.0,468.0,2.0,2.0,6.4,6.3,0.2,3.2,8.833333333333334,6,0.0,13,2017
2017,13,Italian Grand Prix,monza,2017-09-03,raikkonen,RAI,ferrari,5,5,Finished,5.0,186.0,6.0,0.0,398.0,3.0,0.0,5.6,6.4,0.2,2.4,6.8,5,0.0,13,2017
2017,13,Italian Grand Prix,monza,2017-09-03,ocon,OCO,force_india,6,3,Finished,3.0,0.0,23.0,0.0,173.0,4.0,0.0,8.0,8.0,0.0,7.6,18.0,1,0.0,13,2017
2017,13,Italian Grand Prix,monza,2017-09-03,stroll,STR,williams,7,2,Finished,2.0,0.0,20.0,0.0,138.0,5.0,0.0,10.8,12.2,0.2,8.8,11.0,0,0.0,13,2017
2017,13,Italian Grand Prix,monza,2017-09-03,massa,MAS,williams,8,7,Finished,7.0,53.0,11.0,0.0,138.0,5.0,0.0,12.4,11.3,0.2,8.8,4.571428571428571,7,0.42857142857142855,13,2017
2017,13,Italian Grand Prix,monza,2017-09-03,perez,PER,force_india,9,10,Finished,10.0,101.0,7.0,0.0,173.0,4.0,0.0,11.2,9.1,0.2,7.6,8.666666666666666,6,0.16666666666666666,13,2017
2017,13,Italian Grand Prix,monza,2017-09-03,max_verstappen,VER,red_bull,10,13,+1 Lap,13.0,204.0,5.0,1.0,468.0,2.0,2.0,13.2,13.1,0.6,3.2,9.5,2,0.0,13,2017
2017,13,Italian Grand Prix,monza,2017-09-03,kevin_magnussen,MAG,haas,11,9,+1 Lap,9.0,7.0,16.0,0.0,29.0,8.0,0.0,13.0,13.3,0.2,9.0,13.5,2,0.0,13,2017
2017,13,Italian Grand Prix,monza,2017-09-03,kvyat,KVY,toro_rosso,12,8,+1 Lap,8.0,25.0,14.0,0.0,63.0,7.0,0.0,14.6,13.7,0.3,11.2,13.333333333333334,3,0.0,13,2017
2017,13,Italian Grand Prix,monza,2017-09-03,hulkenberg,HUL,renault,13,14,+1 Lap,14.0,72.0,9.0,0.0,8.0,9.0,0.0,11.8,11.0,0.3,10.4,10.333333333333334,6,0.0,13,2017
2017,13,Italian Grand Prix,monza,2017-09-03,sainz,SAI,toro_rosso,14,15,+1 Lap,15.0,46.0,12.0,0.0,63.0,7.0,0.0,12.2,12.0,0.4,11.2,13.0,2,0.0,13,2017
2017,13,Italian Grand Prix,monza,2017-09-03,grosjean,GRO,haas,15,20,+1 Lap,20.0,29.0,13.0,0.0,29.0,8.0,0.0,11.6,11.3,0.2,9.0,13.5,4,0.0,13,2017
2017,13,Italian Grand Prix,monza,2017-09-03,wehrlein,WEH,sauber,16,12,+2 Laps,12.0,1.0,19.0,0.0,2.0,10.0,0.0,15.2,14.5,0.2,13.8,20.0,1,0.0,13,2017
2017,13,Italian Grand Prix,monza,2017-09-03,alonso,ALO,mclaren,17,19,Gearbox,19.0,54.0,10.0,0.0,76.0,6.0,0.0,14.0,14.8,0.7,10.4,8.857142857142858,7,0.5714285714285714,13,2017
2017,13,Italian Grand Prix,monza,2017-09-03,ericsson,ERI,sauber,18,11,Gearbox,11.0,0.0,22.0,0.0,2.0,10.0,0.0,14.4,14.3,0.2,13.8,15.0,3,0.0,13,2017
2017,13,Italian Grand Prix,monza,2017-09-03,vandoorne,VAN,mclaren,19,18,Engine,18.0,1.0,20.0,0.0,76.0,6.0,0.0,11.8,14.1,0.3,10.4,11.0,0,0.0,13,2017
2017,13,Italian Grand Prix,monza,2017-09-03,jolyon_palmer,PAL,renault,20,17,Engine,17.0,1.0,18.0,0.0,8.0,9.0,0.0,15.2,14.4,0.3,10.4,21.0,1,0.0,13,2017
2017,14,Singapore Grand Prix,marina_bay,2017-09-17,hamilton,HAM,mercedes,1,5,Finished,5.0,380.0,2.0,10.0,765.0,1.0,19.0,2.2,2.9,0.0,1.4,10.714285714285714,7,0.2857142857142857,14,2017
2017,14,Singapore Grand Prix,marina_bay,2017-09-17,ricciardo,RIC,red_bull,2,3,Finished,3.0,256.0,3.0,1.0,468.0,2.0,2.0,7.0,6.2,0.2,3.8,9.5,6,0.5,14,2017
2017,14,Singapore Grand Prix,marina_bay,2017-09-17,bottas,BOT,mercedes,3,6,Finished,6.0,85.0,8.0,0.0,765.0,1.0,19.0,2.6,3.9,0.1,1.4,12.25,4,0.0,14,2017
2017,14,Singapore Grand Prix,marina_bay,2017-09-17,sainz,SAI,toro_rosso,4,10,Finished,10.0,46.0,12.0,0.0,63.0,7.0,0.0,13.4,11.8,0.3,12.0,11.5,2,0.0,14,2017
2017,14,Singapore Grand Prix,marina_bay,2017-09-17,perez,PER,force_india,5,12,Finished,12.0,101.0,7.0,0.0,173.0,4.0,0.0,10.0,9.3,0.2,7.6,8.333333333333334,6,0.0,14,2017
2017,14,Singapore Grand Prix,marina_bay,2017-09-17,jolyon_palmer,PAL,renault,6,11,Finished,11.0,1.0,18.0,0.0,8.0,9.0,0.0,15.2,15.1,0.4,9.6,15.0,1,0.0,14,2017
2017,14,Singapore Grand Prix,marina_bay,2017-09-17,vandoorne,VAN,mclaren,7,9,Finished,9.0,1.0,20.0,0.0,76.0,6.0,0.0,13.2,14.0,0.3,12.0,11.0,0,0.0,14,2017
2017,14,Singapore Grand Prix,marina_bay,2017-09-17,stroll,STR,williams,8,18,Finished,18.0,0.0,20.0,0.0,138.0,5.0,0.0,11.6,11.2,0.1,9.6,11.0,0,0.0,14,2017
2017,14,Singapore Grand Prix,marina_bay,2017-09-17,grosjean,GRO,haas,9,15,Finished,15.0,29.0,13.0,0.0,29.0,8.0,0.0,12.0,12.0,0.2,9.8,15.2,5,0.0,14,2017
2017,14,Singapore Grand Prix,marina_bay,2017-09-17,ocon,OCO,force_india,10,14,Finished,14.0,0.0,23.0,0.0,173.0,4.0,0.0,8.0,7.6,0.0,7.6,18.0,1,0.0,14,2017
2017,14,Singapore Grand Prix,marina_bay,2017-09-17,massa,MAS,williams,11,17,Finished,17.0,53.0,11.0,0.0,138.0,5.0,0.0,10.2,10.7,0.2,9.6,9.571428571428571,7,0.0,14,2017
2017,14,Singapore Grand Prix,marina_bay,2017-09-17,wehrlein,WEH,sauber,12,19,+2 Laps,19.0,1.0,19.0,0.0,2.0,10.0,0.0,16.4,15.0,0.2,15.0,16.0,1,0.0,14,2017
2017,14,Singapore Grand Prix,marina_bay,2017-09-17,kevin_magnussen,MAG,haas,13,16,Engine,16.0,7.0,16.0,0.0,29.0,8.0,0.0,13.8,12.5,0.1,9.8,10.0,2,0.0,14,2017
2017,14,Singapore Grand Prix,marina_bay,2017-09-17,hulkenberg,HUL,renault,14,7,Engine,7.0,72.0,9.0,0.0,8.0,9.0,0.0,11.0,11.4,0.3,9.6,13.833333333333334,6,0.0,14,2017
2017,14,Singapore Grand Prix,marina_bay,2017-09-17,ericsson,ERI,sauber,15,20,Accident,20.0,0.0,22.0,0.0,2.0,10.0,0.0,15.8,14.6,0.2,15.0,14.333333333333334,3,0.0,14,2017
2017,14,Singapore Grand Prix,marina_bay,2017-09-17,kvyat,KVY,toro_rosso,16,13,Accident,13.0,25.0,14.0,0.0,63.0,7.0,0.0,13.2,13.7,0.3,12.0,9.666666666666666,3,0.0,14,2017
2017,14,Singapore Grand Prix,marina_bay,2017-09-17,alonso,ALO,mclaren,17,8,Collision damage,8.0,54.0,10.0,0.0,76.0,6.0,0.0,15.6,14.9,0.7,12.0,5.428571428571429,7,0.42857142857142855,14,2017
2017,14,Singapore Grand Prix,marina_bay,2017-09-17,vettel,VET,ferrari,18,1,Accident,1.0,212.0,4.0,0.0,398.0,3.0,0.0,3.0,2.8,0.0,2.2,1.8571428571428572,7,0.8571428571428571,14,2017
2017,14,Singapore Grand Prix,marina_bay,2017-09-17,max_verstappen,VER,red_bull,19,2,Accident,2.0,204.0,5.0,1.0,468.0,2.0,2.0,11.6,12.3,0.5,3.8,7.0,2,0.0,14,2017
2017,14,Singapore Grand Prix,marina_bay,2017-09-17,raikkonen,RAI,ferrari,20,4,Accident,4.0,186.0,6.0,0.0,398.0,3.0,0.0,3.8,6.5,0.2,2.2,4.8,5,0.4,14,2017
2017,15,Malaysian Grand Prix,sepang,2017-10-01,max_verstappen,VER,red_bull,1,3,Finished,3.0,204.0,5.0,1.0,468.0,2.0,2.0,11.4,13.7,0.6,3.6,4.5,2,0.5,15,2017
2017,15,Malaysian Grand Prix,sepang,2017-10-01,hamilton,HAM,mercedes,2,1,Finished,1.0,380.0,2.0,10.0,765.0,1.0,19.0,1.6,2.6,0.0,1.4,5.857142857142857,7,0.5714285714285714,15,2017
2017,15,Malaysian Grand Prix,sepang,2017-10-01,ricciardo,RIC,red_bull,3,4,Finished,4.0,256.0,3.0,1.0,468.0,2.0,2.0,6.8,4.7,0.1,3.6,11.4,5,0.2,15,2017
2017,15,Malaysian Grand Prix,sepang,2017-10-01,vettel,VET,ferrari,4,20,Finished,20.0,212.0,4.0,0.0,398.0,3.0,0.0,6.2,4.4,0.1,5.4,5.714285714285714,7,0.7142857142857143,15,2017
2017,15,Malaysian Grand Prix,sepang,2017-10-01,bottas,BOT,mercedes,5,5,Finished,5.0,85.0,8.0,0.0,765.0,1.0,19.0,3.0,4.1,0.1,1.4,7.25,4,0.0,15,2017
2017,15,Malaysian Grand Prix,sepang,2017-10-01,perez,PER,force_india,6,9,Finished,9.0,101.0,7.0,0.0,173.0,4.0,0.0,9.6,9.2,0.2,7.2,12.166666666666666,6,0.16666666666666666,15,2017
2017,15,Malaysian Grand Prix,sepang,2017-10-01,vandoorne,VAN,mclaren,7,7,+1 Lap,7.0,1.0,20.0,0.0,76.0,6.0,0.0,12.2,13.3,0.3,11.0,11.0,0,0.0,15,2017
2017,15,Malaysian Grand Prix,sepang,2017-10-01,stroll,STR,williams,8,13,+1 Lap,13.0,0.0,20.0,0.0,138.0,5.0,0.0,11.2,10.9,0.1,9.4,11.0,0,0.0,15,2017
2017,15,Malaysian Grand Prix,sepang,2017-10-01,massa,MAS,williams,9,11,+1 Lap,11.0,53.0,11.0,0.0,138.0,5.0,0.0,9.2,11.2,0.2,9.4,8.285714285714286,7,0.0,15,2017
2017,15,Malaysian Grand Prix,sepang,2017-10-01,ocon,OCO,force_india,10,6,+1 Lap,6.0,0.0,23.0,0.0,173.0,4.0,0.0,8.4,7.9,0.0,7.2,16.0,1,0.0,15,2017
2017,15,Malaysian Grand Prix,sepang,2017-10-01,alonso,ALO,mclaren,11,10,+1 Lap,10.0,54.0,10.0,0.0,76.0,6.0,0.0,15.2,15.2,0.7,11.0,10.142857142857142,7,0.14285714285714285,15,2017
2017,15,Malaysian Grand Prix,sepang,2017-10-01,kevin_magnussen,MAG,haas,12,17,+1 Lap,17.0,7.0,16.0,0.0,29.0,8.0,0.0,12.8,12.5,0.2,10.4,14.5,2,0.0,15,2017
2017,15,Malaysian Grand Prix,sepang,2017-10-01,grosjean,GRO,haas,13,16,+1 Lap,16.0,29.0,13.0,0.0,29.0,8.0,0.0,12.6,11.0,0.1,10.4,14.6,5,0.0,15,2017
2017,15,Malaysian Grand Prix,sepang,2017-10-01,gasly,GAS,toro_rosso,14,15,+1 Lap,15.0,0.0,20.0,0.0,63.0,7.0,0.0,11.0,11.0,0.1,9.6,11.0,0,0.0,15,2017
2017,15,Malaysian Grand Prix,sepang,2017-10-01,jolyon_palmer,PAL,renault,15,12,+1 Lap,12.0,1.0,18.0,0.0,8.0,9.0,0.0,14.2,13.9,0.3,8.6,10.0,1,0.0,15,2017
2017,15,Malaysian Grand Prix,sepang,2017-10-01,hulkenberg,HUL,renault,16,8,+1 Lap,8.0,72.0,9.0,0.0,8.0,9.0,0.0,11.2,12.0,0.4,8.6,9.0,6,0.0,15,2017
2017,15,Malaysian Grand Prix,sepang,2017-10-01,wehrlein,WEH,sauber,17,18,+1 Lap,18.0,1.0,19.0,0.0,2.0,10.0,0.0,16.0,14.6,0.2,14.6,15.0,1,0.0,15,2017
2017,15,Malaysian Grand Prix,sepang,2017-10-01,ericsson,ERI,sauber,18,19,+2 Laps,19.0,0.0,22.0,0.0,2.0,10.0,0.0,15.8,14.6,0.3,14.6,15.0,3,0.0,15,2017
2017,15,Malaysian Grand Prix,sepang,2017-10-01,sainz,SAI,toro_rosso,19,14,Engine,14.0,46.0,12.0,0.0,63.0,7.0,0.0,10.8,11.2,0.3,9.6,9.5,2,0.0,15,2017
2017,15,Malaysian Grand Prix,sepang,2017-10-01,raikkonen,RAI,ferrari,20,0,Battery,0.0,186.0,6.0,0.0,398.0,3.0,0.0,6.8,8.2,0.3,5.4,6.4,5,0.0,15,2017
2017,16,Japanese Grand Prix,suzuka,2017-10-08,hamilton,HAM,mercedes,1,1,Finished,1.0,380.0,2.0,10.0,765.0,1.0,19.0,1.8,2.7,0.0,1.6,5.714285714285714,7,0.42857142857142855,16,2017
2017,16,Japanese Grand Prix,suzuka,2017-10-08,max_verstappen,VER,red_bull,2,4,Finished,4.0,204.0,5.0,1.0,468.0,2.0,2.0,10.8,11.9,0.5,3.0,5.5,2,0.5,16,2017
2017,16,Japanese Grand Prix,suzuka,2017-10-08,ricciardo,RIC,red_bull,3,3,Finished,3.0,256.0,3.0,1.0,468.0,2.0,2.0,6.4,4.7,0.1,3.0,11.666666666666666,6,0.0,16,2017
2017,16,Japanese Grand Prix,suzuka,2017-10-08,bottas,BOT,mercedes,4,6,Finished,6.0,85.0,8.0,0.0,765.0,1.0,19.0,3.6,2.9,0.0,1.6,9.5,4,0.0,16,2017
2017,16,Japanese Grand Prix,suzuka,2017-10-08,raikkonen,RAI,ferrari,5,10,Finished,10.0,186.0,6.0,0.0,398.0,3.0,0.0,10.2,8.2,0.3,5.6,6.4,5,0.0,16,2017
2017,16,Japanese Grand Prix,suzuka,2017-10-08,ocon,OCO,force_india,6,5,Finished,5.0,0.0,23.0,0.0,173.0,4.0,0.0,8.8,8.4,0.0,6.8,21.0,1,0.0,16,2017
2017,16,Japanese Grand Prix,suzuka,2017-10-08,perez,PER,force_india,7,7,Finished,7.0,101.0,7.0,0.0,173.0,4.0,0.0,9.0,9.4,0.2,6.8,12.333333333333334,6,0.0,16,2017
2017,16,Japanese Grand Prix,suzuka,2017-10-08,kevin_magnussen,MAG,haas,8,12,Finished,12.0,7.0,16.0,0.0,29.0,8.0,0.0,12.8,12.3,0.2,10.4,14.0,2,0.0,16,2017
2017,16,Japanese Grand Prix,suzuka,2017-10-08,grosjean,GRO,haas,9,13,Finished,13.0,29.0,13.0,0.0,29.0,8.0,0.0,12.6,11.3,0.1,10.4,11.0,5,0.2,16,2017
2017,16,Japanese Grand Prix,suzuka,2017-10-08,massa,MAS,williams,10,8,+1 Lap,8.0,53.0,11.0,0.0,138.0,5.0,0.0,9.2,11.2,0.2,9.0,10.428571428571429,7,0.14285714285714285,16,2017
2017,16,Japanese Grand Prix,suzuka,2017-10-08,alonso,ALO,mclaren,11,20,+1 Lap,20.0,54.0,10.0,0.0,76.0,6.0,0.0,13.8,14.3,0.6,10.2,11.571428571428571,7,0.2857142857142857,16,2017
2017,16,Japanese Grand Prix,suzuka,2017-10-08,jolyon_palmer,PAL,renault,12,18,+1 Lap,18.0,1.0,18.0,0.0,8.0,9.0,0.0,13.2,13.9,0.3,10.4,12.0,1,0.0,16,2017
2017,16,Japanese Grand Prix,suzuka,2017-10-08,gasly,GAS,toro_rosso,13,14,+1 Lap,14.0,0.0,20.0,0.0,63.0,7.0,0.0,14.0,14.0,0.0,9.4,11.0,0,0.0,16,2017
2017,16,Japanese Grand Prix,suzuka,2017-10-08,vandoorne,VAN,mclaren,14,9,+1 Lap,9.0,1.0,20.0,0.0,76.0,6.0,0.0,11.4,12.2,0.2,10.2,11.0,0,0.0,16,2017
2017,16,Japanese Grand Prix,suzuka,2017-10-08,wehrlein,WEH,sauber,15,17,+2 Laps,17.0,1.0,19.0,0.0,2.0,10.0,0.0,16.0,15.5,0.2,15.2,22.0,1,0.0,16,2017
2017,16,Japanese Grand Prix,suzuka,2017-10-08,stroll,STR,williams,16,15,Wheel,15.0,0.0,20.0,0.0,138.0,5.0,0.0,9.6,10.1,0.1,9.0,11.0,0,0.0,16,2017
2017,16,Japanese Grand Prix,suzuka,2017-10-08,hulkenberg,HUL,renault,17,11,Front wing,11.0,72.0,9.0,0.0,8.0,9.0,0.0,13.2,13.0,0.4,10.4,9.166666666666666,6,0.0,16,2017
2017,16,Japanese Grand Prix,suzuka,2017-10-08,ericsson,ERI,sauber,18,16,Accident,16.0,0.0,22.0,0.0,2.0,10.0,0.0,16.6,15.3,0.3,15.2,15.333333333333334,3,0.0,16,2017
2017,16,Japanese Grand Prix,suzuka,2017-10-08,vettel,VET,ferrari,19,2,Spark plugs,2.0,212.0,4.0,0.0,398.0,3.0,0.0,5.6,4.6,0.1,5.6,2.2857142857142856,7,0.8571428571428571,16,2017
2017,16,Japanese Grand Prix,suzuka,2017-10-08,sainz,SAI,toro_rosso,20,19,Accident,19.0,46.0,12.0,0.0,63.0,7.0,0.0,10.8,12.4,0.4,9.4,13.5,2,0.0,16,2017
2017,17,United States Grand Prix,americas,2017-10-22,hamilton,HAM,mercedes,1,1,Finished,1.0,380.0,2.0,10.0,765.0,1.0,19.0,1.2,2.1,0.0,1.2,1.6,5,0.8,17,2017
2017,17,United States Grand Prix,americas,2017-10-22,vettel,VET,ferrari,2,2,Finished,2.0,212.0,4.0,0.0,398.0,3.0,0.0,9.2,6.4,0.2,6.4,3.4,5,0.6,17,2017
2017,17,United States Grand Prix,americas,2017-10-22,raikkonen,RAI,ferrari,3,5,Finished,5.0,186.0,6.0,0.0,398.0,3.0,0.0,10.8,8.5,0.3,6.4,13.5,4,0.0,17,2017
2017,17,United States Grand Prix,americas,2017-10-22,max_verstappen,VER,red_bull,4,16,Finished,16.0,204.0,5.0,1.0,468.0,2.0,2.0,10.2,11.6,0.5,2.4,12.0,2,0.0,17,2017
2017,17,United States Grand Prix,americas,2017-10-22,bottas,BOT,mercedes,5,3,Finished,3.0,85.0,8.0,0.0,765.0,1.0,19.0,3.8,2.9,0.0,1.2,12.0,4,0.0,17,2017
2017,17,United States Grand Prix,americas,2017-10-22,ocon,OCO,force_india,6,6,Finished,6.0,0.0,23.0,0.0,173.0,4.0,0.0,8.2,7.8,0.0,6.4,18.0,1,0.0,17,2017
2017,17,United States Grand Prix,americas,2017-10-22,sainz,SAI,renault,7,7,Finished,7.0,46.0,12.0,0.0,8.0,9.0,0.0,13.4,13.8,0.5,10.4,6.5,2,0.0,17,2017
2017,17,United States Grand Prix,americas,2017-10-22,perez,PER,force_india,8,9,+1 Lap,9.0,101.0,7.0,0.0,173.0,4.0,0.0,8.8,8.8,0.2,6.4,9.6,5,0.0,17,2017
2017,17,United States Grand Prix,americas,2017-10-22,massa,MAS,williams,9,10,+1 Lap,10.0,53.0,11.0,0.0,138.0,5.0,0.0,9.2,10.9,0.2,8.2,9.0,5,0.0,17,2017
2017,17,United States Grand Prix,americas,2017-10-22,kvyat,KVY,toro_rosso,10,11,+1 Lap,11.0,25.0,14.0,0.0,63.0,7.0,0.0,13.2,14.1,0.4,10.6,13.0,3,0.0,17,2017
2017,17,United States Grand Prix,americas,2017-10-22,stroll,STR,williams,11,15,+1 Lap,15.0,0.0,20.0,0.0,138.0,5.0,0.0,10.0,10.2,0.1,8.2,11.0,0,0.0,17,2017
2017,17,United States Grand Prix,americas,2017-10-22,vandoorne,VAN,mclaren,12,20,+1 Lap,20.0,1.0,20.0,0.0,76.0,6.0,0.0,12.2,12.0,0.1,11.2,11.0,0,0.0,17,2017
2017,17,United States Grand Prix,americas,2017-10-22,brendon_hartley,HAR,toro_rosso,13,19,+1 Lap,19.0,0.0,20.0,0.0,63.0,7.0,0.0,11.0,11.0,0.1,10.6,11.0,0,0.0,17,2017
2017,17,United States Grand Prix,americas,2017-10-22,grosjean,GRO,haas,14,12,+1 Lap,12.0,29.0,13.0,0.0,29.0,8.0,0.0,10.6,11.4,0.1,9.4,9.6,5,0.2,17,2017
2017,17,United States Grand Prix,americas,2017-10-22,ericsson,ERI,sauber,15,13,+1 Lap,13.0,0.0,22.0,0.0,2.0,10.0,0.0,17.0,15.4,0.3,15.2,14.5,2,0.0,17,2017
2017,17,United States Grand Prix,americas,2017-10-22,kevin_magnussen,MAG,haas,16,17,+1 Lap,17.0,7.0,16.0,0.0,29.0,8.0,0.0,11.8,12.1,0.2,9.4,10.0,2,0.0,17,2017
2017,17,United States Grand Prix,americas,2017-10-22,alonso,ALO,mclaren,17,8,Engine,8.0,54.0,10.0,0.0,76.0,6.0,0.0,14.8,14.2,0.6,11.2,6.0,5,0.2,17,2017
2017,17,United States Grand Prix,americas,2017-10-22,ricciardo,RIC,red_bull,18,4,Engine,4.0,256.0,3.0,1.0,468.0,2.0,2.0,3.0,4.7,0.1,2.4,7.8,5,0.4,17,2017
2017,17,United States Grand Prix,americas,2017-10-22,wehrlein,WEH,sauber,19,14,Collision,14.0,1.0,19.0,0.0,2.0,10.0,0.0,16.0,15.1,0.1,15.2,17.0,1,0.0,17,2017
2017,17,United States Grand Prix,americas,2017-10-22,hulkenberg,HUL,renault,20,18,Engine,18.0,72.0,9.0,0.0,8.0,9.0,0.0,13.2,12.7,0.4,10.4,13.2,5,0.0,17,2017
2017,18,Mexican Grand Prix,rodriguez,2017-10-29,max_verstappen,VER,red_bull,1,2,Finished,2.0,204.0,5.0,1.0,468.0,2.0,2.0,7.2,10.2,0.4,2.6,6.5,2,0.0,18,2017
2017,18,Mexican Grand Prix,rodriguez,2017-10-29,bottas,BOT,mercedes,2,4,Finished,4.0,85.0,8.0,0.0,765.0,1.0,19.0,3.8,3.2,0.0,1.2,5.5,2,0.5,18,2017
2017,18,Mexican Grand Prix,rodriguez,2017-10-29,raikkonen,RAI,ferrari,3,5,Finished,5.0,186.0,6.0,0.0,398.0,3.0,0.0,10.6,8.1,0.3,6.4,12.5,2,0.0,18,2017
2017,18,Mexican Grand Prix,rodriguez,2017-10-29,vettel,VET,ferrari,4,1,Finished,1.0,212.0,4.0,0.0,398.0,3.0,0.0,9.2,6.2,0.2,6.4,11.5,2,0.0,18,2017
2017,18,Mexican Grand Prix,rodriguez,2017-10-29,ocon,OCO,force_india,5,6,+1 Lap,6.0,0.0,23.0,0.0,173.0,4.0,0.0,7.6,7.8,0.0,5.8,21.0,1,0.0,18,2017
2017,18,Mexican Grand Prix,rodriguez,2017-10-29,stroll,STR,williams,6,11,+1 Lap,11.0,0.0,20.0,0.0,138.0,5.0,0.0,10.0,10.4,0.1,8.4,11.0,0,0.0,18,2017
2017,18,Mexican Grand Prix,rodriguez,2017-10-29,perez,PER,force_india,7,9,+1 Lap,9.0,101.0,7.0,0.0,173.0,4.0,0.0,7.0,9.1,0.2,5.8,9.0,2,0.0,18,2017
2017,18,Mexican Grand Prix,rodriguez,2017-10-29,kevin_magnussen,MAG,haas,8,14,+1 Lap,14.0,7.0,16.0,0.0,29.0,8.0,0.0,12.0,12.5,0.2,10.8,17.0,1,0.0,18,2017
2017,18,Mexican Grand Prix,rodriguez,2017-10-29,hamilton,HAM,mercedes,9,3,+1 Lap,3.0,380.0,2.0,10.0,765.0,1.0,19.0,1.2,2.1,0.0,1.2,1.5,2,1.0,18,2017
2017,18,Mexican Grand Prix,rodriguez,2017-10-29,alonso,ALO,mclaren,10,18,+1 Lap,18.0,54.0,10.0,0.0,76.0,6.0,0.0,14.6,14.3,0.6,10.8,16.5,2,0.0,18,2017
2017,18,Mexican Grand Prix,rodriguez,2017-10-29,massa,MAS,williams,11,10,+1 Lap,10.0,53.0,11.0,0.0,138.0,5.0,0.0,9.4,10.9,0.2,8.4,7.5,2,0.0,18,2017
2017,18,Mexican Grand Prix,rodriguez,2017-10-29,vandoorne,VAN,mclaren,12,19,+1 Lap,19.0,1.0,20.0,0.0,76.0,6.0,0.0,11.8,11.8,0.1,10.8,11.0,0,0.0,18,2017
2017,18,Mexican Grand Prix,rodriguez,2017-10-29,gasly,GAS,toro_rosso,13,20,+1 Lap,20.0,0.0,20.0,0.0,63.0,7.0,0.0,13.5,13.5,0.0,10.6,11.0,0,0.0,18,2017
2017,18,Mexican Grand Prix,rodriguez,2017-10-29,wehrlein,WEH,sauber,14,13,+2 Laps,13.0,1.0,19.0,0.0,2.0,10.0,0.0,15.8,15.5,0.2,15.0,22.0,1,0.0,18,2017
2017,18,Mexican Grand Prix,rodriguez,2017-10-29,grosjean,GRO,haas,15,15,+2 Laps,15.0,29.0,13.0,0.0,29.0,8.0,0.0,12.0,11.8,0.1,10.8,15.0,2,0.0,18,2017
2017,18,Mexican Grand Prix,rodriguez,2017-10-29,sainz,SAI,renault,16,8,Engine,8.0,46.0,12.0,0.0,8.0,9.0,0.0,12.8,12.5,0.4,10.6,14.5,2,0.0,18,2017
2017,18,Mexican Grand Prix,rodriguez,2017-10-29,ericsson,ERI,sauber,17,12,Engine,12.0,0.0,22.0,0.0,2.0,10.0,0.0,16.8,15.6,0.3,15.0,11.5,2,0.0,18,2017
2017,18,Mexican Grand Prix,rodriguez,2017-10-29,brendon_hartley,HAR,toro_rosso,18,17,Engine,17.0,0.0,20.0,0.0,63.0,7.0,0.0,13.0,13.0,0.0,10.6,11.0,0,0.0,18,2017
2017,18,Mexican Grand Prix,rodriguez,2017-10-29,hulkenberg,HUL,renault,19,7,Electrical,7.0,72.0,9.0,0.0,8.0,9.0,0.0,16.0,13.9,0.5,10.6,7.0,2,0.0,18,2017
2017,18,Mexican Grand Prix,rodriguez,2017-10-29,ricciardo,RIC,red_bull,20,16,Engine,16.0,256.0,3.0,1.0,468.0,2.0,2.0,6.0,6.2,0.2,2.6,4.0,2,0.5,18,2017
2017,19,Brazilian Grand Prix,interlagos,2017-11-12,vettel,VET,ferrari,1,2,Finished,2.0,212.0,4.0,0.0,398.0,3.0,0.0,9.4,6.2,0.2,6.4,3.2857142857142856,7,0.5714285714285714,19,2017
2017,19,Brazilian Grand Prix,interlagos,2017-11-12,bottas,BOT,mercedes,2,1,Finished,1.0,85.0,8.0,0.0,765.0,1.0,19.0,3.8,3.2,0.0,1.4,11.75,4,0.0,19,2017
2017,19,Brazilian Grand Prix,interlagos,2017-11-12,raikkonen,RAI,ferrari,3,3,Finished,3.0,186.0,6.0,0.0,398.0,3.0,0.0,10.2,7.0,0.2,6.4,10.25,4,0.0,19,2017
2017,19,Brazilian Grand Prix,interlagos,2017-11-12,hamilton,HAM,mercedes,4,20,Finished,20.0,380.0,2.0,10.0,765.0,1.0,19.0,2.8,2.5,0.0,1.4,8.571428571428571,7,0.42857142857142855,19,2017
2017,19,Brazilian Grand Prix,interlagos,2017-11-12,max_verstappen,VER,red_bull,5,4,Finished,4.0,204.0,5.0,1.0,468.0,2.0,2.0,5.4,8.5,0.3,2.0,6.0,2,0.5,19,2017
2017,19,Brazilian Grand Prix,interlagos,2017-11-12,ricciardo,RIC,red_bull,6,14,Finished,14.0,256.0,3.0,1.0,468.0,2.0,2.0,9.2,8.1,0.3,2.0,13.333333333333334,6,0.0,19,2017
2017,19,Brazilian Grand Prix,interlagos,2017-11-12,massa,MAS,williams,7,9,Finished,9.0,53.0,11.0,0.0,138.0,5.0,0.0,10.0,10.1,0.1,8.2,10.142857142857142,7,0.2857142857142857,19,2017
2017,19,Brazilian Grand Prix,interlagos,2017-11-12,alonso,ALO,mclaren,8,6,Finished,6.0,54.0,10.0,0.0,76.0,6.0,0.0,13.2,14.4,0.6,9.4,6.142857142857143,7,0.42857142857142855,19,2017
2017,19,Brazilian Grand Prix,interlagos,2017-11-12,perez,PER,force_india,9,5,Finished,5.0,101.0,7.0,0.0,173.0,4.0,0.0,6.6,8.3,0.1,5.6,12.333333333333334,6,0.0,19,2017
2017,19,Brazilian Grand Prix,interlagos,2017-11-12,hulkenberg,HUL,renault,10,7,+1 Lap,7.0,72.0,9.0,0.0,8.0,9.0,0.0,17.2,14.1,0.5,11.2,7.0,6,0.0,19,2017
2017,19,Brazilian Grand Prix,interlagos,2017-11-12,sainz,SAI,renault,11,8,+1 Lap,8.0,46.0,12.0,0.0,8.0,9.0,0.0,13.2,13.3,0.5,11.2,12.5,2,0.0,19,2017
2017,19,Brazilian Grand Prix,interlagos,2017-11-12,gasly,GAS,toro_rosso,12,19,+1 Lap,19.0,0.0,20.0,0.0,63.0,7.0,0.0,13.333333333333334,13.333333333333334,0.0,10.8,11.0,0,0.0,19,2017
2017,19,Brazilian Grand Prix,interlagos,2017-11-12,ericsson,ERI,sauber,13,17,+1 Lap,17.0,0.0,22.0,0.0,2.0,10.0,0.0,16.6,16.2,0.4,14.6,18.5,2,0.0,19,2017
2017,19,Brazilian Grand Prix,interlagos,2017-11-12,wehrlein,WEH,sauber,14,15,+1 Lap,15.0,1.0,19.0,0.0,2.0,10.0,0.0,15.4,15.9,0.2,14.6,15.0,1,0.0,19,2017
2017,19,Brazilian Grand Prix,interlagos,2017-11-12,grosjean,GRO,haas,15,11,+2 Laps,11.0,29.0,13.0,0.0,29.0,8.0,0.0,12.0,12.0,0.1,10.2,18.0,5,0.0,19,2017
2017,19,Brazilian Grand Prix,interlagos,2017-11-12,stroll,STR,williams,16,16,+2 Laps,16.0,0.0,20.0,0.0,138.0,5.0,0.0,9.8,10.7,0.1,8.2,11.0,0,0.0,19,2017
2017,19,Brazilian Grand Prix,interlagos,2017-11-12,brendon_hartley,HAR,toro_rosso,17,18,Engine,18.0,0.0,20.0,0.0,63.0,7.0,0.0,15.5,15.5,0.5,10.8,11.0,0,0.0,19,2017
2017,19,Brazilian Grand Prix,interlagos,2017-11-12,ocon,OCO,force_india,18,10,Accident,10.0,0.0,23.0,0.0,173.0,4.0,0.0,7.4,7.7,0.0,5.6,12.0,1,0.0,19,2017
2017,19,Brazilian Grand Prix,interlagos,2017-11-12,vandoorne,VAN,mclaren,19,12,Accident,12.0,1.0,20.0,0.0,76.0,6.0,0.0,10.4,11.8,0.1,9.4,11.0,0,0.0,19,2017
2017,19,Brazilian Grand Prix,interlagos,2017-11-12,kevin_magnussen,MAG,haas,20,13,Accident,13.0,7.0,16.0,0.0,29.0,8.0,0.0,11.4,12.6,0.2,10.2,11.5,2,0.0,19,2017
2017,20,Abu Dhabi Grand Prix,yas_marina,2017-11-26,bottas,BOT,mercedes,1,1,Finished,1.0,85.0,8.0,0.0,765.0,1.0,19.0,3.6,3.3,0.0,1.6,13.0,4,0.25,20,2017
2017,20,Abu Dhabi Grand Prix,yas_marina,2017-11-26,hamilton,HAM,mercedes,2,2,Finished,2.0,380.0,2.0,10.0,765.0,1.0,19.0,3.4,2.5,0.0,1.6,5.0,7,0.7142857142857143,20,2017
2017,20,Abu Dhabi Grand Prix,yas_marina,2017-11-26,vettel,VET,ferrari,3,3,Finished,3.0,212.0,4.0,0.0,398.0,3.0,0.0,6.0,6.1,0.2,3.0,6.285714285714286,7,0.5714285714285714,20,2017
2017,20,Abu Dhabi Grand Prix,yas_marina,2017-11-26,raikkonen,RAI,ferrari,4,5,Finished,5.0,186.0,6.0,0.0,398.0,3.0,0.0,6.8,6.8,0.2,3.0,8.4,5,0.4,20,2017
2017,20,Abu Dhabi Grand Prix,yas_marina,2017-11-26,max_verstappen,VER,red_bull,5,6,Finished,6.0,204.0,5.0,1.0,468.0,2.0,2.0,2.6,7.0,0.2,2.6,10.0,2,0.0,20,2017
2017,20,Abu Dhabi Grand Prix,yas_marina,2017-11-26,hulkenberg,HUL,renault,6,7,Finished,7.0,72.0,9.0,0.0,8.0,9.0,0.0,16.4,13.8,0.5,12.0,12.333333333333334,6,0.0,20,2017
2017,20,Abu Dhabi Grand Prix,yas_marina,2017-11-26,perez,PER,force_india,7,8,Finished,8.0,101.0,7.0,0.0,173.0,4.0,0.0,7.4,8.5,0.1,6.4,9.166666666666666,6,0.0,20,2017
2017,20,Abu Dhabi Grand Prix,yas_marina,2017-11-26,ocon,OCO,force_india,8,9,Finished,9.0,0.0,23.0,0.0,173.0,4.0,0.0,9.0,8.7,0.1,6.4,13.0,1,0.0,20,2017
2017,20,Abu Dhabi Grand Prix,yas_marina,2017-11-26,alonso,ALO,mclaren,9,11,+1 Lap,11.0,54.0,10.0,0.0,76.0,6.0,0.0,11.4,13.3,0.5,9.6,7.428571428571429,7,0.2857142857142857,20,2017
2017,20,Abu Dhabi Grand Prix,yas_marina,2017-11-26,massa,MAS,williams,10,10,+1 Lap,10.0,53.0,11.0,0.0,138.0,5.0,0.0,9.2,9.2,0.0,8.0,7.0,7,0.14285714285714285,20,2017
2017,20,Abu Dhabi Grand Prix,yas_marina,2017-11-26,grosjean,GRO,haas,11,16,+1 Lap,16.0,29.0,13.0,0.0,29.0,8.0,0.0,13.2,12.9,0.1,11.4,11.2,5,0.0,20,2017
2017,20,Abu Dhabi Grand Prix,yas_marina,2017-11-26,vandoorne,VAN,mclaren,12,13,+1 Lap,13.0,1.0,20.0,0.0,76.0,6.0,0.0,12.8,12.5,0.2,9.6,11.0,0,0.0,20,2017
2017,20,Abu Dhabi Grand Prix,yas_marina,2017-11-26,kevin_magnussen,MAG,haas,13,14,+1 Lap,14.0,7.0,16.0,0.0,29.0,8.0,0.0,12.8,12.8,0.2,11.4,16.5,2,0.0,20,2017
2017,20,Abu Dhabi Grand Prix,yas_marina,2017-11-26,wehrlein,WEH,sauber,14,18,+1 Lap,18.0,1.0,19.0,0.0,2.0,10.0,0.0,15.8,15.9,0.2,14.8,14.0,1,0.0,20,2017
2017,20,Abu Dhabi Grand Prix,yas_marina,2017-11-26,brendon_hartley,HAR,toro_rosso,15,20,+1 Lap,20.0,0.0,20.0,0.0,63.0,7.0,0.0,16.0,16.0,0.6666666666666666,12.4,11.0,0,0.0,20,2017
2017,20,Abu Dhabi Grand Prix,yas_marina,2017-11-26,gasly,GAS,toro_rosso,16,17,+1 Lap,17.0,0.0,20.0,0.0,63.0,7.0,0.0,13.0,13.0,0.0,12.4,11.0,0,0.0,20,2017
2017,20,Abu Dhabi Grand Prix,yas_marina,2017-11-26,ericsson,ERI,sauber,17,19,+1 Lap,19.0,0.0,22.0,0.0,2.0,10.0,0.0,16.2,16.0,0.4,14.8,14.5,2,0.0,20,2017
2017,20,Abu Dhabi Grand Prix,yas_marina,2017-11-26,stroll,STR,williams,18,15,+1 Lap,15.0,0.0,20.0,0.0,138.0,5.0,0.0,11.4,11.3,0.1,8.0,11.0,0,0.0,20,2017
2017,20,Abu Dhabi Grand Prix,yas_marina,2017-11-26,sainz,SAI,renault,19,12,Wheel,12.0,46.0,12.0,0.0,8.0,9.0,0.0,14.6,12.7,0.4,12.0,14.5,2,0.0,20,2017
2017,20,Abu Dhabi Grand Prix,yas_marina,2017-11-26,ricciardo,RIC,red_bull,20,4,Hydraulics,4.0,256.0,3.0,1.0,468.0,2.0,2.0,10.0,8.4,0.3,2.6,10.333333333333334,6,0.0,20,2017
2018,1,Australian Grand Prix,albert_park,2018-03-25,vettel,VET,ferrari,1,3,Finished,3.0,317.0,2.0,5.0,522.0,2.0,5.0,5.8,5.7,0.2,2.8,6.0,8,0.75,1,2018
2018,1,Australian Grand Prix,albert_park,2018-03-25,hamilton,HAM,mercedes,2,1,Finished,1.0,363.0,1.0,9.0,668.0,1.0,12.0,3.4,2.6,0.0,1.4,5.0,8,0.625,1,2018
2018,1,Australian Grand Prix,albert_park,2018-03-25,raikkonen,RAI,ferrari,3,2,Finished,2.0,205.0,4.0,0.0,522.0,2.0,5.0,3.6,6.9,0.2,2.8,8.166666666666666,6,0.16666666666666666,1,2018
2018,1,Australian Grand Prix,albert_park,2018-03-25,ricciardo,RIC,red_bull,4,8,Finished,5.0,200.0,5.0,1.0,368.0,3.0,3.0,13.4,9.9,0.4,3.4,12.833333333333334,6,0.0,1,2018
2018,1,Australian Grand Prix,albert_park,2018-03-25,alonso,ALO,mclaren,5,10,Finished,11.0,17.0,15.0,0.0,30.0,9.0,0.0,11.0,12.4,0.4,10.0,7.714285714285714,7,0.14285714285714285,1,2018
2018,1,Australian Grand Prix,albert_park,2018-03-25,max_verstappen,VER,red_bull,6,4,Finished,4.0,168.0,6.0,2.0,368.0,3.0,3.0,3.4,7.1,0.2,3.4,9.333333333333334,3,0.0,1,2018
2018,1,Australian Grand Prix,albert_park,2018-03-25,hulkenberg,HUL,renault,7,7,Finished,8.0,43.0,10.0,0.0,57.0,6.0,0.0,14.4,13.8,0.5,10.2,13.857142857142858,7,0.0,1,2018
2018,1,Australian Grand Prix,albert_park,2018-03-25,bottas,BOT,mercedes,8,15,Finished,10.0,305.0,3.0,3.0,668.0,1.0,12.0,2.8,3.2,0.0,1.4,9.6,5,0.2,1,2018
2018,1,Australian Grand Prix,albert_park,2018-03-25,vandoorne,VAN,mclaren,9,11,Finished,12.0,13.0,16.0,0.0,30.0,9.0,0.0,13.8,12.6,0.2,10.0,13.0,1,0.0,1,2018
2018,1,Australian Grand Prix,albert_park,2018-03-25,sainz,SAI,renault,10,9,Finished,9.0,54.0,9.0,0.0,57.0,6.0,0.0,14.6,12.7,0.4,10.2,8.666666666666666,3,0.0,1,2018
2018,1,Australian Grand Prix,albert_park,2018-03-25,perez,PER,force_india,11,12,Finished,13.0,100.0,7.0,0.0,187.0,4.0,0.0,7.6,8.3,0.1,6.6,11.571428571428571,7,0.0,1,2018
2018,1,Australian Grand Prix,albert_park,2018-03-25,ocon,OCO,force_india,12,14,Finished,15.0,87.0,8.0,0.0,187.0,4.0,0.0,8.6,8.7,0.1,6.6,10.0,1,0.0,1,2018
2018,1,Australian Grand Prix,albert_park,2018-03-25,leclerc,LEC,sauber,13,18,Finished,18.0,0.0,20.0,0.0,5.0,10.0,0.0,11.0,11.0,0.1,14.2,11.0,0,0.0,1,2018
2018,1,Australian Grand Prix,albert_park,2018-03-25,stroll,STR,williams,14,13,Finished,14.0,40.0,12.0,0.0,83.0,5.0,0.0,13.4,11.5,0.1,8.4,16.0,1,0.0,1,2018
2018,1,Australian Grand Prix,albert_park,2018-03-25,brendon_hartley,HAR,toro_rosso,15,16,+1 Lap,16.0,0.0,23.0,0.0,53.0,7.0,0.0,15.75,15.75,0.5,12.6,11.0,0,0.0,1,2018
2018,1,Australian Grand Prix,albert_park,2018-03-25,grosjean,GRO,haas,16,6,Wheel,7.0,28.0,13.0,0.0,47.0,8.0,0.0,12.8,12.7,0.1,11.2,14.333333333333334,6,0.0,1,2018
2018,1,Australian Grand Prix,albert_park,2018-03-25,kevin_magnussen,MAG,haas,17,5,Wheel,6.0,19.0,14.0,0.0,47.0,8.0,0.0,13.0,12.9,0.2,11.2,11.5,4,0.25,1,2018
2018,1,Australian Grand Prix,albert_park,2018-03-25,gasly,GAS,toro_rosso,18,20,Engine,20.0,0.0,21.0,0.0,53.0,7.0,0.0,13.6,13.6,0.0,12.6,11.0,0,0.0,1,2018
2018,1,Australian Grand Prix,albert_park,2018-03-25,ericsson,ERI,sauber,19,17,Steering,17.0,0.0,20.0,0.0,5.0,10.0,0.0,16.0,16.3,0.4,14.2,15.0,4,0.0,1,2018
2018,1,Australian Grand Prix,albert_park,2018-03-25,sirotkin,SIR,williams,20,19,Brakes,19.0,0.0,20.0,0.0,83.0,5.0,0.0,11.0,11.0,0.1,8.4,11.0,0,0.0,1,2018
2018,2,Bahrain Grand Prix,bahrain,2018-04-08,vettel,VET,ferrari,1,1,Finished,1.0,317.0,2.0,5.0,522.0,2.0,5.0,2.2,5.7,0.2,2.0,5.571428571428571,7,0.42857142857142855,2,2018
2018,2,Bahrain Grand Prix,bahrain,2018-04-08,bottas,BOT,mercedes,2,3,Finished,3.0,305.0,3.0,3.0,668.0,1.0,12.0,3.6,3.7,0.0,1.6,7.6,5,0.2,2,2018
2018,2,Bahrain Grand Prix,bahrain,2018-04-08,hamilton,HAM,mercedes,3,9,Finished,4.0,363.0,1.0,9.0,668.0,1.0,12.0,3.6,2.4,0.0,1.6,3.2857142857142856,7,0.7142857142857143,2,2018
2018,2,Bahrain Grand Prix,bahrain,2018-04-08,gasly,GAS,toro_rosso,4,5,Finished,6.0,0.0,21.0,0.0,53.0,7.0,0.0,14.4,14.333333333333334,0.16666666666666666,13.0,11.0,0,0.0,2,2018
2018,2,Bahrain Grand Prix,bahrain,2018-04-08,kevin_magnussen,MAG,haas,5,6,Finished,7.0,19.0,14.0,0.0,47.0,8.0,0.0,14.8,13.3,0.3,12.8,16.0,3,0.0,2,2018
2018,2,Bahrain Grand Prix,bahrain,2018-04-08,hulkenberg,HUL,renault,6,7,Finished,8.0,43.0,10.0,0.0,57.0,6.0,0.0,12.4,12.8,0.4,9.2,11.428571428571429,7,0.0,2,2018
2018,2,Bahrain Grand Prix,bahrain,2018-04-08,alonso,ALO,mclaren,7,13,+1 Lap,13.0,17.0,15.0,0.0,30.0,9.0,0.0,9.8,12.3,0.4,8.8,8.333333333333334,6,0.16666666666666666,2,2018
2018,2,Bahrain Grand Prix,bahrain,2018-04-08,vandoorne,VAN,mclaren,8,14,+1 Lap,14.0,13.0,16.0,0.0,30.0,9.0,0.0,12.8,12.5,0.2,8.8,15.0,2,0.0,2,2018
2018,2,Bahrain Grand Prix,bahrain,2018-04-08,ericsson,ERI,sauber,9,17,+1 Lap,17.0,0.0,20.0,0.0,5.0,10.0,0.0,16.2,16.6,0.5,13.8,15.25,4,0.0,2,2018
2018,2,Bahrain Grand Prix,bahrain,2018-04-08,ocon,OCO,force_india,10,8,+1 Lap,9.0,87.0,8.0,0.0,187.0,4.0,0.0,9.8,9.0,0.1,7.6,10.0,1,0.0,2,2018
2018,2,Bahrain Grand Prix,bahrain,2018-04-08,sainz,SAI,renault,11,10,+1 Lap,10.0,54.0,9.0,0.0,57.0,6.0,0.0,12.6,13.0,0.4,9.2,17.666666666666668,3,0.0,2,2018
2018,2,Bahrain Grand Prix,bahrain,2018-04-08,leclerc,LEC,sauber,12,19,+1 Lap,19.0,0.0,20.0,0.0,5.0,10.0,0.0,13.0,13.0,0.0,13.8,11.0,0,0.0,2,2018
2018,2,Bahrain Grand Prix,bahrain,2018-04-08,grosjean,GRO,haas,13,16,+1 Lap,16.0,28.0,13.0,0.0,47.0,8.0,0.0,14.2,12.4,0.1,12.8,6.333333333333333,6,0.3333333333333333,2,2018
2018,2,Bahrain Grand Prix,bahrain,2018-04-08,stroll,STR,williams,14,20,+1 Lap,20.0,40.0,12.0,0.0,83.0,5.0,0.0,13.0,11.5,0.1,9.2,17.0,1,0.0,2,2018
2018,2,Bahrain Grand Prix,bahrain,2018-04-08,sirotkin,SIR,williams,15,18,+1 Lap,18.0,0.0,20.0,0.0,83.0,5.0,0.0,20.0,20.0,1.0,9.2,11.0,0,0.0,2,2018
2018,2,Bahrain Grand Prix,bahrain,2018-04-08,perez,PER,force_india,16,12,+1 Lap,12.0,100.0,7.0,0.0,187.0,4.0,0.0,8.4,8.6,0.1,7.6,8.5,6,0.16666666666666666,2,2018
2018,2,Bahrain Grand Prix,bahrain,2018-04-08,brendon_hartley,HAR,toro_rosso,17,11,+1 Lap,11.0,0.0,23.0,0.0,53.0,7.0,0.0,15.6,15.6,0.4,13.0,11.0,0,0.0,2,2018
2018,2,Bahrain Grand Prix,bahrain,2018-04-08,raikkonen,RAI,ferrari,18,2,Wheel,2.0,205.0,4.0,0.0,522.0,2.0,5.0,3.2,7.0,0.2,2.0,3.6666666666666665,6,0.6666666666666666,2,2018
2018,2,Bahrain Grand Prix,bahrain,2018-04-08,max_verstappen,VER,red_bull,19,15,Puncture,15.0,168.0,6.0,2.0,368.0,3.0,3.0,4.2,7.2,0.2,3.8,14.0,3,0.0,2,2018
2018,2,Bahrain Grand Prix,bahrain,2018-04-08,ricciardo,RIC,red_bull,20,4,Electrical,5.0,200.0,5.0,1.0,368.0,3.0,3.0,13.6,8.3,0.3,3.8,8.333333333333334,6,0.0,2,2018
2018,3,Chinese Grand Prix,shanghai,2018-04-15,ricciardo,RIC,red_bull,1,6,Finished,6.0,200.0,5.0,1.0,368.0,3.0,3.0,14.0,10.0,0.4,6.8,7.5,6,0.0,3,2018
2018,3,Chinese Grand Prix,shanghai,2018-04-15,bottas,BOT,mercedes,2,3,Finished,3.0,305.0,3.0,3.0,668.0,1.0,12.0,3.0,3.4,0.0,1.8,8.4,5,0.0,3,2018
2018,3,Chinese Grand Prix,shanghai,2018-04-15,raikkonen,RAI,ferrari,3,2,Finished,2.0,205.0,4.0,0.0,522.0,2.0,5.0,6.2,8.4,0.3,1.8,6.333333333333333,6,0.16666666666666666,3,2018
2018,3,Chinese Grand Prix,shanghai,2018-04-15,hamilton,HAM,mercedes,4,4,Finished,4.0,363.0,1.0,9.0,668.0,1.0,12.0,4.0,2.6,0.0,1.8,2.375,8,0.875,3,2018
2018,3,Chinese Grand Prix,shanghai,2018-04-15,max_verstappen,VER,red_bull,5,5,Finished,5.0,168.0,6.0,2.0,368.0,3.0,3.0,7.2,7.2,0.2,6.8,9.333333333333334,3,0.3333333333333333,3,2018
2018,3,Chinese Grand Prix,shanghai,2018-04-15,hulkenberg,HUL,renault,6,7,Finished,7.0,43.0,10.0,0.0,57.0,6.0,0.0,9.6,12.8,0.4,9.0,13.285714285714286,7,0.0,3,2018
2018,3,Chinese Grand Prix,shanghai,2018-04-15,alonso,ALO,mclaren,7,13,Finished,13.0,17.0,15.0,0.0,30.0,9.0,0.0,7.8,11.2,0.3,7.8,8.0,8,0.25,3,2018
2018,3,Chinese Grand Prix,shanghai,2018-04-15,vettel,VET,ferrari,8,1,Finished,1.0,317.0,2.0,5.0,522.0,2.0,5.0,2.0,5.6,0.2,1.8,3.625,8,0.5,3,2018
2018,3,Chinese Grand Prix,shanghai,2018-04-15,sainz,SAI,renault,9,9,Finished,9.0,54.0,9.0,0.0,57.0,6.0,0.0,13.4,13.1,0.4,9.0,9.666666666666666,3,0.0,3,2018
2018,3,Chinese Grand Prix,shanghai,2018-04-15,kevin_magnussen,MAG,haas,10,11,Finished,11.0,19.0,14.0,0.0,47.0,8.0,0.0,12.6,12.3,0.3,11.0,12.666666666666666,3,0.0,3,2018
2018,3,Chinese Grand Prix,shanghai,2018-04-15,ocon,OCO,force_india,11,12,Finished,12.0,87.0,8.0,0.0,187.0,4.0,0.0,10.6,9.1,0.1,8.4,10.0,1,0.0,3,2018
2018,3,Chinese Grand Prix,shanghai,2018-04-15,perez,PER,force_india,12,8,Finished,8.0,100.0,7.0,0.0,187.0,4.0,0.0,10.0,8.5,0.0,8.4,11.285714285714286,7,0.0,3,2018
2018,3,Chinese Grand Prix,shanghai,2018-04-15,vandoorne,VAN,mclaren,13,14,Finished,14.0,13.0,16.0,0.0,30.0,9.0,0.0,12.0,11.9,0.2,7.8,18.0,1,0.0,3,2018
2018,3,Chinese Grand Prix,shanghai,2018-04-15,stroll,STR,williams,14,18,Finished,18.0,40.0,12.0,0.0,83.0,5.0,0.0,13.6,11.8,0.1,10.2,20.0,1,0.0,3,2018
2018,3,Chinese Grand Prix,shanghai,2018-04-15,sirotkin,SIR,williams,15,16,Finished,16.0,0.0,20.0,0.0,83.0,5.0,0.0,17.5,17.5,0.5,10.2,11.0,0,0.0,3,2018
2018,3,Chinese Grand Prix,shanghai,2018-04-15,ericsson,ERI,sauber,16,20,Finished,20.0,0.0,20.0,0.0,5.0,10.0,0.0,15.0,15.9,0.5,12.6,15.25,4,0.0,3,2018
2018,3,Chinese Grand Prix,shanghai,2018-04-15,grosjean,GRO,haas,17,10,Finished,10.0,28.0,13.0,0.0,47.0,8.0,0.0,14.0,13.0,0.1,11.0,12.166666666666666,6,0.0,3,2018
2018,3,Chinese Grand Prix,shanghai,2018-04-15,gasly,GAS,toro_rosso,18,17,Finished,17.0,0.0,21.0,0.0,53.0,7.0,0.0,12.6,12.857142857142858,0.14285714285714285,11.8,11.0,0,0.0,3,2018
2018,3,Chinese Grand Prix,shanghai,2018-04-15,leclerc,LEC,sauber,19,19,Finished,19.0,0.0,20.0,0.0,5.0,10.0,0.0,12.5,12.5,0.0,12.6,11.0,0,0.0,3,2018
2018,3,Chinese Grand Prix,shanghai,2018-04-15,brendon_hartley,HAR,toro_rosso,20,15,Collision damage,15.0,0.0,23.0,0.0,53.0,7.0,0.0,16.4,15.833333333333334,0.3333333333333333,11.8,11.0,0,0.0,3,2018
2018,4,Azerbaijan Grand Prix,baku,2018-04-29,hamilton,HAM,mercedes,1,2,Finished,2.0,363.0,1.0,9.0,668.0,1.0,12.0,3.0,2.9,0.0,1.8,5.0,2,0.0,4,2018
2018,4,Azerbaijan Grand Prix,baku,2018-04-29,raikkonen,RAI,ferrari,2,6,Finished,6.0,205.0,4.0,0.0,522.0,2.0,5.0,6.2,8.2,0.3,1.8,9.0,2,0.0,4,2018
2018,4,Azerbaijan Grand Prix,baku,2018-04-29,perez,PER,force_india,3,8,Finished,8.0,100.0,7.0,0.0,187.0,4.0,0.0,11.0,8.8,0.0,9.6,9.0,2,0.5,4,2018
2018,4,Azerbaijan Grand Prix,baku,2018-04-29,vettel,VET,ferrari,4,1,Finished,1.0,317.0,2.0,5.0,522.0,2.0,5.0,2.8,6.1,0.2,1.8,3.0,2,0.5,4,2018
2018,4,Azerbaijan Grand Prix,baku,2018-04-29,sainz,SAI,renault,5,9,Finished,10.0,54.0,9.0,0.0,57.0,6.0,0.0,12.0,12.6,0.4,7.0,14.5,2,0.0,4,2018
2018,4,Azerbaijan Grand Prix,baku,2018-04-29,leclerc,LEC,sauber,6,13,Finished,14.0,0.0,20.0,0.0,5.0,10.0,0.0,14.666666666666666,14.666666666666666,0.0,13.0,11.0,0,0.0,4,2018
2018,4,Azerbaijan Grand Prix,baku,2018-04-29,alonso,ALO,mclaren,7,12,Finished,13.0,17.0,15.0,0.0,30.0,9.0,0.0,7.2,10.2,0.2,7.2,14.0,2,0.0,4,2018
2018,4,Azerbaijan Grand Prix,baku,2018-04-29,stroll,STR,williams,8,10,Finished,11.0,40.0,12.0,0.0,83.0,5.0,0.0,15.2,12.5,0.1,11.8,3.0,1,1.0,4,2018
2018,4,Azerbaijan Grand Prix,baku,2018-04-29,vandoorne,VAN,mclaren,9,16,Finished,16.0,13.0,16.0,0.0,30.0,9.0,0.0,12.2,11.3,0.1,7.2,12.0,1,0.0,4,2018
2018,4,Azerbaijan Grand Prix,baku,2018-04-29,brendon_hartley,HAR,toro_rosso,10,19,Finished,19.0,0.0,23.0,0.0,53.0,7.0,0.0,16.8,16.428571428571427,0.42857142857142855,12.8,11.0,0,0.0,4,2018
2018,4,Azerbaijan Grand Prix,baku,2018-04-29,ericsson,ERI,sauber,11,18,Finished,18.0,0.0,20.0,0.0,5.0,10.0,0.0,14.8,15.7,0.4,13.0,14.0,2,0.0,4,2018
2018,4,Azerbaijan Grand Prix,baku,2018-04-29,gasly,GAS,toro_rosso,12,17,Finished,17.0,0.0,21.0,0.0,53.0,7.0,0.0,13.6,13.5,0.125,12.8,11.0,0,0.0,4,2018
2018,4,Azerbaijan Grand Prix,baku,2018-04-29,kevin_magnussen,MAG,haas,13,15,Finished,15.0,19.0,14.0,0.0,47.0,8.0,0.0,13.0,12.2,0.3,11.4,10.5,2,0.0,4,2018
2018,4,Azerbaijan Grand Prix,baku,2018-04-29,bottas,BOT,mercedes,14,3,Puncture,3.0,305.0,3.0,3.0,668.0,1.0,12.0,3.0,3.4,0.0,1.8,4.0,2,0.5,4,2018
2018,4,Azerbaijan Grand Prix,baku,2018-04-29,grosjean,GRO,haas,15,20,Accident,20.0,28.0,13.0,0.0,47.0,8.0,0.0,14.4,13.2,0.1,11.4,13.0,2,0.0,4,2018
2018,4,Azerbaijan Grand Prix,baku,2018-04-29,max_verstappen,VER,red_bull,16,5,Collision,5.0,168.0,6.0,2.0,368.0,3.0,3.0,8.0,6.7,0.2,6.8,13.0,2,0.0,4,2018
2018,4,Azerbaijan Grand Prix,baku,2018-04-29,ricciardo,RIC,red_bull,17,4,Collision,4.0,200.0,5.0,1.0,368.0,3.0,3.0,10.2,9.7,0.4,6.8,4.0,2,0.5,4,2018
2018,4,Azerbaijan Grand Prix,baku,2018-04-29,hulkenberg,HUL,renault,18,14,Accident,9.0,43.0,10.0,0.0,57.0,6.0,0.0,7.0,12.1,0.4,7.0,13.0,2,0.0,4,2018
2018,4,Azerbaijan Grand Prix,baku,2018-04-29,ocon,OCO,force_india,19,7,Collision,7.0,87.0,8.0,0.0,187.0,4.0,0.0,11.8,9.6,0.1,9.6,6.0,1,0.0,4,2018
2018,4,Azerbaijan Grand Prix,baku,2018-04-29,sirotkin,SIR,williams,20,11,Collision,12.0,0.0,20.0,0.0,83.0,5.0,0.0,16.666666666666668,16.666666666666668,0.3333333333333333,11.8,11.0,0,0.0,4,2018
2018,5,Spanish Grand Prix,catalunya,2018-05-13,hamilton,HAM,mercedes,1,1,Finished,1.0,363.0,1.0,9.0,668.0,1.0,12.0,2.4,2.9,0.0,1.6,7.625,8,0.5,5,2018
2018,5,Spanish Grand Prix,catalunya,2018-05-13,bottas,BOT,mercedes,2,2,Finished,2.0,305.0,3.0,3.0,668.0,1.0,12.0,5.4,4.5,0.1,1.6,9.4,5,0.0,5,2018
2018,5,Spanish Grand Prix,catalunya,2018-05-13,max_verstappen,VER,red_bull,3,5,Finished,5.0,168.0,6.0,2.0,368.0,3.0,3.0,10.2,6.4,0.2,9.0,10.333333333333334,3,0.3333333333333333,5,2018
2018,5,Spanish Grand Prix,catalunya,2018-05-13,vettel,VET,ferrari,4,3,Finished,3.0,317.0,2.0,5.0,522.0,2.0,5.0,3.4,4.7,0.1,2.0,3.25,8,0.625,5,2018
2018,5,Spanish Grand Prix,catalunya,2018-05-13,ricciardo,RIC,red_bull,5,6,Finished,6.0,200.0,5.0,1.0,368.0,3.0,3.0,12.4,11.2,0.5,9.0,6.666666666666667,6,0.3333333333333333,5,2018
2018,5,Spanish Grand Prix,catalunya,2018-05-13,kevin_magnussen,MAG,haas,6,7,+1 Lap,7.0,19.0,14.0,0.0,47.0,8.0,0.0,11.6,12.2,0.2,11.0,13.333333333333334,3,0.0,5,2018
2018,5,Spanish Grand Prix,catalunya,2018-05-13,sainz,SAI,renault,7,9,+1 Lap,9.0,54.0,9.0,0.0,57.0,6.0,0.0,10.8,12.7,0.4,6.0,7.333333333333333,3,0.0,5,2018
2018,5,Spanish Grand Prix,catalunya,2018-05-13,alonso,ALO,mclaren,8,8,+1 Lap,8.0,17.0,15.0,0.0,30.0,9.0,0.0,7.0,9.2,0.1,7.0,8.375,8,0.375,5,2018
2018,5,Spanish Grand Prix,catalunya,2018-05-13,perez,PER,force_india,9,15,+2 Laps,15.0,100.0,7.0,0.0,187.0,4.0,0.0,9.8,8.6,0.0,8.4,10.142857142857142,7,0.0,5,2018
2018,5,Spanish Grand Prix,catalunya,2018-05-13,leclerc,LEC,sauber,10,14,+2 Laps,14.0,0.0,20.0,0.0,5.0,10.0,0.0,12.5,12.5,0.0,11.6,11.0,0,0.0,5,2018
2018,5,Spanish Grand Prix,catalunya,2018-05-13,stroll,STR,williams,11,18,+2 Laps,19.0,40.0,12.0,0.0,83.0,5.0,0.0,13.6,12.5,0.1,12.0,16.0,1,0.0,5,2018
2018,5,Spanish Grand Prix,catalunya,2018-05-13,brendon_hartley,HAR,toro_rosso,12,20,+2 Laps,20.0,0.0,23.0,0.0,53.0,7.0,0.0,15.4,15.625,0.375,12.4,11.0,0,0.0,5,2018
2018,5,Spanish Grand Prix,catalunya,2018-05-13,ericsson,ERI,sauber,13,17,+2 Laps,17.0,0.0,20.0,0.0,5.0,10.0,0.0,14.4,15.3,0.3,11.6,14.25,4,0.0,5,2018
2018,5,Spanish Grand Prix,catalunya,2018-05-13,sirotkin,SIR,williams,14,19,+3 Laps,18.0,0.0,20.0,0.0,83.0,5.0,0.0,17.5,17.5,0.5,12.0,11.0,0,0.0,5,2018
2018,5,Spanish Grand Prix,catalunya,2018-05-13,vandoorne,VAN,mclaren,15,11,Gearbox,11.0,13.0,16.0,0.0,30.0,9.0,0.0,10.2,11.5,0.1,7.0,18.0,1,0.0,5,2018
2018,5,Spanish Grand Prix,catalunya,2018-05-13,ocon,OCO,force_india,16,13,Oil leak,13.0,87.0,8.0,0.0,187.0,4.0,0.0,12.0,10.5,0.2,8.4,5.0,1,0.0,5,2018
2018,5,Spanish Grand Prix,catalunya,2018-05-13,raikkonen,RAI,ferrari,17,4,Turbo,4.0,205.0,4.0,0.0,522.0,2.0,5.0,6.0,6.4,0.2,2.0,6.5,6,0.5,5,2018
2018,5,Spanish Grand Prix,catalunya,2018-05-13,grosjean,GRO,haas,18,10,Collision,10.0,28.0,13.0,0.0,47.0,8.0,0.0,14.4,13.8,0.2,11.0,11.666666666666666,6,0.0,5,2018
2018,5,Spanish Grand Prix,catalunya,2018-05-13,gasly,GAS,toro_rosso,19,12,Collision,12.0,0.0,21.0,0.0,53.0,7.0,0.0,13.6,13.333333333333334,0.1111111111111111,12.4,11.0,0,0.0,5,2018
2018,5,Spanish Grand Prix,catalunya,2018-05-13,hulkenberg,HUL,renault,20,16,Collision,16.0,43.0,10.0,0.0,57.0,6.0,0.0,8.6,12.5,0.4,6.0,13.142857142857142,7,0.0,5,2018
2018,6,Monaco Grand Prix,monaco,2018-05-27,ricciardo,RIC,red_bull,1,1,Finished,1.0,200.0,5.0,1.0,368.0,3.0,3.0,9.4,11.4,0.5,8.6,8.0,6,0.5,6,2018
2018,6,Monaco Grand Prix,monaco,2018-05-27,vettel,VET,ferrari,2,2,Finished,2.0,317.0,2.0,5.0,522.0,2.0,5.0,3.6,4.7,0.1,2.2,4.5,8,0.625,6,2018
2018,6,Monaco Grand Prix,monaco,2018-05-27,hamilton,HAM,mercedes,3,3,Finished,3.0,363.0,1.0,9.0,668.0,1.0,12.0,2.2,2.8,0.0,1.6,4.125,8,0.375,6,2018
2018,6,Monaco Grand Prix,monaco,2018-05-27,raikkonen,RAI,ferrari,4,4,Finished,4.0,205.0,4.0,0.0,522.0,2.0,5.0,8.6,6.1,0.2,2.2,10.0,6,0.16666666666666666,6,2018
2018,6,Monaco Grand Prix,monaco,2018-05-27,bottas,BOT,mercedes,5,5,Finished,5.0,305.0,3.0,3.0,668.0,1.0,12.0,5.6,4.2,0.1,1.6,11.6,5,0.0,6,2018
2018,6,Monaco Grand Prix,monaco,2018-05-27,ocon,OCO,force_india,6,6,Finished,6.0,87.0,8.0,0.0,187.0,4.0,0.0,13.6,11.1,0.3,8.8,12.0,1,0.0,6,2018
2018,6,Monaco Grand Prix,monaco,2018-05-27,gasly,GAS,toro_rosso,7,10,Finished,10.0,0.0,21.0,0.0,53.0,7.0,0.0,14.2,13.9,0.2,11.8,11.0,0,0.0,6,2018
2018,6,Monaco Grand Prix,monaco,2018-05-27,hulkenberg,HUL,renault,8,11,Finished,11.0,43.0,10.0,0.0,57.0,6.0,0.0,11.4,12.9,0.5,6.2,12.142857142857142,7,0.0,6,2018
2018,6,Monaco Grand Prix,monaco,2018-05-27,max_verstappen,VER,red_bull,9,20,Finished,20.0,168.0,6.0,2.0,368.0,3.0,3.0,9.8,6.6,0.2,8.6,13.666666666666666,3,0.0,6,2018
2018,6,Monaco Grand Prix,monaco,2018-05-27,sainz,SAI,renault,10,8,Finished,8.0,54.0,9.0,0.0,57.0,6.0,0.0,8.4,11.5,0.3,6.2,8.0,3,0.0,6,2018
2018,6,Monaco Grand Prix,monaco,2018-05-27,ericsson,ERI,sauber,11,16,Finished,16.0,0.0,20.0,0.0,5.0,10.0,0.0,13.6,14.8,0.3,10.8,14.25,4,0.0,6,2018
2018,6,Monaco Grand Prix,monaco,2018-05-27,perez,PER,force_india,12,9,Finished,9.0,100.0,7.0,0.0,187.0,4.0,0.0,10.2,8.9,0.0,8.8,13.571428571428571,7,0.14285714285714285,6,2018
2018,6,Monaco Grand Prix,monaco,2018-05-27,kevin_magnussen,MAG,haas,13,19,Finished,19.0,19.0,14.0,0.0,47.0,8.0,0.0,10.2,11.6,0.2,10.0,13.0,3,0.0,6,2018
2018,6,Monaco Grand Prix,monaco,2018-05-27,vandoorne,VAN,mclaren,14,12,+1 Lap,12.0,13.0,16.0,0.0,30.0,9.0,0.0,10.8,12.3,0.2,6.8,16.0,1,0.0,6,2018
2018,6,Monaco Grand Prix,monaco,2018-05-27,grosjean,GRO,haas,15,18,+1 Lap,18.0,28.0,13.0,0.0,47.0,8.0,0.0,15.8,14.3,0.3,10.0,13.666666666666666,6,0.0,6,2018
2018,6,Monaco Grand Prix,monaco,2018-05-27,sirotkin,SIR,williams,16,13,+1 Lap,13.0,0.0,20.0,0.0,83.0,5.0,0.0,16.8,16.8,0.4,12.2,11.0,0,0.0,6,2018
2018,6,Monaco Grand Prix,monaco,2018-05-27,stroll,STR,williams,17,17,+2 Laps,17.0,40.0,12.0,0.0,83.0,5.0,0.0,12.2,12.8,0.1,12.2,15.0,1,0.0,6,2018
2018,6,Monaco Grand Prix,monaco,2018-05-27,leclerc,LEC,sauber,18,14,Collision,14.0,0.0,20.0,0.0,5.0,10.0,0.0,12.0,12.0,0.0,10.8,11.0,0,0.0,6,2018
2018,6,Monaco Grand Prix,monaco,2018-05-27,brendon_hartley,HAR,toro_rosso,19,15,Collision,15.0,0.0,23.0,0.0,53.0,7.0,0.0,14.8,15.222222222222221,0.3333333333333333,11.8,11.0,0,0.0,6,2018
2018,6,Monaco Grand Prix,monaco,2018-05-27,alonso,ALO,mclaren,20,7,Gearbox,7.0,17.0,15.0,0.0,30.0,9.0,0.0,6.8,8.9,0.1,6.8,6.571428571428571,7,0.2857142857142857,6,2018
2018,7,Canadian Grand Prix,villeneuve,2018-06-10,vettel,VET,ferrari,1,1,Finished,1.0,317.0,2.0,5.0,522.0,2.0,5.0,3.8,3.0,0.0,2.4,3.125,8,0.5,7,2018
2018,7,Canadian Grand Prix,villeneuve,2018-06-10,bottas,BOT,mercedes,2,2,Finished,2.0,305.0,3.0,3.0,668.0,1.0,12.0,5.0,4.3,0.1,1.8,5.8,5,0.6,7,2018
2018,7,Canadian Grand Prix,villeneuve,2018-06-10,max_verstappen,VER,red_bull,3,3,Finished,3.0,168.0,6.0,2.0,368.0,3.0,3.0,10.4,7.3,0.2,8.0,12.333333333333334,3,0.0,7,2018
2018,7,Canadian Grand Prix,villeneuve,2018-06-10,ricciardo,RIC,red_bull,4,6,Finished,6.0,200.0,5.0,1.0,368.0,3.0,3.0,8.8,11.2,0.5,8.0,8.833333333333334,6,0.3333333333333333,7,2018
2018,7,Canadian Grand Prix,villeneuve,2018-06-10,hamilton,HAM,mercedes,5,4,Finished,4.0,363.0,1.0,9.0,668.0,1.0,12.0,2.4,3.0,0.0,1.8,6.125,8,0.75,7,2018
2018,7,Canadian Grand Prix,villeneuve,2018-06-10,raikkonen,RAI,ferrari,6,5,Finished,5.0,205.0,4.0,0.0,522.0,2.0,5.0,8.8,6.0,0.2,2.4,7.333333333333333,6,0.0,7,2018
2018,7,Canadian Grand Prix,villeneuve,2018-06-10,hulkenberg,HUL,renault,7,7,+1 Lap,7.0,43.0,10.0,0.0,57.0,6.0,0.0,11.6,12.0,0.4,6.4,10.714285714285714,7,0.0,7,2018
2018,7,Canadian Grand Prix,villeneuve,2018-06-10,sainz,SAI,renault,8,9,+1 Lap,9.0,54.0,9.0,0.0,57.0,6.0,0.0,8.4,10.5,0.2,6.4,13.666666666666666,3,0.0,7,2018
2018,7,Canadian Grand Prix,villeneuve,2018-06-10,ocon,OCO,force_india,9,8,+1 Lap,8.0,87.0,8.0,0.0,187.0,4.0,0.0,12.4,11.1,0.3,7.8,6.0,1,0.0,7,2018
2018,7,Canadian Grand Prix,villeneuve,2018-06-10,leclerc,LEC,sauber,10,13,+1 Lap,13.0,0.0,20.0,0.0,5.0,10.0,0.0,13.0,13.0,0.16666666666666666,10.4,11.0,0,0.0,7,2018
2018,7,Canadian Grand Prix,villeneuve,2018-06-10,gasly,GAS,toro_rosso,11,16,+1 Lap,16.0,0.0,21.0,0.0,53.0,7.0,0.0,12.0,13.2,0.2,10.2,11.0,0,0.0,7,2018
2018,7,Canadian Grand Prix,villeneuve,2018-06-10,grosjean,GRO,haas,12,20,+1 Lap,20.0,28.0,13.0,0.0,47.0,8.0,0.0,15.6,14.9,0.3,9.4,10.666666666666666,6,0.16666666666666666,7,2018
2018,7,Canadian Grand Prix,villeneuve,2018-06-10,kevin_magnussen,MAG,haas,13,11,+1 Lap,11.0,19.0,14.0,0.0,47.0,8.0,0.0,9.4,12.1,0.2,9.4,12.333333333333334,3,0.0,7,2018
2018,7,Canadian Grand Prix,villeneuve,2018-06-10,perez,PER,force_india,14,10,+1 Lap,10.0,100.0,7.0,0.0,187.0,4.0,0.0,10.4,9.4,0.0,7.8,8.5,6,0.16666666666666666,7,2018
2018,7,Canadian Grand Prix,villeneuve,2018-06-10,ericsson,ERI,sauber,15,19,+2 Laps,19.0,0.0,20.0,0.0,5.0,10.0,0.0,12.0,14.1,0.2,10.4,15.5,4,0.0,7,2018
2018,7,Canadian Grand Prix,villeneuve,2018-06-10,vandoorne,VAN,mclaren,16,15,+2 Laps,15.0,13.0,16.0,0.0,30.0,9.0,0.0,11.8,12.3,0.2,8.6,14.0,1,0.0,7,2018
2018,7,Canadian Grand Prix,villeneuve,2018-06-10,sirotkin,SIR,williams,17,18,+2 Laps,18.0,0.0,20.0,0.0,83.0,5.0,0.0,16.0,16.666666666666668,0.3333333333333333,12.6,11.0,0,0.0,7,2018
2018,7,Canadian Grand Prix,villeneuve,2018-06-10,alonso,ALO,mclaren,18,14,Exhaust,14.0,17.0,15.0,0.0,30.0,9.0,0.0,9.8,9.8,0.2,8.6,10.625,8,0.25,7,2018
2018,7,Canadian Grand Prix,villeneuve,2018-06-10,brendon_hartley,HAR,toro_rosso,19,12,Collision,12.0,0.0,23.0,0.0,53.0,7.0,0.0,15.6,15.6,0.4,10.2,11.0,0,0.0,7,2018
2018,7,Canadian Grand Prix,villeneuve,2018-06-10,stroll,STR,williams,20,17,Collision,17.0,40.0,12.0,0.0,83.0,5.0,0.0,12.8,12.9,0.0,12.6,9.0,1,0.0,7,2018
2018,8,French Grand Prix,ricard,2018-06-24,hamilton,HAM,mercedes,1,1,Finished,1.0,363.0,1.0,9.0,668.0,1.0,12.0,2.8,3.4,0.0,1.8,11.0,0,0.0,8,2018
2018,8,French Grand Prix,ricard,2018-06-24,max_verstappen,VER,red_bull,2,4,Finished,4.0,168.0,6.0,2.0,368.0,3.0,3.0,7.2,7.2,0.2,4.8,11.0,0,0.0,8,2018
2018,8,French Grand Prix,ricard,2018-06-24,raikkonen,RAI,ferrari,3,6,Finished,6.0,205.0,4.0,0.0,522.0,2.0,5.0,6.4,6.3,0.2,2.4,11.0,0,0.0,8,2018
2018,8,French Grand Prix,ricard,2018-06-24,ricciardo,RIC,red_bull,4,5,Finished,5.0,200.0,5.0,1.0,368.0,3.0,3.0,5.6,9.8,0.4,4.8,11.0,0,0.0,8,2018
2018,8,French Grand Prix,ricard,2018-06-24,vettel,VET,ferrari,5,3,Finished,3.0,317.0,2.0,5.0,522.0,2.0,5.0,3.8,2.9,0.0,2.4,11.0,0,0.0,8,2018
2018,8,French Grand Prix,ricard,2018-06-24,kevin_magnussen,MAG,haas,6,9,Finished,9.0,19.0,14.0,0.0,47.0,8.0,0.0,11.0,11.8,0.2,10.8,11.0,0,0.0,8,2018
2018,8,French Grand Prix,ricard,2018-06-24,bottas,BOT,mercedes,7,2,Finished,2.0,305.0,3.0,3.0,668.0,1.0,12.0,5.0,4.0,0.1,1.8,11.0,0,0.0,8,2018
2018,8,French Grand Prix,ricard,2018-06-24,sainz,SAI,renault,8,7,Finished,7.0,54.0,9.0,0.0,57.0,6.0,0.0,7.8,10.6,0.2,6.6,11.0,0,0.0,8,2018
2018,8,French Grand Prix,ricard,2018-06-24,hulkenberg,HUL,renault,9,12,Finished,12.0,43.0,10.0,0.0,57.0,6.0,0.0,11.8,10.7,0.3,6.6,11.0,0,0.0,8,2018
2018,8,French Grand Prix,ricard,2018-06-24,leclerc,LEC,sauber,10,8,Finished,8.0,0.0,20.0,0.0,5.0,10.0,0.0,12.6,12.571428571428571,0.14285714285714285,10.6,11.0,0,0.0,8,2018
2018,8,French Grand Prix,ricard,2018-06-24,grosjean,GRO,haas,11,10,+1 Lap,10.0,28.0,13.0,0.0,47.0,8.0,0.0,15.4,14.7,0.3,10.8,11.0,0,0.0,8,2018
2018,8,French Grand Prix,ricard,2018-06-24,vandoorne,VAN,mclaren,12,17,+1 Lap,17.0,13.0,16.0,0.0,30.0,9.0,0.0,13.4,12.7,0.2,10.4,11.0,0,0.0,8,2018
2018,8,French Grand Prix,ricard,2018-06-24,ericsson,ERI,sauber,13,15,+1 Lap,15.0,0.0,20.0,0.0,5.0,10.0,0.0,13.2,14.1,0.2,10.6,11.0,0,0.0,8,2018
2018,8,French Grand Prix,ricard,2018-06-24,brendon_hartley,HAR,toro_rosso,14,20,+1 Lap,20.0,0.0,23.0,0.0,53.0,7.0,0.0,16.0,16.2,0.5,11.6,11.0,0,0.0,8,2018
2018,8,French Grand Prix,ricard,2018-06-24,sirotkin,SIR,williams,15,18,+1 Lap,18.0,0.0,20.0,0.0,83.0,5.0,0.0,16.4,16.714285714285715,0.2857142857142857,13.2,11.0,0,0.0,8,2018
2018,8,French Grand Prix,ricard,2018-06-24,alonso,ALO,mclaren,16,16,Wheel,16.0,17.0,15.0,0.0,30.0,9.0,0.0,12.0,9.9,0.2,10.4,11.0,0,0.0,8,2018
2018,8,French Grand Prix,ricard,2018-06-24,stroll,STR,williams,17,19,Puncture,19.0,40.0,12.0,0.0,83.0,5.0,0.0,14.0,13.8,0.1,13.2,11.0,0,0.0,8,2018
2018,8,French Grand Prix,ricard,2018-06-24,perez,PER,force_india,18,13,Engine,13.0,100.0,7.0,0.0,187.0,4.0,0.0,10.0,10.0,0.0,7.6,11.0,0,0.0,8,2018
2018,8,French Grand Prix,ricard,2018-06-24,ocon,OCO,force_india,19,11,Collision,11.0,87.0,8.0,0.0,187.0,4.0,0.0,12.2,11.4,0.3,7.6,11.0,0,0.0,8,2018
2018,8,French Grand Prix,ricard,2018-06-24,gasly,GAS,toro_rosso,20,14,Collision,14.0,0.0,21.0,0.0,53.0,7.0,0.0,13.4,13.0,0.2,11.6,11.0,0,0.0,8,2018
2018,9,Austrian Grand Prix,red_bull_ring,2018-07-01,max_verstappen,VER,red_bull,1,4,Finished,4.0,168.0,6.0,2.0,368.0,3.0,3.0,6.6,7.3,0.2,5.0,10.0,3,0.3333333333333333,9,2018
2018,9,Austrian Grand Prix,red_bull_ring,2018-07-01,raikkonen,RAI,ferrari,2,3,Finished,3.0,205.0,4.0,0.0,522.0,2.0,5.0,6.4,6.3,0.2,2.4,9.25,4,0.25,9,2018
2018,9,Austrian Grand Prix,red_bull_ring,2018-07-01,vettel,VET,ferrari,3,6,Finished,6.0,317.0,2.0,5.0,522.0,2.0,5.0,3.2,3.0,0.0,2.4,12.0,4,0.25,9,2018
2018,9,Austrian Grand Prix,red_bull_ring,2018-07-01,grosjean,GRO,haas,4,5,+1 Lap,5.0,28.0,13.0,0.0,47.0,8.0,0.0,14.2,14.3,0.3,10.0,10.5,4,0.0,9,2018
2018,9,Austrian Grand Prix,red_bull_ring,2018-07-01,kevin_magnussen,MAG,haas,5,8,+1 Lap,8.0,19.0,14.0,0.0,47.0,8.0,0.0,10.2,11.6,0.2,10.0,13.0,3,0.0,9,2018
2018,9,Austrian Grand Prix,red_bull_ring,2018-07-01,ocon,OCO,force_india,6,11,+1 Lap,11.0,87.0,8.0,0.0,187.0,4.0,0.0,13.8,12.8,0.4,9.0,8.0,1,0.0,9,2018
2018,9,Austrian Grand Prix,red_bull_ring,2018-07-01,perez,PER,force_india,7,16,+1 Lap,16.0,100.0,7.0,0.0,187.0,4.0,0.0,11.2,11.1,0.1,9.0,9.75,4,0.0,9,2018
2018,9,Austrian Grand Prix,red_bull_ring,2018-07-01,alonso,ALO,mclaren,8,13,+1 Lap,13.0,17.0,15.0,0.0,30.0,9.0,0.0,13.8,10.5,0.3,11.4,15.5,4,0.0,9,2018
2018,9,Austrian Grand Prix,red_bull_ring,2018-07-01,leclerc,LEC,sauber,9,18,+1 Lap,18.0,0.0,20.0,0.0,5.0,10.0,0.0,10.8,12.25,0.125,9.4,11.0,0,0.0,9,2018
2018,9,Austrian Grand Prix,red_bull_ring,2018-07-01,ericsson,ERI,sauber,10,20,+1 Lap,20.0,0.0,20.0,0.0,5.0,10.0,0.0,12.6,13.7,0.1,9.4,15.25,4,0.0,9,2018
2018,9,Austrian Grand Prix,red_bull_ring,2018-07-01,gasly,GAS,toro_rosso,11,12,+1 Lap,12.0,0.0,21.0,0.0,53.0,7.0,0.0,13.8,13.7,0.3,10.8,11.0,0,0.0,9,2018
2018,9,Austrian Grand Prix,red_bull_ring,2018-07-01,sainz,SAI,renault,12,9,+1 Lap,9.0,54.0,9.0,0.0,57.0,6.0,0.0,7.6,9.8,0.1,7.0,13.666666666666666,3,0.0,9,2018
2018,9,Austrian Grand Prix,red_bull_ring,2018-07-01,sirotkin,SIR,williams,13,17,+2 Laps,17.0,0.0,20.0,0.0,83.0,5.0,0.0,16.4,16.5,0.25,13.4,11.0,0,0.0,9,2018
2018,9,Austrian Grand Prix,red_bull_ring,2018-07-01,stroll,STR,williams,14,14,+2 Laps,14.0,40.0,12.0,0.0,83.0,5.0,0.0,14.6,14.9,0.2,13.4,10.0,1,0.0,9,2018
2018,9,Austrian Grand Prix,red_bull_ring,2018-07-01,vandoorne,VAN,mclaren,15,15,Collision damage,15.0,13.0,16.0,0.0,30.0,9.0,0.0,13.2,12.7,0.2,11.4,12.0,1,0.0,9,2018
2018,9,Austrian Grand Prix,red_bull_ring,2018-07-01,hamilton,HAM,mercedes,16,2,Fuel pressure,2.0,363.0,1.0,9.0,668.0,1.0,12.0,2.2,2.6,0.0,1.6,2.25,4,0.75,9,2018
2018,9,Austrian Grand Prix,red_bull_ring,2018-07-01,brendon_hartley,HAR,toro_rosso,17,19,Hydraulics,19.0,0.0,23.0,0.0,53.0,7.0,0.0,14.8,15.8,0.4,10.8,11.0,0,0.0,9,2018
2018,9,Austrian Grand Prix,red_bull_ring,2018-07-01,ricciardo,RIC,red_bull,18,7,Exhaust,7.0,200.0,5.0,1.0,368.0,3.0,3.0,6.2,8.2,0.3,5.0,6.5,4,0.25,9,2018
2018,9,Austrian Grand Prix,red_bull_ring,2018-07-01,bottas,BOT,mercedes,19,1,Hydraulics,1.0,305.0,3.0,3.0,668.0,1.0,12.0,6.0,4.5,0.1,1.6,4.5,4,0.5,9,2018
2018,9,Austrian Grand Prix,red_bull_ring,2018-07-01,hulkenberg,HUL,renault,20,10,Engine,10.0,43.0,10.0,0.0,57.0,6.0,0.0,12.4,9.7,0.2,7.0,11.75,4,0.0,9,2018
2018,10,British Grand Prix,silverstone,2018-07-08,vettel,VET,ferrari,1,2,Finished,2.0,317.0,2.0,5.0,522.0,2.0,5.0,3.0,3.2,0.0,2.4,7.125,8,0.375,10,2018
2018,10,British Grand Prix,silverstone,2018-07-08,hamilton,HAM,mercedes,2,1,Finished,1.0,363.0,1.0,9.0,668.0,1.0,12.0,5.2,3.8,0.1,4.6,2.75,8,0.625,10,2018
2018,10,British Grand Prix,silverstone,2018-07-08,raikkonen,RAI,ferrari,3,3,Finished,3.0,205.0,4.0,0.0,522.0,2.0,5.0,6.4,6.2,0.2,2.4,8.0,6,0.16666666666666666,10,2018
2018,10,British Grand Prix,silverstone,2018-07-08,bottas,BOT,mercedes,4,4,Finished,4.0,305.0,3.0,3.0,668.0,1.0,12.0,7.0,6.2,0.2,4.6,7.0,5,0.4,10,2018
2018,10,British Grand Prix,silverstone,2018-07-08,ricciardo,RIC,red_bull,5,6,Finished,6.0,200.0,5.0,1.0,368.0,3.0,3.0,6.4,9.4,0.4,2.0,9.571428571428571,7,0.14285714285714285,10,2018
2018,10,British Grand Prix,silverstone,2018-07-08,hulkenberg,HUL,renault,6,11,Finished,11.0,43.0,10.0,0.0,57.0,6.0,0.0,12.8,10.7,0.3,8.4,8.571428571428571,7,0.0,10,2018
2018,10,British Grand Prix,silverstone,2018-07-08,ocon,OCO,force_india,7,10,Finished,10.0,87.0,8.0,0.0,187.0,4.0,0.0,11.2,11.6,0.3,9.6,8.0,1,0.0,10,2018
2018,10,British Grand Prix,silverstone,2018-07-08,alonso,ALO,mclaren,8,13,Finished,13.0,17.0,15.0,0.0,30.0,9.0,0.0,14.0,10.5,0.3,11.6,8.375,8,0.375,10,2018
2018,10,British Grand Prix,silverstone,2018-07-08,kevin_magnussen,MAG,haas,9,7,Finished,7.0,19.0,14.0,0.0,47.0,8.0,0.0,8.6,10.1,0.1,8.2,12.0,3,0.0,10,2018
2018,10,British Grand Prix,silverstone,2018-07-08,perez,PER,force_india,10,12,Finished,12.0,100.0,7.0,0.0,187.0,4.0,0.0,12.0,10.9,0.1,9.6,12.0,7,0.0,10,2018
2018,10,British Grand Prix,silverstone,2018-07-08,vandoorne,VAN,mclaren,11,17,Finished,17.0,13.0,16.0,0.0,30.0,9.0,0.0,14.4,12.3,0.2,11.6,11.0,1,0.0,10,2018
2018,10,British Grand Prix,silverstone,2018-07-08,stroll,STR,williams,12,19,Finished,19.0,40.0,12.0,0.0,83.0,5.0,0.0,15.8,14.7,0.2,14.4,16.0,1,0.0,10,2018
2018,10,British Grand Prix,silverstone,2018-07-08,gasly,GAS,toro_rosso,13,14,Finished,14.0,0.0,21.0,0.0,53.0,7.0,0.0,13.6,13.6,0.3,11.0,11.0,0,0.0,10,2018
2018,10,British Grand Prix,silverstone,2018-07-08,sirotkin,SIR,williams,14,18,Finished,18.0,0.0,20.0,0.0,83.0,5.0,0.0,15.0,16.11111111111111,0.2222222222222222,14.4,11.0,0,0.0,10,2018
2018,10,British Grand Prix,silverstone,2018-07-08,max_verstappen,VER,red_bull,15,5,Brakes,5.0,168.0,6.0,2.0,368.0,3.0,3.0,3.6,6.9,0.2,2.0,7.333333333333333,3,0.3333333333333333,10,2018
2018,10,British Grand Prix,silverstone,2018-07-08,grosjean,GRO,haas,16,8,Collision,8.0,28.0,13.0,0.0,47.0,8.0,0.0,12.0,13.2,0.3,8.2,14.5,6,0.0,10,2018
2018,10,British Grand Prix,silverstone,2018-07-08,sainz,SAI,renault,17,16,Collision,16.0,54.0,9.0,0.0,57.0,6.0,0.0,9.0,9.9,0.1,8.4,13.666666666666666,3,0.0,10,2018
2018,10,British Grand Prix,silverstone,2018-07-08,ericsson,ERI,sauber,18,15,Accident,15.0,0.0,20.0,0.0,5.0,10.0,0.0,12.4,13.4,0.1,10.0,16.25,4,0.0,10,2018
2018,10,British Grand Prix,silverstone,2018-07-08,leclerc,LEC,sauber,19,9,Tyre,9.0,0.0,20.0,0.0,5.0,10.0,0.0,11.4,11.88888888888889,0.1111111111111111,10.0,11.0,0,0.0,10,2018
2018,10,British Grand Prix,silverstone,2018-07-08,brendon_hartley,HAR,toro_rosso,20,0,Power Unit,0.0,0.0,23.0,0.0,53.0,7.0,0.0,16.2,15.8,0.4,11.0,11.0,0,0.0,10,2018
2018,11,German Grand Prix,hockenheimring,2018-07-22,hamilton,HAM,mercedes,1,14,Finished,14.0,363.0,1.0,9.0,668.0,1.0,12.0,5.4,3.8,0.1,4.8,8.0,4,0.5,11,2018
2018,11,German Grand Prix,hockenheimring,2018-07-22,bottas,BOT,mercedes,2,2,Finished,2.0,305.0,3.0,3.0,668.0,1.0,12.0,7.4,6.5,0.2,4.8,5.5,2,0.5,11,2018
2018,11,German Grand Prix,hockenheimring,2018-07-22,raikkonen,RAI,ferrari,3,3,Finished,3.0,205.0,4.0,0.0,522.0,2.0,5.0,3.6,6.1,0.2,1.8,6.666666666666667,3,0.3333333333333333,11,2018
2018,11,German Grand Prix,hockenheimring,2018-07-22,max_verstappen,VER,red_bull,4,4,Finished,4.0,168.0,6.0,2.0,368.0,3.0,3.0,6.0,7.9,0.3,2.4,3.0,1,1.0,11,2018
2018,11,German Grand Prix,hockenheimring,2018-07-22,hulkenberg,HUL,renault,5,7,Finished,7.0,43.0,10.0,0.0,57.0,6.0,0.0,10.0,10.7,0.3,8.2,9.0,4,0.0,11,2018
2018,11,German Grand Prix,hockenheimring,2018-07-22,grosjean,GRO,haas,6,6,Finished,6.0,28.0,13.0,0.0,47.0,8.0,0.0,11.6,13.7,0.4,8.8,17.333333333333332,3,0.0,11,2018
2018,11,German Grand Prix,hockenheimring,2018-07-22,perez,PER,force_india,7,10,Finished,10.0,100.0,7.0,0.0,187.0,4.0,0.0,12.2,11.2,0.1,9.2,8.666666666666666,3,0.0,11,2018
2018,11,German Grand Prix,hockenheimring,2018-07-22,ocon,OCO,force_india,8,15,Finished,15.0,87.0,8.0,0.0,187.0,4.0,0.0,9.4,11.5,0.3,9.2,11.0,0,0.0,11,2018
2018,11,German Grand Prix,hockenheimring,2018-07-22,ericsson,ERI,sauber,9,13,Finished,13.0,0.0,20.0,0.0,5.0,10.0,0.0,13.4,13.5,0.2,11.6,18.0,2,0.0,11,2018
2018,11,German Grand Prix,hockenheimring,2018-07-22,brendon_hartley,HAR,toro_rosso,10,17,Finished,17.0,0.0,23.0,0.0,53.0,7.0,0.0,17.8,16.3,0.5,11.2,11.0,0,0.0,11,2018
2018,11,German Grand Prix,hockenheimring,2018-07-22,kevin_magnussen,MAG,haas,11,5,Finished,5.0,19.0,14.0,0.0,47.0,8.0,0.0,9.2,9.7,0.1,8.8,12.5,2,0.0,11,2018
2018,11,German Grand Prix,hockenheimring,2018-07-22,sainz,SAI,renault,12,8,Finished,8.0,54.0,9.0,0.0,57.0,6.0,0.0,11.0,9.7,0.1,8.2,14.0,1,0.0,11,2018
2018,11,German Grand Prix,hockenheimring,2018-07-22,vandoorne,VAN,mclaren,13,19,Finished,19.0,13.0,16.0,0.0,30.0,9.0,0.0,13.6,12.2,0.2,11.6,11.0,0,0.0,11,2018
2018,11,German Grand Prix,hockenheimring,2018-07-22,gasly,GAS,toro_rosso,14,16,+1 Lap,16.0,0.0,21.0,0.0,53.0,7.0,0.0,12.4,13.3,0.3,11.2,11.0,0,0.0,11,2018
2018,11,German Grand Prix,hockenheimring,2018-07-22,leclerc,LEC,sauber,15,9,+1 Lap,9.0,0.0,20.0,0.0,5.0,10.0,0.0,13.2,12.6,0.2,11.6,11.0,0,0.0,11,2018
2018,11,German Grand Prix,hockenheimring,2018-07-22,alonso,ALO,mclaren,16,11,Retired,11.0,17.0,15.0,0.0,30.0,9.0,0.0,14.0,10.4,0.3,11.6,4.75,4,0.5,11,2018
2018,11,German Grand Prix,hockenheimring,2018-07-22,stroll,STR,williams,17,18,Engine,18.0,40.0,12.0,0.0,83.0,5.0,0.0,16.0,14.1,0.2,14.6,11.0,0,0.0,11,2018
2018,11,German Grand Prix,hockenheimring,2018-07-22,vettel,VET,ferrari,18,1,Accident,1.0,317.0,2.0,5.0,522.0,2.0,5.0,2.4,3.0,0.0,1.8,4.25,4,0.25,11,2018
2018,11,German Grand Prix,hockenheimring,2018-07-22,sirotkin,SIR,williams,19,12,Engine,12.0,0.0,20.0,0.0,83.0,5.0,0.0,15.0,15.9,0.2,14.6,11.0,0,0.0,11,2018
2018,11,German Grand Prix,hockenheimring,2018-07-22,ricciardo,RIC,red_bull,20,20,Engine,20.0,200.0,5.0,1.0,368.0,3.0,3.0,6.4,7.9,0.3,2.4,7.0,3,0.3333333333333333,11,2018
2018,12,Hungarian Grand Prix,hungaroring,2018-07-29,hamilton,HAM,mercedes,1,1,Finished,1.0,363.0,1.0,9.0,668.0,1.0,12.0,5.0,3.7,0.1,4.4,5.0,8,0.5,12,2018
2018,12,Hungarian Grand Prix,hungaroring,2018-07-29,vettel,VET,ferrari,2,4,Finished,4.0,317.0,2.0,5.0,522.0,2.0,5.0,5.6,4.7,0.1,2.0,3.125,8,0.625,12,2018
2018,12,Hungarian Grand Prix,hungaroring,2018-07-29,raikkonen,RAI,ferrari,3,3,Finished,3.0,205.0,4.0,0.0,522.0,2.0,5.0,3.4,6.1,0.2,2.0,6.0,6,0.5,12,2018
2018,12,Hungarian Grand Prix,hungaroring,2018-07-29,ricciardo,RIC,red_bull,4,12,Finished,12.0,200.0,5.0,1.0,368.0,3.0,3.0,10.2,9.5,0.4,3.0,10.428571428571429,7,0.42857142857142855,12,2018
2018,12,Hungarian Grand Prix,hungaroring,2018-07-29,bottas,BOT,mercedes,5,2,Finished,2.0,305.0,3.0,3.0,668.0,1.0,12.0,6.8,5.9,0.2,4.4,10.6,5,0.2,12,2018
2018,12,Hungarian Grand Prix,hungaroring,2018-07-29,gasly,GAS,toro_rosso,6,6,Finished,6.0,0.0,21.0,0.0,53.0,7.0,0.0,13.8,12.9,0.2,11.8,11.0,0,0.0,12,2018
2018,12,Hungarian Grand Prix,hungaroring,2018-07-29,kevin_magnussen,MAG,haas,7,9,+1 Lap,9.0,19.0,14.0,0.0,47.0,8.0,0.0,8.8,9.1,0.0,7.4,13.333333333333334,3,0.0,12,2018
2018,12,Hungarian Grand Prix,hungaroring,2018-07-29,alonso,ALO,mclaren,8,11,+1 Lap,11.0,17.0,15.0,0.0,30.0,9.0,0.0,13.2,11.5,0.4,11.4,4.375,8,0.375,12,2018
2018,12,Hungarian Grand Prix,hungaroring,2018-07-29,sainz,SAI,renault,9,5,+1 Lap,5.0,54.0,9.0,0.0,57.0,6.0,0.0,11.4,9.9,0.1,7.6,10.666666666666666,3,0.0,12,2018
2018,12,Hungarian Grand Prix,hungaroring,2018-07-29,grosjean,GRO,haas,10,10,+1 Lap,10.0,28.0,13.0,0.0,47.0,8.0,0.0,9.8,12.7,0.3,7.4,11.666666666666666,6,0.16666666666666666,12,2018
2018,12,Hungarian Grand Prix,hungaroring,2018-07-29,brendon_hartley,HAR,toro_rosso,11,8,+1 Lap,8.0,0.0,23.0,0.0,53.0,7.0,0.0,16.0,15.8,0.5,11.8,11.0,0,0.0,12,2018
2018,12,Hungarian Grand Prix,hungaroring,2018-07-29,hulkenberg,HUL,renault,12,13,+1 Lap,13.0,43.0,10.0,0.0,57.0,6.0,0.0,9.4,10.5,0.3,7.6,13.571428571428571,7,0.0,12,2018
2018,12,Hungarian Grand Prix,hungaroring,2018-07-29,ocon,OCO,force_india,13,18,+1 Lap,18.0,87.0,8.0,0.0,187.0,4.0,0.0,9.8,11.1,0.3,9.4,9.0,1,0.0,12,2018
2018,12,Hungarian Grand Prix,hungaroring,2018-07-29,perez,PER,force_india,14,19,+1 Lap,19.0,100.0,7.0,0.0,187.0,4.0,0.0,11.2,10.8,0.1,9.4,13.571428571428571,7,0.0,12,2018
2018,12,Hungarian Grand Prix,hungaroring,2018-07-29,ericsson,ERI,sauber,15,14,+2 Laps,14.0,0.0,20.0,0.0,5.0,10.0,0.0,13.0,12.5,0.1,11.2,17.0,4,0.0,12,2018
2018,12,Hungarian Grand Prix,hungaroring,2018-07-29,sirotkin,SIR,williams,16,20,+2 Laps,20.0,0.0,20.0,0.0,83.0,5.0,0.0,15.6,15.8,0.2,14.8,11.0,0,0.0,12,2018
2018,12,Hungarian Grand Prix,hungaroring,2018-07-29,stroll,STR,williams,17,15,+2 Laps,15.0,40.0,12.0,0.0,83.0,5.0,0.0,16.0,14.4,0.3,14.8,14.0,1,0.0,12,2018
2018,12,Hungarian Grand Prix,hungaroring,2018-07-29,vandoorne,VAN,mclaren,18,16,Gearbox,16.0,13.0,16.0,0.0,30.0,9.0,0.0,13.4,12.6,0.2,11.4,10.0,1,0.0,12,2018
2018,12,Hungarian Grand Prix,hungaroring,2018-07-29,max_verstappen,VER,red_bull,19,7,Power loss,7.0,168.0,6.0,2.0,368.0,3.0,3.0,5.0,7.7,0.3,3.0,4.666666666666667,3,0.0,12,2018
2018,12,Hungarian Grand Prix,hungaroring,2018-07-29,leclerc,LEC,sauber,20,17,Suspension,17.0,0.0,20.0,0.0,5.0,10.0,0.0,12.6,12.8,0.2,11.2,11.0,0,0.0,12,2018
2018,13,Belgian Grand Prix,spa,2018-08-26,vettel,VET,ferrari,1,2,Finished,2.0,317.0,2.0,5.0,522.0,2.0,5.0,5.8,4.8,0.1,2.2,5.5,8,0.5,13,2018
2018,13,Belgian Grand Prix,spa,2018-08-26,hamilton,HAM,mercedes,2,1,Finished,1.0,363.0,1.0,9.0,668.0,1.0,12.0,4.2,3.5,0.1,4.2,9.125,8,0.625,13,2018
2018,13,Belgian Grand Prix,spa,2018-08-26,max_verstappen,VER,red_bull,3,7,Finished,7.0,168.0,6.0,2.0,368.0,3.0,3.0,8.2,7.7,0.3,3.2,12.666666666666666,3,0.0,13,2018
2018,13,Belgian Grand Prix,spa,2018-08-26,bottas,BOT,mercedes,4,19,Finished,19.0,305.0,3.0,3.0,668.0,1.0,12.0,7.4,6.2,0.2,4.2,8.0,5,0.2,13,2018
2018,13,Belgian Grand Prix,spa,2018-08-26,perez,PER,force_india,5,4,Finished,4.0,100.0,7.0,0.0,187.0,4.0,0.0,11.2,10.6,0.1,10.2,12.428571428571429,7,0.0,13,2018
2018,13,Belgian Grand Prix,spa,2018-08-26,ocon,OCO,force_india,6,3,Finished,3.0,87.0,8.0,0.0,187.0,4.0,0.0,10.6,11.4,0.3,10.2,12.5,2,0.0,13,2018
2018,13,Belgian Grand Prix,spa,2018-08-26,grosjean,GRO,haas,7,5,Finished,5.0,28.0,13.0,0.0,47.0,8.0,0.0,9.4,12.4,0.3,6.4,12.5,6,0.16666666666666666,13,2018
2018,13,Belgian Grand Prix,spa,2018-08-26,kevin_magnussen,MAG,haas,8,9,Finished,9.0,19.0,14.0,0.0,47.0,8.0,0.0,7.6,9.3,0.0,6.4,15.0,3,0.0,13,2018
2018,13,Belgian Grand Prix,spa,2018-08-26,gasly,GAS,toro_rosso,9,10,Finished,10.0,0.0,21.0,0.0,53.0,7.0,0.0,12.8,13.1,0.2,10.8,11.0,0,0.0,13,2018
2018,13,Belgian Grand Prix,spa,2018-08-26,ericsson,ERI,sauber,10,13,+1 Lap,13.0,0.0,20.0,0.0,5.0,10.0,0.0,13.0,13.1,0.1,12.2,15.5,4,0.0,13,2018
2018,13,Belgian Grand Prix,spa,2018-08-26,sainz,SAI,renault,11,14,+1 Lap,14.0,54.0,9.0,0.0,57.0,6.0,0.0,11.6,9.7,0.1,8.0,15.666666666666666,3,0.0,13,2018
2018,13,Belgian Grand Prix,spa,2018-08-26,sirotkin,SIR,williams,12,16,+1 Lap,16.0,0.0,20.0,0.0,83.0,5.0,0.0,15.4,15.9,0.2,14.6,11.0,0,0.0,13,2018
2018,13,Belgian Grand Prix,spa,2018-08-26,stroll,STR,williams,13,17,+1 Lap,17.0,40.0,12.0,0.0,83.0,5.0,0.0,15.4,14.7,0.3,14.6,11.0,1,0.0,13,2018
2018,13,Belgian Grand Prix,spa,2018-08-26,brendon_hartley,HAR,toro_rosso,14,11,+1 Lap,11.0,0.0,23.0,0.0,53.0,7.0,0.0,14.4,15.2,0.5,10.8,11.0,0,0.0,13,2018
2018,13,Belgian Grand Prix,spa,2018-08-26,vandoorne,VAN,mclaren,15,18,+1 Lap,18.0,13.0,16.0,0.0,30.0,9.0,0.0,13.8,13.6,0.3,9.8,14.0,1,0.0,13,2018
2018,13,Belgian Grand Prix,spa,2018-08-26,ricciardo,RIC,red_bull,16,8,Retired,8.0,200.0,5.0,1.0,368.0,3.0,3.0,10.2,7.9,0.3,3.2,9.142857142857142,7,0.42857142857142855,13,2018
2018,13,Belgian Grand Prix,spa,2018-08-26,raikkonen,RAI,ferrari,17,6,Brakes,6.0,205.0,4.0,0.0,522.0,2.0,5.0,2.8,4.6,0.1,2.2,8.0,6,0.16666666666666666,13,2018
2018,13,Belgian Grand Prix,spa,2018-08-26,leclerc,LEC,sauber,18,12,Accident,12.0,0.0,20.0,0.0,5.0,10.0,0.0,14.6,13.6,0.3,12.2,11.0,0,0.0,13,2018
2018,13,Belgian Grand Prix,spa,2018-08-26,alonso,ALO,mclaren,19,15,Accident,15.0,17.0,15.0,0.0,30.0,9.0,0.0,11.2,11.6,0.4,9.8,11.75,8,0.125,13,2018
2018,13,Belgian Grand Prix,spa,2018-08-26,hulkenberg,HUL,renault,20,20,Accident,20.0,43.0,10.0,0.0,57.0,6.0,0.0,10.4,11.1,0.3,8.0,10.142857142857142,7,0.0,13,2018
2018,14,Italian Grand Prix,monza,2018-09-02,hamilton,HAM,mercedes,1,3,Finished,3.0,363.0,1.0,9.0,668.0,1.0,12.0,4.4,3.3,0.1,4.4,5.25,8,0.625,14,2018
2018,14,Italian Grand Prix,monza,2018-09-02,raikkonen,RAI,ferrari,2,1,Finished,1.0,205.0,4.0,0.0,522.0,2.0,5.0,5.6,6.0,0.2,1.8,6.5,6,0.0,14,2018
2018,14,Italian Grand Prix,monza,2018-09-02,bottas,BOT,mercedes,3,4,Finished,4.0,305.0,3.0,3.0,668.0,1.0,12.0,6.8,6.4,0.2,4.4,6.2,5,0.2,14,2018
2018,14,Italian Grand Prix,monza,2018-09-02,vettel,VET,ferrari,4,2,Finished,2.0,317.0,2.0,5.0,522.0,2.0,5.0,5.0,4.1,0.1,1.8,5.25,8,0.625,14,2018
2018,14,Italian Grand Prix,monza,2018-09-02,max_verstappen,VER,red_bull,5,5,Finished,5.0,168.0,6.0,2.0,368.0,3.0,3.0,8.4,7.5,0.3,3.4,9.666666666666666,3,0.0,14,2018
2018,14,Italian Grand Prix,monza,2018-09-02,ocon,OCO,force_india,6,8,Finished,8.0,87.0,8.0,0.0,187.0,4.0,0.0,8.0,10.9,0.3,7.6,12.0,2,0.0,14,2018
2018,14,Italian Grand Prix,monza,2018-09-02,perez,PER,force_india,7,14,Finished,14.0,100.0,7.0,0.0,187.0,4.0,0.0,8.6,9.9,0.1,7.6,8.714285714285714,7,0.14285714285714285,14,2018
2018,14,Italian Grand Prix,monza,2018-09-02,sainz,SAI,renault,8,7,Finished,7.0,54.0,9.0,0.0,57.0,6.0,0.0,12.2,9.9,0.1,8.6,13.333333333333334,3,0.0,14,2018
2018,14,Italian Grand Prix,monza,2018-09-02,stroll,STR,williams,9,10,+1 Lap,10.0,40.0,12.0,0.0,83.0,5.0,0.0,14.6,14.6,0.3,14.0,7.0,1,0.0,14,2018
2018,14,Italian Grand Prix,monza,2018-09-02,sirotkin,SIR,williams,10,12,+1 Lap,12.0,0.0,20.0,0.0,83.0,5.0,0.0,14.8,15.6,0.2,14.0,11.0,0,0.0,14,2018
2018,14,Italian Grand Prix,monza,2018-09-02,leclerc,LEC,sauber,11,15,+1 Lap,15.0,0.0,20.0,0.0,5.0,10.0,0.0,16.2,13.5,0.4,12.2,11.0,0,0.0,14,2018
2018,14,Italian Grand Prix,monza,2018-09-02,vandoorne,VAN,mclaren,12,17,+1 Lap,17.0,13.0,16.0,0.0,30.0,9.0,0.0,14.4,13.8,0.3,10.4,19.0,1,0.0,14,2018
2018,14,Italian Grand Prix,monza,2018-09-02,hulkenberg,HUL,renault,13,20,+1 Lap,20.0,43.0,10.0,0.0,57.0,6.0,0.0,12.6,12.5,0.4,8.6,10.714285714285714,7,0.0,14,2018
2018,14,Italian Grand Prix,monza,2018-09-02,gasly,GAS,toro_rosso,14,9,+1 Lap,9.0,0.0,21.0,0.0,53.0,7.0,0.0,10.6,12.2,0.2,9.8,11.0,0,0.0,14,2018
2018,14,Italian Grand Prix,monza,2018-09-02,ericsson,ERI,sauber,15,18,+1 Lap,18.0,0.0,20.0,0.0,5.0,10.0,0.0,12.4,12.5,0.1,12.2,15.75,4,0.0,14,2018
2018,14,Italian Grand Prix,monza,2018-09-02,kevin_magnussen,MAG,haas,16,11,+1 Lap,11.0,19.0,14.0,0.0,47.0,8.0,0.0,8.0,9.1,0.0,6.6,12.666666666666666,3,0.0,14,2018
2018,14,Italian Grand Prix,monza,2018-09-02,ricciardo,RIC,red_bull,17,19,Engine,19.0,200.0,5.0,1.0,368.0,3.0,3.0,12.6,9.4,0.4,3.4,8.142857142857142,7,0.0,14,2018
2018,14,Italian Grand Prix,monza,2018-09-02,alonso,ALO,mclaren,18,13,Engine,13.0,17.0,15.0,0.0,30.0,9.0,0.0,11.8,12.8,0.5,10.4,9.875,8,0.5,14,2018
2018,14,Italian Grand Prix,monza,2018-09-02,brendon_hartley,HAR,toro_rosso,19,16,Brakes,16.0,0.0,23.0,0.0,53.0,7.0,0.0,14.4,14.6,0.4,9.8,11.0,0,0.0,14,2018
2018,14,Italian Grand Prix,monza,2018-09-02,grosjean,GRO,haas,20,6,Disqualified,6.0,28.0,13.0,0.0,47.0,8.0,0.0,8.6,11.4,0.3,6.6,13.8,5,0.0,14,2018
2018,15,Singapore Grand Prix,marina_bay,2018-09-16,hamilton,HAM,mercedes,1,1,Finished,1.0,363.0,1.0,9.0,668.0,1.0,12.0,1.4,3.3,0.1,1.4,9.5,8,0.375,15,2018
2018,15,Singapore Grand Prix,marina_bay,2018-09-16,max_verstappen,VER,red_bull,2,2,Finished,2.0,168.0,6.0,2.0,368.0,3.0,3.0,9.2,6.4,0.2,4.2,11.0,3,0.0,15,2018
2018,15,Singapore Grand Prix,marina_bay,2018-09-16,vettel,VET,ferrari,3,3,Finished,3.0,317.0,2.0,5.0,522.0,2.0,5.0,5.2,4.1,0.1,1.8,3.875,8,0.75,15,2018
2018,15,Singapore Grand Prix,marina_bay,2018-09-16,bottas,BOT,mercedes,4,4,Finished,4.0,305.0,3.0,3.0,668.0,1.0,12.0,3.6,5.3,0.1,1.4,10.4,5,0.2,15,2018
2018,15,Singapore Grand Prix,marina_bay,2018-09-16,raikkonen,RAI,ferrari,5,5,Finished,5.0,205.0,4.0,0.0,522.0,2.0,5.0,5.6,6.0,0.2,1.8,7.333333333333333,6,0.3333333333333333,15,2018
2018,15,Singapore Grand Prix,marina_bay,2018-09-16,ricciardo,RIC,red_bull,6,6,Finished,6.0,200.0,5.0,1.0,368.0,3.0,3.0,12.4,9.4,0.4,4.2,8.428571428571429,7,0.5714285714285714,15,2018
2018,15,Singapore Grand Prix,marina_bay,2018-09-16,alonso,ALO,mclaren,7,11,Finished,11.0,17.0,15.0,0.0,30.0,9.0,0.0,13.8,13.9,0.6,11.2,6.875,8,0.375,15,2018
2018,15,Singapore Grand Prix,marina_bay,2018-09-16,sainz,SAI,renault,8,12,+1 Lap,12.0,54.0,9.0,0.0,57.0,6.0,0.0,11.4,10.2,0.1,7.8,9.0,3,0.0,15,2018
2018,15,Singapore Grand Prix,marina_bay,2018-09-16,leclerc,LEC,sauber,9,13,+1 Lap,13.0,0.0,20.0,0.0,5.0,10.0,0.0,16.6,14.0,0.4,12.6,11.0,0,0.0,15,2018
2018,15,Singapore Grand Prix,marina_bay,2018-09-16,hulkenberg,HUL,renault,10,10,+1 Lap,10.0,43.0,10.0,0.0,57.0,6.0,0.0,11.2,12.0,0.3,7.8,13.857142857142858,7,0.0,15,2018
2018,15,Singapore Grand Prix,marina_bay,2018-09-16,ericsson,ERI,sauber,11,14,+1 Lap,14.0,0.0,20.0,0.0,5.0,10.0,0.0,13.4,12.9,0.1,12.6,14.5,4,0.0,15,2018
2018,15,Singapore Grand Prix,marina_bay,2018-09-16,vandoorne,VAN,mclaren,12,18,+1 Lap,18.0,13.0,16.0,0.0,30.0,9.0,0.0,13.8,14.1,0.3,11.2,7.0,1,0.0,15,2018
2018,15,Singapore Grand Prix,marina_bay,2018-09-16,gasly,GAS,toro_rosso,13,15,+1 Lap,15.0,0.0,21.0,0.0,53.0,7.0,0.0,11.2,12.4,0.2,10.4,11.0,0,0.0,15,2018
2018,15,Singapore Grand Prix,marina_bay,2018-09-16,stroll,STR,williams,14,20,+1 Lap,20.0,40.0,12.0,0.0,83.0,5.0,0.0,13.6,14.7,0.3,13.2,8.0,1,0.0,15,2018
2018,15,Singapore Grand Prix,marina_bay,2018-09-16,grosjean,GRO,haas,15,8,+1 Lap,8.0,28.0,13.0,0.0,47.0,8.0,0.0,11.8,11.9,0.3,9.0,14.166666666666666,6,0.0,15,2018
2018,15,Singapore Grand Prix,marina_bay,2018-09-16,perez,PER,force_india,16,7,+1 Lap,7.0,100.0,7.0,0.0,187.0,4.0,0.0,8.6,10.3,0.1,7.6,7.857142857142857,7,0.0,15,2018
2018,15,Singapore Grand Prix,marina_bay,2018-09-16,brendon_hartley,HAR,toro_rosso,17,17,+1 Lap,17.0,0.0,23.0,0.0,53.0,7.0,0.0,14.8,15.5,0.5,10.4,11.0,0,0.0,15,2018
2018,15,Singapore Grand Prix,marina_bay,2018-09-16,kevin_magnussen,MAG,haas,18,16,+2 Laps,16.0,19.0,14.0,0.0,47.0,8.0,0.0,10.2,9.4,0.0,9.0,11.0,3,0.0,15,2018
2018,15,Singapore Grand Prix,marina_bay,2018-09-16,sirotkin,SIR,williams,19,19,+2 Laps,19.0,0.0,20.0,0.0,83.0,5.0,0.0,14.2,14.6,0.1,13.2,11.0,0,0.0,15,2018
2018,15,Singapore Grand Prix,marina_bay,2018-09-16,ocon,OCO,force_india,20,9,Collision,9.0,87.0,8.0,0.0,187.0,4.0,0.0,8.0,9.6,0.2,7.6,14.0,2,0.0,15,2018
2018,16,Russian Grand Prix,sochi,2018-09-30,hamilton,HAM,mercedes,1,2,Finished,2.0,363.0,1.0,9.0,668.0,1.0,12.0,1.2,3.3,0.1,1.2,2.0,4,0.75,16,2018
2018,16,Russian Grand Prix,sochi,2018-09-30,bottas,BOT,mercedes,2,1,Finished,1.0,305.0,3.0,3.0,668.0,1.0,12.0,3.6,5.5,0.1,1.2,5.0,4,0.5,16,2018
2018,16,Russian Grand Prix,sochi,2018-09-30,vettel,VET,ferrari,3,3,Finished,3.0,317.0,2.0,5.0,522.0,2.0,5.0,5.6,4.0,0.1,2.2,8.0,4,0.5,16,2018
2018,16,Russian Grand Prix,sochi,2018-09-30,raikkonen,RAI,ferrari,4,4,Finished,4.0,205.0,4.0,0.0,522.0,2.0,5.0,6.0,4.8,0.1,2.2,5.75,4,0.5,16,2018
2018,16,Russian Grand Prix,sochi,2018-09-30,max_verstappen,VER,red_bull,5,19,Finished,19.0,168.0,6.0,2.0,368.0,3.0,3.0,6.6,6.3,0.2,3.6,11.333333333333334,3,0.0,16,2018
2018,16,Russian Grand Prix,sochi,2018-09-30,ricciardo,RIC,red_bull,6,18,Finished,18.0,200.0,5.0,1.0,368.0,3.0,3.0,12.6,9.5,0.4,3.6,12.5,4,0.0,16,2018
2018,16,Russian Grand Prix,sochi,2018-09-30,leclerc,LEC,sauber,7,7,Finished,7.0,0.0,20.0,0.0,5.0,10.0,0.0,14.6,13.9,0.4,10.8,11.0,0,0.0,16,2018
2018,16,Russian Grand Prix,sochi,2018-09-30,kevin_magnussen,MAG,haas,8,5,+1 Lap,5.0,19.0,14.0,0.0,47.0,8.0,0.0,12.0,10.6,0.0,10.2,8.333333333333334,3,0.0,16,2018
2018,16,Russian Grand Prix,sochi,2018-09-30,ocon,OCO,force_india,9,6,+1 Lap,6.0,87.0,8.0,0.0,187.0,4.0,0.0,10.6,10.0,0.2,9.4,7.0,1,0.0,16,2018
2018,16,Russian Grand Prix,sochi,2018-09-30,perez,PER,force_india,10,8,+1 Lap,8.0,100.0,7.0,0.0,187.0,4.0,0.0,9.8,11.0,0.1,9.4,7.0,4,0.25,16,2018
2018,16,Russian Grand Prix,sochi,2018-09-30,grosjean,GRO,haas,11,9,+1 Lap,9.0,28.0,13.0,0.0,47.0,8.0,0.0,11.6,11.6,0.2,10.2,15.25,4,0.0,16,2018
2018,16,Russian Grand Prix,sochi,2018-09-30,hulkenberg,HUL,renault,12,12,+1 Lap,12.0,43.0,10.0,0.0,57.0,6.0,0.0,12.0,11.0,0.2,8.2,15.0,4,0.0,16,2018
2018,16,Russian Grand Prix,sochi,2018-09-30,ericsson,ERI,sauber,13,10,+1 Lap,10.0,0.0,20.0,0.0,5.0,10.0,0.0,12.0,12.7,0.1,10.8,17.0,4,0.0,16,2018
2018,16,Russian Grand Prix,sochi,2018-09-30,alonso,ALO,mclaren,14,16,+1 Lap,16.0,17.0,15.0,0.0,30.0,9.0,0.0,13.6,13.8,0.6,11.0,10.75,4,0.0,16,2018
2018,16,Russian Grand Prix,sochi,2018-09-30,stroll,STR,williams,15,14,+1 Lap,14.0,40.0,12.0,0.0,83.0,5.0,0.0,14.0,15.0,0.3,13.6,11.0,1,0.0,16,2018
2018,16,Russian Grand Prix,sochi,2018-09-30,vandoorne,VAN,mclaren,16,15,+2 Laps,15.0,13.0,16.0,0.0,30.0,9.0,0.0,14.0,13.8,0.2,11.0,14.0,1,0.0,16,2018
2018,16,Russian Grand Prix,sochi,2018-09-30,sainz,SAI,renault,17,11,+2 Laps,11.0,54.0,9.0,0.0,57.0,6.0,0.0,9.6,10.3,0.1,8.2,12.666666666666666,3,0.0,16,2018
2018,16,Russian Grand Prix,sochi,2018-09-30,sirotkin,SIR,williams,18,13,+2 Laps,13.0,0.0,20.0,0.0,83.0,5.0,0.0,15.2,15.1,0.1,13.6,11.0,0,0.0,16,2018
2018,16,Russian Grand Prix,sochi,2018-09-30,gasly,GAS,toro_rosso,19,17,Brakes,17.0,0.0,21.0,0.0,53.0,7.0,0.0,11.2,11.8,0.1,10.4,11.0,0,0.0,16,2018
2018,16,Russian Grand Prix,sochi,2018-09-30,brendon_hartley,HAR,toro_rosso,20,20,Brakes,20.0,0.0,23.0,0.0,53.0,7.0,0.0,14.2,16.0,0.5,10.4,11.0,0,0.0,16,2018
2018,17,Japanese Grand Prix,suzuka,2018-10-07,hamilton,HAM,mercedes,1,1,Finished,1.0,363.0,1.0,9.0,668.0,1.0,12.0,1.2,3.1,0.1,1.2,5.125,8,0.5,17,2018
2018,17,Japanese Grand Prix,suzuka,2018-10-07,bottas,BOT,mercedes,2,2,Finished,2.0,305.0,3.0,3.0,668.0,1.0,12.0,3.6,5.2,0.1,1.2,8.4,5,0.0,17,2018
2018,17,Japanese Grand Prix,suzuka,2018-10-07,max_verstappen,VER,red_bull,3,3,Finished,3.0,168.0,6.0,2.0,368.0,3.0,3.0,6.8,5.9,0.2,3.8,4.333333333333333,3,0.6666666666666666,17,2018
2018,17,Japanese Grand Prix,suzuka,2018-10-07,ricciardo,RIC,red_bull,4,15,Finished,15.0,200.0,5.0,1.0,368.0,3.0,3.0,9.8,10.0,0.4,3.8,10.428571428571429,7,0.14285714285714285,17,2018
2018,17,Japanese Grand Prix,suzuka,2018-10-07,raikkonen,RAI,ferrari,5,4,Finished,4.0,205.0,4.0,0.0,522.0,2.0,5.0,6.2,4.8,0.1,2.2,6.166666666666667,6,0.0,17,2018
2018,17,Japanese Grand Prix,suzuka,2018-10-07,vettel,VET,ferrari,6,8,Finished,8.0,317.0,2.0,5.0,522.0,2.0,5.0,2.6,4.1,0.1,2.2,4.375,8,0.75,17,2018
2018,17,Japanese Grand Prix,suzuka,2018-10-07,perez,PER,force_india,7,9,Finished,9.0,100.0,7.0,0.0,187.0,4.0,0.0,10.4,10.8,0.1,9.8,11.571428571428571,7,0.0,17,2018
2018,17,Japanese Grand Prix,suzuka,2018-10-07,grosjean,GRO,haas,8,5,Finished,5.0,28.0,13.0,0.0,47.0,8.0,0.0,12.6,11.2,0.2,10.6,10.666666666666666,6,0.16666666666666666,17,2018
2018,17,Japanese Grand Prix,suzuka,2018-10-07,ocon,OCO,force_india,9,11,Finished,11.0,87.0,8.0,0.0,187.0,4.0,0.0,10.8,10.3,0.2,9.8,13.5,2,0.0,17,2018
2018,17,Japanese Grand Prix,suzuka,2018-10-07,sainz,SAI,renault,10,13,+1 Lap,13.0,54.0,9.0,0.0,57.0,6.0,0.0,10.6,11.0,0.1,9.6,15.666666666666666,3,0.0,17,2018
2018,17,Japanese Grand Prix,suzuka,2018-10-07,gasly,GAS,toro_rosso,11,7,+1 Lap,7.0,0.0,21.0,0.0,53.0,7.0,0.0,12.2,13.0,0.2,12.2,13.0,1,0.0,17,2018
2018,17,Japanese Grand Prix,suzuka,2018-10-07,ericsson,ERI,sauber,12,20,+1 Lap,20.0,0.0,20.0,0.0,5.0,10.0,0.0,12.8,12.9,0.1,10.4,16.0,4,0.0,17,2018
2018,17,Japanese Grand Prix,suzuka,2018-10-07,brendon_hartley,HAR,toro_rosso,13,6,+1 Lap,6.0,0.0,23.0,0.0,53.0,7.0,0.0,16.2,16.1,0.5,12.2,11.0,0,0.0,17,2018
2018,17,Japanese Grand Prix,suzuka,2018-10-07,alonso,ALO,mclaren,14,18,+1 Lap,18.0,17.0,15.0,0.0,30.0,9.0,0.0,13.2,13.2,0.5,11.2,11.5,8,0.25,17,2018
2018,17,Japanese Grand Prix,suzuka,2018-10-07,vandoorne,VAN,mclaren,15,19,+1 Lap,19.0,13.0,16.0,0.0,30.0,9.0,0.0,14.6,14.0,0.2,11.2,14.0,1,0.0,17,2018
2018,17,Japanese Grand Prix,suzuka,2018-10-07,sirotkin,SIR,williams,16,17,+1 Lap,17.0,0.0,20.0,0.0,83.0,5.0,0.0,15.0,15.3,0.1,13.2,11.0,0,0.0,17,2018
2018,17,Japanese Grand Prix,suzuka,2018-10-07,stroll,STR,williams,17,14,+1 Lap,14.0,40.0,12.0,0.0,83.0,5.0,0.0,13.6,14.8,0.3,13.2,16.0,1,0.0,17,2018
2018,17,Japanese Grand Prix,suzuka,2018-10-07,leclerc,LEC,sauber,18,10,Mechanical,10.0,0.0,20.0,0.0,5.0,10.0,0.0,13.0,12.8,0.3,10.4,11.0,0,0.0,17,2018
2018,17,Japanese Grand Prix,suzuka,2018-10-07,hulkenberg,HUL,renault,19,16,Engine,16.0,43.0,10.0,0.0,57.0,6.0,0.0,13.4,11.4,0.2,9.6,10.285714285714286,7,0.0,17,2018
2018,17,Japanese Grand Prix,suzuka,2018-10-07,kevin_magnussen,MAG,haas,20,12,Collision damage,12.0,19.0,14.0,0.0,47.0,8.0,0.0,11.4,10.1,0.0,10.6,12.0,3,0.0,17,2018
2018,18,United States Grand Prix,americas,2018-10-21,raikkonen,RAI,ferrari,1,2,Finished,2.0,205.0,4.0,0.0,522.0,2.0,5.0,6.6,4.7,0.1,2.8,11.4,5,0.2,18,2018
2018,18,United States Grand Prix,americas,2018-10-21,max_verstappen,VER,red_bull,2,18,Finished,18.0,168.0,6.0,2.0,368.0,3.0,3.0,3.6,5.9,0.2,3.6,9.333333333333334,3,0.0,18,2018
2018,18,United States Grand Prix,americas,2018-10-21,hamilton,HAM,mercedes,3,1,Finished,1.0,363.0,1.0,9.0,668.0,1.0,12.0,1.2,2.7,0.1,1.2,1.5,6,0.8333333333333334,18,2018
2018,18,United States Grand Prix,americas,2018-10-21,vettel,VET,ferrari,4,5,Finished,5.0,317.0,2.0,5.0,522.0,2.0,5.0,3.4,4.6,0.1,2.8,3.1666666666666665,6,0.6666666666666666,18,2018
2018,18,United States Grand Prix,americas,2018-10-21,bottas,BOT,mercedes,5,3,Finished,3.0,305.0,3.0,3.0,668.0,1.0,12.0,3.0,5.2,0.1,1.2,10.6,5,0.0,18,2018
2018,18,United States Grand Prix,americas,2018-10-21,hulkenberg,HUL,renault,6,7,Finished,7.0,43.0,10.0,0.0,57.0,6.0,0.0,14.8,12.6,0.3,9.8,14.333333333333334,6,0.0,18,2018
2018,18,United States Grand Prix,americas,2018-10-21,sainz,SAI,renault,7,11,Finished,11.0,54.0,9.0,0.0,57.0,6.0,0.0,10.8,11.2,0.1,9.8,6.666666666666667,3,0.0,18,2018
2018,18,United States Grand Prix,americas,2018-10-21,perez,PER,force_india,8,10,Finished,10.0,100.0,7.0,0.0,187.0,4.0,0.0,9.0,10.1,0.1,8.6,9.333333333333334,6,0.0,18,2018
2018,18,United States Grand Prix,americas,2018-10-21,brendon_hartley,HAR,toro_rosso,9,20,+1 Lap,20.0,0.0,23.0,0.0,53.0,7.0,0.0,16.6,15.5,0.4,13.2,13.0,1,0.0,18,2018
2018,18,United States Grand Prix,americas,2018-10-21,ericsson,ERI,sauber,10,16,+1 Lap,16.0,0.0,20.0,0.0,5.0,10.0,0.0,12.2,12.6,0.1,9.8,14.666666666666666,3,0.0,18,2018
2018,18,United States Grand Prix,americas,2018-10-21,vandoorne,VAN,mclaren,11,17,+1 Lap,17.0,13.0,16.0,0.0,30.0,9.0,0.0,14.0,13.9,0.2,12.4,12.0,1,0.0,18,2018
2018,18,United States Grand Prix,americas,2018-10-21,gasly,GAS,toro_rosso,12,19,+1 Lap,19.0,0.0,21.0,0.0,53.0,7.0,0.0,13.2,13.0,0.2,13.2,11.0,0,0.0,18,2018
2018,18,United States Grand Prix,americas,2018-10-21,sirotkin,SIR,williams,13,14,+1 Lap,14.0,0.0,20.0,0.0,83.0,5.0,0.0,15.0,15.2,0.1,13.2,11.0,0,0.0,18,2018
2018,18,United States Grand Prix,americas,2018-10-21,stroll,STR,williams,14,15,+2 Laps,15.0,40.0,12.0,0.0,83.0,5.0,0.0,13.6,14.5,0.2,13.2,11.0,1,0.0,18,2018
2018,18,United States Grand Prix,americas,2018-10-21,leclerc,LEC,sauber,15,9,Collision damage,9.0,0.0,20.0,0.0,5.0,10.0,0.0,12.6,13.6,0.4,9.8,11.0,0,0.0,18,2018
2018,18,United States Grand Prix,americas,2018-10-21,ricciardo,RIC,red_bull,16,4,Battery,4.0,200.0,5.0,1.0,368.0,3.0,3.0,9.8,10.0,0.4,3.6,9.5,6,0.3333333333333333,18,2018
2018,18,United States Grand Prix,americas,2018-10-21,grosjean,GRO,haas,17,8,Collision damage,8.0,28.0,13.0,0.0,47.0,8.0,0.0,12.2,10.8,0.2,10.8,10.333333333333334,6,0.16666666666666666,18,2018
2018,18,United States Grand Prix,americas,2018-10-21,alonso,ALO,mclaren,18,13,Collision,13.0,17.0,15.0,0.0,30.0,9.0,0.0,14.4,12.8,0.4,12.4,7.833333333333333,6,0.16666666666666666,18,2018
2018,18,United States Grand Prix,americas,2018-10-21,ocon,OCO,force_india,19,6,Disqualified,6.0,87.0,8.0,0.0,187.0,4.0,0.0,10.0,10.3,0.2,8.6,12.0,2,0.0,18,2018
2018,18,United States Grand Prix,americas,2018-10-21,kevin_magnussen,MAG,haas,20,12,Disqualified,12.0,19.0,14.0,0.0,47.0,8.0,0.0,14.0,10.8,0.1,10.8,12.0,3,0.0,18,2018
2018,19,Mexican Grand Prix,rodriguez,2018-10-28,max_verstappen,VER,red_bull,1,2,Finished,2.0,168.0,6.0,2.0,368.0,3.0,3.0,3.4,5.9,0.2,3.4,4.666666666666667,3,0.3333333333333333,19,2018
2018,19,Mexican Grand Prix,rodriguez,2018-10-28,vettel,VET,ferrari,2,4,Finished,4.0,317.0,2.0,5.0,522.0,2.0,5.0,4.0,4.5,0.1,2.8,9.0,3,0.0,19,2018
2018,19,Mexican Grand Prix,rodriguez,2018-10-28,raikkonen,RAI,ferrari,3,6,Finished,6.0,205.0,4.0,0.0,522.0,2.0,5.0,3.4,4.5,0.1,2.8,9.333333333333334,3,0.3333333333333333,19,2018
2018,19,Mexican Grand Prix,rodriguez,2018-10-28,hamilton,HAM,mercedes,4,3,Finished,3.0,363.0,1.0,9.0,668.0,1.0,12.0,1.4,2.9,0.1,1.4,4.0,3,0.6666666666666666,19,2018
2018,19,Mexican Grand Prix,rodriguez,2018-10-28,bottas,BOT,mercedes,5,5,+1 Lap,5.0,305.0,3.0,3.0,668.0,1.0,12.0,3.2,5.0,0.1,1.4,4.333333333333333,3,0.6666666666666666,19,2018
2018,19,Mexican Grand Prix,rodriguez,2018-10-28,hulkenberg,HUL,renault,6,7,+2 Laps,7.0,43.0,10.0,0.0,57.0,6.0,0.0,12.0,12.3,0.3,8.8,11.0,3,0.0,19,2018
2018,19,Mexican Grand Prix,rodriguez,2018-10-28,leclerc,LEC,sauber,7,9,+2 Laps,9.0,0.0,20.0,0.0,5.0,10.0,0.0,12.0,14.1,0.5,9.8,11.0,0,0.0,19,2018
2018,19,Mexican Grand Prix,rodriguez,2018-10-28,vandoorne,VAN,mclaren,8,15,+2 Laps,15.0,13.0,16.0,0.0,30.0,9.0,0.0,13.2,13.8,0.2,11.6,12.0,1,0.0,19,2018
2018,19,Mexican Grand Prix,rodriguez,2018-10-28,ericsson,ERI,sauber,9,10,+2 Laps,10.0,0.0,20.0,0.0,5.0,10.0,0.0,12.2,12.3,0.1,9.8,13.333333333333334,3,0.0,19,2018
2018,19,Mexican Grand Prix,rodriguez,2018-10-28,gasly,GAS,toro_rosso,10,20,+2 Laps,20.0,0.0,21.0,0.0,53.0,7.0,0.0,13.8,12.2,0.1,13.2,13.0,1,0.0,19,2018
2018,19,Mexican Grand Prix,rodriguez,2018-10-28,ocon,OCO,force_india,11,11,+2 Laps,11.0,87.0,8.0,0.0,187.0,4.0,0.0,12.6,10.3,0.2,9.2,13.0,2,0.0,19,2018
2018,19,Mexican Grand Prix,rodriguez,2018-10-28,stroll,STR,williams,12,17,+2 Laps,17.0,40.0,12.0,0.0,83.0,5.0,0.0,13.8,14.2,0.1,13.4,6.0,1,0.0,19,2018
2018,19,Mexican Grand Prix,rodriguez,2018-10-28,sirotkin,SIR,williams,13,19,+2 Laps,19.0,0.0,20.0,0.0,83.0,5.0,0.0,15.2,15.0,0.1,13.4,11.0,0,0.0,19,2018
2018,19,Mexican Grand Prix,rodriguez,2018-10-28,brendon_hartley,HAR,toro_rosso,14,14,+2 Laps,14.0,0.0,23.0,0.0,53.0,7.0,0.0,15.6,15.0,0.4,13.2,18.0,1,0.0,19,2018
2018,19,Mexican Grand Prix,rodriguez,2018-10-28,kevin_magnussen,MAG,haas,15,16,+2 Laps,16.0,19.0,14.0,0.0,47.0,8.0,0.0,16.4,12.2,0.2,12.8,12.5,2,0.0,19,2018
2018,19,Mexican Grand Prix,rodriguez,2018-10-28,grosjean,GRO,haas,16,18,+3 Laps,18.0,28.0,13.0,0.0,47.0,8.0,0.0,14.2,11.4,0.3,12.8,15.0,3,0.0,19,2018
2018,19,Mexican Grand Prix,rodriguez,2018-10-28,ricciardo,RIC,red_bull,17,1,Engine,1.0,200.0,5.0,1.0,368.0,3.0,3.0,9.8,11.2,0.5,3.4,9.333333333333334,3,0.3333333333333333,19,2018
2018,19,Mexican Grand Prix,rodriguez,2018-10-28,perez,PER,force_india,18,13,Brakes,13.0,100.0,7.0,0.0,187.0,4.0,0.0,9.6,9.1,0.0,9.2,8.333333333333334,3,0.0,19,2018
2018,19,Mexican Grand Prix,rodriguez,2018-10-28,sainz,SAI,renault,19,8,Suspension,8.0,54.0,9.0,0.0,57.0,6.0,0.0,10.0,11.1,0.1,8.8,15.0,3,0.0,19,2018
2018,19,Mexican Grand Prix,rodriguez,2018-10-28,alonso,ALO,mclaren,20,12,Engine,12.0,17.0,15.0,0.0,30.0,9.0,0.0,14.2,13.0,0.4,11.6,14.333333333333334,3,0.0,19,2018
2018,20,Brazilian Grand Prix,interlagos,2018-11-11,hamilton,HAM,mercedes,1,1,Finished,1.0,363.0,1.0,9.0,668.0,1.0,12.0,2.0,1.7,0.0,2.0,8.0,8,0.375,20,2018
2018,20,Brazilian Grand Prix,interlagos,2018-11-11,max_verstappen,VER,red_bull,2,5,Finished,5.0,168.0,6.0,2.0,368.0,3.0,3.0,2.6,5.9,0.2,2.6,5.666666666666667,3,0.3333333333333333,20,2018
2018,20,Brazilian Grand Prix,interlagos,2018-11-11,raikkonen,RAI,ferrari,3,4,Finished,4.0,205.0,4.0,0.0,522.0,2.0,5.0,3.6,4.6,0.1,2.8,8.8,5,0.2,20,2018
2018,20,Brazilian Grand Prix,interlagos,2018-11-11,ricciardo,RIC,red_bull,4,11,Finished,11.0,200.0,5.0,1.0,368.0,3.0,3.0,9.8,11.1,0.5,2.6,12.285714285714286,7,0.0,20,2018
2018,20,Brazilian Grand Prix,interlagos,2018-11-11,bottas,BOT,mercedes,5,3,Finished,3.0,305.0,3.0,3.0,668.0,1.0,12.0,3.6,3.6,0.0,2.0,9.8,5,0.2,20,2018
2018,20,Brazilian Grand Prix,interlagos,2018-11-11,vettel,VET,ferrari,6,2,Finished,2.0,317.0,2.0,5.0,522.0,2.0,5.0,3.6,4.4,0.1,2.8,3.0,8,0.625,20,2018
2018,20,Brazilian Grand Prix,interlagos,2018-11-11,leclerc,LEC,sauber,7,7,Finished,7.0,0.0,20.0,0.0,5.0,10.0,0.0,11.2,13.9,0.5,9.0,11.0,0,0.0,20,2018
2018,20,Brazilian Grand Prix,interlagos,2018-11-11,grosjean,GRO,haas,8,8,Finished,8.0,28.0,13.0,0.0,47.0,8.0,0.0,13.4,12.6,0.3,12.6,17.5,6,0.0,20,2018
2018,20,Brazilian Grand Prix,interlagos,2018-11-11,kevin_magnussen,MAG,haas,9,10,Finished,10.0,19.0,14.0,0.0,47.0,8.0,0.0,16.2,13.2,0.2,12.6,14.333333333333334,3,0.0,20,2018
2018,20,Brazilian Grand Prix,interlagos,2018-11-11,perez,PER,force_india,10,12,+1 Lap,12.0,100.0,7.0,0.0,187.0,4.0,0.0,11.8,10.2,0.1,10.2,11.857142857142858,7,0.0,20,2018
2018,20,Brazilian Grand Prix,interlagos,2018-11-11,brendon_hartley,HAR,toro_rosso,11,16,+1 Lap,16.0,0.0,23.0,0.0,53.0,7.0,0.0,14.6,14.7,0.3,12.4,17.0,1,0.0,20,2018
2018,20,Brazilian Grand Prix,interlagos,2018-11-11,sainz,SAI,renault,12,15,+1 Lap,15.0,54.0,9.0,0.0,57.0,6.0,0.0,12.2,11.8,0.2,8.4,12.0,3,0.0,20,2018
2018,20,Brazilian Grand Prix,interlagos,2018-11-11,gasly,GAS,toro_rosso,13,9,+1 Lap,9.0,0.0,21.0,0.0,53.0,7.0,0.0,13.0,12.1,0.1,12.4,12.0,1,0.0,20,2018
2018,20,Brazilian Grand Prix,interlagos,2018-11-11,vandoorne,VAN,mclaren,14,20,+1 Lap,20.0,13.0,16.0,0.0,30.0,9.0,0.0,12.4,13.1,0.1,10.8,19.0,1,0.0,20,2018
2018,20,Brazilian Grand Prix,interlagos,2018-11-11,ocon,OCO,force_india,15,18,+1 Lap,18.0,87.0,8.0,0.0,187.0,4.0,0.0,13.6,10.8,0.2,10.2,15.0,2,0.0,20,2018
2018,20,Brazilian Grand Prix,interlagos,2018-11-11,sirotkin,SIR,williams,16,14,+2 Laps,14.0,0.0,20.0,0.0,83.0,5.0,0.0,15.8,15.0,0.1,14.0,11.0,0,0.0,20,2018
2018,20,Brazilian Grand Prix,interlagos,2018-11-11,alonso,ALO,mclaren,17,17,+2 Laps,17.0,17.0,15.0,0.0,30.0,9.0,0.0,14.6,14.2,0.5,10.8,6.375,8,0.375,20,2018
2018,20,Brazilian Grand Prix,interlagos,2018-11-11,stroll,STR,williams,18,19,+2 Laps,19.0,40.0,12.0,0.0,83.0,5.0,0.0,14.4,14.0,0.1,14.0,16.0,1,0.0,20,2018
2018,20,Brazilian Grand Prix,interlagos,2018-11-11,hulkenberg,HUL,renault,19,13,Overheating,13.0,43.0,10.0,0.0,57.0,6.0,0.0,10.6,10.9,0.2,8.4,7.428571428571429,7,0.0,20,2018
2018,20,Brazilian Grand Prix,interlagos,2018-11-11,ericsson,ERI,sauber,20,6,Collision,6.0,0.0,20.0,0.0,5.0,10.0,0.0,11.0,12.2,0.1,9.0,16.666666666666668,3,0.0,20,2018
2018,21,Abu Dhabi Grand Prix,yas_marina,2018-11-25,hamilton,HAM,mercedes,1,1,Finished,1.0,363.0,1.0,9.0,668.0,1.0,12.0,2.0,1.6,0.0,2.0,4.625,8,0.75,21,2018
2018,21,Abu Dhabi Grand Prix,yas_marina,2018-11-25,vettel,VET,ferrari,2,3,Finished,3.0,317.0,2.0,5.0,522.0,2.0,5.0,4.2,4.9,0.1,2.8,5.875,8,0.625,21,2018
2018,21,Abu Dhabi Grand Prix,yas_marina,2018-11-25,max_verstappen,VER,red_bull,3,6,Finished,6.0,168.0,6.0,2.0,368.0,3.0,3.0,2.6,4.6,0.1,2.6,8.333333333333334,3,0.0,21,2018
2018,21,Abu Dhabi Grand Prix,yas_marina,2018-11-25,ricciardo,RIC,red_bull,4,5,Finished,5.0,200.0,5.0,1.0,368.0,3.0,3.0,9.4,11.0,0.5,2.6,11.714285714285714,7,0.0,21,2018
2018,21,Abu Dhabi Grand Prix,yas_marina,2018-11-25,bottas,BOT,mercedes,5,2,Finished,2.0,305.0,3.0,3.0,668.0,1.0,12.0,3.8,3.7,0.0,2.0,10.6,5,0.4,21,2018
2018,21,Abu Dhabi Grand Prix,yas_marina,2018-11-25,sainz,SAI,renault,6,11,Finished,11.0,54.0,9.0,0.0,57.0,6.0,0.0,13.0,11.3,0.1,9.2,16.0,3,0.0,21,2018
2018,21,Abu Dhabi Grand Prix,yas_marina,2018-11-25,leclerc,LEC,sauber,7,8,Finished,8.0,0.0,20.0,0.0,5.0,10.0,0.0,10.8,12.7,0.4,8.6,11.0,0,0.0,21,2018
2018,21,Abu Dhabi Grand Prix,yas_marina,2018-11-25,perez,PER,force_india,8,14,Finished,14.0,100.0,7.0,0.0,187.0,4.0,0.0,10.6,10.2,0.1,9.0,8.857142857142858,7,0.0,21,2018
2018,21,Abu Dhabi Grand Prix,yas_marina,2018-11-25,grosjean,GRO,haas,9,7,+1 Lap,7.0,28.0,13.0,0.0,47.0,8.0,0.0,12.0,11.8,0.2,11.2,11.166666666666666,6,0.0,21,2018
2018,21,Abu Dhabi Grand Prix,yas_marina,2018-11-25,kevin_magnussen,MAG,haas,10,13,+1 Lap,13.0,19.0,14.0,0.0,47.0,8.0,0.0,14.4,13.2,0.2,11.2,15.333333333333334,3,0.0,21,2018
2018,21,Abu Dhabi Grand Prix,yas_marina,2018-11-25,alonso,ALO,mclaren,11,15,+1 Lap,15.0,17.0,15.0,0.0,30.0,9.0,0.0,16.6,15.1,0.5,12.2,7.625,8,0.25,21,2018
2018,21,Abu Dhabi Grand Prix,yas_marina,2018-11-25,brendon_hartley,HAR,toro_rosso,12,16,+1 Lap,16.0,0.0,23.0,0.0,53.0,7.0,0.0,13.4,13.8,0.2,12.0,15.0,1,0.0,21,2018
2018,21,Abu Dhabi Grand Prix,yas_marina,2018-11-25,stroll,STR,williams,13,20,+1 Lap,20.0,40.0,12.0,0.0,83.0,5.0,0.0,15.2,14.6,0.1,14.4,18.0,1,0.0,21,2018
2018,21,Abu Dhabi Grand Prix,yas_marina,2018-11-25,vandoorne,VAN,mclaren,14,18,+1 Lap,18.0,13.0,16.0,0.0,30.0,9.0,0.0,12.8,13.4,0.1,12.2,12.0,1,0.0,21,2018
2018,21,Abu Dhabi Grand Prix,yas_marina,2018-11-25,sirotkin,SIR,williams,15,19,+1 Lap,19.0,0.0,20.0,0.0,83.0,5.0,0.0,15.2,15.2,0.1,14.4,11.0,0,0.0,21,2018
2018,21,Abu Dhabi Grand Prix,yas_marina,2018-11-25,gasly,GAS,toro_rosso,16,17,Engine,17.0,0.0,21.0,0.0,53.0,7.0,0.0,13.0,12.1,0.1,12.0,16.0,1,0.0,21,2018
2018,21,Abu Dhabi Grand Prix,yas_marina,2018-11-25,ocon,OCO,force_india,17,9,Engine,9.0,87.0,8.0,0.0,187.0,4.0,0.0,12.6,11.6,0.2,9.0,10.5,2,0.0,21,2018
2018,21,Abu Dhabi Grand Prix,yas_marina,2018-11-25,ericsson,ERI,sauber,18,12,Power loss,12.0,0.0,20.0,0.0,5.0,10.0,0.0,12.8,12.4,0.1,8.6,15.333333333333334,3,0.0,21,2018
2018,21,Abu Dhabi Grand Prix,yas_marina,2018-11-25,raikkonen,RAI,ferrari,19,4,Power loss,4.0,205.0,4.0,0.0,522.0,2.0,5.0,3.2,4.6,0.1,2.8,7.666666666666667,6,0.3333333333333333,21,2018
2018,21,Abu Dhabi Grand Prix,yas_marina,2018-11-25,hulkenberg,HUL,renault,20,10,Collision,10.0,43.0,10.0,0.0,57.0,6.0,0.0,12.4,12.2,0.3,9.2,11.428571428571429,7,0.0,21,2018
2019,1,Australian Grand Prix,albert_park,2019-03-17,bottas,BOT,mercedes,1,2,Finished,2.0,247.0,5.0,0.0,655.0,1.0,11.0,4.4,4.0,0.0,2.0,9.333333333333334,6,0.16666666666666666,1,2019
2019,1,Australian Grand Prix,albert_park,2019-03-17,hamilton,HAM,mercedes,2,1,Finished,1.0,408.0,1.0,11.0,655.0,1.0,11.0,2.0,1.6,0.0,2.0,4.666666666666667,9,0.6666666666666666,1,2019
2019,1,Australian Grand Prix,albert_park,2019-03-17,max_verstappen,VER,red_bull,3,4,Finished,4.0,249.0,4.0,2.0,419.0,3.0,4.0,2.2,4.5,0.1,2.2,8.5,4,0.0,1,2019
2019,1,Australian Grand Prix,albert_park,2019-03-17,vettel,VET,ferrari,4,3,Finished,3.0,320.0,2.0,5.0,571.0,2.0,6.0,4.0,3.3,0.0,2.6,5.444444444444445,9,0.7777777777777778,1,2019
2019,1,Australian Grand Prix,albert_park,2019-03-17,leclerc,LEC,ferrari,5,5,Finished,5.0,39.0,13.0,0.0,571.0,2.0,6.0,10.8,11.9,0.4,2.6,13.0,1,0.0,1,2019
2019,1,Australian Grand Prix,albert_park,2019-03-17,kevin_magnussen,MAG,haas,6,7,Finished,7.0,56.0,9.0,0.0,93.0,6.0,0.0,14.8,13.1,0.2,11.4,12.6,5,0.2,1,2019
2019,1,Australian Grand Prix,albert_park,2019-03-17,hulkenberg,HUL,renault,7,11,+1 Lap,11.0,69.0,7.0,0.0,122.0,4.0,0.0,14.0,13.7,0.4,8.0,13.0,8,0.0,1,2019
2019,1,Australian Grand Prix,albert_park,2019-03-17,raikkonen,RAI,alfa,8,9,+1 Lap,9.0,251.0,3.0,1.0,0.0,10.0,0.0,6.2,6.2,0.2,6.0,7.428571428571429,7,0.2857142857142857,1,2019
2019,1,Australian Grand Prix,albert_park,2019-03-17,stroll,STR,racing_point,9,16,+1 Lap,16.0,6.0,18.0,0.0,0.0,10.0,0.0,14.8,14.2,0.0,6.0,15.0,2,0.0,1,2019
2019,1,Australian Grand Prix,albert_park,2019-03-17,kvyat,KVY,toro_rosso,10,15,+1 Lap,15.0,0.0,20.0,0.0,33.0,9.0,0.0,12.2,14.2,0.4,10.6,14.0,4,0.0,1,2019
2019,1,Australian Grand Prix,albert_park,2019-03-17,gasly,GAS,red_bull,11,17,+1 Lap,17.0,29.0,15.0,0.0,419.0,3.0,4.0,12.4,12.3,0.2,2.2,18.0,1,0.0,1,2019
2019,1,Australian Grand Prix,albert_park,2019-03-17,norris,NOR,mclaren,12,8,+1 Lap,8.0,0.0,20.0,0.0,62.0,7.0,0.0,11.0,11.0,0.1,11.6,11.0,0,0.0,1,2019
2019,1,Australian Grand Prix,albert_park,2019-03-17,perez,PER,racing_point,13,10,+1 Lap,10.0,62.0,8.0,0.0,0.0,10.0,0.0,10.2,10.3,0.1,6.0,11.5,8,0.0,1,2019
2019,1,Australian Grand Prix,albert_park,2019-03-17,albon,ALB,toro_rosso,14,13,+1 Lap,13.0,0.0,20.0,0.0,33.0,9.0,0.0,11.0,11.0,0.1,10.6,11.0,0,0.0,1,2019
2019,1,Australian Grand Prix,albert_park,2019-03-17,giovinazzi,GIO,alfa,15,14,+1 Lap,14.0,0.0,20.0,0.0,0.0,10.0,0.0,15.5,15.5,0.5,6.0,12.0,1,0.0,1,2019
2019,1,Australian Grand Prix,albert_park,2019-03-17,russell,RUS,williams,16,19,+2 Laps,19.0,0.0,20.0,0.0,7.0,10.0,0.0,11.0,11.0,0.1,14.0,11.0,0,0.0,1,2019
2019,1,Australian Grand Prix,albert_park,2019-03-17,kubica,KUB,williams,17,20,+3 Laps,20.0,0.0,20.0,0.0,7.0,10.0,0.0,9.0,10.7,0.3,14.0,2.0,1,1.0,1,2019
2019,1,Australian Grand Prix,albert_park,2019-03-17,grosjean,GRO,haas,18,6,Wheel,6.0,37.0,14.0,0.0,93.0,6.0,0.0,11.6,12.1,0.2,11.4,14.571428571428571,7,0.0,1,2019
2019,1,Australian Grand Prix,albert_park,2019-03-17,ricciardo,RIC,renault,19,12,Damage,12.0,170.0,6.0,2.0,122.0,4.0,0.0,9.0,9.4,0.4,8.0,11.571428571428571,7,0.0,1,2019
2019,1,Australian Grand Prix,albert_park,2019-03-17,sainz,SAI,mclaren,20,18,Engine,18.0,53.0,10.0,0.0,62.0,7.0,0.0,10.8,10.7,0.1,11.6,9.0,4,0.0,1,2019
2019,2,Bahrain Grand Prix,bahrain,2019-03-31,hamilton,HAM,mercedes,1,3,Finished,3.0,408.0,1.0,11.0,655.0,1.0,11.0,2.2,1.7,0.0,2.0,3.25,8,0.75,2,2019
2019,2,Bahrain Grand Prix,bahrain,2019-03-31,bottas,BOT,mercedes,2,4,Finished,4.0,247.0,5.0,0.0,655.0,1.0,11.0,4.2,3.6,0.0,2.0,6.666666666666667,6,0.3333333333333333,2,2019
2019,2,Bahrain Grand Prix,bahrain,2019-03-31,leclerc,LEC,ferrari,3,1,Finished,1.0,39.0,13.0,0.0,571.0,2.0,6.0,8.2,10.4,0.3,2.4,12.0,1,0.0,2,2019
2019,2,Bahrain Grand Prix,bahrain,2019-03-31,max_verstappen,VER,red_bull,4,5,Finished,5.0,249.0,4.0,2.0,419.0,3.0,4.0,2.2,2.9,0.0,2.2,15.25,4,0.0,2,2019
2019,2,Bahrain Grand Prix,bahrain,2019-03-31,vettel,VET,ferrari,5,2,Finished,2.0,320.0,2.0,5.0,571.0,2.0,6.0,3.6,3.5,0.0,2.4,5.0,8,0.5,2,2019
2019,2,Bahrain Grand Prix,bahrain,2019-03-31,norris,NOR,mclaren,6,9,Finished,10.0,0.0,20.0,0.0,62.0,7.0,0.0,12.0,12.0,0.0,11.2,11.0,0,0.0,2,2019
2019,2,Bahrain Grand Prix,bahrain,2019-03-31,raikkonen,RAI,alfa,7,8,Finished,9.0,251.0,3.0,1.0,0.0,10.0,0.0,6.8,6.7,0.2,8.0,5.714285714285714,7,0.5714285714285714,2,2019
2019,2,Bahrain Grand Prix,bahrain,2019-03-31,gasly,GAS,red_bull,8,13,Finished,13.0,29.0,15.0,0.0,419.0,3.0,4.0,12.4,12.8,0.2,2.2,4.0,1,0.0,2,2019
2019,2,Bahrain Grand Prix,bahrain,2019-03-31,albon,ALB,toro_rosso,9,12,Finished,12.0,0.0,20.0,0.0,33.0,9.0,0.0,14.0,14.0,0.0,10.4,11.0,0,0.0,2,2019
2019,2,Bahrain Grand Prix,bahrain,2019-03-31,perez,PER,racing_point,10,14,Finished,14.0,62.0,8.0,0.0,0.0,10.0,0.0,11.4,10.2,0.1,9.0,9.571428571428571,7,0.14285714285714285,2,2019
2019,2,Bahrain Grand Prix,bahrain,2019-03-31,giovinazzi,GIO,alfa,11,16,Finished,16.0,0.0,20.0,0.0,0.0,10.0,0.0,15.333333333333334,15.333333333333334,0.3333333333333333,8.0,11.0,0,0.0,2,2019
2019,2,Bahrain Grand Prix,bahrain,2019-03-31,kvyat,KVY,toro_rosso,12,15,+1 Lap,15.0,0.0,20.0,0.0,33.0,9.0,0.0,12.0,13.8,0.3,10.4,9.75,4,0.0,2,2019
2019,2,Bahrain Grand Prix,bahrain,2019-03-31,kevin_magnussen,MAG,haas,13,6,+1 Lap,6.0,56.0,9.0,0.0,93.0,6.0,0.0,12.0,13.0,0.2,11.0,13.25,4,0.0,2,2019
2019,2,Bahrain Grand Prix,bahrain,2019-03-31,stroll,STR,racing_point,14,18,+1 Lap,18.0,6.0,18.0,0.0,0.0,10.0,0.0,13.2,13.4,0.0,9.0,15.5,2,0.0,2,2019
2019,2,Bahrain Grand Prix,bahrain,2019-03-31,russell,RUS,williams,15,19,+1 Lap,19.0,0.0,20.0,0.0,7.0,10.0,0.0,16.0,16.0,0.0,14.0,11.0,0,0.0,2,2019
2019,2,Bahrain Grand Prix,bahrain,2019-03-31,kubica,KUB,williams,16,20,+2 Laps,20.0,0.0,20.0,0.0,7.0,10.0,0.0,11.0,10.1,0.2,14.0,11.0,1,0.0,2,2019
2019,2,Bahrain Grand Prix,bahrain,2019-03-31,hulkenberg,HUL,renault,17,17,Engine,17.0,69.0,7.0,0.0,122.0,4.0,0.0,11.6,13.2,0.4,7.4,10.75,8,0.0,2,2019
2019,2,Bahrain Grand Prix,bahrain,2019-03-31,ricciardo,RIC,renault,18,10,Out of fuel,11.0,170.0,6.0,2.0,122.0,4.0,0.0,12.0,10.9,0.5,7.4,10.0,7,0.0,2,2019
2019,2,Bahrain Grand Prix,bahrain,2019-03-31,sainz,SAI,mclaren,19,7,Collision damage,7.0,53.0,10.0,0.0,62.0,7.0,0.0,12.8,11.8,0.2,11.2,16.0,4,0.0,2,2019
2019,2,Bahrain Grand Prix,bahrain,2019-03-31,grosjean,GRO,haas,20,11,Retired,8.0,37.0,14.0,0.0,93.0,6.0,0.0,13.6,12.9,0.3,11.0,7.285714285714286,7,0.2857142857142857,2,2019
2019,3,Chinese Grand Prix,shanghai,2019-04-14,hamilton,HAM,mercedes,1,2,Finished,2.0,408.0,1.0,11.0,655.0,1.0,11.0,1.8,1.6,0.0,1.6,2.5555555555555554,9,0.7777777777777778,3,2019
2019,3,Chinese Grand Prix,shanghai,2019-04-14,bottas,BOT,mercedes,2,1,Finished,1.0,247.0,5.0,0.0,655.0,1.0,11.0,3.6,3.4,0.0,1.6,7.333333333333333,6,0.16666666666666666,3,2019
2019,3,Chinese Grand Prix,shanghai,2019-04-14,vettel,VET,ferrari,3,3,Finished,3.0,320.0,2.0,5.0,571.0,2.0,6.0,3.8,3.9,0.0,2.8,4.111111111111111,9,0.4444444444444444,3,2019
2019,3,Chinese Grand Prix,shanghai,2019-04-14,max_verstappen,VER,red_bull,4,5,Finished,5.0,249.0,4.0,2.0,419.0,3.0,4.0,2.6,3.0,0.0,2.6,8.25,4,0.25,3,2019
2019,3,Chinese Grand Prix,shanghai,2019-04-14,leclerc,LEC,ferrari,5,4,Finished,4.0,39.0,13.0,0.0,571.0,2.0,6.0,5.8,8.9,0.2,2.8,19.0,1,0.0,3,2019
2019,3,Chinese Grand Prix,shanghai,2019-04-14,gasly,GAS,red_bull,6,6,Finished,6.0,29.0,15.0,0.0,419.0,3.0,4.0,11.6,12.7,0.2,2.6,18.0,1,0.0,3,2019
2019,3,Chinese Grand Prix,shanghai,2019-04-14,ricciardo,RIC,renault,7,7,+1 Lap,7.0,170.0,6.0,2.0,122.0,4.0,0.0,12.4,11.1,0.5,9.6,6.571428571428571,7,0.14285714285714285,3,2019
2019,3,Chinese Grand Prix,shanghai,2019-04-14,perez,PER,racing_point,8,12,+1 Lap,12.0,62.0,8.0,0.0,0.0,10.0,0.0,11.8,10.7,0.1,9.5,11.375,8,0.0,3,2019
2019,3,Chinese Grand Prix,shanghai,2019-04-14,raikkonen,RAI,alfa,9,13,+1 Lap,13.0,251.0,3.0,1.0,0.0,10.0,0.0,8.0,5.7,0.1,7.5,5.857142857142857,7,0.2857142857142857,3,2019
2019,3,Chinese Grand Prix,shanghai,2019-04-14,albon,ALB,toro_rosso,10,0,+1 Lap,0.0,0.0,20.0,0.0,33.0,9.0,0.0,11.5,11.5,0.0,10.4,11.0,0,0.0,3,2019
2019,3,Chinese Grand Prix,shanghai,2019-04-14,grosjean,GRO,haas,11,10,+1 Lap,10.0,37.0,14.0,0.0,93.0,6.0,0.0,14.2,14.2,0.4,10.2,12.857142857142858,7,0.0,3,2019
2019,3,Chinese Grand Prix,shanghai,2019-04-14,stroll,STR,racing_point,12,16,+1 Lap,16.0,6.0,18.0,0.0,0.0,10.0,0.0,13.2,13.5,0.0,9.5,17.0,2,0.0,3,2019
2019,3,Chinese Grand Prix,shanghai,2019-04-14,kevin_magnussen,MAG,haas,13,9,+1 Lap,9.0,56.0,9.0,0.0,93.0,6.0,0.0,10.6,13.5,0.2,10.2,12.0,4,0.0,3,2019
2019,3,Chinese Grand Prix,shanghai,2019-04-14,sainz,SAI,mclaren,14,14,+1 Lap,14.0,53.0,10.0,0.0,62.0,7.0,0.0,15.2,12.6,0.3,10.2,9.5,4,0.0,3,2019
2019,3,Chinese Grand Prix,shanghai,2019-04-14,giovinazzi,GIO,alfa,15,19,+1 Lap,19.0,0.0,20.0,0.0,0.0,10.0,0.0,14.25,14.25,0.25,7.5,19.0,1,0.0,3,2019
2019,3,Chinese Grand Prix,shanghai,2019-04-14,russell,RUS,williams,16,17,+2 Laps,17.0,0.0,20.0,0.0,7.0,10.0,0.0,15.5,15.5,0.0,14.4,11.0,0,0.0,3,2019
2019,3,Chinese Grand Prix,shanghai,2019-04-14,kubica,KUB,williams,17,18,+2 Laps,18.0,0.0,20.0,0.0,7.0,10.0,0.0,10.4,11.0,0.2,14.4,5.0,1,0.0,3,2019
2019,3,Chinese Grand Prix,shanghai,2019-04-14,norris,NOR,mclaren,18,15,Collision,15.0,0.0,20.0,0.0,62.0,7.0,0.0,9.0,9.0,0.0,10.2,11.0,0,0.0,3,2019
2019,3,Chinese Grand Prix,shanghai,2019-04-14,kvyat,KVY,toro_rosso,19,11,Collision,11.0,0.0,20.0,0.0,33.0,9.0,0.0,12.0,13.3,0.2,10.4,12.25,4,0.25,3,2019
2019,3,Chinese Grand Prix,shanghai,2019-04-14,hulkenberg,HUL,renault,20,8,Power Unit,8.0,69.0,7.0,0.0,122.0,4.0,0.0,13.8,12.9,0.4,9.6,12.375,8,0.0,3,2019
2019,4,Azerbaijan Grand Prix,baku,2019-04-28,bottas,BOT,mercedes,1,1,Finished,1.0,247.0,5.0,0.0,655.0,1.0,11.0,3.0,3.3,0.0,1.0,7.333333333333333,3,0.3333333333333333,4,2019
2019,4,Azerbaijan Grand Prix,baku,2019-04-28,hamilton,HAM,mercedes,2,2,Finished,2.0,408.0,1.0,11.0,655.0,1.0,11.0,1.2,1.6,0.0,1.0,3.6666666666666665,3,0.3333333333333333,4,2019
2019,4,Azerbaijan Grand Prix,baku,2019-04-28,vettel,VET,ferrari,3,3,Finished,3.0,320.0,2.0,5.0,571.0,2.0,6.0,4.0,3.8,0.0,3.0,3.3333333333333335,3,0.3333333333333333,4,2019
2019,4,Azerbaijan Grand Prix,baku,2019-04-28,max_verstappen,VER,red_bull,4,4,Finished,4.0,249.0,4.0,2.0,419.0,3.0,4.0,3.2,2.9,0.0,3.2,14.0,3,0.0,4,2019
2019,4,Azerbaijan Grand Prix,baku,2019-04-28,leclerc,LEC,ferrari,5,8,Finished,9.0,39.0,13.0,0.0,571.0,2.0,6.0,5.4,8.3,0.2,3.0,6.0,1,0.0,4,2019
2019,4,Azerbaijan Grand Prix,baku,2019-04-28,perez,PER,racing_point,6,5,Finished,5.0,62.0,8.0,0.0,0.0,10.0,0.0,9.8,10.8,0.1,9.0,7.0,3,0.6666666666666666,4,2019
2019,4,Azerbaijan Grand Prix,baku,2019-04-28,sainz,SAI,mclaren,7,9,Finished,10.0,53.0,10.0,0.0,62.0,7.0,0.0,14.2,13.2,0.3,11.4,11.333333333333334,3,0.0,4,2019
2019,4,Azerbaijan Grand Prix,baku,2019-04-28,norris,NOR,mclaren,8,7,Finished,7.0,0.0,20.0,0.0,62.0,7.0,0.0,12.0,12.0,0.3333333333333333,11.4,11.0,0,0.0,4,2019
2019,4,Azerbaijan Grand Prix,baku,2019-04-28,stroll,STR,racing_point,9,13,Finished,14.0,6.0,18.0,0.0,0.0,10.0,0.0,13.2,13.8,0.0,9.0,5.5,2,0.5,4,2019
2019,4,Azerbaijan Grand Prix,baku,2019-04-28,raikkonen,RAI,alfa,10,0,+1 Lap,19.0,251.0,3.0,1.0,0.0,10.0,0.0,9.2,6.4,0.1,8.0,6.666666666666667,3,0.3333333333333333,4,2019
2019,4,Azerbaijan Grand Prix,baku,2019-04-28,albon,ALB,toro_rosso,11,11,+1 Lap,12.0,0.0,20.0,0.0,33.0,9.0,0.0,11.0,11.0,0.0,10.4,11.0,0,0.0,4,2019
2019,4,Azerbaijan Grand Prix,baku,2019-04-28,giovinazzi,GIO,alfa,12,17,+1 Lap,8.0,0.0,20.0,0.0,0.0,10.0,0.0,14.4,14.4,0.2,8.0,11.0,0,0.0,4,2019
2019,4,Azerbaijan Grand Prix,baku,2019-04-28,kevin_magnussen,MAG,haas,13,12,+1 Lap,13.0,56.0,9.0,0.0,93.0,6.0,0.0,10.2,13.2,0.2,9.4,11.333333333333334,3,0.0,4,2019
2019,4,Azerbaijan Grand Prix,baku,2019-04-28,hulkenberg,HUL,renault,14,15,+1 Lap,16.0,69.0,7.0,0.0,122.0,4.0,0.0,16.6,13.6,0.5,9.8,14.666666666666666,3,0.0,4,2019
2019,4,Azerbaijan Grand Prix,baku,2019-04-28,russell,RUS,williams,15,16,+2 Laps,17.0,0.0,20.0,0.0,7.0,10.0,0.0,15.666666666666666,15.666666666666666,0.0,15.2,11.0,0,0.0,4,2019
2019,4,Azerbaijan Grand Prix,baku,2019-04-28,kubica,KUB,williams,16,0,+2 Laps,18.0,0.0,20.0,0.0,7.0,10.0,0.0,12.8,10.6,0.1,15.2,11.0,0,0.0,4,2019
2019,4,Azerbaijan Grand Prix,baku,2019-04-28,gasly,GAS,red_bull,17,0,Transmission,20.0,29.0,15.0,0.0,419.0,3.0,4.0,10.8,11.9,0.2,3.2,12.0,1,0.0,4,2019
2019,4,Azerbaijan Grand Prix,baku,2019-04-28,grosjean,GRO,haas,18,14,Brakes,15.0,37.0,14.0,0.0,93.0,6.0,0.0,13.2,13.3,0.3,9.4,13.666666666666666,3,0.0,4,2019
2019,4,Azerbaijan Grand Prix,baku,2019-04-28,kvyat,KVY,toro_rosso,19,6,Collision,6.0,0.0,20.0,0.0,33.0,9.0,0.0,13.4,13.3,0.2,10.4,20.5,2,0.0,4,2019
2019,4,Azerbaijan Grand Prix,baku,2019-04-28,ricciardo,RIC,renault,20,10,Collision,11.0,170.0,6.0,2.0,122.0,4.0,0.0,10.4,10.1,0.4,9.8,8.333333333333334,3,0.3333333333333333,4,2019
2019,5,Spanish Grand Prix,catalunya,2019-05-12,hamilton,HAM,mercedes,1,2,Finished,2.0,408.0,1.0,11.0,655.0,1.0,11.0,1.4,1.7,0.0,1.0,6.888888888888889,9,0.5555555555555556,5,2019
2019,5,Spanish Grand Prix,catalunya,2019-05-12,bottas,BOT,mercedes,2,1,Finished,1.0,247.0,5.0,0.0,655.0,1.0,11.0,2.2,3.0,0.0,1.0,8.166666666666666,6,0.16666666666666666,5,2019
2019,5,Spanish Grand Prix,catalunya,2019-05-12,max_verstappen,VER,red_bull,3,4,Finished,4.0,249.0,4.0,2.0,419.0,3.0,4.0,3.6,3.1,0.0,3.6,8.5,4,0.5,5,2019
2019,5,Spanish Grand Prix,catalunya,2019-05-12,vettel,VET,ferrari,4,3,Finished,3.0,320.0,2.0,5.0,571.0,2.0,6.0,3.4,3.8,0.0,3.0,3.3333333333333335,9,0.5555555555555556,5,2019
2019,5,Spanish Grand Prix,catalunya,2019-05-12,leclerc,LEC,ferrari,5,5,Finished,5.0,39.0,13.0,0.0,571.0,2.0,6.0,5.0,7.9,0.2,3.0,10.0,1,0.0,5,2019
2019,5,Spanish Grand Prix,catalunya,2019-05-12,gasly,GAS,red_bull,6,6,Finished,6.0,29.0,15.0,0.0,419.0,3.0,4.0,11.6,12.3,0.3,3.6,19.0,1,0.0,5,2019
2019,5,Spanish Grand Prix,catalunya,2019-05-12,kevin_magnussen,MAG,haas,7,8,Finished,8.0,56.0,9.0,0.0,93.0,6.0,0.0,11.0,12.7,0.2,10.4,11.5,4,0.0,5,2019
2019,5,Spanish Grand Prix,catalunya,2019-05-12,sainz,SAI,mclaren,8,12,Finished,13.0,53.0,10.0,0.0,62.0,7.0,0.0,13.2,13.1,0.3,10.0,7.25,4,0.0,5,2019
2019,5,Spanish Grand Prix,catalunya,2019-05-12,kvyat,KVY,toro_rosso,9,9,Finished,9.0,0.0,20.0,0.0,33.0,9.0,0.0,14.0,13.6,0.3,10.4,10.75,4,0.0,5,2019
2019,5,Spanish Grand Prix,catalunya,2019-05-12,grosjean,GRO,haas,10,7,Finished,7.0,37.0,14.0,0.0,93.0,6.0,0.0,15.2,13.6,0.4,10.4,12.571428571428571,7,0.0,5,2019
2019,5,Spanish Grand Prix,catalunya,2019-05-12,albon,ALB,toro_rosso,11,11,Finished,12.0,0.0,20.0,0.0,33.0,9.0,0.0,11.0,11.0,0.0,10.4,11.0,0,0.0,5,2019
2019,5,Spanish Grand Prix,catalunya,2019-05-12,ricciardo,RIC,renault,12,13,Finished,10.0,170.0,6.0,2.0,122.0,4.0,0.0,13.6,11.5,0.5,10.2,6.428571428571429,7,0.2857142857142857,5,2019
2019,5,Spanish Grand Prix,catalunya,2019-05-12,hulkenberg,HUL,renault,13,0,Finished,16.0,69.0,7.0,0.0,122.0,4.0,0.0,15.6,14.0,0.5,10.2,14.0,8,0.0,5,2019
2019,5,Spanish Grand Prix,catalunya,2019-05-12,raikkonen,RAI,alfa,14,14,Finished,14.0,251.0,3.0,1.0,0.0,10.0,0.0,10.6,6.9,0.1,8.5,8.0,7,0.42857142857142855,5,2019
2019,5,Spanish Grand Prix,catalunya,2019-05-12,perez,PER,racing_point,15,15,Finished,15.0,62.0,8.0,0.0,0.0,10.0,0.0,9.0,9.8,0.1,8.25,10.0,8,0.0,5,2019
2019,5,Spanish Grand Prix,catalunya,2019-05-12,giovinazzi,GIO,alfa,16,18,Finished,18.0,0.0,20.0,0.0,0.0,10.0,0.0,14.4,14.0,0.16666666666666666,8.5,11.0,0,0.0,5,2019
2019,5,Spanish Grand Prix,catalunya,2019-05-12,russell,RUS,williams,17,19,+1 Lap,19.0,0.0,20.0,0.0,7.0,10.0,0.0,15.5,15.5,0.0,15.0,11.0,0,0.0,5,2019
2019,5,Spanish Grand Prix,catalunya,2019-05-12,kubica,KUB,williams,18,17,+1 Lap,20.0,0.0,20.0,0.0,7.0,10.0,0.0,14.2,11.9,0.1,15.0,8.0,1,0.0,5,2019
2019,5,Spanish Grand Prix,catalunya,2019-05-12,stroll,STR,racing_point,19,16,Collision,17.0,6.0,18.0,0.0,0.0,10.0,0.0,11.4,13.3,0.0,8.25,13.5,2,0.0,5,2019
2019,5,Spanish Grand Prix,catalunya,2019-05-12,norris,NOR,mclaren,20,10,Collision,11.0,0.0,20.0,0.0,62.0,7.0,0.0,11.0,11.0,0.25,10.0,11.0,0,0.0,5,2019
2019,6,Monaco Grand Prix,monaco,2019-05-26,hamilton,HAM,mercedes,1,1,Finished,1.0,408.0,1.0,11.0,655.0,1.0,11.0,1.4,1.7,0.0,1.0,4.0,9,0.4444444444444444,6,2019
2019,6,Monaco Grand Prix,monaco,2019-05-26,vettel,VET,ferrari,2,4,Finished,4.0,320.0,2.0,5.0,571.0,2.0,6.0,3.8,3.9,0.0,3.4,4.222222222222222,9,0.6666666666666666,6,2019
2019,6,Monaco Grand Prix,monaco,2019-05-26,bottas,BOT,mercedes,3,2,Finished,2.0,247.0,5.0,0.0,655.0,1.0,11.0,1.6,3.0,0.0,1.0,10.5,6,0.0,6,2019
2019,6,Monaco Grand Prix,monaco,2019-05-26,max_verstappen,VER,red_bull,4,3,Finished,3.0,249.0,4.0,2.0,419.0,3.0,4.0,3.6,2.9,0.0,3.6,12.5,4,0.0,6,2019
2019,6,Monaco Grand Prix,monaco,2019-05-26,gasly,GAS,red_bull,5,8,Finished,8.0,29.0,15.0,0.0,419.0,3.0,4.0,9.6,11.0,0.2,3.6,7.0,1,0.0,6,2019
2019,6,Monaco Grand Prix,monaco,2019-05-26,sainz,SAI,mclaren,6,9,Finished,9.0,53.0,10.0,0.0,62.0,7.0,0.0,13.6,12.2,0.3,9.4,8.5,4,0.0,6,2019
2019,6,Monaco Grand Prix,monaco,2019-05-26,kvyat,KVY,toro_rosso,7,7,Finished,7.0,0.0,20.0,0.0,33.0,9.0,0.0,13.8,13.0,0.3,9.8,14.25,4,0.0,6,2019
2019,6,Monaco Grand Prix,monaco,2019-05-26,albon,ALB,toro_rosso,8,10,Finished,10.0,0.0,20.0,0.0,33.0,9.0,0.0,11.0,11.0,0.0,9.8,11.0,0,0.0,6,2019
2019,6,Monaco Grand Prix,monaco,2019-05-26,ricciardo,RIC,renault,9,6,Finished,6.0,170.0,6.0,2.0,122.0,4.0,0.0,15.2,12.1,0.5,11.4,7.0,7,0.5714285714285714,6,2019
2019,6,Monaco Grand Prix,monaco,2019-05-26,grosjean,GRO,haas,10,13,Finished,13.0,37.0,14.0,0.0,93.0,6.0,0.0,15.4,13.5,0.4,10.0,13.857142857142858,7,0.0,6,2019
2019,6,Monaco Grand Prix,monaco,2019-05-26,norris,NOR,mclaren,11,12,Finished,12.0,0.0,20.0,0.0,62.0,7.0,0.0,12.8,12.8,0.4,9.4,11.0,0,0.0,6,2019
2019,6,Monaco Grand Prix,monaco,2019-05-26,perez,PER,racing_point,12,16,+1 Lap,16.0,62.0,8.0,0.0,0.0,10.0,0.0,10.4,10.3,0.1,9.6,13.375,8,0.125,6,2019
2019,6,Monaco Grand Prix,monaco,2019-05-26,hulkenberg,HUL,renault,13,11,+1 Lap,11.0,69.0,7.0,0.0,122.0,4.0,0.0,14.2,14.1,0.5,11.4,11.625,8,0.0,6,2019
2019,6,Monaco Grand Prix,monaco,2019-05-26,kevin_magnussen,MAG,haas,14,5,+1 Lap,5.0,56.0,9.0,0.0,93.0,6.0,0.0,10.4,12.6,0.2,10.0,13.0,4,0.0,6,2019
2019,6,Monaco Grand Prix,monaco,2019-05-26,russell,RUS,williams,15,19,+1 Lap,19.0,0.0,20.0,0.0,7.0,10.0,0.0,15.8,15.8,0.0,15.8,11.0,0,0.0,6,2019
2019,6,Monaco Grand Prix,monaco,2019-05-26,stroll,STR,racing_point,16,17,+1 Lap,17.0,6.0,18.0,0.0,0.0,10.0,0.0,12.6,13.7,0.1,9.6,16.0,2,0.0,6,2019
2019,6,Monaco Grand Prix,monaco,2019-05-26,raikkonen,RAI,alfa,17,14,+1 Lap,14.0,251.0,3.0,1.0,0.0,10.0,0.0,9.6,7.9,0.1,9.6,9.142857142857142,7,0.14285714285714285,6,2019
2019,6,Monaco Grand Prix,monaco,2019-05-26,kubica,KUB,williams,18,20,+1 Lap,20.0,0.0,20.0,0.0,7.0,10.0,0.0,16.8,12.9,0.1,15.8,3.0,1,1.0,6,2019
2019,6,Monaco Grand Prix,monaco,2019-05-26,giovinazzi,GIO,alfa,19,18,+2 Laps,18.0,0.0,20.0,0.0,0.0,10.0,0.0,13.8,14.285714285714286,0.14285714285714285,9.6,11.0,0,0.0,6,2019
2019,6,Monaco Grand Prix,monaco,2019-05-26,leclerc,LEC,ferrari,20,15,Collision,15.0,39.0,13.0,0.0,571.0,2.0,6.0,4.6,7.7,0.2,3.4,18.0,1,0.0,6,2019
2019,7,Canadian Grand Prix,villeneuve,2019-06-09,hamilton,HAM,mercedes,1,2,Finished,2.0,408.0,1.0,11.0,655.0,1.0,11.0,1.2,1.7,0.0,1.0,6.0,9,0.6666666666666666,7,2019
2019,7,Canadian Grand Prix,villeneuve,2019-06-09,vettel,VET,ferrari,2,1,Finished,1.0,320.0,2.0,5.0,571.0,2.0,6.0,3.4,3.5,0.0,3.0,2.888888888888889,9,0.5555555555555556,7,2019
2019,7,Canadian Grand Prix,villeneuve,2019-06-09,leclerc,LEC,ferrari,3,3,Finished,3.0,39.0,13.0,0.0,571.0,2.0,6.0,7.6,7.9,0.2,3.0,10.0,1,0.0,7,2019
2019,7,Canadian Grand Prix,villeneuve,2019-06-09,bottas,BOT,mercedes,4,6,Finished,6.0,247.0,5.0,0.0,655.0,1.0,11.0,2.0,3.1,0.0,1.0,5.166666666666667,6,0.6666666666666666,7,2019
2019,7,Canadian Grand Prix,villeneuve,2019-06-09,max_verstappen,VER,red_bull,5,9,Finished,9.0,249.0,4.0,2.0,419.0,3.0,4.0,3.8,3.0,0.0,3.8,10.0,4,0.25,7,2019
2019,7,Canadian Grand Prix,villeneuve,2019-06-09,ricciardo,RIC,renault,6,4,+1 Lap,4.0,170.0,6.0,2.0,122.0,4.0,0.0,13.2,12.6,0.5,11.8,8.142857142857142,7,0.2857142857142857,7,2019
2019,7,Canadian Grand Prix,villeneuve,2019-06-09,hulkenberg,HUL,renault,7,7,+1 Lap,7.0,69.0,7.0,0.0,122.0,4.0,0.0,15.4,13.5,0.4,11.8,10.25,8,0.0,7,2019
2019,7,Canadian Grand Prix,villeneuve,2019-06-09,gasly,GAS,red_bull,8,5,+1 Lap,5.0,29.0,15.0,0.0,419.0,3.0,4.0,8.4,10.4,0.2,3.8,11.0,1,0.0,7,2019
2019,7,Canadian Grand Prix,villeneuve,2019-06-09,stroll,STR,racing_point,9,17,+1 Lap,17.0,6.0,18.0,0.0,0.0,10.0,0.0,14.0,13.6,0.1,10.2,14.5,2,0.0,7,2019
2019,7,Canadian Grand Prix,villeneuve,2019-06-09,kvyat,KVY,toro_rosso,10,10,+1 Lap,10.0,0.0,20.0,0.0,33.0,9.0,0.0,13.2,12.6,0.3,9.2,13.5,4,0.0,7,2019
2019,7,Canadian Grand Prix,villeneuve,2019-06-09,sainz,SAI,mclaren,11,11,+1 Lap,11.0,53.0,10.0,0.0,62.0,7.0,0.0,10.8,11.8,0.3,8.2,12.25,4,0.0,7,2019
2019,7,Canadian Grand Prix,villeneuve,2019-06-09,perez,PER,racing_point,12,15,+1 Lap,15.0,62.0,8.0,0.0,0.0,10.0,0.0,10.2,10.8,0.1,10.2,9.285714285714286,7,0.14285714285714285,7,2019
2019,7,Canadian Grand Prix,villeneuve,2019-06-09,giovinazzi,GIO,alfa,13,12,+1 Lap,12.0,0.0,20.0,0.0,0.0,10.0,0.0,14.6,14.875,0.125,11.4,11.0,0,0.0,7,2019
2019,7,Canadian Grand Prix,villeneuve,2019-06-09,grosjean,GRO,haas,14,14,+1 Lap,14.0,37.0,14.0,0.0,93.0,6.0,0.0,13.8,13.7,0.4,10.8,10.857142857142858,7,0.14285714285714285,7,2019
2019,7,Canadian Grand Prix,villeneuve,2019-06-09,raikkonen,RAI,alfa,15,16,+1 Lap,16.0,251.0,3.0,1.0,0.0,10.0,0.0,11.4,9.1,0.1,11.4,7.142857142857143,7,0.0,7,2019
2019,7,Canadian Grand Prix,villeneuve,2019-06-09,russell,RUS,williams,16,18,+2 Laps,18.0,0.0,20.0,0.0,7.0,10.0,0.0,15.6,15.666666666666666,0.0,15.6,11.0,0,0.0,7,2019
2019,7,Canadian Grand Prix,villeneuve,2019-06-09,kevin_magnussen,MAG,haas,17,0,+2 Laps,0.0,56.0,9.0,0.0,93.0,6.0,0.0,12.0,12.0,0.1,10.8,12.5,4,0.0,7,2019
2019,7,Canadian Grand Prix,villeneuve,2019-06-09,kubica,KUB,williams,18,19,+3 Laps,19.0,0.0,20.0,0.0,7.0,10.0,0.0,17.0,14.0,0.1,15.6,7.0,1,0.0,7,2019
2019,7,Canadian Grand Prix,villeneuve,2019-06-09,albon,ALB,toro_rosso,19,13,Collision damage,13.0,0.0,20.0,0.0,33.0,9.0,0.0,9.8,10.5,0.0,9.2,11.0,0,0.0,7,2019
2019,7,Canadian Grand Prix,villeneuve,2019-06-09,norris,NOR,mclaren,20,8,Suspension,8.0,0.0,20.0,0.0,62.0,7.0,0.0,12.6,12.5,0.3333333333333333,8.2,11.0,0,0.0,7,2019
2019,8,French Grand Prix,ricard,2019-06-23,hamilton,HAM,mercedes,1,1,Finished,1.0,408.0,1.0,11.0,655.0,1.0,11.0,1.2,1.5,0.0,1.0,1.0,1,1.0,8,2019
2019,8,French Grand Prix,ricard,2019-06-23,bottas,BOT,mercedes,2,2,Finished,2.0,247.0,5.0,0.0,655.0,1.0,11.0,2.4,3.0,0.0,1.0,7.0,1,0.0,8,2019
2019,8,French Grand Prix,ricard,2019-06-23,leclerc,LEC,ferrari,3,3,Finished,3.0,39.0,13.0,0.0,571.0,2.0,6.0,7.6,6.7,0.1,2.8,10.0,1,0.0,8,2019
2019,8,French Grand Prix,ricard,2019-06-23,max_verstappen,VER,red_bull,4,4,Finished,4.0,249.0,4.0,2.0,419.0,3.0,4.0,4.0,3.3,0.0,4.0,2.0,1,1.0,8,2019
2019,8,French Grand Prix,ricard,2019-06-23,vettel,VET,ferrari,5,7,Finished,7.0,320.0,2.0,5.0,571.0,2.0,6.0,2.8,3.3,0.0,2.8,5.0,1,0.0,8,2019
2019,8,French Grand Prix,ricard,2019-06-23,sainz,SAI,mclaren,6,6,Finished,6.0,53.0,10.0,0.0,62.0,7.0,0.0,9.2,12.2,0.3,9.2,8.0,1,0.0,8,2019
2019,8,French Grand Prix,ricard,2019-06-23,raikkonen,RAI,alfa,7,12,+1 Lap,12.0,251.0,3.0,1.0,0.0,10.0,0.0,13.0,10.5,0.1,12.6,3.0,1,1.0,8,2019
2019,8,French Grand Prix,ricard,2019-06-23,hulkenberg,HUL,renault,8,13,+1 Lap,13.0,69.0,7.0,0.0,122.0,4.0,0.0,13.4,13.6,0.4,9.6,9.0,1,0.0,8,2019
2019,8,French Grand Prix,ricard,2019-06-23,norris,NOR,mclaren,9,5,+1 Lap,5.0,0.0,20.0,0.0,62.0,7.0,0.0,15.4,13.571428571428571,0.42857142857142855,9.2,11.0,0,0.0,8,2019
2019,8,French Grand Prix,ricard,2019-06-23,gasly,GAS,red_bull,10,9,+1 Lap,9.0,29.0,15.0,0.0,419.0,3.0,4.0,8.4,10.0,0.2,4.0,20.0,1,0.0,8,2019
2019,8,French Grand Prix,ricard,2019-06-23,ricciardo,RIC,renault,11,8,+1 Lap,8.0,170.0,6.0,2.0,122.0,4.0,0.0,10.8,11.6,0.4,9.6,4.0,1,0.0,8,2019
2019,8,French Grand Prix,ricard,2019-06-23,perez,PER,racing_point,12,14,+1 Lap,14.0,62.0,8.0,0.0,0.0,10.0,0.0,10.6,11.2,0.1,10.0,18.0,1,0.0,8,2019
2019,8,French Grand Prix,ricard,2019-06-23,stroll,STR,racing_point,13,17,+1 Lap,17.0,6.0,18.0,0.0,0.0,10.0,0.0,13.0,13.1,0.1,10.0,17.0,1,0.0,8,2019
2019,8,French Grand Prix,ricard,2019-06-23,kvyat,KVY,toro_rosso,14,19,+1 Lap,19.0,0.0,20.0,0.0,33.0,9.0,0.0,12.8,12.4,0.3,9.4,11.0,0,0.0,8,2019
2019,8,French Grand Prix,ricard,2019-06-23,albon,ALB,toro_rosso,15,11,+1 Lap,11.0,0.0,20.0,0.0,33.0,9.0,0.0,11.8,11.714285714285714,0.14285714285714285,9.4,11.0,0,0.0,8,2019
2019,8,French Grand Prix,ricard,2019-06-23,giovinazzi,GIO,alfa,16,10,+1 Lap,10.0,0.0,20.0,0.0,0.0,10.0,0.0,15.0,14.666666666666666,0.1111111111111111,12.6,11.0,0,0.0,8,2019
2019,8,French Grand Prix,ricard,2019-06-23,kevin_magnussen,MAG,haas,17,15,+1 Lap,15.0,56.0,9.0,0.0,93.0,6.0,0.0,12.8,11.7,0.0,11.0,6.0,1,0.0,8,2019
2019,8,French Grand Prix,ricard,2019-06-23,kubica,KUB,williams,18,18,+2 Laps,18.0,0.0,20.0,0.0,7.0,10.0,0.0,17.4,13.9,0.0,15.8,11.0,0,0.0,8,2019
2019,8,French Grand Prix,ricard,2019-06-23,russell,RUS,williams,19,20,+2 Laps,20.0,0.0,20.0,0.0,7.0,10.0,0.0,15.8,15.714285714285714,0.0,15.8,11.0,0,0.0,8,2019
2019,8,French Grand Prix,ricard,2019-06-23,grosjean,GRO,haas,20,16,Retired,16.0,37.0,14.0,0.0,93.0,6.0,0.0,12.6,13.4,0.3,11.0,11.0,1,0.0,8,2019
2019,9,Austrian Grand Prix,red_bull_ring,2019-06-30,max_verstappen,VER,red_bull,1,2,Finished,2.0,249.0,4.0,2.0,419.0,3.0,4.0,4.0,3.6,0.0,4.0,7.75,4,0.5,9,2019
2019,9,Austrian Grand Prix,red_bull_ring,2019-06-30,leclerc,LEC,ferrari,2,1,Finished,1.0,39.0,13.0,0.0,571.0,2.0,6.0,7.2,6.3,0.1,2.8,9.0,1,0.0,9,2019
2019,9,Austrian Grand Prix,red_bull_ring,2019-06-30,bottas,BOT,mercedes,3,3,Finished,3.0,247.0,5.0,0.0,655.0,1.0,11.0,2.4,2.7,0.0,1.0,7.4,5,0.4,9,2019
2019,9,Austrian Grand Prix,red_bull_ring,2019-06-30,vettel,VET,ferrari,4,9,Finished,9.0,320.0,2.0,5.0,571.0,2.0,6.0,3.2,3.6,0.0,2.8,10.2,5,0.4,9,2019
2019,9,Austrian Grand Prix,red_bull_ring,2019-06-30,hamilton,HAM,mercedes,5,4,Finished,4.0,408.0,1.0,11.0,655.0,1.0,11.0,1.2,1.2,0.0,1.0,5.0,5,0.6,9,2019
2019,9,Austrian Grand Prix,red_bull_ring,2019-06-30,norris,NOR,mclaren,6,5,+1 Lap,5.0,0.0,20.0,0.0,62.0,7.0,0.0,13.6,13.0,0.375,7.6,11.0,0,0.0,9,2019
2019,9,Austrian Grand Prix,red_bull_ring,2019-06-30,gasly,GAS,red_bull,7,8,+1 Lap,8.0,29.0,15.0,0.0,419.0,3.0,4.0,9.2,10.0,0.2,4.0,11.0,1,0.0,9,2019
2019,9,Austrian Grand Prix,red_bull_ring,2019-06-30,sainz,SAI,mclaren,8,19,+1 Lap,19.0,53.0,10.0,0.0,62.0,7.0,0.0,7.6,10.9,0.2,7.6,13.25,4,0.0,9,2019
2019,9,Austrian Grand Prix,red_bull_ring,2019-06-30,raikkonen,RAI,alfa,9,6,+1 Lap,6.0,251.0,3.0,1.0,0.0,10.0,0.0,12.6,10.9,0.1,12.2,7.8,5,0.4,9,2019
2019,9,Austrian Grand Prix,red_bull_ring,2019-06-30,giovinazzi,GIO,alfa,10,7,+1 Lap,7.0,0.0,20.0,0.0,0.0,10.0,0.0,15.2,14.8,0.1,12.2,11.0,0,0.0,9,2019
2019,9,Austrian Grand Prix,red_bull_ring,2019-06-30,perez,PER,racing_point,11,13,+1 Lap,13.0,62.0,8.0,0.0,0.0,10.0,0.0,11.4,10.6,0.0,10.8,9.2,5,0.0,9,2019
2019,9,Austrian Grand Prix,red_bull_ring,2019-06-30,ricciardo,RIC,renault,12,12,+1 Lap,12.0,170.0,6.0,2.0,122.0,4.0,0.0,11.6,11.0,0.3,9.8,8.8,5,0.2,9,2019
2019,9,Austrian Grand Prix,red_bull_ring,2019-06-30,hulkenberg,HUL,renault,13,15,+1 Lap,15.0,69.0,7.0,0.0,122.0,4.0,0.0,11.0,13.8,0.4,9.8,13.4,5,0.0,9,2019
2019,9,Austrian Grand Prix,red_bull_ring,2019-06-30,stroll,STR,racing_point,14,14,+1 Lap,14.0,6.0,18.0,0.0,0.0,10.0,0.0,13.2,13.2,0.1,10.8,12.0,2,0.0,9,2019
2019,9,Austrian Grand Prix,red_bull_ring,2019-06-30,albon,ALB,toro_rosso,15,18,+1 Lap,18.0,0.0,20.0,0.0,33.0,9.0,0.0,12.8,12.125,0.125,10.2,11.0,0,0.0,9,2019
2019,9,Austrian Grand Prix,red_bull_ring,2019-06-30,grosjean,GRO,haas,16,11,+1 Lap,11.0,37.0,14.0,0.0,93.0,6.0,0.0,14.4,13.8,0.4,12.2,9.2,5,0.0,9,2019
2019,9,Austrian Grand Prix,red_bull_ring,2019-06-30,kvyat,KVY,toro_rosso,17,16,+1 Lap,16.0,0.0,20.0,0.0,33.0,9.0,0.0,11.8,12.6,0.3,10.2,18.0,4,0.0,9,2019
2019,9,Austrian Grand Prix,red_bull_ring,2019-06-30,russell,RUS,williams,18,0,+2 Laps,0.0,0.0,20.0,0.0,7.0,10.0,0.0,16.4,16.125,0.0,16.2,11.0,0,0.0,9,2019
2019,9,Austrian Grand Prix,red_bull_ring,2019-06-30,kevin_magnussen,MAG,haas,19,10,+2 Laps,10.0,56.0,9.0,0.0,93.0,6.0,0.0,13.6,11.9,0.0,12.2,11.0,4,0.0,9,2019
2019,9,Austrian Grand Prix,red_bull_ring,2019-06-30,kubica,KUB,williams,20,17,+3 Laps,17.0,0.0,20.0,0.0,7.0,10.0,0.0,17.6,15.2,0.0,16.2,11.0,0,0.0,9,2019
2019,10,British Grand Prix,silverstone,2019-07-14,hamilton,HAM,mercedes,1,2,Finished,2.0,408.0,1.0,11.0,655.0,1.0,11.0,1.8,1.6,0.0,1.4,2.6666666666666665,9,0.6666666666666666,10,2019
2019,10,British Grand Prix,silverstone,2019-07-14,bottas,BOT,mercedes,2,1,Finished,1.0,247.0,5.0,0.0,655.0,1.0,11.0,2.8,2.5,0.0,1.4,6.5,6,0.3333333333333333,10,2019
2019,10,British Grand Prix,silverstone,2019-07-14,leclerc,LEC,ferrari,3,3,Finished,3.0,39.0,13.0,0.0,571.0,2.0,6.0,6.6,5.8,0.1,2.6,19.0,1,0.0,10,2019
2019,10,British Grand Prix,silverstone,2019-07-14,gasly,GAS,red_bull,4,5,Finished,5.0,29.0,15.0,0.0,419.0,3.0,4.0,7.2,9.4,0.2,3.4,13.0,1,0.0,10,2019
2019,10,British Grand Prix,silverstone,2019-07-14,max_verstappen,VER,red_bull,5,4,Finished,4.0,249.0,4.0,2.0,419.0,3.0,4.0,3.4,3.5,0.0,3.4,9.25,4,0.25,10,2019
2019,10,British Grand Prix,silverstone,2019-07-14,sainz,SAI,mclaren,6,13,Finished,13.0,53.0,10.0,0.0,62.0,7.0,0.0,7.8,10.5,0.2,7.4,14.5,4,0.0,10,2019
2019,10,British Grand Prix,silverstone,2019-07-14,ricciardo,RIC,renault,7,7,Finished,7.0,170.0,6.0,2.0,122.0,4.0,0.0,10.0,11.8,0.3,9.4,9.0,8,0.125,10,2019
2019,10,British Grand Prix,silverstone,2019-07-14,raikkonen,RAI,alfa,8,12,Finished,12.0,251.0,3.0,1.0,0.0,10.0,0.0,12.4,11.5,0.1,12.0,7.285714285714286,7,0.2857142857142857,10,2019
2019,10,British Grand Prix,silverstone,2019-07-14,kvyat,KVY,toro_rosso,9,17,Finished,17.0,0.0,20.0,0.0,33.0,9.0,0.0,11.4,12.7,0.2,11.0,10.0,4,0.0,10,2019
2019,10,British Grand Prix,silverstone,2019-07-14,hulkenberg,HUL,renault,10,10,Finished,10.0,69.0,7.0,0.0,122.0,4.0,0.0,10.8,13.2,0.3,9.4,8.25,8,0.0,10,2019
2019,10,British Grand Prix,silverstone,2019-07-14,norris,NOR,mclaren,11,8,Finished,8.0,0.0,20.0,0.0,62.0,7.0,0.0,13.2,12.222222222222221,0.3333333333333333,7.4,11.0,0,0.0,10,2019
2019,10,British Grand Prix,silverstone,2019-07-14,albon,ALB,toro_rosso,12,9,Finished,9.0,0.0,20.0,0.0,33.0,9.0,0.0,13.6,12.444444444444445,0.1111111111111111,11.0,11.0,0,0.0,10,2019
2019,10,British Grand Prix,silverstone,2019-07-14,stroll,STR,racing_point,13,18,Finished,18.0,6.0,18.0,0.0,0.0,10.0,0.0,14.2,12.8,0.1,11.8,14.0,2,0.0,10,2019
2019,10,British Grand Prix,silverstone,2019-07-14,russell,RUS,williams,14,19,+1 Lap,19.0,0.0,20.0,0.0,7.0,10.0,0.0,17.0,16.333333333333332,0.0,16.8,11.0,0,0.0,10,2019
2019,10,British Grand Prix,silverstone,2019-07-14,kubica,KUB,williams,15,20,+1 Lap,20.0,0.0,20.0,0.0,7.0,10.0,0.0,18.4,16.3,0.0,16.8,23.0,1,0.0,10,2019
2019,10,British Grand Prix,silverstone,2019-07-14,vettel,VET,ferrari,16,6,+1 Lap,6.0,320.0,2.0,5.0,571.0,2.0,6.0,3.4,3.4,0.0,2.6,6.444444444444445,9,0.4444444444444444,10,2019
2019,10,British Grand Prix,silverstone,2019-07-14,perez,PER,racing_point,17,15,+1 Lap,15.0,62.0,8.0,0.0,0.0,10.0,0.0,12.4,10.7,0.0,11.8,11.75,8,0.0,10,2019
2019,10,British Grand Prix,silverstone,2019-07-14,giovinazzi,GIO,alfa,18,11,Spun off,11.0,0.0,20.0,0.0,0.0,10.0,0.0,14.8,14.6,0.1,12.0,11.0,0,0.0,10,2019
2019,10,British Grand Prix,silverstone,2019-07-14,grosjean,GRO,haas,19,14,Collision,14.0,37.0,14.0,0.0,93.0,6.0,0.0,14.0,14.6,0.4,12.8,14.714285714285714,7,0.0,10,2019
2019,10,British Grand Prix,silverstone,2019-07-14,kevin_magnussen,MAG,haas,20,16,Collision,16.0,56.0,9.0,0.0,93.0,6.0,0.0,14.8,12.9,0.0,12.8,11.25,4,0.0,10,2019
2019,11,German Grand Prix,hockenheimring,2019-07-28,max_verstappen,VER,red_bull,1,2,Finished,2.0,249.0,4.0,2.0,419.0,3.0,4.0,3.8,3.7,0.0,3.6,3.5,2,0.5,11,2019
2019,11,German Grand Prix,hockenheimring,2019-07-28,vettel,VET,ferrari,2,20,Finished,20.0,320.0,2.0,5.0,571.0,2.0,6.0,5.8,4.8,0.0,2.4,7.0,5,0.2,11,2019
2019,11,German Grand Prix,hockenheimring,2019-07-28,kvyat,KVY,toro_rosso,3,14,Finished,14.0,0.0,20.0,0.0,33.0,9.0,0.0,11.4,12.6,0.2,11.0,17.5,2,0.0,11,2019
2019,11,German Grand Prix,hockenheimring,2019-07-28,stroll,STR,racing_point,4,15,Finished,15.0,6.0,18.0,0.0,0.0,10.0,0.0,13.0,12.8,0.1,11.4,17.0,1,0.0,11,2019
2019,11,German Grand Prix,hockenheimring,2019-07-28,sainz,SAI,mclaren,5,7,Finished,7.0,53.0,10.0,0.0,62.0,7.0,0.0,7.4,10.5,0.2,7.0,13.0,2,0.0,11,2019
2019,11,German Grand Prix,hockenheimring,2019-07-28,albon,ALB,toro_rosso,6,16,Finished,16.0,0.0,20.0,0.0,33.0,9.0,0.0,13.8,12.4,0.1,11.0,11.0,0,0.0,11,2019
2019,11,German Grand Prix,hockenheimring,2019-07-28,grosjean,GRO,haas,7,6,Finished,6.0,37.0,14.0,0.0,93.0,6.0,0.0,15.8,15.6,0.5,15.2,14.5,4,0.0,11,2019
2019,11,German Grand Prix,hockenheimring,2019-07-28,kevin_magnussen,MAG,haas,8,12,Finished,12.0,56.0,9.0,0.0,93.0,6.0,0.0,17.4,13.9,0.1,15.2,12.0,3,0.0,11,2019
2019,11,German Grand Prix,hockenheimring,2019-07-28,hamilton,HAM,mercedes,9,1,Finished,1.0,408.0,1.0,11.0,655.0,1.0,11.0,1.8,1.6,0.0,1.4,6.6,5,0.6,11,2019
2019,11,German Grand Prix,hockenheimring,2019-07-28,kubica,KUB,williams,10,18,Finished,18.0,0.0,20.0,0.0,7.0,10.0,0.0,17.8,17.3,0.0,16.2,7.0,1,0.0,11,2019
2019,11,German Grand Prix,hockenheimring,2019-07-28,russell,RUS,williams,11,17,Finished,17.0,0.0,20.0,0.0,7.0,10.0,0.0,16.4,16.1,0.0,16.2,11.0,0,0.0,11,2019
2019,11,German Grand Prix,hockenheimring,2019-07-28,raikkonen,RAI,alfa,12,5,Finished,5.0,251.0,3.0,1.0,0.0,10.0,0.0,11.2,10.4,0.0,10.8,5.75,4,0.5,11,2019
2019,11,German Grand Prix,hockenheimring,2019-07-28,giovinazzi,GIO,alfa,13,11,Finished,11.0,0.0,20.0,0.0,0.0,10.0,0.0,15.2,14.5,0.1,10.8,11.0,0,0.0,11,2019
2019,11,German Grand Prix,hockenheimring,2019-07-28,gasly,GAS,red_bull,14,4,Collision,4.0,29.0,15.0,0.0,419.0,3.0,4.0,6.8,8.2,0.1,3.6,14.0,1,0.0,11,2019
2019,11,German Grand Prix,hockenheimring,2019-07-28,bottas,BOT,mercedes,15,3,Accident,3.0,247.0,5.0,0.0,655.0,1.0,11.0,2.8,2.2,0.0,1.4,4.333333333333333,3,0.6666666666666666,11,2019
2019,11,German Grand Prix,hockenheimring,2019-07-28,hulkenberg,HUL,renault,16,9,Accident,9.0,69.0,7.0,0.0,122.0,4.0,0.0,10.2,12.2,0.2,8.4,8.2,5,0.0,11,2019
2019,11,German Grand Prix,hockenheimring,2019-07-28,leclerc,LEC,ferrari,17,10,Accident,10.0,39.0,13.0,0.0,571.0,2.0,6.0,6.2,5.4,0.1,2.4,15.0,1,0.0,11,2019
2019,11,German Grand Prix,hockenheimring,2019-07-28,norris,NOR,mclaren,18,19,Power loss,19.0,0.0,20.0,0.0,62.0,7.0,0.0,11.4,12.1,0.3,7.0,11.0,0,0.0,11,2019
2019,11,German Grand Prix,hockenheimring,2019-07-28,ricciardo,RIC,renault,19,13,Exhaust,13.0,170.0,6.0,2.0,122.0,4.0,0.0,9.0,12.1,0.3,8.4,10.25,4,0.25,11,2019
2019,11,German Grand Prix,hockenheimring,2019-07-28,perez,PER,racing_point,20,8,Spun off,8.0,62.0,8.0,0.0,0.0,10.0,0.0,12.8,11.6,0.0,11.4,8.25,4,0.0,11,2019
2019,12,Hungarian Grand Prix,hungaroring,2019-08-04,hamilton,HAM,mercedes,1,3,Finished,3.0,408.0,1.0,11.0,655.0,1.0,11.0,3.4,2.3,0.0,3.0,4.555555555555555,9,0.5555555555555556,12,2019
2019,12,Hungarian Grand Prix,hungaroring,2019-08-04,max_verstappen,VER,red_bull,2,1,Finished,1.0,249.0,4.0,2.0,419.0,3.0,4.0,3.2,3.5,0.0,3.0,8.25,4,0.0,12,2019
2019,12,Hungarian Grand Prix,hungaroring,2019-08-04,vettel,VET,ferrari,3,5,Finished,5.0,320.0,2.0,5.0,571.0,2.0,6.0,5.8,4.6,0.0,2.4,3.0,9,0.6666666666666666,12,2019
2019,12,Hungarian Grand Prix,hungaroring,2019-08-04,leclerc,LEC,ferrari,4,4,Finished,4.0,39.0,13.0,0.0,571.0,2.0,6.0,5.6,6.6,0.2,2.4,20.0,1,0.0,12,2019
2019,12,Hungarian Grand Prix,hungaroring,2019-08-04,sainz,SAI,mclaren,5,8,+1 Lap,8.0,53.0,10.0,0.0,62.0,7.0,0.0,7.2,9.0,0.1,6.8,10.25,4,0.0,12,2019
2019,12,Hungarian Grand Prix,hungaroring,2019-08-04,gasly,GAS,red_bull,6,6,+1 Lap,6.0,29.0,15.0,0.0,419.0,3.0,4.0,8.6,8.5,0.2,3.0,6.0,1,0.0,12,2019
2019,12,Hungarian Grand Prix,hungaroring,2019-08-04,raikkonen,RAI,alfa,7,10,+1 Lap,10.0,251.0,3.0,1.0,0.0,10.0,0.0,10.2,10.8,0.0,9.8,5.571428571428571,7,0.5714285714285714,12,2019
2019,12,Hungarian Grand Prix,hungaroring,2019-08-04,bottas,BOT,mercedes,8,2,+1 Lap,2.0,247.0,5.0,0.0,655.0,1.0,11.0,5.2,3.6,0.1,3.0,9.666666666666666,6,0.16666666666666666,12,2019
2019,12,Hungarian Grand Prix,hungaroring,2019-08-04,norris,NOR,mclaren,9,7,+1 Lap,7.0,0.0,20.0,0.0,62.0,7.0,0.0,12.8,12.7,0.4,6.8,11.0,0,0.0,12,2019
2019,12,Hungarian Grand Prix,hungaroring,2019-08-04,albon,ALB,toro_rosso,10,12,+1 Lap,12.0,0.0,20.0,0.0,33.0,9.0,0.0,13.4,11.6,0.1,10.2,11.0,0,0.0,12,2019
2019,12,Hungarian Grand Prix,hungaroring,2019-08-04,perez,PER,racing_point,11,16,+1 Lap,16.0,62.0,8.0,0.0,0.0,10.0,0.0,14.4,12.3,0.1,9.8,13.625,8,0.0,12,2019
2019,12,Hungarian Grand Prix,hungaroring,2019-08-04,hulkenberg,HUL,renault,12,11,+1 Lap,11.0,69.0,7.0,0.0,122.0,4.0,0.0,10.8,13.1,0.3,9.8,13.375,8,0.0,12,2019
2019,12,Hungarian Grand Prix,hungaroring,2019-08-04,kevin_magnussen,MAG,haas,13,14,+1 Lap,14.0,56.0,9.0,0.0,93.0,6.0,0.0,16.2,14.1,0.1,14.6,11.75,4,0.0,12,2019
2019,12,Hungarian Grand Prix,hungaroring,2019-08-04,ricciardo,RIC,renault,14,20,+1 Lap,20.0,170.0,6.0,2.0,122.0,4.0,0.0,11.0,12.1,0.3,9.8,9.625,8,0.375,12,2019
2019,12,Hungarian Grand Prix,hungaroring,2019-08-04,kvyat,KVY,toro_rosso,15,13,+2 Laps,13.0,0.0,20.0,0.0,33.0,9.0,0.0,10.6,11.9,0.2,10.2,10.75,4,0.25,12,2019
2019,12,Hungarian Grand Prix,hungaroring,2019-08-04,russell,RUS,williams,16,15,+2 Laps,15.0,0.0,20.0,0.0,7.0,10.0,0.0,15.6,15.6,0.0,15.2,11.0,0,0.0,12,2019
2019,12,Hungarian Grand Prix,hungaroring,2019-08-04,stroll,STR,racing_point,17,18,+2 Laps,18.0,6.0,18.0,0.0,0.0,10.0,0.0,10.6,12.3,0.1,9.8,15.5,2,0.0,12,2019
2019,12,Hungarian Grand Prix,hungaroring,2019-08-04,giovinazzi,GIO,alfa,18,17,+2 Laps,17.0,0.0,20.0,0.0,0.0,10.0,0.0,14.0,14.3,0.1,9.8,11.0,0,0.0,12,2019
2019,12,Hungarian Grand Prix,hungaroring,2019-08-04,kubica,KUB,williams,19,19,+3 Laps,19.0,0.0,20.0,0.0,7.0,10.0,0.0,16.2,16.6,0.0,15.2,21.0,1,0.0,12,2019
2019,12,Hungarian Grand Prix,hungaroring,2019-08-04,grosjean,GRO,haas,20,9,Water pressure,9.0,37.0,14.0,0.0,93.0,6.0,0.0,15.2,14.5,0.4,14.6,11.428571428571429,7,0.14285714285714285,12,2019
2019,13,Belgian Grand Prix,spa,2019-09-01,leclerc,LEC,ferrari,1,1,Finished,1.0,39.0,13.0,0.0,571.0,2.0,6.0,5.8,6.7,0.2,2.6,18.0,1,0.0,13,2019
2019,13,Belgian Grand Prix,spa,2019-09-01,hamilton,HAM,mercedes,2,3,Finished,3.0,408.0,1.0,11.0,655.0,1.0,11.0,3.4,2.3,0.0,3.0,8.333333333333334,9,0.6666666666666666,13,2019
2019,13,Belgian Grand Prix,spa,2019-09-01,bottas,BOT,mercedes,3,4,Finished,4.0,247.0,5.0,0.0,655.0,1.0,11.0,6.0,4.2,0.1,3.0,7.333333333333333,6,0.16666666666666666,13,2019
2019,13,Belgian Grand Prix,spa,2019-09-01,vettel,VET,ferrari,4,2,Finished,2.0,320.0,2.0,5.0,571.0,2.0,6.0,6.0,4.4,0.0,2.6,5.0,9,0.5555555555555556,13,2019
2019,13,Belgian Grand Prix,spa,2019-09-01,albon,ALB,red_bull,5,17,Finished,17.0,0.0,20.0,0.0,419.0,3.0,4.0,11.6,11.7,0.1,2.4,11.0,0,0.0,13,2019
2019,13,Belgian Grand Prix,spa,2019-09-01,perez,PER,racing_point,6,7,Finished,7.0,62.0,8.0,0.0,0.0,10.0,0.0,14.2,12.4,0.1,10.2,11.5,8,0.0,13,2019
2019,13,Belgian Grand Prix,spa,2019-09-01,kvyat,KVY,toro_rosso,7,19,Finished,19.0,0.0,20.0,0.0,33.0,9.0,0.0,11.6,12.2,0.2,10.2,9.75,4,0.0,13,2019
2019,13,Belgian Grand Prix,spa,2019-09-01,hulkenberg,HUL,renault,8,12,Finished,12.0,69.0,7.0,0.0,122.0,4.0,0.0,11.8,12.6,0.2,11.0,11.375,8,0.0,13,2019
2019,13,Belgian Grand Prix,spa,2019-09-01,gasly,GAS,toro_rosso,9,13,Finished,13.0,29.0,15.0,0.0,33.0,9.0,0.0,8.2,8.3,0.2,10.2,9.0,1,0.0,13,2019
2019,13,Belgian Grand Prix,spa,2019-09-01,stroll,STR,racing_point,10,16,Finished,16.0,6.0,18.0,0.0,0.0,10.0,0.0,12.2,12.6,0.1,10.2,12.0,2,0.0,13,2019
2019,13,Belgian Grand Prix,spa,2019-09-01,norris,NOR,mclaren,11,11,Engine,11.0,0.0,20.0,0.0,62.0,7.0,0.0,10.6,13.0,0.4,5.6,11.0,0,0.0,13,2019
2019,13,Belgian Grand Prix,spa,2019-09-01,kevin_magnussen,MAG,haas,12,8,+1 Lap,8.0,56.0,9.0,0.0,93.0,6.0,0.0,15.4,14.1,0.1,14.4,13.25,4,0.0,13,2019
2019,13,Belgian Grand Prix,spa,2019-09-01,grosjean,GRO,haas,13,9,+1 Lap,9.0,37.0,14.0,0.0,93.0,6.0,0.0,16.4,14.5,0.4,14.4,11.714285714285714,7,0.14285714285714285,13,2019
2019,13,Belgian Grand Prix,spa,2019-09-01,ricciardo,RIC,renault,14,10,+1 Lap,10.0,170.0,6.0,2.0,122.0,4.0,0.0,12.6,11.7,0.2,11.0,10.0,8,0.375,13,2019
2019,13,Belgian Grand Prix,spa,2019-09-01,russell,RUS,williams,15,14,+1 Lap,14.0,0.0,20.0,0.0,7.0,10.0,0.0,15.6,15.7,0.0,15.2,11.0,0,0.0,13,2019
2019,13,Belgian Grand Prix,spa,2019-09-01,raikkonen,RAI,alfa,16,6,+1 Lap,6.0,251.0,3.0,1.0,0.0,10.0,0.0,8.6,10.8,0.0,8.6,9.285714285714286,7,0.14285714285714285,13,2019
2019,13,Belgian Grand Prix,spa,2019-09-01,kubica,KUB,williams,17,0,+1 Lap,0.0,0.0,20.0,0.0,7.0,10.0,0.0,16.4,16.9,0.0,15.2,3.0,1,1.0,13,2019
2019,13,Belgian Grand Prix,spa,2019-09-01,giovinazzi,GIO,alfa,18,18,Accident,18.0,0.0,20.0,0.0,0.0,10.0,0.0,15.0,15.0,0.1,8.6,11.0,0,0.0,13,2019
2019,13,Belgian Grand Prix,spa,2019-09-01,sainz,SAI,mclaren,19,15,Power loss,15.0,53.0,10.0,0.0,62.0,7.0,0.0,6.0,7.6,0.0,5.6,14.5,4,0.0,13,2019
2019,13,Belgian Grand Prix,spa,2019-09-01,max_verstappen,VER,red_bull,20,5,Accident,5.0,249.0,4.0,2.0,419.0,3.0,4.0,2.6,3.3,0.0,2.4,10.25,4,0.25,13,2019
2019,14,Italian Grand Prix,monza,2019-09-08,leclerc,LEC,ferrari,1,1,Finished,1.0,39.0,13.0,0.0,571.0,2.0,6.0,5.4,6.3,0.2,2.2,11.0,1,0.0,14,2019
2019,14,Italian Grand Prix,monza,2019-09-08,bottas,BOT,mercedes,2,3,Finished,3.0,247.0,5.0,0.0,655.0,1.0,11.0,6.2,4.3,0.1,3.2,5.666666666666667,6,0.3333333333333333,14,2019
2019,14,Italian Grand Prix,monza,2019-09-08,hamilton,HAM,mercedes,3,2,Finished,2.0,408.0,1.0,11.0,655.0,1.0,11.0,3.6,2.4,0.0,3.2,4.777777777777778,9,0.6666666666666666,14,2019
2019,14,Italian Grand Prix,monza,2019-09-08,ricciardo,RIC,renault,4,5,Finished,5.0,170.0,6.0,2.0,122.0,4.0,0.0,13.2,12.4,0.2,11.0,9.25,8,0.0,14,2019
2019,14,Italian Grand Prix,monza,2019-09-08,hulkenberg,HUL,renault,5,6,Finished,6.0,69.0,7.0,0.0,122.0,4.0,0.0,11.8,11.4,0.1,11.0,11.0,8,0.0,14,2019
2019,14,Italian Grand Prix,monza,2019-09-08,albon,ALB,red_bull,6,8,Finished,8.0,0.0,20.0,0.0,419.0,3.0,4.0,9.6,11.2,0.1,2.6,11.0,0,0.0,14,2019
2019,14,Italian Grand Prix,monza,2019-09-08,perez,PER,racing_point,7,18,Finished,18.0,62.0,8.0,0.0,0.0,10.0,0.0,13.0,12.2,0.1,9.0,8.5,8,0.125,14,2019
2019,14,Italian Grand Prix,monza,2019-09-08,max_verstappen,VER,red_bull,8,19,Finished,19.0,249.0,4.0,2.0,419.0,3.0,4.0,5.8,4.9,0.1,2.6,8.5,4,0.0,14,2019
2019,14,Italian Grand Prix,monza,2019-09-08,giovinazzi,GIO,alfa,9,10,+1 Lap,10.0,0.0,20.0,0.0,0.0,10.0,0.0,15.4,15.3,0.2,10.4,11.0,0,0.0,14,2019
2019,14,Italian Grand Prix,monza,2019-09-08,norris,NOR,mclaren,10,16,+1 Lap,16.0,0.0,20.0,0.0,62.0,7.0,0.0,11.0,12.3,0.4,6.6,11.0,0,0.0,14,2019
2019,14,Italian Grand Prix,monza,2019-09-08,gasly,GAS,toro_rosso,11,17,+1 Lap,17.0,29.0,15.0,0.0,33.0,9.0,0.0,8.0,8.6,0.2,8.8,14.0,1,0.0,14,2019
2019,14,Italian Grand Prix,monza,2019-09-08,stroll,STR,racing_point,12,9,+1 Lap,9.0,6.0,18.0,0.0,0.0,10.0,0.0,11.6,12.4,0.1,9.0,8.0,2,0.0,14,2019
2019,14,Italian Grand Prix,monza,2019-09-08,vettel,VET,ferrari,13,4,+1 Lap,4.0,320.0,2.0,5.0,571.0,2.0,6.0,5.8,4.5,0.0,2.2,5.111111111111111,9,0.5555555555555556,14,2019
2019,14,Italian Grand Prix,monza,2019-09-08,russell,RUS,williams,14,14,+1 Lap,14.0,0.0,20.0,0.0,7.0,10.0,0.0,14.8,15.6,0.0,14.6,11.0,0,0.0,14,2019
2019,14,Italian Grand Prix,monza,2019-09-08,raikkonen,RAI,alfa,15,0,+1 Lap,0.0,251.0,3.0,1.0,0.0,10.0,0.0,10.4,11.5,0.0,10.4,5.857142857142857,7,0.14285714285714285,14,2019
2019,14,Italian Grand Prix,monza,2019-09-08,grosjean,GRO,haas,16,13,+1 Lap,13.0,37.0,14.0,0.0,93.0,6.0,0.0,15.0,14.7,0.4,13.4,14.833333333333334,6,0.0,14,2019
2019,14,Italian Grand Prix,monza,2019-09-08,kubica,KUB,williams,17,15,+2 Laps,15.0,0.0,20.0,0.0,7.0,10.0,0.0,16.2,16.9,0.0,14.6,8.0,1,0.0,14,2019
2019,14,Italian Grand Prix,monza,2019-09-08,kevin_magnussen,MAG,haas,18,11,Hydraulics,11.0,56.0,9.0,0.0,93.0,6.0,0.0,14.4,14.0,0.1,13.4,13.5,4,0.0,14,2019
2019,14,Italian Grand Prix,monza,2019-09-08,kvyat,KVY,toro_rosso,19,12,Engine,12.0,0.0,20.0,0.0,33.0,9.0,0.0,10.2,11.0,0.1,8.8,13.0,4,0.0,14,2019
2019,14,Italian Grand Prix,monza,2019-09-08,sainz,SAI,mclaren,20,7,Wheel,7.0,53.0,10.0,0.0,62.0,7.0,0.0,8.6,8.1,0.1,6.6,12.0,4,0.0,14,2019
2019,15,Singapore Grand Prix,marina_bay,2019-09-22,vettel,VET,ferrari,1,3,Finished,3.0,320.0,2.0,5.0,571.0,2.0,6.0,7.6,5.5,0.0,2.0,3.7777777777777777,9,0.7777777777777778,15,2019
2019,15,Singapore Grand Prix,marina_bay,2019-09-22,leclerc,LEC,ferrari,2,1,Finished,1.0,39.0,13.0,0.0,571.0,2.0,6.0,5.2,5.9,0.2,2.0,9.0,1,0.0,15,2019
2019,15,Singapore Grand Prix,marina_bay,2019-09-22,max_verstappen,VER,red_bull,3,4,Finished,4.0,249.0,4.0,2.0,419.0,3.0,4.0,7.2,5.3,0.1,3.6,8.75,4,0.25,15,2019
2019,15,Singapore Grand Prix,marina_bay,2019-09-22,hamilton,HAM,mercedes,4,2,Finished,2.0,408.0,1.0,11.0,655.0,1.0,11.0,3.2,2.5,0.0,3.0,8.555555555555555,9,0.4444444444444444,15,2019
2019,15,Singapore Grand Prix,marina_bay,2019-09-22,bottas,BOT,mercedes,5,5,Finished,5.0,247.0,5.0,0.0,655.0,1.0,11.0,6.0,4.4,0.1,3.0,9.333333333333334,6,0.16666666666666666,15,2019
2019,15,Singapore Grand Prix,marina_bay,2019-09-22,albon,ALB,red_bull,6,6,Finished,6.0,0.0,20.0,0.0,419.0,3.0,4.0,7.8,10.7,0.1,3.6,11.0,0,0.0,15,2019
2019,15,Singapore Grand Prix,marina_bay,2019-09-22,norris,NOR,mclaren,7,9,Finished,9.0,0.0,20.0,0.0,62.0,7.0,0.0,11.8,12.5,0.4,7.4,11.0,0,0.0,15,2019
2019,15,Singapore Grand Prix,marina_bay,2019-09-22,gasly,GAS,toro_rosso,8,11,Finished,11.0,29.0,15.0,0.0,33.0,9.0,0.0,8.8,8.0,0.1,8.0,13.0,1,0.0,15,2019
2019,15,Singapore Grand Prix,marina_bay,2019-09-22,hulkenberg,HUL,renault,9,8,Finished,8.0,69.0,7.0,0.0,122.0,4.0,0.0,10.2,10.5,0.1,9.4,13.375,8,0.0,15,2019
2019,15,Singapore Grand Prix,marina_bay,2019-09-22,giovinazzi,GIO,alfa,10,10,Finished,10.0,0.0,20.0,0.0,0.0,10.0,0.0,15.2,15.0,0.2,10.4,11.0,0,0.0,15,2019
2019,15,Singapore Grand Prix,marina_bay,2019-09-22,grosjean,GRO,haas,11,17,Finished,17.0,37.0,14.0,0.0,93.0,6.0,0.0,15.0,14.5,0.3,13.4,14.285714285714286,7,0.0,15,2019
2019,15,Singapore Grand Prix,marina_bay,2019-09-22,sainz,SAI,mclaren,12,7,Finished,7.0,53.0,10.0,0.0,62.0,7.0,0.0,11.0,9.4,0.2,7.4,8.75,4,0.0,15,2019
2019,15,Singapore Grand Prix,marina_bay,2019-09-22,stroll,STR,racing_point,13,16,Finished,16.0,6.0,18.0,0.0,0.0,10.0,0.0,11.2,12.7,0.1,8.2,11.0,2,0.0,15,2019
2019,15,Singapore Grand Prix,marina_bay,2019-09-22,ricciardo,RIC,renault,14,20,Finished,20.0,170.0,6.0,2.0,122.0,4.0,0.0,11.6,10.8,0.1,9.4,8.125,8,0.5,15,2019
2019,15,Singapore Grand Prix,marina_bay,2019-09-22,kvyat,KVY,toro_rosso,15,14,Finished,14.0,0.0,20.0,0.0,33.0,9.0,0.0,10.6,11.0,0.1,8.0,11.25,4,0.0,15,2019
2019,15,Singapore Grand Prix,marina_bay,2019-09-22,kubica,KUB,williams,16,19,Finished,19.0,0.0,20.0,0.0,7.0,10.0,0.0,15.6,17.0,0.0,13.8,7.0,1,0.0,15,2019
2019,15,Singapore Grand Prix,marina_bay,2019-09-22,kevin_magnussen,MAG,haas,17,13,Finished,13.0,56.0,9.0,0.0,93.0,6.0,0.0,14.2,14.5,0.2,13.4,12.75,4,0.0,15,2019
2019,15,Singapore Grand Prix,marina_bay,2019-09-22,raikkonen,RAI,alfa,18,12,Collision,12.0,251.0,3.0,1.0,0.0,10.0,0.0,11.6,12.0,0.0,10.4,7.0,7,0.2857142857142857,15,2019
2019,15,Singapore Grand Prix,marina_bay,2019-09-22,perez,PER,racing_point,19,15,Engine,15.0,62.0,8.0,0.0,0.0,10.0,0.0,12.2,12.3,0.1,8.2,8.875,8,0.0,15,2019
2019,15,Singapore Grand Prix,marina_bay,2019-09-22,russell,RUS,williams,20,18,Collision,18.0,0.0,20.0,0.0,7.0,10.0,0.0,14.0,15.5,0.0,13.8,11.0,0,0.0,15,2019
2019,16,Russian Grand Prix,sochi,2019-09-29,hamilton,HAM,mercedes,1,2,Finished,2.0,408.0,1.0,11.0,655.0,1.0,11.0,3.8,2.8,0.0,3.6,1.8,5,0.8,16,2019
2019,16,Russian Grand Prix,sochi,2019-09-29,bottas,BOT,mercedes,2,4,Finished,4.0,247.0,5.0,0.0,655.0,1.0,11.0,6.6,4.7,0.1,3.6,4.4,5,0.6,16,2019
2019,16,Russian Grand Prix,sochi,2019-09-29,leclerc,LEC,ferrari,3,1,Finished,1.0,39.0,13.0,0.0,571.0,2.0,6.0,5.0,5.6,0.2,1.6,7.0,1,0.0,16,2019
2019,16,Russian Grand Prix,sochi,2019-09-29,max_verstappen,VER,red_bull,4,9,Finished,9.0,249.0,4.0,2.0,419.0,3.0,4.0,6.8,5.3,0.1,3.4,9.75,4,0.0,16,2019
2019,16,Russian Grand Prix,sochi,2019-09-29,albon,ALB,red_bull,5,0,Finished,0.0,0.0,20.0,0.0,419.0,3.0,4.0,6.6,10.2,0.1,3.4,11.0,0,0.0,16,2019
2019,16,Russian Grand Prix,sochi,2019-09-29,sainz,SAI,mclaren,6,5,Finished,5.0,53.0,10.0,0.0,62.0,7.0,0.0,12.2,9.8,0.2,7.6,13.75,4,0.0,16,2019
2019,16,Russian Grand Prix,sochi,2019-09-29,perez,PER,racing_point,7,11,Finished,11.0,62.0,8.0,0.0,0.0,10.0,0.0,12.6,12.7,0.2,8.2,7.6,5,0.2,16,2019
2019,16,Russian Grand Prix,sochi,2019-09-29,norris,NOR,mclaren,8,7,Finished,7.0,0.0,20.0,0.0,62.0,7.0,0.0,11.0,11.2,0.3,7.6,11.0,0,0.0,16,2019
2019,16,Russian Grand Prix,sochi,2019-09-29,kevin_magnussen,MAG,haas,9,13,Finished,13.0,56.0,9.0,0.0,93.0,6.0,0.0,13.6,15.5,0.2,11.8,8.25,4,0.0,16,2019
2019,16,Russian Grand Prix,sochi,2019-09-29,hulkenberg,HUL,renault,10,6,Finished,6.0,69.0,7.0,0.0,122.0,4.0,0.0,10.0,10.1,0.1,9.8,14.4,5,0.0,16,2019
2019,16,Russian Grand Prix,sochi,2019-09-29,stroll,STR,racing_point,11,14,Finished,14.0,6.0,18.0,0.0,0.0,10.0,0.0,11.2,12.1,0.0,8.2,13.0,2,0.0,16,2019
2019,16,Russian Grand Prix,sochi,2019-09-29,kvyat,KVY,toro_rosso,12,19,Finished,19.0,0.0,20.0,0.0,33.0,9.0,0.0,11.8,11.6,0.1,7.8,11.5,4,0.0,16,2019
2019,16,Russian Grand Prix,sochi,2019-09-29,raikkonen,RAI,alfa,13,15,Finished,15.0,251.0,3.0,1.0,0.0,10.0,0.0,13.6,12.4,0.1,10.8,5.4,5,0.4,16,2019
2019,16,Russian Grand Prix,sochi,2019-09-29,gasly,GAS,toro_rosso,14,16,Finished,16.0,29.0,15.0,0.0,33.0,9.0,0.0,9.6,8.2,0.1,7.8,19.0,1,0.0,16,2019
2019,16,Russian Grand Prix,sochi,2019-09-29,giovinazzi,GIO,alfa,15,12,Finished,12.0,0.0,20.0,0.0,0.0,10.0,0.0,13.6,14.4,0.2,10.8,11.0,0,0.0,16,2019
2019,16,Russian Grand Prix,sochi,2019-09-29,kubica,KUB,williams,16,18,Brakes,18.0,0.0,20.0,0.0,7.0,10.0,0.0,15.8,16.8,0.0,14.2,11.0,0,0.0,16,2019
2019,16,Russian Grand Prix,sochi,2019-09-29,russell,RUS,williams,17,17,Brakes,17.0,0.0,20.0,0.0,7.0,10.0,0.0,15.2,15.8,0.1,14.2,11.0,0,0.0,16,2019
2019,16,Russian Grand Prix,sochi,2019-09-29,vettel,VET,ferrari,18,3,Power loss,3.0,320.0,2.0,5.0,571.0,2.0,6.0,4.6,5.2,0.0,1.6,7.0,5,0.6,16,2019
2019,16,Russian Grand Prix,sochi,2019-09-29,ricciardo,RIC,renault,19,10,Collision,10.0,170.0,6.0,2.0,122.0,4.0,0.0,13.0,11.0,0.1,9.8,11.2,5,0.0,16,2019
2019,16,Russian Grand Prix,sochi,2019-09-29,grosjean,GRO,haas,20,8,Collision,8.0,37.0,14.0,0.0,93.0,6.0,0.0,13.4,14.6,0.3,11.8,14.4,5,0.0,16,2019
2019,17,Japanese Grand Prix,suzuka,2019-10-13,bottas,BOT,mercedes,1,3,Finished,3.0,247.0,5.0,0.0,655.0,1.0,11.0,4.0,4.6,0.1,2.0,7.333333333333333,6,0.16666666666666666,17,2019
2019,17,Japanese Grand Prix,suzuka,2019-10-13,vettel,VET,ferrari,2,1,Finished,1.0,320.0,2.0,5.0,571.0,2.0,6.0,7.8,6.8,0.1,1.8,4.555555555555555,9,0.6666666666666666,17,2019
2019,17,Japanese Grand Prix,suzuka,2019-10-13,hamilton,HAM,mercedes,3,4,Finished,4.0,408.0,1.0,11.0,655.0,1.0,11.0,2.2,2.8,0.0,2.0,4.666666666666667,9,0.5555555555555556,17,2019
2019,17,Japanese Grand Prix,suzuka,2019-10-13,albon,ALB,red_bull,4,6,Finished,6.0,0.0,20.0,0.0,419.0,3.0,4.0,6.4,9.9,0.1,4.0,11.0,0,0.0,17,2019
2019,17,Japanese Grand Prix,suzuka,2019-10-13,sainz,SAI,mclaren,5,7,Finished,7.0,53.0,10.0,0.0,62.0,7.0,0.0,12.4,9.8,0.2,7.8,14.25,4,0.0,17,2019
2019,17,Japanese Grand Prix,suzuka,2019-10-13,leclerc,LEC,ferrari,6,2,+1 Lap,2.0,39.0,13.0,0.0,571.0,2.0,6.0,2.2,3.9,0.1,1.8,18.0,1,0.0,17,2019
2019,17,Japanese Grand Prix,suzuka,2019-10-13,gasly,GAS,toro_rosso,7,9,+1 Lap,9.0,29.0,15.0,0.0,33.0,9.0,0.0,9.6,9.1,0.1,9.6,12.0,2,0.0,17,2019
2019,17,Japanese Grand Prix,suzuka,2019-10-13,perez,PER,racing_point,8,17,+1 Lap,17.0,62.0,8.0,0.0,0.0,10.0,0.0,10.0,12.2,0.2,8.8,11.0,8,0.0,17,2019
2019,17,Japanese Grand Prix,suzuka,2019-10-13,stroll,STR,racing_point,9,12,+1 Lap,12.0,6.0,18.0,0.0,0.0,10.0,0.0,12.6,11.6,0.0,8.8,16.5,2,0.0,17,2019
2019,17,Japanese Grand Prix,suzuka,2019-10-13,kvyat,KVY,toro_rosso,10,14,+1 Lap,14.0,0.0,20.0,0.0,33.0,9.0,0.0,13.6,12.1,0.1,9.6,12.333333333333334,3,0.0,17,2019
2019,17,Japanese Grand Prix,suzuka,2019-10-13,norris,NOR,mclaren,11,8,+1 Lap,8.0,0.0,20.0,0.0,62.0,7.0,0.0,9.0,10.9,0.3,7.8,11.0,0,0.0,17,2019
2019,17,Japanese Grand Prix,suzuka,2019-10-13,raikkonen,RAI,alfa,12,13,+1 Lap,13.0,251.0,3.0,1.0,0.0,10.0,0.0,13.8,12.0,0.1,11.0,6.0,7,0.0,17,2019
2019,17,Japanese Grand Prix,suzuka,2019-10-13,grosjean,GRO,haas,13,10,+1 Lap,10.0,37.0,14.0,0.0,93.0,6.0,0.0,16.0,15.6,0.4,12.2,10.285714285714286,7,0.14285714285714285,17,2019
2019,17,Japanese Grand Prix,suzuka,2019-10-13,giovinazzi,GIO,alfa,14,11,+1 Lap,11.0,0.0,20.0,0.0,0.0,10.0,0.0,14.0,14.0,0.2,11.0,11.0,0,0.0,17,2019
2019,17,Japanese Grand Prix,suzuka,2019-10-13,kevin_magnussen,MAG,haas,15,19,+1 Lap,19.0,56.0,9.0,0.0,93.0,6.0,0.0,13.8,15.0,0.2,12.2,14.0,4,0.0,17,2019
2019,17,Japanese Grand Prix,suzuka,2019-10-13,russell,RUS,williams,16,18,+2 Laps,18.0,0.0,20.0,0.0,7.0,10.0,0.0,16.4,16.0,0.2,15.4,11.0,0,0.0,17,2019
2019,17,Japanese Grand Prix,suzuka,2019-10-13,kubica,KUB,williams,17,0,+2 Laps,0.0,0.0,20.0,0.0,7.0,10.0,0.0,17.0,16.6,0.1,15.4,19.0,1,0.0,17,2019
2019,17,Japanese Grand Prix,suzuka,2019-10-13,max_verstappen,VER,red_bull,18,5,Brakes,5.0,249.0,4.0,2.0,419.0,3.0,4.0,7.4,5.3,0.1,4.0,4.0,4,0.75,17,2019
2019,17,Japanese Grand Prix,suzuka,2019-10-13,ricciardo,RIC,renault,19,16,Disqualified,16.0,170.0,6.0,2.0,122.0,4.0,0.0,13.0,12.0,0.2,8.6,9.625,8,0.125,17,2019
2019,17,Japanese Grand Prix,suzuka,2019-10-13,hulkenberg,HUL,renault,20,15,Disqualified,15.0,69.0,7.0,0.0,122.0,4.0,0.0,8.8,9.8,0.1,8.6,11.375,8,0.0,17,2019
2019,18,Mexican Grand Prix,rodriguez,2019-10-27,hamilton,HAM,mercedes,1,3,Finished,3.0,408.0,1.0,11.0,655.0,1.0,11.0,2.6,3.0,0.0,2.0,4.0,4,0.5,18,2019
2019,18,Mexican Grand Prix,rodriguez,2019-10-27,vettel,VET,ferrari,2,2,Finished,2.0,320.0,2.0,5.0,571.0,2.0,6.0,7.6,6.8,0.1,1.6,7.25,4,0.25,18,2019
2019,18,Mexican Grand Prix,rodriguez,2019-10-27,bottas,BOT,mercedes,3,6,Finished,6.0,247.0,5.0,0.0,655.0,1.0,11.0,2.6,4.3,0.1,2.0,4.5,4,0.5,18,2019
2019,18,Mexican Grand Prix,rodriguez,2019-10-27,leclerc,LEC,ferrari,4,1,Finished,1.0,39.0,13.0,0.0,571.0,2.0,6.0,2.6,4.2,0.1,1.6,7.0,1,0.0,18,2019
2019,18,Mexican Grand Prix,rodriguez,2019-10-27,albon,ALB,red_bull,5,5,Finished,5.0,0.0,20.0,0.0,419.0,3.0,4.0,5.2,8.4,0.0,4.4,11.0,0,0.0,18,2019
2019,18,Mexican Grand Prix,rodriguez,2019-10-27,max_verstappen,VER,red_bull,6,4,Finished,4.0,249.0,4.0,2.0,419.0,3.0,4.0,10.6,6.6,0.2,4.4,3.75,4,0.5,18,2019
2019,18,Mexican Grand Prix,rodriguez,2019-10-27,perez,PER,racing_point,7,11,Finished,11.0,62.0,8.0,0.0,0.0,10.0,0.0,9.4,11.8,0.2,8.2,10.75,4,0.0,18,2019
2019,18,Mexican Grand Prix,rodriguez,2019-10-27,ricciardo,RIC,renault,8,13,Finished,13.0,170.0,6.0,2.0,122.0,4.0,0.0,14.0,13.3,0.3,10.0,11.25,4,0.25,18,2019
2019,18,Mexican Grand Prix,rodriguez,2019-10-27,gasly,GAS,toro_rosso,9,10,+1 Lap,10.0,29.0,15.0,0.0,33.0,9.0,0.0,9.8,9.0,0.1,9.0,11.5,2,0.0,18,2019
2019,18,Mexican Grand Prix,rodriguez,2019-10-27,hulkenberg,HUL,renault,10,12,+1 Lap,12.0,69.0,7.0,0.0,122.0,4.0,0.0,10.4,11.1,0.2,10.0,9.75,4,0.0,18,2019
2019,18,Mexican Grand Prix,rodriguez,2019-10-27,kvyat,KVY,toro_rosso,11,9,+1 Lap,9.0,0.0,20.0,0.0,33.0,9.0,0.0,12.6,12.1,0.1,9.0,11.0,2,0.0,18,2019
2019,18,Mexican Grand Prix,rodriguez,2019-10-27,stroll,STR,racing_point,12,16,+1 Lap,16.0,6.0,18.0,0.0,0.0,10.0,0.0,11.0,11.6,0.0,8.2,9.0,2,0.0,18,2019
2019,18,Mexican Grand Prix,rodriguez,2019-10-27,sainz,SAI,mclaren,13,7,+1 Lap,7.0,53.0,10.0,0.0,62.0,7.0,0.0,12.4,9.2,0.2,7.8,16.0,4,0.0,18,2019
2019,18,Mexican Grand Prix,rodriguez,2019-10-27,giovinazzi,GIO,alfa,14,15,+1 Lap,15.0,0.0,20.0,0.0,0.0,10.0,0.0,13.2,14.1,0.2,12.0,11.0,0,0.0,18,2019
2019,18,Mexican Grand Prix,rodriguez,2019-10-27,kevin_magnussen,MAG,haas,15,17,+2 Laps,17.0,56.0,9.0,0.0,93.0,6.0,0.0,14.2,14.8,0.2,12.2,13.333333333333334,3,0.0,18,2019
2019,18,Mexican Grand Prix,rodriguez,2019-10-27,russell,RUS,williams,16,19,+2 Laps,19.0,0.0,20.0,0.0,7.0,10.0,0.0,16.4,16.0,0.2,15.4,11.0,0,0.0,18,2019
2019,18,Mexican Grand Prix,rodriguez,2019-10-27,grosjean,GRO,haas,17,18,+2 Laps,18.0,37.0,14.0,0.0,93.0,6.0,0.0,14.6,15.5,0.4,12.2,15.25,4,0.0,18,2019
2019,18,Mexican Grand Prix,rodriguez,2019-10-27,kubica,KUB,williams,18,20,+2 Laps,20.0,0.0,20.0,0.0,7.0,10.0,0.0,16.6,16.5,0.1,15.4,11.0,0,0.0,18,2019
2019,18,Mexican Grand Prix,rodriguez,2019-10-27,raikkonen,RAI,alfa,19,14,Overheating,14.0,251.0,3.0,1.0,0.0,10.0,0.0,14.8,11.7,0.1,12.0,7.75,4,0.5,18,2019
2019,18,Mexican Grand Prix,rodriguez,2019-10-27,norris,NOR,mclaren,20,8,Withdrew,8.0,0.0,20.0,0.0,62.0,7.0,0.0,9.4,10.0,0.2,7.8,11.0,0,0.0,18,2019
2019,19,United States Grand Prix,americas,2019-11-03,bottas,BOT,mercedes,1,1,Finished,1.0,247.0,5.0,0.0,655.0,1.0,11.0,2.6,4.4,0.1,1.8,9.666666666666666,6,0.0,19,2019
2019,19,United States Grand Prix,americas,2019-11-03,hamilton,HAM,mercedes,2,5,Finished,5.0,408.0,1.0,11.0,655.0,1.0,11.0,2.4,3.0,0.0,1.8,1.7142857142857142,7,0.8571428571428571,19,2019
2019,19,United States Grand Prix,americas,2019-11-03,max_verstappen,VER,red_bull,3,3,Finished,3.0,249.0,4.0,2.0,419.0,3.0,4.0,7.8,6.8,0.2,4.4,7.5,4,0.25,19,2019
2019,19,United States Grand Prix,americas,2019-11-03,leclerc,LEC,ferrari,4,4,Finished,4.0,39.0,13.0,0.0,571.0,2.0,6.0,3.2,4.3,0.1,1.8,15.0,1,0.0,19,2019
2019,19,United States Grand Prix,americas,2019-11-03,albon,ALB,red_bull,5,6,Finished,6.0,0.0,20.0,0.0,419.0,3.0,4.0,5.2,7.4,0.0,4.4,11.0,0,0.0,19,2019
2019,19,United States Grand Prix,americas,2019-11-03,ricciardo,RIC,renault,6,9,Finished,9.0,170.0,6.0,2.0,122.0,4.0,0.0,12.8,13.0,0.3,10.0,10.428571428571429,7,0.2857142857142857,19,2019
2019,19,United States Grand Prix,americas,2019-11-03,norris,NOR,mclaren,7,8,Finished,8.0,0.0,20.0,0.0,62.0,7.0,0.0,11.2,11.1,0.3,8.2,11.0,0,0.0,19,2019
2019,19,United States Grand Prix,americas,2019-11-03,sainz,SAI,mclaren,8,7,+1 Lap,7.0,53.0,10.0,0.0,62.0,7.0,0.0,11.2,9.9,0.2,8.2,6.75,4,0.0,19,2019
2019,19,United States Grand Prix,americas,2019-11-03,hulkenberg,HUL,renault,9,11,+1 Lap,11.0,69.0,7.0,0.0,122.0,4.0,0.0,10.8,11.3,0.2,10.0,13.142857142857142,7,0.0,19,2019
2019,19,United States Grand Prix,americas,2019-11-03,perez,PER,racing_point,10,0,+1 Lap,0.0,62.0,8.0,0.0,0.0,10.0,0.0,9.6,11.3,0.2,8.4,9.142857142857142,7,0.0,19,2019
2019,19,United States Grand Prix,americas,2019-11-03,raikkonen,RAI,alfa,11,17,+1 Lap,17.0,251.0,3.0,1.0,0.0,10.0,0.0,15.4,12.9,0.2,11.6,9.666666666666666,6,0.3333333333333333,19,2019
2019,19,United States Grand Prix,americas,2019-11-03,kvyat,KVY,toro_rosso,12,13,+1 Lap,13.0,0.0,20.0,0.0,33.0,9.0,0.0,13.4,11.8,0.1,9.4,12.25,4,0.0,19,2019
2019,19,United States Grand Prix,americas,2019-11-03,stroll,STR,racing_point,13,14,+1 Lap,14.0,6.0,18.0,0.0,0.0,10.0,0.0,11.4,11.5,0.0,8.4,12.5,2,0.0,19,2019
2019,19,United States Grand Prix,americas,2019-11-03,giovinazzi,GIO,alfa,14,16,+1 Lap,16.0,0.0,20.0,0.0,0.0,10.0,0.0,12.4,13.9,0.2,11.6,11.0,0,0.0,19,2019
2019,19,United States Grand Prix,americas,2019-11-03,grosjean,GRO,haas,15,15,+1 Lap,15.0,37.0,14.0,0.0,93.0,6.0,0.0,15.4,15.2,0.3,12.8,11.285714285714286,7,0.14285714285714285,19,2019
2019,19,United States Grand Prix,americas,2019-11-03,gasly,GAS,toro_rosso,16,10,Suspension,10.0,29.0,15.0,0.0,33.0,9.0,0.0,9.8,8.9,0.1,9.4,12.0,1,0.0,19,2019
2019,19,United States Grand Prix,americas,2019-11-03,russell,RUS,williams,17,18,+2 Laps,18.0,0.0,20.0,0.0,7.0,10.0,0.0,16.6,15.7,0.2,15.6,11.0,0,0.0,19,2019
2019,19,United States Grand Prix,americas,2019-11-03,kevin_magnussen,MAG,haas,18,12,Brakes,12.0,56.0,9.0,0.0,93.0,6.0,0.0,14.8,14.6,0.2,12.8,14.0,4,0.0,19,2019
2019,19,United States Grand Prix,americas,2019-11-03,kubica,KUB,williams,19,19,Oil leak,19.0,0.0,20.0,0.0,7.0,10.0,0.0,16.8,16.5,0.1,15.6,11.0,0,0.0,19,2019
2019,19,United States Grand Prix,americas,2019-11-03,vettel,VET,ferrari,20,2,Suspension,2.0,320.0,2.0,5.0,571.0,2.0,6.0,7.2,6.5,0.1,1.8,3.2857142857142856,7,0.5714285714285714,19,2019
2019,20,Brazilian Grand Prix,interlagos,2019-11-17,max_verstappen,VER,red_bull,1,1,Finished,1.0,249.0,4.0,2.0,419.0,3.0,4.0,6.8,7.0,0.2,3.8,4.75,4,0.5,20,2019
2019,20,Brazilian Grand Prix,interlagos,2019-11-17,gasly,GAS,toro_rosso,2,6,Finished,6.0,29.0,15.0,0.0,33.0,9.0,0.0,10.8,9.8,0.2,9.6,12.5,2,0.0,20,2019
2019,20,Brazilian Grand Prix,interlagos,2019-11-17,sainz,SAI,mclaren,3,20,Finished,20.0,53.0,10.0,0.0,62.0,7.0,0.0,8.8,9.9,0.2,7.6,12.0,4,0.0,20,2019
2019,20,Brazilian Grand Prix,interlagos,2019-11-17,raikkonen,RAI,alfa,4,8,Finished,8.0,251.0,3.0,1.0,0.0,10.0,0.0,14.6,13.1,0.2,12.0,7.833333333333333,6,0.3333333333333333,20,2019
2019,20,Brazilian Grand Prix,interlagos,2019-11-17,giovinazzi,GIO,alfa,5,12,Finished,12.0,0.0,20.0,0.0,0.0,10.0,0.0,13.4,14.3,0.2,12.0,11.0,0,0.0,20,2019
2019,20,Brazilian Grand Prix,interlagos,2019-11-17,ricciardo,RIC,renault,6,11,Finished,11.0,170.0,6.0,2.0,122.0,4.0,0.0,13.2,12.4,0.3,10.4,11.25,8,0.0,20,2019
2019,20,Brazilian Grand Prix,interlagos,2019-11-17,hamilton,HAM,mercedes,7,3,Finished,3.0,408.0,1.0,11.0,655.0,1.0,11.0,2.2,2.7,0.0,1.6,7.222222222222222,9,0.4444444444444444,20,2019
2019,20,Brazilian Grand Prix,interlagos,2019-11-17,norris,NOR,mclaren,8,10,Finished,10.0,0.0,20.0,0.0,62.0,7.0,0.0,10.6,11.2,0.3,7.6,11.0,0,0.0,20,2019
2019,20,Brazilian Grand Prix,interlagos,2019-11-17,perez,PER,racing_point,9,15,Finished,15.0,62.0,8.0,0.0,0.0,10.0,0.0,10.2,11.2,0.2,9.0,11.625,8,0.0,20,2019
2019,20,Brazilian Grand Prix,interlagos,2019-11-17,kvyat,KVY,toro_rosso,10,16,Finished,16.0,0.0,20.0,0.0,33.0,9.0,0.0,12.0,11.3,0.1,9.6,10.333333333333334,3,0.0,20,2019
2019,20,Brazilian Grand Prix,interlagos,2019-11-17,kevin_magnussen,MAG,haas,11,9,Finished,9.0,56.0,9.0,0.0,93.0,6.0,0.0,14.8,14.5,0.3,12.6,13.0,4,0.0,20,2019
2019,20,Brazilian Grand Prix,interlagos,2019-11-17,russell,RUS,williams,12,18,Finished,18.0,0.0,20.0,0.0,7.0,10.0,0.0,17.2,15.6,0.2,16.2,11.0,0,0.0,20,2019
2019,20,Brazilian Grand Prix,interlagos,2019-11-17,grosjean,GRO,haas,13,7,Finished,7.0,37.0,14.0,0.0,93.0,6.0,0.0,15.2,15.1,0.3,12.6,16.142857142857142,7,0.0,20,2019
2019,20,Brazilian Grand Prix,interlagos,2019-11-17,albon,ALB,red_bull,14,5,Finished,5.0,0.0,20.0,0.0,419.0,3.0,4.0,5.0,6.4,0.0,3.8,11.0,0,0.0,20,2019
2019,20,Brazilian Grand Prix,interlagos,2019-11-17,hulkenberg,HUL,renault,15,13,Finished,13.0,69.0,7.0,0.0,122.0,4.0,0.0,11.6,10.9,0.2,10.4,8.875,8,0.0,20,2019
2019,20,Brazilian Grand Prix,interlagos,2019-11-17,kubica,KUB,williams,16,19,+1 Lap,19.0,0.0,20.0,0.0,7.0,10.0,0.0,17.2,16.4,0.2,16.2,9.0,1,0.0,20,2019
2019,20,Brazilian Grand Prix,interlagos,2019-11-17,vettel,VET,ferrari,17,2,Collision,2.0,320.0,2.0,5.0,571.0,2.0,6.0,8.6,8.1,0.2,2.4,3.3333333333333335,9,0.5555555555555556,20,2019
2019,20,Brazilian Grand Prix,interlagos,2019-11-17,leclerc,LEC,ferrari,18,14,Collision,14.0,39.0,13.0,0.0,571.0,2.0,6.0,3.8,4.5,0.1,2.4,7.0,1,0.0,20,2019
2019,20,Brazilian Grand Prix,interlagos,2019-11-17,stroll,STR,racing_point,19,17,Suspension,17.0,6.0,18.0,0.0,0.0,10.0,0.0,11.6,11.4,0.0,9.0,17.0,2,0.0,20,2019
2019,20,Brazilian Grand Prix,interlagos,2019-11-17,bottas,BOT,mercedes,20,4,Power Unit,4.0,247.0,5.0,0.0,655.0,1.0,11.0,2.4,4.2,0.1,1.6,9.0,6,0.16666666666666666,20,2019
2019,21,Abu Dhabi Grand Prix,yas_marina,2019-12-01,hamilton,HAM,mercedes,1,1,Finished,1.0,408.0,1.0,11.0,655.0,1.0,11.0,2.8,3.3,0.0,2.2,4.222222222222222,9,0.7777777777777778,21,2019
2019,21,Abu Dhabi Grand Prix,yas_marina,2019-12-01,max_verstappen,VER,red_bull,2,2,Finished,2.0,249.0,4.0,2.0,419.0,3.0,4.0,6.4,6.6,0.2,3.4,7.0,4,0.25,21,2019
2019,21,Abu Dhabi Grand Prix,yas_marina,2019-12-01,leclerc,LEC,ferrari,3,3,Finished,3.0,39.0,13.0,0.0,571.0,2.0,6.0,7.0,6.0,0.2,5.6,7.0,1,0.0,21,2019
2019,21,Abu Dhabi Grand Prix,yas_marina,2019-12-01,bottas,BOT,mercedes,4,20,Finished,20.0,247.0,5.0,0.0,655.0,1.0,11.0,5.4,6.0,0.2,2.2,9.666666666666666,6,0.3333333333333333,21,2019
2019,21,Abu Dhabi Grand Prix,yas_marina,2019-12-01,vettel,VET,ferrari,5,4,Finished,4.0,320.0,2.0,5.0,571.0,2.0,6.0,11.8,8.2,0.3,5.6,5.444444444444445,9,0.6666666666666666,21,2019
2019,21,Abu Dhabi Grand Prix,yas_marina,2019-12-01,albon,ALB,red_bull,6,5,Finished,5.0,0.0,20.0,0.0,419.0,3.0,4.0,6.6,6.6,0.0,3.4,11.0,0,0.0,21,2019
2019,21,Abu Dhabi Grand Prix,yas_marina,2019-12-01,perez,PER,racing_point,7,10,+1 Lap,10.0,62.0,8.0,0.0,0.0,10.0,0.0,8.2,10.4,0.2,8.2,8.75,8,0.0,21,2019
2019,21,Abu Dhabi Grand Prix,yas_marina,2019-12-01,norris,NOR,mclaren,8,6,+1 Lap,6.0,0.0,20.0,0.0,62.0,7.0,0.0,10.8,10.9,0.3,6.8,11.0,0,0.0,21,2019
2019,21,Abu Dhabi Grand Prix,yas_marina,2019-12-01,kvyat,KVY,toro_rosso,9,13,+1 Lap,13.0,0.0,20.0,0.0,33.0,9.0,0.0,11.0,11.4,0.1,8.4,16.333333333333332,3,0.0,21,2019
2019,21,Abu Dhabi Grand Prix,yas_marina,2019-12-01,sainz,SAI,mclaren,10,8,+1 Lap,8.0,53.0,10.0,0.0,62.0,7.0,0.0,7.0,9.6,0.2,6.8,13.5,4,0.0,21,2019
2019,21,Abu Dhabi Grand Prix,yas_marina,2019-12-01,ricciardo,RIC,renault,11,7,+1 Lap,7.0,170.0,6.0,2.0,122.0,4.0,0.0,11.6,12.3,0.3,9.8,10.75,8,0.0,21,2019
2019,21,Abu Dhabi Grand Prix,yas_marina,2019-12-01,hulkenberg,HUL,renault,12,9,+1 Lap,9.0,69.0,7.0,0.0,122.0,4.0,0.0,12.8,11.4,0.2,9.8,12.5,8,0.0,21,2019
2019,21,Abu Dhabi Grand Prix,yas_marina,2019-12-01,raikkonen,RAI,alfa,13,17,+1 Lap,17.0,251.0,3.0,1.0,0.0,10.0,0.0,11.8,12.7,0.2,10.8,9.285714285714286,7,0.2857142857142857,21,2019
2019,21,Abu Dhabi Grand Prix,yas_marina,2019-12-01,kevin_magnussen,MAG,haas,14,14,+1 Lap,14.0,56.0,9.0,0.0,93.0,6.0,0.0,13.6,13.6,0.2,12.6,14.0,4,0.0,21,2019
2019,21,Abu Dhabi Grand Prix,yas_marina,2019-12-01,grosjean,GRO,haas,15,15,+1 Lap,15.0,37.0,14.0,0.0,93.0,6.0,0.0,15.6,14.5,0.2,12.6,10.857142857142858,7,0.0,21,2019
2019,21,Abu Dhabi Grand Prix,yas_marina,2019-12-01,giovinazzi,GIO,alfa,16,16,+1 Lap,16.0,0.0,20.0,0.0,0.0,10.0,0.0,12.4,13.0,0.1,10.8,11.0,0,0.0,21,2019
2019,21,Abu Dhabi Grand Prix,yas_marina,2019-12-01,russell,RUS,williams,17,18,+1 Lap,18.0,0.0,20.0,0.0,7.0,10.0,0.0,15.6,15.4,0.2,15.4,11.0,0,0.0,21,2019
2019,21,Abu Dhabi Grand Prix,yas_marina,2019-12-01,gasly,GAS,toro_rosso,18,11,+2 Laps,11.0,29.0,15.0,0.0,33.0,9.0,0.0,9.6,9.6,0.2,8.4,16.0,2,0.0,21,2019
2019,21,Abu Dhabi Grand Prix,yas_marina,2019-12-01,kubica,KUB,williams,19,19,+2 Laps,19.0,0.0,20.0,0.0,7.0,10.0,0.0,17.2,16.5,0.2,15.4,5.0,1,0.0,21,2019
2019,21,Abu Dhabi Grand Prix,yas_marina,2019-12-01,stroll,STR,racing_point,20,12,Brakes,12.0,6.0,18.0,0.0,0.0,10.0,0.0,12.8,12.0,0.1,8.2,15.5,2,0.0,21,2019
2020,1,Austrian Grand Prix,red_bull_ring,2020-07-05,bottas,BOT,mercedes,1,1,Finished,1.0,326.0,2.0,4.0,739.0,1.0,15.0,5.8,4.9,0.1,2.2,6.666666666666667,6,0.5,1,2020
2020,1,Austrian Grand Prix,red_bull_ring,2020-07-05,leclerc,LEC,ferrari,2,7,Finished,7.0,264.0,4.0,2.0,504.0,2.0,3.0,7.0,4.6,0.1,5.6,5.5,2,0.5,1,2020
2020,1,Austrian Grand Prix,red_bull_ring,2020-07-05,norris,NOR,mclaren,3,3,Finished,4.0,49.0,11.0,0.0,145.0,4.0,0.0,10.8,9.9,0.2,7.2,6.0,1,0.0,1,2020
2020,1,Austrian Grand Prix,red_bull_ring,2020-07-05,hamilton,HAM,mercedes,4,5,Finished,2.0,413.0,1.0,11.0,739.0,1.0,15.0,2.8,2.5,0.0,2.2,5.0,6,0.5,1,2020
2020,1,Austrian Grand Prix,red_bull_ring,2020-07-05,sainz,SAI,mclaren,5,8,Finished,8.0,96.0,6.0,0.0,145.0,4.0,0.0,7.8,10.1,0.2,7.2,12.2,5,0.0,1,2020
2020,1,Austrian Grand Prix,red_bull_ring,2020-07-05,perez,PER,racing_point,6,6,Finished,6.0,52.0,10.0,0.0,73.0,7.0,0.0,8.2,9.1,0.1,8.2,9.5,6,0.0,1,2020
2020,1,Austrian Grand Prix,red_bull_ring,2020-07-05,gasly,GAS,alphatauri,7,12,Finished,12.0,95.0,7.0,0.0,0.0,10.0,0.0,10.4,10.0,0.1,6.0,9.0,2,0.0,1,2020
2020,1,Austrian Grand Prix,red_bull_ring,2020-07-05,ocon,OCO,renault,8,14,Finished,14.0,0.0,20.0,0.0,91.0,5.0,0.0,14.2,12.5,0.3,10.0,7.0,2,0.0,1,2020
2020,1,Austrian Grand Prix,red_bull_ring,2020-07-05,giovinazzi,GIO,alfa,9,18,Finished,18.0,14.0,17.0,0.0,57.0,8.0,0.0,12.6,13.3,0.1,10.8,10.0,1,0.0,1,2020
2020,1,Austrian Grand Prix,red_bull_ring,2020-07-05,vettel,VET,ferrari,10,11,Finished,11.0,240.0,5.0,1.0,504.0,2.0,3.0,9.2,8.5,0.3,5.6,9.166666666666666,6,0.3333333333333333,1,2020
2020,1,Austrian Grand Prix,red_bull_ring,2020-07-05,latifi,LAT,williams,11,20,Finished,20.0,0.0,20.0,0.0,1.0,10.0,0.0,11.0,11.0,0.1,15.6,11.0,0,0.0,1,2020
2020,1,Austrian Grand Prix,red_bull_ring,2020-07-05,kvyat,KVY,alphatauri,12,13,Suspension,13.0,37.0,13.0,0.0,0.0,10.0,0.0,10.4,12.0,0.1,6.0,17.8,5,0.0,1,2020
2020,1,Austrian Grand Prix,red_bull_ring,2020-07-05,albon,ALB,red_bull,13,4,Electronics,5.0,92.0,8.0,0.0,417.0,3.0,3.0,6.8,6.6,0.0,3.0,15.0,1,0.0,1,2020
2020,1,Austrian Grand Prix,red_bull_ring,2020-07-05,raikkonen,RAI,alfa,14,19,Wheel,19.0,43.0,12.0,0.0,57.0,8.0,0.0,11.8,12.8,0.2,10.8,8.0,6,0.3333333333333333,1,2020
2020,1,Austrian Grand Prix,red_bull_ring,2020-07-05,russell,RUS,williams,15,17,Fuel pressure,17.0,0.0,20.0,0.0,1.0,10.0,0.0,15.6,16.0,0.2,15.6,18.0,1,0.0,1,2020
2020,1,Austrian Grand Prix,red_bull_ring,2020-07-05,grosjean,GRO,haas,16,15,Brakes,15.0,8.0,18.0,0.0,28.0,9.0,0.0,14.6,15.3,0.2,13.6,10.333333333333334,6,0.0,1,2020
2020,1,Austrian Grand Prix,red_bull_ring,2020-07-05,kevin_magnussen,MAG,haas,17,16,Brakes,16.0,20.0,16.0,0.0,28.0,9.0,0.0,14.6,14.2,0.2,13.6,12.6,5,0.0,1,2020
2020,1,Austrian Grand Prix,red_bull_ring,2020-07-05,stroll,STR,racing_point,18,9,Engine,9.0,21.0,15.0,0.0,73.0,7.0,0.0,14.6,13.6,0.2,8.2,12.666666666666666,3,0.0,1,2020
2020,1,Austrian Grand Prix,red_bull_ring,2020-07-05,ricciardo,RIC,renault,19,10,Overheating,10.0,54.0,9.0,0.0,91.0,5.0,0.0,10.0,11.5,0.2,10.0,9.333333333333334,6,0.16666666666666666,1,2020
2020,1,Austrian Grand Prix,red_bull_ring,2020-07-05,max_verstappen,VER,red_bull,20,2,Electronics,3.0,278.0,3.0,3.0,417.0,3.0,3.0,6.0,6.7,0.2,3.0,6.4,5,0.6,1,2020
2020,2,Styrian Grand Prix,red_bull_ring,2020-07-12,hamilton,HAM,mercedes,1,1,Finished,1.0,413.0,1.0,11.0,739.0,1.0,15.0,3.0,2.8,0.0,2.2,5.0,6,0.5,2,2020
2020,2,Styrian Grand Prix,red_bull_ring,2020-07-12,bottas,BOT,mercedes,2,4,Finished,4.0,326.0,2.0,4.0,739.0,1.0,15.0,5.8,4.2,0.1,2.2,6.666666666666667,6,0.5,2,2020
2020,2,Styrian Grand Prix,red_bull_ring,2020-07-12,max_verstappen,VER,red_bull,3,2,Finished,2.0,278.0,3.0,3.0,417.0,3.0,3.0,6.4,8.5,0.3,4.8,6.4,5,0.6,2,2020
2020,2,Styrian Grand Prix,red_bull_ring,2020-07-12,albon,ALB,red_bull,4,6,Finished,7.0,92.0,8.0,0.0,417.0,3.0,3.0,8.6,6.9,0.1,4.8,15.0,1,0.0,2,2020
2020,2,Styrian Grand Prix,red_bull_ring,2020-07-12,norris,NOR,mclaren,5,9,Finished,6.0,49.0,11.0,0.0,145.0,4.0,0.0,9.2,9.3,0.2,6.8,6.0,1,0.0,2,2020
2020,2,Styrian Grand Prix,red_bull_ring,2020-07-12,perez,PER,racing_point,6,17,Finished,17.0,52.0,10.0,0.0,73.0,7.0,0.0,7.8,8.6,0.1,7.8,9.5,6,0.0,2,2020
2020,2,Styrian Grand Prix,red_bull_ring,2020-07-12,stroll,STR,racing_point,7,12,Finished,13.0,21.0,15.0,0.0,73.0,7.0,0.0,16.4,13.7,0.3,7.8,12.666666666666666,3,0.0,2,2020
2020,2,Styrian Grand Prix,red_bull_ring,2020-07-12,ricciardo,RIC,renault,8,8,Finished,9.0,54.0,9.0,0.0,91.0,5.0,0.0,10.0,12.0,0.3,7.8,9.333333333333334,6,0.16666666666666666,2,2020
2020,2,Styrian Grand Prix,red_bull_ring,2020-07-12,sainz,SAI,mclaren,9,3,+1 Lap,3.0,96.0,6.0,0.0,145.0,4.0,0.0,7.8,10.1,0.2,6.8,12.2,5,0.0,2,2020
2020,2,Styrian Grand Prix,red_bull_ring,2020-07-12,kvyat,KVY,alphatauri,10,13,+1 Lap,14.0,37.0,13.0,0.0,0.0,10.0,0.0,10.8,11.7,0.2,7.0,17.8,5,0.0,2,2020
2020,2,Styrian Grand Prix,red_bull_ring,2020-07-12,raikkonen,RAI,alfa,11,16,+1 Lap,16.0,43.0,12.0,0.0,57.0,8.0,0.0,12.2,13.5,0.3,10.2,8.0,6,0.3333333333333333,2,2020
2020,2,Styrian Grand Prix,red_bull_ring,2020-07-12,kevin_magnussen,MAG,haas,12,15,+1 Lap,15.0,20.0,16.0,0.0,28.0,9.0,0.0,15.0,14.6,0.3,14.2,12.6,5,0.0,2,2020
2020,2,Styrian Grand Prix,red_bull_ring,2020-07-12,grosjean,GRO,haas,13,0,+1 Lap,20.0,8.0,18.0,0.0,28.0,9.0,0.0,15.2,14.9,0.2,14.2,10.333333333333334,6,0.0,2,2020
2020,2,Styrian Grand Prix,red_bull_ring,2020-07-12,giovinazzi,GIO,alfa,14,19,+1 Lap,19.0,14.0,17.0,0.0,57.0,8.0,0.0,11.6,12.4,0.1,10.2,10.0,1,0.0,2,2020
2020,2,Styrian Grand Prix,red_bull_ring,2020-07-12,gasly,GAS,alphatauri,15,7,+1 Lap,8.0,95.0,7.0,0.0,0.0,10.0,0.0,10.4,10.1,0.1,7.0,9.0,2,0.0,2,2020
2020,2,Styrian Grand Prix,red_bull_ring,2020-07-12,russell,RUS,williams,16,11,+2 Laps,12.0,0.0,20.0,0.0,1.0,10.0,0.0,15.4,15.9,0.3,14.6,18.0,1,0.0,2,2020
2020,2,Styrian Grand Prix,red_bull_ring,2020-07-12,latifi,LAT,williams,17,18,+2 Laps,18.0,0.0,20.0,0.0,1.0,10.0,0.0,11.0,11.0,0.0,14.6,11.0,0,0.0,2,2020
2020,2,Styrian Grand Prix,red_bull_ring,2020-07-12,ocon,OCO,renault,18,5,Overheating,5.0,0.0,20.0,0.0,91.0,5.0,0.0,14.0,12.0,0.3,7.8,7.0,2,0.0,2,2020
2020,2,Styrian Grand Prix,red_bull_ring,2020-07-12,leclerc,LEC,ferrari,19,14,Collision damage,11.0,264.0,4.0,2.0,504.0,2.0,3.0,6.2,4.4,0.1,5.6,5.5,2,0.5,2,2020
2020,2,Styrian Grand Prix,red_bull_ring,2020-07-12,vettel,VET,ferrari,20,10,Collision damage,10.0,240.0,5.0,1.0,504.0,2.0,3.0,10.8,9.2,0.3,5.6,9.166666666666666,6,0.3333333333333333,2,2020
2020,3,Hungarian Grand Prix,hungaroring,2020-07-19,hamilton,HAM,mercedes,1,1,Finished,1.0,413.0,1.0,11.0,739.0,1.0,15.0,3.0,2.7,0.0,2.2,4.2,10,0.6,3,2020
2020,3,Hungarian Grand Prix,hungaroring,2020-07-19,max_verstappen,VER,red_bull,2,7,Finished,7.0,278.0,3.0,3.0,417.0,3.0,3.0,5.8,6.8,0.2,4.4,7.0,5,0.2,3,2020
2020,3,Hungarian Grand Prix,hungaroring,2020-07-19,bottas,BOT,mercedes,3,2,Finished,2.0,326.0,2.0,4.0,739.0,1.0,15.0,5.6,4.1,0.1,2.2,9.428571428571429,7,0.14285714285714285,3,2020
2020,3,Hungarian Grand Prix,hungaroring,2020-07-19,stroll,STR,racing_point,4,3,Finished,3.0,21.0,15.0,0.0,73.0,7.0,0.0,15.4,13.4,0.3,7.6,16.0,3,0.0,3,2020
2020,3,Hungarian Grand Prix,hungaroring,2020-07-19,albon,ALB,red_bull,5,13,Finished,13.0,92.0,8.0,0.0,417.0,3.0,3.0,8.4,6.8,0.1,4.4,10.0,1,0.0,3,2020
2020,3,Hungarian Grand Prix,hungaroring,2020-07-19,vettel,VET,ferrari,6,5,+1 Lap,5.0,240.0,5.0,1.0,504.0,2.0,3.0,14.4,10.8,0.4,9.0,3.0,10,0.7,3,2020
2020,3,Hungarian Grand Prix,hungaroring,2020-07-19,perez,PER,racing_point,7,4,+1 Lap,4.0,52.0,10.0,0.0,73.0,7.0,0.0,7.6,8.6,0.1,7.6,13.333333333333334,9,0.0,3,2020
2020,3,Hungarian Grand Prix,hungaroring,2020-07-19,ricciardo,RIC,renault,8,11,+1 Lap,11.0,54.0,9.0,0.0,91.0,5.0,0.0,10.0,11.4,0.3,7.8,10.11111111111111,9,0.3333333333333333,3,2020
2020,3,Hungarian Grand Prix,hungaroring,2020-07-19,sainz,SAI,mclaren,9,9,+1 Lap,9.0,96.0,6.0,0.0,145.0,4.0,0.0,7.0,9.1,0.1,5.2,9.2,5,0.0,3,2020
2020,3,Hungarian Grand Prix,hungaroring,2020-07-19,kevin_magnussen,MAG,haas,10,0,+1 Lap,16.0,20.0,16.0,0.0,28.0,9.0,0.0,14.4,14.6,0.3,13.6,12.0,5,0.0,3,2020
2020,3,Hungarian Grand Prix,hungaroring,2020-07-19,leclerc,LEC,ferrari,11,6,+1 Lap,6.0,264.0,4.0,2.0,504.0,2.0,3.0,9.2,6.2,0.2,9.0,12.0,2,0.0,3,2020
2020,3,Hungarian Grand Prix,hungaroring,2020-07-19,kvyat,KVY,alphatauri,12,17,+1 Lap,17.0,37.0,13.0,0.0,0.0,10.0,0.0,10.6,12.0,0.2,8.5,11.6,5,0.2,3,2020
2020,3,Hungarian Grand Prix,hungaroring,2020-07-19,norris,NOR,mclaren,13,8,+1 Lap,8.0,49.0,11.0,0.0,145.0,4.0,0.0,6.2,8.7,0.1,5.2,9.0,1,0.0,3,2020
2020,3,Hungarian Grand Prix,hungaroring,2020-07-19,ocon,OCO,renault,14,14,+1 Lap,14.0,0.0,20.0,0.0,91.0,5.0,0.0,13.8,13.2,0.4,7.8,11.0,2,0.0,3,2020
2020,3,Hungarian Grand Prix,hungaroring,2020-07-19,raikkonen,RAI,alfa,15,20,+1 Lap,20.0,43.0,12.0,0.0,57.0,8.0,0.0,10.6,13.0,0.3,9.6,5.75,8,0.5,3,2020
2020,3,Hungarian Grand Prix,hungaroring,2020-07-19,grosjean,GRO,haas,16,0,+1 Lap,18.0,8.0,18.0,0.0,28.0,9.0,0.0,14.4,14.9,0.2,13.6,12.5,8,0.125,3,2020
2020,3,Hungarian Grand Prix,hungaroring,2020-07-19,giovinazzi,GIO,alfa,17,19,+1 Lap,19.0,14.0,17.0,0.0,57.0,8.0,0.0,11.6,12.0,0.0,9.6,18.0,1,0.0,3,2020
2020,3,Hungarian Grand Prix,hungaroring,2020-07-19,russell,RUS,williams,18,12,+1 Lap,12.0,0.0,20.0,0.0,1.0,10.0,0.0,15.4,16.0,0.3,14.6,16.0,1,0.0,3,2020
2020,3,Hungarian Grand Prix,hungaroring,2020-07-19,latifi,LAT,williams,19,15,+5 Laps,15.0,0.0,20.0,0.0,1.0,10.0,0.0,14.0,14.0,0.0,14.6,11.0,0,0.0,3,2020
2020,3,Hungarian Grand Prix,hungaroring,2020-07-19,gasly,GAS,alphatauri,20,10,Engine,10.0,95.0,7.0,0.0,0.0,10.0,0.0,11.6,10.7,0.1,8.5,6.0,2,0.0,3,2020
2020,4,British Grand Prix,silverstone,2020-08-02,hamilton,HAM,mercedes,1,1,Finished,1.0,413.0,1.0,11.0,739.0,1.0,15.0,2.8,2.5,0.0,2.2,2.5,10,0.7,4,2020
2020,4,British Grand Prix,silverstone,2020-08-02,max_verstappen,VER,red_bull,2,3,Finished,3.0,278.0,3.0,3.0,417.0,3.0,3.0,5.6,6.2,0.2,4.2,8.4,5,0.2,4,2020
2020,4,British Grand Prix,silverstone,2020-08-02,leclerc,LEC,ferrari,3,4,Finished,4.0,264.0,4.0,2.0,504.0,2.0,3.0,10.6,7.2,0.2,9.4,11.0,2,0.5,4,2020
2020,4,British Grand Prix,silverstone,2020-08-02,ricciardo,RIC,renault,4,8,Finished,8.0,54.0,9.0,0.0,91.0,5.0,0.0,10.4,11.8,0.3,8.2,8.777777777777779,9,0.1111111111111111,4,2020
2020,4,British Grand Prix,silverstone,2020-08-02,norris,NOR,mclaren,5,5,Finished,5.0,49.0,11.0,0.0,145.0,4.0,0.0,7.4,9.0,0.1,5.6,11.0,1,0.0,4,2020
2020,4,British Grand Prix,silverstone,2020-08-02,ocon,OCO,renault,6,9,Finished,9.0,0.0,20.0,0.0,91.0,5.0,0.0,14.4,14.0,0.4,8.2,7.5,2,0.0,4,2020
2020,4,British Grand Prix,silverstone,2020-08-02,gasly,GAS,alphatauri,7,11,Finished,11.0,95.0,7.0,0.0,0.0,10.0,0.0,12.4,11.6,0.2,9.666666666666666,8.5,2,0.0,4,2020
2020,4,British Grand Prix,silverstone,2020-08-02,albon,ALB,red_bull,8,12,Finished,12.0,92.0,8.0,0.0,417.0,3.0,3.0,8.4,6.7,0.1,4.2,12.0,1,0.0,4,2020
2020,4,British Grand Prix,silverstone,2020-08-02,stroll,STR,racing_point,9,6,Finished,6.0,21.0,15.0,0.0,73.0,7.0,0.0,13.6,12.6,0.3,6.4,13.666666666666666,3,0.0,4,2020
2020,4,British Grand Prix,silverstone,2020-08-02,vettel,VET,ferrari,10,10,Finished,10.0,240.0,5.0,1.0,504.0,2.0,3.0,11.6,10.1,0.4,9.4,7.4,10,0.4,4,2020
2020,4,British Grand Prix,silverstone,2020-08-02,bottas,BOT,mercedes,11,2,Finished,2.0,326.0,2.0,4.0,739.0,1.0,15.0,6.0,4.2,0.1,2.2,5.857142857142857,7,0.42857142857142855,4,2020
2020,4,British Grand Prix,silverstone,2020-08-02,russell,RUS,williams,12,20,Finished,15.0,0.0,20.0,0.0,1.0,10.0,0.0,15.6,16.4,0.3,14.8,14.0,1,0.0,4,2020
2020,4,British Grand Prix,silverstone,2020-08-02,sainz,SAI,mclaren,13,7,Finished,7.0,96.0,6.0,0.0,145.0,4.0,0.0,7.2,8.0,0.0,5.6,12.8,5,0.0,4,2020
2020,4,British Grand Prix,silverstone,2020-08-02,giovinazzi,GIO,alfa,14,15,Finished,17.0,14.0,17.0,0.0,57.0,8.0,0.0,12.2,12.8,0.0,10.4,18.0,1,0.0,4,2020
2020,4,British Grand Prix,silverstone,2020-08-02,latifi,LAT,williams,15,18,Finished,20.0,0.0,20.0,0.0,1.0,10.0,0.0,15.666666666666666,15.666666666666666,0.0,14.8,11.0,0,0.0,4,2020
2020,4,British Grand Prix,silverstone,2020-08-02,grosjean,GRO,haas,16,17,Finished,19.0,8.0,18.0,0.0,28.0,9.0,0.0,14.6,14.9,0.2,12.6,15.25,8,0.0,4,2020
2020,4,British Grand Prix,silverstone,2020-08-02,raikkonen,RAI,alfa,17,16,+1 Lap,18.0,43.0,12.0,0.0,57.0,8.0,0.0,11.4,13.0,0.3,10.4,7.375,8,0.25,4,2020
2020,4,British Grand Prix,silverstone,2020-08-02,kvyat,KVY,alphatauri,18,19,Accident,14.0,37.0,13.0,0.0,0.0,10.0,0.0,10.6,11.3,0.1,9.666666666666666,9.8,5,0.0,4,2020
2020,4,British Grand Prix,silverstone,2020-08-02,kevin_magnussen,MAG,haas,19,14,Collision,16.0,20.0,16.0,0.0,28.0,9.0,0.0,12.8,13.8,0.2,12.6,13.0,5,0.0,4,2020
2020,4,British Grand Prix,silverstone,2020-08-02,hulkenberg,HUL,racing_point,20,13,Power Unit,13.0,37.0,14.0,0.0,73.0,7.0,0.0,13.2,11.0,0.1,6.4,8.444444444444445,9,0.0,4,2020
2020,5,70th Anniversary Grand Prix,silverstone,2020-08-09,max_verstappen,VER,red_bull,1,4,Finished,4.0,278.0,3.0,3.0,417.0,3.0,3.0,5.8,6.1,0.2,4.4,8.4,5,0.2,5,2020
2020,5,70th Anniversary Grand Prix,silverstone,2020-08-09,hamilton,HAM,mercedes,2,2,Finished,2.0,413.0,1.0,11.0,739.0,1.0,15.0,1.6,2.2,0.0,1.0,2.5,10,0.7,5,2020
2020,5,70th Anniversary Grand Prix,silverstone,2020-08-09,bottas,BOT,mercedes,3,1,Finished,1.0,326.0,2.0,4.0,739.0,1.0,15.0,4.2,4.8,0.1,1.0,5.857142857142857,7,0.42857142857142855,5,2020
2020,5,70th Anniversary Grand Prix,silverstone,2020-08-09,leclerc,LEC,ferrari,4,8,Finished,8.0,264.0,4.0,2.0,504.0,2.0,3.0,7.6,7.3,0.2,6.6,11.0,2,0.5,5,2020
2020,5,70th Anniversary Grand Prix,silverstone,2020-08-09,albon,ALB,red_bull,5,9,Finished,9.0,92.0,8.0,0.0,417.0,3.0,3.0,7.2,6.9,0.1,4.4,12.0,1,0.0,5,2020
2020,5,70th Anniversary Grand Prix,silverstone,2020-08-09,stroll,STR,racing_point,6,6,Finished,6.0,21.0,15.0,0.0,73.0,7.0,0.0,11.6,12.2,0.3,6.4,13.666666666666666,3,0.0,5,2020
2020,5,70th Anniversary Grand Prix,silverstone,2020-08-09,hulkenberg,HUL,racing_point,7,3,Finished,3.0,37.0,14.0,0.0,73.0,7.0,0.0,13.2,11.8,0.2,6.4,8.444444444444445,9,0.0,5,2020
2020,5,70th Anniversary Grand Prix,silverstone,2020-08-09,ocon,OCO,renault,8,14,Finished,11.0,0.0,20.0,0.0,91.0,5.0,0.0,12.6,12.6,0.3,7.8,7.5,2,0.0,5,2020
2020,5,70th Anniversary Grand Prix,silverstone,2020-08-09,norris,NOR,mclaren,9,10,Finished,10.0,49.0,11.0,0.0,145.0,4.0,0.0,6.8,8.8,0.1,6.0,11.0,1,0.0,5,2020
2020,5,70th Anniversary Grand Prix,silverstone,2020-08-09,kvyat,KVY,alphatauri,10,16,Finished,16.0,37.0,13.0,0.0,0.0,10.0,0.0,12.2,11.6,0.2,9.0,9.8,5,0.0,5,2020
2020,5,70th Anniversary Grand Prix,silverstone,2020-08-09,gasly,GAS,alphatauri,11,7,Finished,7.0,95.0,7.0,0.0,0.0,10.0,0.0,13.4,11.5,0.2,9.0,8.5,2,0.0,5,2020
2020,5,70th Anniversary Grand Prix,silverstone,2020-08-09,vettel,VET,ferrari,12,11,Finished,12.0,240.0,5.0,1.0,504.0,2.0,3.0,10.2,11.0,0.4,6.6,7.4,10,0.4,5,2020
2020,5,70th Anniversary Grand Prix,silverstone,2020-08-09,sainz,SAI,mclaren,13,12,Finished,13.0,96.0,6.0,0.0,145.0,4.0,0.0,9.2,8.1,0.0,6.0,12.8,5,0.0,5,2020
2020,5,70th Anniversary Grand Prix,silverstone,2020-08-09,ricciardo,RIC,renault,14,5,+1 Lap,5.0,54.0,9.0,0.0,91.0,5.0,0.0,10.0,10.8,0.3,7.8,8.777777777777779,9,0.1111111111111111,5,2020
2020,5,70th Anniversary Grand Prix,silverstone,2020-08-09,raikkonen,RAI,alfa,15,20,+1 Lap,20.0,43.0,12.0,0.0,57.0,8.0,0.0,14.0,12.9,0.2,12.4,7.375,8,0.25,5,2020
2020,5,70th Anniversary Grand Prix,silverstone,2020-08-09,grosjean,GRO,haas,16,13,+1 Lap,14.0,8.0,18.0,0.0,28.0,9.0,0.0,15.2,15.4,0.2,13.6,15.25,8,0.0,5,2020
2020,5,70th Anniversary Grand Prix,silverstone,2020-08-09,giovinazzi,GIO,alfa,17,19,+1 Lap,19.0,14.0,17.0,0.0,57.0,8.0,0.0,14.0,13.2,0.0,12.4,18.0,1,0.0,5,2020
2020,5,70th Anniversary Grand Prix,silverstone,2020-08-09,russell,RUS,williams,18,15,+1 Lap,15.0,0.0,20.0,0.0,1.0,10.0,0.0,15.6,15.6,0.2,14.8,14.0,1,0.0,5,2020
2020,5,70th Anniversary Grand Prix,silverstone,2020-08-09,latifi,LAT,williams,19,18,+1 Lap,18.0,0.0,20.0,0.0,1.0,10.0,0.0,15.5,15.5,0.0,14.8,11.0,0,0.0,5,2020
2020,5,70th Anniversary Grand Prix,silverstone,2020-08-09,kevin_magnussen,MAG,haas,20,17,Retired,17.0,20.0,16.0,0.0,28.0,9.0,0.0,14.4,14.0,0.3,13.6,13.0,5,0.0,5,2020
2020,6,Spanish Grand Prix,catalunya,2020-08-16,hamilton,HAM,mercedes,1,1,Finished,1.0,413.0,1.0,11.0,739.0,1.0,15.0,1.8,2.3,0.0,1.2,6.3,10,0.6,6,2020
2020,6,Spanish Grand Prix,catalunya,2020-08-16,max_verstappen,VER,red_bull,2,3,Finished,3.0,278.0,3.0,3.0,417.0,3.0,3.0,5.6,5.8,0.2,4.2,7.4,5,0.6,6,2020
2020,6,Spanish Grand Prix,catalunya,2020-08-16,bottas,BOT,mercedes,3,2,Finished,2.0,326.0,2.0,4.0,739.0,1.0,15.0,4.0,4.9,0.1,1.2,7.285714285714286,7,0.2857142857142857,6,2020
2020,6,Spanish Grand Prix,catalunya,2020-08-16,stroll,STR,racing_point,4,5,+1 Lap,5.0,21.0,15.0,0.0,73.0,7.0,0.0,8.8,11.7,0.3,6.2,15.333333333333334,3,0.0,6,2020
2020,6,Spanish Grand Prix,catalunya,2020-08-16,perez,PER,racing_point,5,4,+1 Lap,4.0,52.0,10.0,0.0,73.0,7.0,0.0,7.0,8.6,0.1,6.2,10.555555555555555,9,0.0,6,2020
2020,6,Spanish Grand Prix,catalunya,2020-08-16,sainz,SAI,mclaren,6,7,+1 Lap,7.0,96.0,6.0,0.0,145.0,4.0,0.0,9.8,8.8,0.0,6.2,7.4,5,0.0,6,2020
2020,6,Spanish Grand Prix,catalunya,2020-08-16,vettel,VET,ferrari,7,11,+1 Lap,11.0,240.0,5.0,1.0,504.0,2.0,3.0,11.6,10.4,0.3,6.8,3.4,10,0.5,6,2020
2020,6,Spanish Grand Prix,catalunya,2020-08-16,albon,ALB,red_bull,8,6,+1 Lap,6.0,92.0,8.0,0.0,417.0,3.0,3.0,7.0,6.9,0.1,4.2,11.0,1,0.0,6,2020
2020,6,Spanish Grand Prix,catalunya,2020-08-16,gasly,GAS,alphatauri,9,10,+1 Lap,10.0,95.0,7.0,0.0,0.0,10.0,0.0,12.0,11.2,0.2,9.2,12.5,2,0.0,6,2020
2020,6,Spanish Grand Prix,catalunya,2020-08-16,norris,NOR,mclaren,10,8,+1 Lap,8.0,49.0,11.0,0.0,145.0,4.0,0.0,7.0,8.9,0.1,6.2,20.0,1,0.0,6,2020
2020,6,Spanish Grand Prix,catalunya,2020-08-16,ricciardo,RIC,renault,11,13,+1 Lap,13.0,54.0,9.0,0.0,91.0,5.0,0.0,10.6,10.3,0.2,7.2,7.125,8,0.25,6,2020
2020,6,Spanish Grand Prix,catalunya,2020-08-16,kvyat,KVY,alphatauri,12,12,+1 Lap,12.0,37.0,13.0,0.0,0.0,10.0,0.0,12.4,11.4,0.2,9.2,10.4,5,0.0,6,2020
2020,6,Spanish Grand Prix,catalunya,2020-08-16,ocon,OCO,renault,13,15,+1 Lap,15.0,0.0,20.0,0.0,91.0,5.0,0.0,10.8,12.5,0.3,7.2,10.5,2,0.0,6,2020
2020,6,Spanish Grand Prix,catalunya,2020-08-16,raikkonen,RAI,alfa,14,14,+1 Lap,14.0,43.0,12.0,0.0,57.0,8.0,0.0,14.4,13.1,0.2,12.8,8.75,8,0.375,6,2020
2020,6,Spanish Grand Prix,catalunya,2020-08-16,kevin_magnussen,MAG,haas,15,16,+1 Lap,16.0,20.0,16.0,0.0,28.0,9.0,0.0,15.6,15.1,0.4,14.0,10.6,5,0.0,6,2020
2020,6,Spanish Grand Prix,catalunya,2020-08-16,giovinazzi,GIO,alfa,16,20,+1 Lap,20.0,14.0,17.0,0.0,57.0,8.0,0.0,14.2,13.4,0.0,12.8,16.0,1,0.0,6,2020
2020,6,Spanish Grand Prix,catalunya,2020-08-16,russell,RUS,williams,17,18,+1 Lap,18.0,0.0,20.0,0.0,1.0,10.0,0.0,15.8,15.7,0.1,15.0,17.0,1,0.0,6,2020
2020,6,Spanish Grand Prix,catalunya,2020-08-16,latifi,LAT,williams,18,19,+2 Laps,19.0,0.0,20.0,0.0,1.0,10.0,0.0,16.2,16.2,0.0,15.0,11.0,0,0.0,6,2020
2020,6,Spanish Grand Prix,catalunya,2020-08-16,grosjean,GRO,haas,19,17,+2 Laps,17.0,8.0,18.0,0.0,28.0,9.0,0.0,15.4,15.0,0.1,14.0,12.25,8,0.0,6,2020
2020,6,Spanish Grand Prix,catalunya,2020-08-16,leclerc,LEC,ferrari,20,9,Electronics,9.0,264.0,4.0,2.0,504.0,2.0,3.0,7.8,7.4,0.2,6.8,7.5,2,0.0,6,2020
2020,7,Belgian Grand Prix,spa,2020-08-30,hamilton,HAM,mercedes,1,1,Finished,1.0,413.0,1.0,11.0,739.0,1.0,15.0,1.2,2.1,0.0,1.2,7.7,10,0.7,7,2020
2020,7,Belgian Grand Prix,spa,2020-08-30,bottas,BOT,mercedes,2,2,Finished,2.0,326.0,2.0,4.0,739.0,1.0,15.0,4.4,5.1,0.1,1.2,6.714285714285714,7,0.2857142857142857,7,2020
2020,7,Belgian Grand Prix,spa,2020-08-30,max_verstappen,VER,red_bull,3,3,Finished,3.0,278.0,3.0,3.0,417.0,3.0,3.0,2.0,4.2,0.1,2.0,12.2,5,0.2,7,2020
2020,7,Belgian Grand Prix,spa,2020-08-30,ricciardo,RIC,renault,4,4,Finished,4.0,54.0,9.0,0.0,91.0,5.0,0.0,9.0,9.5,0.1,7.8,10.444444444444445,9,0.3333333333333333,7,2020
2020,7,Belgian Grand Prix,spa,2020-08-30,ocon,OCO,renault,5,6,Finished,6.0,0.0,20.0,0.0,91.0,5.0,0.0,11.8,12.9,0.3,7.8,10.333333333333334,3,0.0,7,2020
2020,7,Belgian Grand Prix,spa,2020-08-30,albon,ALB,red_bull,6,5,Finished,5.0,92.0,8.0,0.0,417.0,3.0,3.0,6.0,7.3,0.1,2.0,5.0,1,0.0,7,2020
2020,7,Belgian Grand Prix,spa,2020-08-30,norris,NOR,mclaren,7,10,Finished,10.0,49.0,11.0,0.0,145.0,4.0,0.0,8.4,8.8,0.1,6.8,11.0,1,0.0,7,2020
2020,7,Belgian Grand Prix,spa,2020-08-30,gasly,GAS,alphatauri,8,12,Finished,12.0,95.0,7.0,0.0,0.0,10.0,0.0,12.4,11.4,0.2,9.6,9.0,2,0.0,7,2020
2020,7,Belgian Grand Prix,spa,2020-08-30,stroll,STR,racing_point,9,9,Finished,9.0,21.0,15.0,0.0,73.0,7.0,0.0,6.0,11.2,0.3,5.8,11.333333333333334,3,0.0,7,2020
2020,7,Belgian Grand Prix,spa,2020-08-30,perez,PER,racing_point,10,8,Finished,8.0,52.0,10.0,0.0,73.0,7.0,0.0,6.2,7.2,0.0,5.8,10.88888888888889,9,0.0,7,2020
2020,7,Belgian Grand Prix,spa,2020-08-30,kvyat,KVY,alphatauri,11,11,Finished,11.0,37.0,13.0,0.0,0.0,10.0,0.0,12.4,11.6,0.2,9.6,9.2,5,0.0,7,2020
2020,7,Belgian Grand Prix,spa,2020-08-30,raikkonen,RAI,alfa,12,16,Finished,16.0,43.0,12.0,0.0,57.0,8.0,0.0,14.4,13.3,0.2,13.8,10.125,8,0.125,7,2020
2020,7,Belgian Grand Prix,spa,2020-08-30,vettel,VET,ferrari,13,14,Finished,14.0,240.0,5.0,1.0,504.0,2.0,3.0,11.0,10.9,0.3,7.8,4.9,10,0.5,7,2020
2020,7,Belgian Grand Prix,spa,2020-08-30,leclerc,LEC,ferrari,14,13,Finished,13.0,264.0,4.0,2.0,504.0,2.0,3.0,11.4,8.8,0.3,7.8,9.5,2,0.5,7,2020
2020,7,Belgian Grand Prix,spa,2020-08-30,grosjean,GRO,haas,15,17,Finished,17.0,8.0,18.0,0.0,28.0,9.0,0.0,16.0,15.6,0.1,13.8,11.875,8,0.125,7,2020
2020,7,Belgian Grand Prix,spa,2020-08-30,latifi,LAT,williams,16,19,Finished,19.0,0.0,20.0,0.0,1.0,10.0,0.0,17.6,16.5,0.0,16.2,11.0,0,0.0,7,2020
2020,7,Belgian Grand Prix,spa,2020-08-30,kevin_magnussen,MAG,haas,17,20,Finished,20.0,20.0,16.0,0.0,28.0,9.0,0.0,15.2,15.1,0.4,13.8,13.0,5,0.0,7,2020
2020,7,Belgian Grand Prix,spa,2020-08-30,giovinazzi,GIO,alfa,18,18,Accident,18.0,14.0,17.0,0.0,57.0,8.0,0.0,15.6,13.6,0.0,13.8,18.0,1,0.0,7,2020
2020,7,Belgian Grand Prix,spa,2020-08-30,russell,RUS,williams,19,15,Debris,15.0,0.0,20.0,0.0,1.0,10.0,0.0,16.2,15.8,0.1,16.2,15.0,1,0.0,7,2020
2020,7,Belgian Grand Prix,spa,2020-08-30,sainz,SAI,mclaren,20,7,Exhaust,7.0,96.0,6.0,0.0,145.0,4.0,0.0,10.0,8.9,0.0,6.8,15.4,5,0.0,7,2020
2020,8,Italian Grand Prix,monza,2020-09-06,gasly,GAS,alphatauri,1,10,Finished,10.0,95.0,7.0,0.0,0.0,10.0,0.0,11.0,11.3,0.2,9.2,12.5,2,0.0,8,2020
2020,8,Italian Grand Prix,monza,2020-09-06,sainz,SAI,mclaren,2,3,Finished,3.0,96.0,6.0,0.0,145.0,4.0,0.0,12.2,9.6,0.1,7.2,13.6,5,0.0,8,2020
2020,8,Italian Grand Prix,monza,2020-09-06,stroll,STR,racing_point,3,8,Finished,8.0,21.0,15.0,0.0,73.0,7.0,0.0,6.4,10.9,0.3,6.4,9.333333333333334,3,0.0,8,2020
2020,8,Italian Grand Prix,monza,2020-09-06,norris,NOR,mclaren,4,6,Finished,6.0,49.0,11.0,0.0,145.0,4.0,0.0,8.8,7.5,0.0,7.2,10.0,1,0.0,8,2020
2020,8,Italian Grand Prix,monza,2020-09-06,bottas,BOT,mercedes,5,2,Finished,2.0,326.0,2.0,4.0,739.0,1.0,15.0,4.4,5.0,0.1,1.2,5.142857142857143,7,0.42857142857142855,8,2020
2020,8,Italian Grand Prix,monza,2020-09-06,ricciardo,RIC,renault,6,7,Finished,7.0,54.0,9.0,0.0,91.0,5.0,0.0,8.2,9.1,0.1,7.0,8.666666666666666,9,0.0,8,2020
2020,8,Italian Grand Prix,monza,2020-09-06,hamilton,HAM,mercedes,7,1,Finished,1.0,413.0,1.0,11.0,739.0,1.0,15.0,1.2,2.1,0.0,1.2,4.6,10,0.7,8,2020
2020,8,Italian Grand Prix,monza,2020-09-06,ocon,OCO,renault,8,12,Finished,12.0,0.0,20.0,0.0,91.0,5.0,0.0,9.2,11.5,0.2,7.0,10.0,3,0.0,8,2020
2020,8,Italian Grand Prix,monza,2020-09-06,kvyat,KVY,alphatauri,9,11,Finished,11.0,37.0,13.0,0.0,0.0,10.0,0.0,12.6,11.6,0.2,9.2,14.2,5,0.0,8,2020
2020,8,Italian Grand Prix,monza,2020-09-06,perez,PER,racing_point,10,4,Finished,4.0,52.0,10.0,0.0,73.0,7.0,0.0,6.8,7.5,0.0,6.4,8.333333333333334,9,0.1111111111111111,8,2020
2020,8,Italian Grand Prix,monza,2020-09-06,latifi,LAT,williams,11,20,Finished,20.0,0.0,20.0,0.0,1.0,10.0,0.0,17.4,16.428571428571427,0.0,16.2,11.0,0,0.0,8,2020
2020,8,Italian Grand Prix,monza,2020-09-06,grosjean,GRO,haas,12,16,Finished,16.0,8.0,18.0,0.0,28.0,9.0,0.0,16.4,15.4,0.1,14.4,15.0,7,0.0,8,2020
2020,8,Italian Grand Prix,monza,2020-09-06,raikkonen,RAI,alfa,13,14,Finished,14.0,43.0,12.0,0.0,57.0,8.0,0.0,14.6,12.6,0.1,14.0,7.0,8,0.125,8,2020
2020,8,Italian Grand Prix,monza,2020-09-06,russell,RUS,williams,14,19,Finished,19.0,0.0,20.0,0.0,1.0,10.0,0.0,16.8,16.1,0.2,16.2,14.0,1,0.0,8,2020
2020,8,Italian Grand Prix,monza,2020-09-06,albon,ALB,red_bull,15,9,Finished,9.0,92.0,8.0,0.0,417.0,3.0,3.0,6.4,7.4,0.1,2.0,6.0,1,0.0,8,2020
2020,8,Italian Grand Prix,monza,2020-09-06,giovinazzi,GIO,alfa,16,18,Finished,18.0,14.0,17.0,0.0,57.0,8.0,0.0,16.4,14.0,0.1,14.0,9.0,1,0.0,8,2020
2020,8,Italian Grand Prix,monza,2020-09-06,max_verstappen,VER,red_bull,17,5,Power Unit,5.0,278.0,3.0,3.0,417.0,3.0,3.0,2.0,3.9,0.1,2.0,8.4,5,0.0,8,2020
2020,8,Italian Grand Prix,monza,2020-09-06,leclerc,LEC,ferrari,18,13,Accident,13.0,264.0,4.0,2.0,504.0,2.0,3.0,10.4,9.8,0.3,6.6,6.0,2,0.5,8,2020
2020,8,Italian Grand Prix,monza,2020-09-06,kevin_magnussen,MAG,haas,19,15,Power Unit,15.0,20.0,16.0,0.0,28.0,9.0,0.0,16.2,15.3,0.4,14.4,14.4,5,0.0,8,2020
2020,8,Italian Grand Prix,monza,2020-09-06,vettel,VET,ferrari,20,17,Brakes,17.0,240.0,5.0,1.0,504.0,2.0,3.0,9.6,12.0,0.3,6.6,5.9,10,0.5,8,2020
2020,9,Tuscan Grand Prix,mugello,2020-09-13,hamilton,HAM,mercedes,1,1,Finished,1.0,413.0,1.0,11.0,739.0,1.0,15.0,2.4,2.6,0.0,2.0,11.0,0,0.0,9,2020
2020,9,Tuscan Grand Prix,mugello,2020-09-13,bottas,BOT,mercedes,2,2,Finished,2.0,326.0,2.0,4.0,739.0,1.0,15.0,4.8,5.4,0.1,2.0,11.0,0,0.0,9,2020
2020,9,Tuscan Grand Prix,mugello,2020-09-13,albon,ALB,red_bull,3,4,Finished,4.0,92.0,8.0,0.0,417.0,3.0,3.0,8.4,8.4,0.1,4.6,11.0,0,0.0,9,2020
2020,9,Tuscan Grand Prix,mugello,2020-09-13,ricciardo,RIC,renault,4,8,Finished,8.0,54.0,9.0,0.0,91.0,5.0,0.0,7.8,9.1,0.1,6.6,11.0,0,0.0,9,2020
2020,9,Tuscan Grand Prix,mugello,2020-09-13,perez,PER,racing_point,5,7,Finished,7.0,52.0,10.0,0.0,73.0,7.0,0.0,7.6,7.7,0.0,6.2,11.0,0,0.0,9,2020
2020,9,Tuscan Grand Prix,mugello,2020-09-13,norris,NOR,mclaren,6,11,Finished,11.0,49.0,11.0,0.0,145.0,4.0,0.0,7.0,7.2,0.0,5.8,11.0,0,0.0,9,2020
2020,9,Tuscan Grand Prix,mugello,2020-09-13,kvyat,KVY,alphatauri,7,12,Finished,12.0,37.0,13.0,0.0,0.0,10.0,0.0,12.0,11.3,0.2,7.0,11.0,0,0.0,9,2020
2020,9,Tuscan Grand Prix,mugello,2020-09-13,leclerc,LEC,ferrari,8,5,Finished,5.0,264.0,4.0,2.0,504.0,2.0,3.0,11.8,11.2,0.4,9.0,11.0,0,0.0,9,2020
2020,9,Tuscan Grand Prix,mugello,2020-09-13,raikkonen,RAI,alfa,9,13,Finished,13.0,43.0,12.0,0.0,57.0,8.0,0.0,14.2,12.8,0.1,13.6,11.0,0,0.0,9,2020
2020,9,Tuscan Grand Prix,mugello,2020-09-13,vettel,VET,ferrari,10,14,Finished,14.0,240.0,5.0,1.0,504.0,2.0,3.0,12.4,12.0,0.3,9.0,11.0,0,0.0,9,2020
2020,9,Tuscan Grand Prix,mugello,2020-09-13,russell,RUS,williams,11,18,Finished,18.0,0.0,20.0,0.0,1.0,10.0,0.0,16.0,15.8,0.2,14.8,11.0,0,0.0,9,2020
2020,9,Tuscan Grand Prix,mugello,2020-09-13,grosjean,GRO,haas,12,15,Finished,15.0,8.0,18.0,0.0,28.0,9.0,0.0,15.6,15.1,0.1,14.8,11.0,0,0.0,9,2020
2020,9,Tuscan Grand Prix,mugello,2020-09-13,stroll,STR,racing_point,13,6,Puncture,6.0,21.0,15.0,0.0,73.0,7.0,0.0,6.2,9.9,0.3,6.2,11.0,0,0.0,9,2020
2020,9,Tuscan Grand Prix,mugello,2020-09-13,ocon,OCO,renault,14,10,Brakes,10.0,0.0,20.0,0.0,91.0,5.0,0.0,8.0,11.2,0.2,6.6,11.0,0,0.0,9,2020
2020,9,Tuscan Grand Prix,mugello,2020-09-13,latifi,LAT,williams,15,19,Collision,19.0,0.0,20.0,0.0,1.0,10.0,0.0,15.8,15.75,0.0,14.8,11.0,0,0.0,9,2020
2020,9,Tuscan Grand Prix,mugello,2020-09-13,kevin_magnussen,MAG,haas,16,20,Collision,20.0,20.0,16.0,0.0,28.0,9.0,0.0,18.0,15.4,0.4,14.8,11.0,0,0.0,9,2020
2020,9,Tuscan Grand Prix,mugello,2020-09-13,giovinazzi,GIO,alfa,17,17,Collision,17.0,14.0,17.0,0.0,57.0,8.0,0.0,16.2,14.2,0.1,13.6,11.0,0,0.0,9,2020
2020,9,Tuscan Grand Prix,mugello,2020-09-13,sainz,SAI,mclaren,18,9,Collision,9.0,96.0,6.0,0.0,145.0,4.0,0.0,10.8,9.0,0.1,5.8,11.0,0,0.0,9,2020
2020,9,Tuscan Grand Prix,mugello,2020-09-13,max_verstappen,VER,red_bull,19,3,Collision,3.0,278.0,3.0,3.0,417.0,3.0,3.0,5.0,5.3,0.2,4.6,11.0,0,0.0,9,2020
2020,9,Tuscan Grand Prix,mugello,2020-09-13,gasly,GAS,alphatauri,20,16,Collision,16.0,95.0,7.0,0.0,0.0,10.0,0.0,7.2,9.8,0.1,7.0,11.0,0,0.0,9,2020
2020,10,Russian Grand Prix,sochi,2020-09-27,bottas,BOT,mercedes,1,3,Finished,3.0,326.0,2.0,4.0,739.0,1.0,15.0,3.0,3.6,0.0,2.0,4.0,6,0.6666666666666666,10,2020
2020,10,Russian Grand Prix,sochi,2020-09-27,max_verstappen,VER,red_bull,2,2,Finished,2.0,278.0,3.0,3.0,417.0,3.0,3.0,8.4,7.1,0.3,4.8,8.6,5,0.0,10,2020
2020,10,Russian Grand Prix,sochi,2020-09-27,hamilton,HAM,mercedes,3,1,Finished,1.0,413.0,1.0,11.0,739.0,1.0,15.0,2.4,2.0,0.0,2.0,1.6666666666666667,6,0.8333333333333334,10,2020
2020,10,Russian Grand Prix,sochi,2020-09-27,perez,PER,racing_point,4,4,Finished,4.0,52.0,10.0,0.0,73.0,7.0,0.0,7.4,7.5,0.0,5.4,7.5,6,0.16666666666666666,10,2020
2020,10,Russian Grand Prix,sochi,2020-09-27,ricciardo,RIC,renault,5,5,Finished,5.0,54.0,9.0,0.0,91.0,5.0,0.0,7.8,8.9,0.1,6.6,12.5,6,0.0,10,2020
2020,10,Russian Grand Prix,sochi,2020-09-27,leclerc,LEC,ferrari,6,10,Finished,10.0,264.0,4.0,2.0,504.0,2.0,3.0,12.8,10.2,0.3,10.0,5.0,2,0.5,10,2020
2020,10,Russian Grand Prix,sochi,2020-09-27,ocon,OCO,renault,7,7,Finished,7.0,0.0,20.0,0.0,91.0,5.0,0.0,9.6,11.1,0.3,6.6,8.0,2,0.0,10,2020
2020,10,Russian Grand Prix,sochi,2020-09-27,kvyat,KVY,alphatauri,8,11,Finished,11.0,37.0,13.0,0.0,0.0,10.0,0.0,9.8,11.0,0.2,7.0,11.6,5,0.0,10,2020
2020,10,Russian Grand Prix,sochi,2020-09-27,gasly,GAS,alphatauri,9,9,Finished,9.0,95.0,7.0,0.0,0.0,10.0,0.0,9.8,11.6,0.2,7.0,16.5,2,0.0,10,2020
2020,10,Russian Grand Prix,sochi,2020-09-27,albon,ALB,red_bull,10,15,Finished,15.0,92.0,8.0,0.0,417.0,3.0,3.0,7.4,7.3,0.1,4.8,5.0,1,0.0,10,2020
2020,10,Russian Grand Prix,sochi,2020-09-27,giovinazzi,GIO,alfa,11,17,+1 Lap,17.0,14.0,17.0,0.0,57.0,8.0,0.0,16.8,15.4,0.2,12.6,15.0,1,0.0,10,2020
2020,10,Russian Grand Prix,sochi,2020-09-27,kevin_magnussen,MAG,haas,12,18,+1 Lap,18.0,20.0,16.0,0.0,28.0,9.0,0.0,17.4,15.9,0.5,14.0,8.4,5,0.0,10,2020
2020,10,Russian Grand Prix,sochi,2020-09-27,vettel,VET,ferrari,13,14,+1 Lap,14.0,240.0,5.0,1.0,504.0,2.0,3.0,12.4,11.3,0.2,10.0,8.833333333333334,6,0.5,10,2020
2020,10,Russian Grand Prix,sochi,2020-09-27,raikkonen,RAI,alfa,14,19,+1 Lap,19.0,43.0,12.0,0.0,57.0,8.0,0.0,12.6,13.3,0.1,12.6,6.666666666666667,6,0.3333333333333333,10,2020
2020,10,Russian Grand Prix,sochi,2020-09-27,norris,NOR,mclaren,15,8,+1 Lap,8.0,49.0,11.0,0.0,145.0,4.0,0.0,7.2,7.0,0.0,6.0,8.0,1,0.0,10,2020
2020,10,Russian Grand Prix,sochi,2020-09-27,latifi,LAT,williams,16,20,+1 Lap,20.0,0.0,20.0,0.0,1.0,10.0,0.0,15.8,15.666666666666666,0.1111111111111111,14.6,11.0,0,0.0,10,2020
2020,10,Russian Grand Prix,sochi,2020-09-27,grosjean,GRO,haas,17,16,+1 Lap,16.0,8.0,18.0,0.0,28.0,9.0,0.0,14.8,15.0,0.1,14.0,15.333333333333334,6,0.0,10,2020
2020,10,Russian Grand Prix,sochi,2020-09-27,russell,RUS,williams,18,13,+1 Lap,13.0,0.0,20.0,0.0,1.0,10.0,0.0,15.8,15.7,0.2,14.6,17.0,1,0.0,10,2020
2020,10,Russian Grand Prix,sochi,2020-09-27,sainz,SAI,mclaren,19,6,Accident,6.0,96.0,6.0,0.0,145.0,4.0,0.0,11.8,10.5,0.2,6.0,12.2,5,0.0,10,2020
2020,10,Russian Grand Prix,sochi,2020-09-27,stroll,STR,racing_point,20,12,Collision,12.0,21.0,15.0,0.0,73.0,7.0,0.0,7.0,9.3,0.3,5.4,12.333333333333334,3,0.0,10,2020
2020,11,Eifel Grand Prix,nurburgring,2020-10-11,hamilton,HAM,mercedes,1,2,Finished,2.0,413.0,1.0,11.0,739.0,1.0,15.0,2.6,2.2,0.0,1.8,3.0,2,0.5,11,2020
2020,11,Eifel Grand Prix,nurburgring,2020-10-11,max_verstappen,VER,red_bull,2,3,Finished,3.0,278.0,3.0,3.0,417.0,3.0,3.0,8.6,7.1,0.3,5.0,11.0,0,0.0,11,2020
2020,11,Eifel Grand Prix,nurburgring,2020-10-11,ricciardo,RIC,renault,3,6,Finished,6.0,54.0,9.0,0.0,91.0,5.0,0.0,6.0,8.3,0.1,6.0,15.5,2,0.0,11,2020
2020,11,Eifel Grand Prix,nurburgring,2020-10-11,perez,PER,racing_point,4,9,Finished,9.0,52.0,10.0,0.0,73.0,7.0,0.0,6.8,6.9,0.0,5.0,9.5,2,0.0,11,2020
2020,11,Eifel Grand Prix,nurburgring,2020-10-11,sainz,SAI,mclaren,5,10,Finished,10.0,96.0,6.0,0.0,145.0,4.0,0.0,13.0,11.4,0.3,7.2,11.0,0,0.0,11,2020
2020,11,Eifel Grand Prix,nurburgring,2020-10-11,gasly,GAS,alphatauri,6,12,Finished,12.0,95.0,7.0,0.0,0.0,10.0,0.0,9.4,10.7,0.2,6.6,11.0,0,0.0,11,2020
2020,11,Eifel Grand Prix,nurburgring,2020-10-11,leclerc,LEC,ferrari,7,4,Finished,4.0,264.0,4.0,2.0,504.0,2.0,3.0,13.2,10.5,0.3,10.4,11.0,0,0.0,11,2020
2020,11,Eifel Grand Prix,nurburgring,2020-10-11,hulkenberg,HUL,racing_point,8,20,Finished,20.0,37.0,14.0,0.0,73.0,7.0,0.0,12.6,11.7,0.2,5.0,10.0,1,0.0,11,2020
2020,11,Eifel Grand Prix,nurburgring,2020-10-11,grosjean,GRO,haas,9,16,Finished,16.0,8.0,18.0,0.0,28.0,9.0,0.0,15.0,15.2,0.1,13.2,3.0,1,1.0,11,2020
2020,11,Eifel Grand Prix,nurburgring,2020-10-11,giovinazzi,GIO,alfa,10,14,Finished,14.0,14.0,17.0,0.0,57.0,8.0,0.0,15.6,14.9,0.2,11.8,11.0,0,0.0,11,2020
2020,11,Eifel Grand Prix,nurburgring,2020-10-11,vettel,VET,ferrari,11,11,Finished,11.0,240.0,5.0,1.0,504.0,2.0,3.0,12.6,12.1,0.2,10.4,2.5,2,0.5,11,2020
2020,11,Eifel Grand Prix,nurburgring,2020-10-11,raikkonen,RAI,alfa,12,19,Finished,19.0,43.0,12.0,0.0,57.0,8.0,0.0,12.4,13.4,0.1,11.8,2.0,1,1.0,11,2020
2020,11,Eifel Grand Prix,nurburgring,2020-10-11,kevin_magnussen,MAG,haas,13,15,Finished,15.0,20.0,16.0,0.0,28.0,9.0,0.0,15.8,15.7,0.5,13.2,11.0,0,0.0,11,2020
2020,11,Eifel Grand Prix,nurburgring,2020-10-11,latifi,LAT,williams,14,18,Finished,18.0,0.0,20.0,0.0,1.0,10.0,0.0,15.2,15.7,0.1,14.2,11.0,0,0.0,11,2020
2020,11,Eifel Grand Prix,nurburgring,2020-10-11,kvyat,KVY,alphatauri,15,13,Finished,13.0,37.0,13.0,0.0,0.0,10.0,0.0,9.4,10.9,0.2,6.6,11.0,0,0.0,11,2020
2020,11,Eifel Grand Prix,nurburgring,2020-10-11,norris,NOR,mclaren,16,8,Power Unit,8.0,49.0,11.0,0.0,145.0,4.0,0.0,8.4,7.7,0.0,7.2,11.0,0,0.0,11,2020
2020,11,Eifel Grand Prix,nurburgring,2020-10-11,albon,ALB,red_bull,17,5,Radiator,5.0,92.0,8.0,0.0,417.0,3.0,3.0,8.4,7.7,0.1,5.0,11.0,0,0.0,11,2020
2020,11,Eifel Grand Prix,nurburgring,2020-10-11,ocon,OCO,renault,18,7,Gearbox,7.0,0.0,20.0,0.0,91.0,5.0,0.0,9.4,10.1,0.2,6.0,11.0,0,0.0,11,2020
2020,11,Eifel Grand Prix,nurburgring,2020-10-11,bottas,BOT,mercedes,19,1,Power Unit,1.0,326.0,2.0,4.0,739.0,1.0,15.0,2.6,3.3,0.0,1.8,16.0,1,0.0,11,2020
2020,11,Eifel Grand Prix,nurburgring,2020-10-11,russell,RUS,williams,20,17,Collision,17.0,0.0,20.0,0.0,1.0,10.0,0.0,15.8,15.8,0.2,14.2,11.0,0,0.0,11,2020
2020,12,Portuguese Grand Prix,portimao,2020-10-25,hamilton,HAM,mercedes,1,1,Finished,1.0,413.0,1.0,11.0,739.0,1.0,15.0,2.6,1.9,0.0,1.8,11.0,0,0.0,12,2020
2020,12,Portuguese Grand Prix,portimao,2020-10-25,bottas,BOT,mercedes,2,2,Finished,2.0,326.0,2.0,4.0,739.0,1.0,15.0,5.8,5.1,0.1,1.8,11.0,0,0.0,12,2020
2020,12,Portuguese Grand Prix,portimao,2020-10-25,max_verstappen,VER,red_bull,3,3,Finished,3.0,278.0,3.0,3.0,417.0,3.0,3.0,8.6,5.3,0.2,5.0,11.0,0,0.0,12,2020
2020,12,Portuguese Grand Prix,portimao,2020-10-25,leclerc,LEC,ferrari,4,4,Finished,4.0,264.0,4.0,2.0,504.0,2.0,3.0,10.6,11.0,0.3,10.4,11.0,0,0.0,12,2020
2020,12,Portuguese Grand Prix,portimao,2020-10-25,gasly,GAS,alphatauri,5,9,+1 Lap,9.0,95.0,7.0,0.0,0.0,10.0,0.0,8.8,10.6,0.2,6.0,11.0,0,0.0,12,2020
2020,12,Portuguese Grand Prix,portimao,2020-10-25,sainz,SAI,mclaren,6,7,+1 Lap,7.0,96.0,6.0,0.0,145.0,4.0,0.0,12.8,11.4,0.3,7.0,11.0,0,0.0,12,2020
2020,12,Portuguese Grand Prix,portimao,2020-10-25,perez,PER,racing_point,7,5,+1 Lap,5.0,52.0,10.0,0.0,73.0,7.0,0.0,6.6,6.4,0.0,5.0,11.0,0,0.0,12,2020
2020,12,Portuguese Grand Prix,portimao,2020-10-25,ocon,OCO,renault,8,11,+1 Lap,11.0,0.0,20.0,0.0,91.0,5.0,0.0,10.4,11.1,0.3,4.4,11.0,0,0.0,12,2020
2020,12,Portuguese Grand Prix,portimao,2020-10-25,ricciardo,RIC,renault,9,10,+1 Lap,10.0,54.0,9.0,0.0,91.0,5.0,0.0,4.4,6.7,0.0,4.4,11.0,0,0.0,12,2020
2020,12,Portuguese Grand Prix,portimao,2020-10-25,vettel,VET,ferrari,10,15,+1 Lap,15.0,240.0,5.0,1.0,504.0,2.0,3.0,13.4,12.2,0.2,10.4,11.0,0,0.0,12,2020
2020,12,Portuguese Grand Prix,portimao,2020-10-25,raikkonen,RAI,alfa,11,16,+1 Lap,16.0,43.0,12.0,0.0,57.0,8.0,0.0,12.0,13.2,0.0,11.0,11.0,0,0.0,12,2020
2020,12,Portuguese Grand Prix,portimao,2020-10-25,albon,ALB,red_bull,12,6,+1 Lap,6.0,92.0,8.0,0.0,417.0,3.0,3.0,10.2,8.1,0.1,5.0,11.0,0,0.0,12,2020
2020,12,Portuguese Grand Prix,portimao,2020-10-25,norris,NOR,mclaren,13,8,+1 Lap,8.0,49.0,11.0,0.0,145.0,4.0,0.0,9.6,9.0,0.1,7.0,11.0,0,0.0,12,2020
2020,12,Portuguese Grand Prix,portimao,2020-10-25,russell,RUS,williams,14,14,+1 Lap,14.0,0.0,20.0,0.0,1.0,10.0,0.0,16.4,16.3,0.2,13.6,11.0,0,0.0,12,2020
2020,12,Portuguese Grand Prix,portimao,2020-10-25,giovinazzi,GIO,alfa,15,17,+1 Lap,17.0,14.0,17.0,0.0,57.0,8.0,0.0,14.4,15.0,0.2,11.0,11.0,0,0.0,12,2020
2020,12,Portuguese Grand Prix,portimao,2020-10-25,kevin_magnussen,MAG,haas,16,19,+1 Lap,19.0,20.0,16.0,0.0,28.0,9.0,0.0,15.4,15.3,0.4,12.0,11.0,0,0.0,12,2020
2020,12,Portuguese Grand Prix,portimao,2020-10-25,grosjean,GRO,haas,17,18,+1 Lap,18.0,8.0,18.0,0.0,28.0,9.0,0.0,13.0,14.5,0.0,12.0,11.0,0,0.0,12,2020
2020,12,Portuguese Grand Prix,portimao,2020-10-25,latifi,LAT,williams,18,20,+2 Laps,20.0,0.0,20.0,0.0,1.0,10.0,0.0,14.4,16.0,0.1,13.6,11.0,0,0.0,12,2020
2020,12,Portuguese Grand Prix,portimao,2020-10-25,kvyat,KVY,alphatauri,19,13,+2 Laps,13.0,37.0,13.0,0.0,0.0,10.0,0.0,10.0,11.2,0.1,6.0,11.0,0,0.0,12,2020
2020,12,Portuguese Grand Prix,portimao,2020-10-25,stroll,STR,racing_point,20,12,Collision damage,12.0,21.0,15.0,0.0,73.0,7.0,0.0,9.8,9.3,0.3,5.0,11.0,0,0.0,12,2020
2020,13,Emilia Romagna Grand Prix,imola,2020-11-01,hamilton,HAM,mercedes,1,2,Finished,2.0,413.0,1.0,11.0,739.0,1.0,15.0,2.6,1.9,0.0,1.8,11.0,0,0.0,13,2020
2020,13,Emilia Romagna Grand Prix,imola,2020-11-01,bottas,BOT,mercedes,2,1,Finished,1.0,326.0,2.0,4.0,739.0,1.0,15.0,5.8,5.1,0.1,1.8,11.0,0,0.0,13,2020
2020,13,Emilia Romagna Grand Prix,imola,2020-11-01,ricciardo,RIC,renault,3,5,Finished,5.0,54.0,9.0,0.0,91.0,5.0,0.0,5.4,6.8,0.0,5.2,11.0,0,0.0,13,2020
2020,13,Emilia Romagna Grand Prix,imola,2020-11-01,kvyat,KVY,alphatauri,4,8,Finished,8.0,37.0,13.0,0.0,0.0,10.0,0.0,11.6,12.1,0.1,5.4,11.0,0,0.0,13,2020
2020,13,Emilia Romagna Grand Prix,imola,2020-11-01,leclerc,LEC,ferrari,5,7,Finished,7.0,264.0,4.0,2.0,504.0,2.0,3.0,8.6,9.5,0.2,8.6,11.0,0,0.0,13,2020
2020,13,Emilia Romagna Grand Prix,imola,2020-11-01,perez,PER,racing_point,6,11,Finished,11.0,52.0,10.0,0.0,73.0,7.0,0.0,6.0,6.4,0.0,4.6,11.0,0,0.0,13,2020
2020,13,Emilia Romagna Grand Prix,imola,2020-11-01,sainz,SAI,mclaren,7,10,Finished,10.0,96.0,6.0,0.0,145.0,4.0,0.0,10.0,11.1,0.3,6.8,11.0,0,0.0,13,2020
2020,13,Emilia Romagna Grand Prix,imola,2020-11-01,norris,NOR,mclaren,8,9,Finished,9.0,49.0,11.0,0.0,145.0,4.0,0.0,10.8,9.8,0.1,6.8,11.0,0,0.0,13,2020
2020,13,Emilia Romagna Grand Prix,imola,2020-11-01,raikkonen,RAI,alfa,9,18,Finished,18.0,43.0,12.0,0.0,57.0,8.0,0.0,11.8,13.2,0.0,10.8,11.0,0,0.0,13,2020
2020,13,Emilia Romagna Grand Prix,imola,2020-11-01,giovinazzi,GIO,alfa,10,20,Finished,20.0,14.0,17.0,0.0,57.0,8.0,0.0,13.8,15.1,0.2,10.8,11.0,0,0.0,13,2020
2020,13,Emilia Romagna Grand Prix,imola,2020-11-01,latifi,LAT,williams,11,19,Finished,19.0,0.0,20.0,0.0,1.0,10.0,0.0,14.8,16.1,0.1,13.2,11.0,0,0.0,13,2020
2020,13,Emilia Romagna Grand Prix,imola,2020-11-01,vettel,VET,ferrari,12,14,Finished,14.0,240.0,5.0,1.0,504.0,2.0,3.0,12.8,11.2,0.1,8.6,11.0,0,0.0,13,2020
2020,13,Emilia Romagna Grand Prix,imola,2020-11-01,stroll,STR,racing_point,13,15,Finished,15.0,21.0,15.0,0.0,73.0,7.0,0.0,13.0,9.5,0.3,4.6,11.0,0,0.0,13,2020
2020,13,Emilia Romagna Grand Prix,imola,2020-11-01,grosjean,GRO,haas,14,16,Finished,16.0,8.0,18.0,0.0,28.0,9.0,0.0,13.4,14.9,0.0,12.2,11.0,0,0.0,13,2020
2020,13,Emilia Romagna Grand Prix,imola,2020-11-01,albon,ALB,red_bull,15,6,Finished,6.0,92.0,8.0,0.0,417.0,3.0,3.0,11.4,8.9,0.1,5.0,11.0,0,0.0,13,2020
2020,13,Emilia Romagna Grand Prix,imola,2020-11-01,russell,RUS,williams,16,13,Accident,13.0,0.0,20.0,0.0,1.0,10.0,0.0,15.4,16.1,0.2,13.2,11.0,0,0.0,13,2020
2020,13,Emilia Romagna Grand Prix,imola,2020-11-01,max_verstappen,VER,red_bull,17,3,Puncture,3.0,278.0,3.0,3.0,417.0,3.0,3.0,8.6,5.3,0.2,5.0,11.0,0,0.0,13,2020
2020,13,Emilia Romagna Grand Prix,imola,2020-11-01,kevin_magnussen,MAG,haas,18,17,Illness,17.0,20.0,16.0,0.0,28.0,9.0,0.0,15.2,15.7,0.4,12.2,11.0,0,0.0,13,2020
2020,13,Emilia Romagna Grand Prix,imola,2020-11-01,ocon,OCO,renault,19,12,Gearbox,12.0,0.0,20.0,0.0,91.0,5.0,0.0,11.0,10.1,0.2,5.2,11.0,0,0.0,13,2020
2020,13,Emilia Romagna Grand Prix,imola,2020-11-01,gasly,GAS,alphatauri,20,4,Water pressure,4.0,95.0,7.0,0.0,0.0,10.0,0.0,8.2,9.6,0.2,5.4,11.0,0,0.0,13,2020
2020,14,Turkish Grand Prix,istanbul,2020-11-15,hamilton,HAM,mercedes,1,6,Finished,6.0,413.0,1.0,11.0,739.0,1.0,15.0,1.4,1.9,0.0,1.0,2.5,2,0.5,14,2020
2020,14,Turkish Grand Prix,istanbul,2020-11-15,perez,PER,racing_point,2,3,Finished,3.0,52.0,10.0,0.0,73.0,7.0,0.0,5.2,6.4,0.0,5.2,14.0,1,0.0,14,2020
2020,14,Turkish Grand Prix,istanbul,2020-11-15,vettel,VET,ferrari,3,11,Finished,11.0,240.0,5.0,1.0,504.0,2.0,3.0,11.2,11.8,0.1,6.0,11.5,2,0.5,14,2020
2020,14,Turkish Grand Prix,istanbul,2020-11-15,leclerc,LEC,ferrari,4,12,Finished,12.0,264.0,4.0,2.0,504.0,2.0,3.0,6.0,8.9,0.2,6.0,11.0,0,0.0,14,2020
2020,14,Turkish Grand Prix,istanbul,2020-11-15,sainz,SAI,mclaren,5,15,Finished,15.0,96.0,6.0,0.0,145.0,4.0,0.0,11.0,10.9,0.3,7.8,11.0,0,0.0,14,2020
2020,14,Turkish Grand Prix,istanbul,2020-11-15,max_verstappen,VER,red_bull,6,2,Finished,2.0,278.0,3.0,3.0,417.0,3.0,3.0,8.6,6.8,0.3,5.0,11.0,0,0.0,14,2020
2020,14,Turkish Grand Prix,istanbul,2020-11-15,albon,ALB,red_bull,7,4,Finished,4.0,92.0,8.0,0.0,417.0,3.0,3.0,11.4,9.9,0.1,5.0,11.0,0,0.0,14,2020
2020,14,Turkish Grand Prix,istanbul,2020-11-15,norris,NOR,mclaren,8,14,Finished,14.0,49.0,11.0,0.0,145.0,4.0,0.0,11.6,9.3,0.1,7.8,11.0,0,0.0,14,2020
2020,14,Turkish Grand Prix,istanbul,2020-11-15,stroll,STR,racing_point,9,1,Finished,1.0,21.0,15.0,0.0,73.0,7.0,0.0,13.8,10.1,0.3,5.2,11.0,0,0.0,14,2020
2020,14,Turkish Grand Prix,istanbul,2020-11-15,ricciardo,RIC,renault,10,5,Finished,5.0,54.0,9.0,0.0,91.0,5.0,0.0,4.8,6.3,0.0,4.6,11.0,0,0.0,14,2020
2020,14,Turkish Grand Prix,istanbul,2020-11-15,ocon,OCO,renault,11,7,+1 Lap,7.0,0.0,20.0,0.0,91.0,5.0,0.0,13.2,10.6,0.3,4.6,11.0,0,0.0,14,2020
2020,14,Turkish Grand Prix,istanbul,2020-11-15,kvyat,KVY,alphatauri,12,16,+1 Lap,16.0,37.0,13.0,0.0,0.0,10.0,0.0,10.6,11.3,0.1,6.0,11.0,0,0.0,14,2020
2020,14,Turkish Grand Prix,istanbul,2020-11-15,gasly,GAS,alphatauri,13,19,+1 Lap,19.0,95.0,7.0,0.0,0.0,10.0,0.0,12.0,9.6,0.2,6.0,11.0,0,0.0,14,2020
2020,14,Turkish Grand Prix,istanbul,2020-11-15,bottas,BOT,mercedes,14,9,+1 Lap,9.0,326.0,2.0,4.0,739.0,1.0,15.0,5.2,5.0,0.1,1.0,11.0,0,0.0,14,2020
2020,14,Turkish Grand Prix,istanbul,2020-11-15,raikkonen,RAI,alfa,15,8,+1 Lap,8.0,43.0,12.0,0.0,57.0,8.0,0.0,11.0,12.6,0.0,10.0,11.0,0,0.0,14,2020
2020,14,Turkish Grand Prix,istanbul,2020-11-15,russell,RUS,williams,16,0,+1 Lap,0.0,0.0,20.0,0.0,1.0,10.0,0.0,15.8,15.9,0.3,13.2,11.0,0,0.0,14,2020
2020,14,Turkish Grand Prix,istanbul,2020-11-15,kevin_magnussen,MAG,haas,17,13,Withdrew,13.0,20.0,16.0,0.0,28.0,9.0,0.0,15.0,16.5,0.5,12.6,11.0,0,0.0,14,2020
2020,14,Turkish Grand Prix,istanbul,2020-11-15,grosjean,GRO,haas,18,17,Collision damage,17.0,8.0,18.0,0.0,28.0,9.0,0.0,13.8,14.7,0.0,12.6,11.0,0,0.0,14,2020
2020,14,Turkish Grand Prix,istanbul,2020-11-15,latifi,LAT,williams,19,0,Collision damage,0.0,0.0,20.0,0.0,1.0,10.0,0.0,14.8,15.3,0.1,13.2,11.0,0,0.0,14,2020
2020,14,Turkish Grand Prix,istanbul,2020-11-15,giovinazzi,GIO,alfa,20,10,Gearbox,10.0,14.0,17.0,0.0,57.0,8.0,0.0,12.6,14.4,0.2,10.0,11.0,0,0.0,14,2020
2020,15,Bahrain Grand Prix,bahrain,2020-11-29,hamilton,HAM,mercedes,1,1,Finished,1.0,413.0,1.0,11.0,739.0,1.0,15.0,1.4,1.9,0.0,1.0,3.0,9,0.7777777777777778,15,2020
2020,15,Bahrain Grand Prix,bahrain,2020-11-29,max_verstappen,VER,red_bull,2,3,Finished,3.0,278.0,3.0,3.0,417.0,3.0,3.0,6.0,7.2,0.3,5.6,13.0,5,0.0,15,2020
2020,15,Bahrain Grand Prix,bahrain,2020-11-29,albon,ALB,red_bull,3,4,Finished,4.0,92.0,8.0,0.0,417.0,3.0,3.0,12.2,9.8,0.1,5.6,9.0,1,0.0,15,2020
2020,15,Bahrain Grand Prix,bahrain,2020-11-29,norris,NOR,mclaren,4,9,Finished,9.0,49.0,11.0,0.0,145.0,4.0,0.0,12.0,9.6,0.1,7.6,6.0,1,0.0,15,2020
2020,15,Bahrain Grand Prix,bahrain,2020-11-29,sainz,SAI,mclaren,5,15,Finished,15.0,96.0,6.0,0.0,145.0,4.0,0.0,8.4,10.1,0.3,7.6,16.6,5,0.0,15,2020
2020,15,Bahrain Grand Prix,bahrain,2020-11-29,gasly,GAS,alphatauri,6,8,Finished,8.0,95.0,7.0,0.0,0.0,10.0,0.0,10.6,10.2,0.2,7.0,6.0,2,0.0,15,2020
2020,15,Bahrain Grand Prix,bahrain,2020-11-29,ricciardo,RIC,renault,7,6,Finished,6.0,54.0,9.0,0.0,91.0,5.0,0.0,6.0,6.9,0.0,5.8,11.0,8,0.0,15,2020
2020,15,Bahrain Grand Prix,bahrain,2020-11-29,bottas,BOT,mercedes,8,2,Finished,2.0,326.0,2.0,4.0,739.0,1.0,15.0,7.6,5.3,0.1,1.0,6.0,7,0.42857142857142855,15,2020
2020,15,Bahrain Grand Prix,bahrain,2020-11-29,ocon,OCO,renault,9,7,Finished,7.0,0.0,20.0,0.0,91.0,5.0,0.0,12.6,11.1,0.3,5.8,10.0,2,0.0,15,2020
2020,15,Bahrain Grand Prix,bahrain,2020-11-29,leclerc,LEC,ferrari,10,12,+1 Lap,12.0,264.0,4.0,2.0,504.0,2.0,3.0,5.2,9.0,0.2,5.0,7.5,2,0.5,15,2020
2020,15,Bahrain Grand Prix,bahrain,2020-11-29,kvyat,KVY,alphatauri,11,10,+1 Lap,10.0,37.0,13.0,0.0,0.0,10.0,0.0,11.6,10.7,0.0,7.0,10.2,5,0.0,15,2020
2020,15,Bahrain Grand Prix,bahrain,2020-11-29,russell,RUS,williams,12,14,+1 Lap,14.0,0.0,20.0,0.0,1.0,10.0,0.0,16.8,16.3,0.3,14.2,15.0,1,0.0,15,2020
2020,15,Bahrain Grand Prix,bahrain,2020-11-29,vettel,VET,ferrari,13,11,+1 Lap,11.0,240.0,5.0,1.0,504.0,2.0,3.0,9.8,11.1,0.1,5.0,5.0,9,0.4444444444444444,15,2020
2020,15,Bahrain Grand Prix,bahrain,2020-11-29,latifi,LAT,williams,14,20,+1 Lap,20.0,0.0,20.0,0.0,1.0,10.0,0.0,15.6,15.7,0.2,14.2,11.0,0,0.0,15,2020
2020,15,Bahrain Grand Prix,bahrain,2020-11-29,raikkonen,RAI,alfa,15,17,+1 Lap,17.0,43.0,12.0,0.0,57.0,8.0,0.0,12.2,12.4,0.0,11.2,5.875,8,0.5,15,2020
2020,15,Bahrain Grand Prix,bahrain,2020-11-29,giovinazzi,GIO,alfa,16,16,+1 Lap,16.0,14.0,17.0,0.0,57.0,8.0,0.0,13.2,15.0,0.3,11.2,11.0,1,0.0,15,2020
2020,15,Bahrain Grand Prix,bahrain,2020-11-29,kevin_magnussen,MAG,haas,17,18,+1 Lap,18.0,20.0,16.0,0.0,28.0,9.0,0.0,15.2,16.3,0.5,13.6,13.2,5,0.0,15,2020
2020,15,Bahrain Grand Prix,bahrain,2020-11-29,perez,PER,racing_point,18,5,Engine,5.0,52.0,10.0,0.0,73.0,7.0,0.0,4.6,6.0,0.0,4.6,9.625,8,0.125,15,2020
2020,15,Bahrain Grand Prix,bahrain,2020-11-29,stroll,STR,racing_point,19,13,Collision,13.0,21.0,15.0,0.0,73.0,7.0,0.0,15.0,10.6,0.3,4.6,15.0,3,0.0,15,2020
2020,15,Bahrain Grand Prix,bahrain,2020-11-29,grosjean,GRO,haas,20,19,Collision,19.0,8.0,18.0,0.0,28.0,9.0,0.0,15.0,14.9,0.1,13.6,8.875,8,0.25,15,2020
2020,16,Sakhir Grand Prix,bahrain,2020-12-06,perez,PER,racing_point,1,5,Finished,5.0,52.0,10.0,0.0,73.0,7.0,0.0,7.4,7.1,0.1,7.4,9.625,8,0.125,16,2020
2020,16,Sakhir Grand Prix,bahrain,2020-12-06,ocon,OCO,renault,2,11,Finished,11.0,0.0,20.0,0.0,91.0,5.0,0.0,13.0,11.2,0.3,6.2,10.0,2,0.0,16,2020
2020,16,Sakhir Grand Prix,bahrain,2020-12-06,stroll,STR,racing_point,3,10,Finished,10.0,21.0,15.0,0.0,73.0,7.0,0.0,16.2,11.6,0.4,7.4,15.0,3,0.0,16,2020
2020,16,Sakhir Grand Prix,bahrain,2020-12-06,sainz,SAI,mclaren,4,8,Finished,8.0,96.0,6.0,0.0,145.0,4.0,0.0,5.6,9.3,0.3,5.4,16.6,5,0.0,16,2020
2020,16,Sakhir Grand Prix,bahrain,2020-12-06,ricciardo,RIC,renault,5,7,Finished,7.0,54.0,9.0,0.0,91.0,5.0,0.0,6.4,6.2,0.0,6.2,11.0,8,0.0,16,2020
2020,16,Sakhir Grand Prix,bahrain,2020-12-06,albon,ALB,red_bull,6,12,Finished,12.0,92.0,8.0,0.0,417.0,3.0,3.0,10.8,9.6,0.1,5.6,9.0,1,0.0,16,2020
2020,16,Sakhir Grand Prix,bahrain,2020-12-06,kvyat,KVY,alphatauri,7,6,Finished,6.0,37.0,13.0,0.0,0.0,10.0,0.0,12.2,10.8,0.0,6.6,10.2,5,0.0,16,2020
2020,16,Sakhir Grand Prix,bahrain,2020-12-06,bottas,BOT,mercedes,8,1,Finished,1.0,326.0,2.0,4.0,739.0,1.0,15.0,9.0,5.8,0.1,1.0,6.0,7,0.42857142857142855,16,2020
2020,16,Sakhir Grand Prix,bahrain,2020-12-06,russell,RUS,mercedes,9,2,Finished,2.0,0.0,20.0,0.0,739.0,1.0,15.0,15.6,15.7,0.3,1.0,15.0,1,0.0,16,2020
2020,16,Sakhir Grand Prix,bahrain,2020-12-06,norris,NOR,mclaren,10,19,Finished,19.0,49.0,11.0,0.0,145.0,4.0,0.0,9.8,9.1,0.1,5.4,6.0,1,0.0,16,2020
2020,16,Sakhir Grand Prix,bahrain,2020-12-06,gasly,GAS,alphatauri,11,9,Finished,9.0,95.0,7.0,0.0,0.0,10.0,0.0,10.0,9.7,0.2,6.6,6.0,2,0.0,16,2020
2020,16,Sakhir Grand Prix,bahrain,2020-12-06,vettel,VET,ferrari,12,13,Finished,13.0,240.0,5.0,1.0,504.0,2.0,3.0,9.8,11.2,0.1,5.8,5.0,9,0.4444444444444444,16,2020
2020,16,Sakhir Grand Prix,bahrain,2020-12-06,giovinazzi,GIO,alfa,13,14,Finished,14.0,14.0,17.0,0.0,57.0,8.0,0.0,14.2,14.9,0.3,12.0,11.0,1,0.0,16,2020
2020,16,Sakhir Grand Prix,bahrain,2020-12-06,raikkonen,RAI,alfa,14,18,Finished,18.0,43.0,12.0,0.0,57.0,8.0,0.0,12.4,12.4,0.0,12.0,5.875,8,0.5,16,2020
2020,16,Sakhir Grand Prix,bahrain,2020-12-06,kevin_magnussen,MAG,haas,15,15,Finished,15.0,20.0,16.0,0.0,28.0,9.0,0.0,16.2,16.0,0.4,14.6,13.2,5,0.0,16,2020
2020,16,Sakhir Grand Prix,bahrain,2020-12-06,aitken,AIT,williams,16,17,Finished,17.0,0.0,20.0,0.0,1.0,10.0,0.0,11.0,11.0,0.1,13.4,11.0,0,0.0,16,2020
2020,16,Sakhir Grand Prix,bahrain,2020-12-06,pietro_fittipaldi,FIT,haas,17,20,Finished,20.0,0.0,20.0,0.0,28.0,9.0,0.0,11.0,11.0,0.1,14.6,11.0,0,0.0,16,2020
2020,16,Sakhir Grand Prix,bahrain,2020-12-06,latifi,LAT,williams,18,16,Engine,16.0,0.0,20.0,0.0,1.0,10.0,0.0,15.2,15.2,0.2,13.4,11.0,0,0.0,16,2020
2020,16,Sakhir Grand Prix,bahrain,2020-12-06,max_verstappen,VER,red_bull,19,3,Accident,3.0,278.0,3.0,3.0,417.0,3.0,3.0,6.0,7.3,0.3,5.6,13.0,5,0.0,16,2020
2020,16,Sakhir Grand Prix,bahrain,2020-12-06,leclerc,LEC,ferrari,20,4,Collision,4.0,264.0,4.0,2.0,504.0,2.0,3.0,6.0,9.6,0.2,5.8,7.5,2,0.5,16,2020
2020,17,Abu Dhabi Grand Prix,yas_marina,2020-12-13,max_verstappen,VER,red_bull,1,1,Finished,1.0,278.0,3.0,3.0,417.0,3.0,3.0,9.4,9.0,0.4,6.4,6.0,5,0.4,17,2020
2020,17,Abu Dhabi Grand Prix,yas_marina,2020-12-13,bottas,BOT,mercedes,2,2,Finished,2.0,326.0,2.0,4.0,739.0,1.0,15.0,6.8,6.3,0.1,2.4,8.857142857142858,7,0.2857142857142857,17,2020
2020,17,Abu Dhabi Grand Prix,yas_marina,2020-12-13,hamilton,HAM,mercedes,3,3,Finished,3.0,413.0,1.0,11.0,739.0,1.0,15.0,1.0,1.8,0.0,2.4,3.9,10,0.8,17,2020
2020,17,Abu Dhabi Grand Prix,yas_marina,2020-12-13,albon,ALB,red_bull,4,5,Finished,5.0,92.0,8.0,0.0,417.0,3.0,3.0,8.6,9.4,0.1,6.4,6.0,1,0.0,17,2020
2020,17,Abu Dhabi Grand Prix,yas_marina,2020-12-13,norris,NOR,mclaren,5,4,Finished,4.0,49.0,11.0,0.0,145.0,4.0,0.0,8.6,9.1,0.1,5.2,8.0,1,0.0,17,2020
2020,17,Abu Dhabi Grand Prix,yas_marina,2020-12-13,sainz,SAI,mclaren,6,6,Finished,6.0,96.0,6.0,0.0,145.0,4.0,0.0,5.4,9.1,0.3,5.2,12.8,5,0.0,17,2020
2020,17,Abu Dhabi Grand Prix,yas_marina,2020-12-13,ricciardo,RIC,renault,7,11,Finished,11.0,54.0,9.0,0.0,91.0,5.0,0.0,6.8,5.6,0.0,6.0,10.777777777777779,9,0.0,17,2020
2020,17,Abu Dhabi Grand Prix,yas_marina,2020-12-13,gasly,GAS,alphatauri,8,9,Finished,9.0,95.0,7.0,0.0,0.0,10.0,0.0,11.0,9.9,0.2,6.8,16.666666666666668,3,0.0,17,2020
2020,17,Abu Dhabi Grand Prix,yas_marina,2020-12-13,ocon,OCO,renault,9,10,Finished,10.0,0.0,20.0,0.0,91.0,5.0,0.0,9.8,10.1,0.3,6.0,12.666666666666666,3,0.0,17,2020
2020,17,Abu Dhabi Grand Prix,yas_marina,2020-12-13,stroll,STR,racing_point,10,8,Finished,8.0,21.0,15.0,0.0,73.0,7.0,0.0,12.8,11.3,0.4,6.8,17.0,3,0.0,17,2020
2020,17,Abu Dhabi Grand Prix,yas_marina,2020-12-13,kvyat,KVY,alphatauri,11,7,+1 Lap,7.0,37.0,13.0,0.0,0.0,10.0,0.0,10.6,10.3,0.0,6.8,14.5,4,0.0,17,2020
2020,17,Abu Dhabi Grand Prix,yas_marina,2020-12-13,raikkonen,RAI,alfa,12,15,+1 Lap,15.0,43.0,12.0,0.0,57.0,8.0,0.0,12.8,12.4,0.0,12.6,9.75,8,0.25,17,2020
2020,17,Abu Dhabi Grand Prix,yas_marina,2020-12-13,leclerc,LEC,ferrari,13,12,+1 Lap,12.0,264.0,4.0,2.0,504.0,2.0,3.0,8.6,9.6,0.2,6.8,5.0,2,0.5,17,2020
2020,17,Abu Dhabi Grand Prix,yas_marina,2020-12-13,vettel,VET,ferrari,14,13,+1 Lap,13.0,240.0,5.0,1.0,504.0,2.0,3.0,10.0,11.7,0.1,6.8,5.4,10,0.6,17,2020
2020,17,Abu Dhabi Grand Prix,yas_marina,2020-12-13,russell,RUS,williams,15,16,+1 Lap,16.0,0.0,20.0,0.0,1.0,10.0,0.0,13.4,14.9,0.3,13.8,17.0,1,0.0,17,2020
2020,17,Abu Dhabi Grand Prix,yas_marina,2020-12-13,giovinazzi,GIO,alfa,16,14,+1 Lap,14.0,14.0,17.0,0.0,57.0,8.0,0.0,14.8,14.6,0.3,12.6,16.0,1,0.0,17,2020
2020,17,Abu Dhabi Grand Prix,yas_marina,2020-12-13,latifi,LAT,williams,17,18,+1 Lap,18.0,0.0,20.0,0.0,1.0,10.0,0.0,16.0,15.2,0.3,13.8,11.0,0,0.0,17,2020
2020,17,Abu Dhabi Grand Prix,yas_marina,2020-12-13,kevin_magnussen,MAG,haas,18,20,+1 Lap,20.0,20.0,16.0,0.0,28.0,9.0,0.0,16.6,16.0,0.4,15.8,14.0,5,0.0,17,2020
2020,17,Abu Dhabi Grand Prix,yas_marina,2020-12-13,pietro_fittipaldi,FIT,haas,19,17,+2 Laps,17.0,0.0,20.0,0.0,28.0,9.0,0.0,17.0,17.0,0.0,15.8,11.0,0,0.0,17,2020
2020,17,Abu Dhabi Grand Prix,yas_marina,2020-12-13,perez,PER,racing_point,20,19,Transmission,19.0,52.0,10.0,0.0,73.0,7.0,0.0,6.8,6.7,0.1,6.8,8.555555555555555,9,0.0,17,2020
2021,1,Bahrain Grand Prix,bahrain,2021-03-28,hamilton,HAM,mercedes,1,2,Finished,2.0,347.0,1.0,11.0,573.0,1.0,13.0,1.4,2.0,0.0,2.6,2.8,10,0.8,1,2021
2021,1,Bahrain Grand Prix,bahrain,2021-03-28,max_verstappen,VER,red_bull,2,1,Finished,1.0,214.0,3.0,2.0,319.0,2.0,2.0,9.0,8.8,0.4,6.0,12.285714285714286,7,0.14285714285714285,1,2021
2021,1,Bahrain Grand Prix,bahrain,2021-03-28,bottas,BOT,mercedes,3,3,Finished,3.0,223.0,2.0,2.0,573.0,1.0,13.0,6.8,6.3,0.1,2.6,6.444444444444445,9,0.3333333333333333,1,2021
2021,1,Bahrain Grand Prix,bahrain,2021-03-28,norris,NOR,mclaren,4,7,Finished,7.0,97.0,9.0,0.0,202.0,3.0,0.0,7.0,8.9,0.1,5.0,6.666666666666667,3,0.0,1,2021
2021,1,Bahrain Grand Prix,bahrain,2021-03-28,perez,PER,red_bull,5,0,Finished,11.0,125.0,4.0,1.0,319.0,2.0,2.0,9.4,7.7,0.2,6.0,9.6,10,0.2,1,2021
2021,1,Bahrain Grand Prix,bahrain,2021-03-28,leclerc,LEC,ferrari,6,4,Finished,4.0,98.0,8.0,0.0,131.0,6.0,0.0,10.4,9.5,0.2,8.6,11.25,4,0.25,1,2021
2021,1,Bahrain Grand Prix,bahrain,2021-03-28,ricciardo,RIC,mclaren,7,6,Finished,6.0,119.0,5.0,0.0,202.0,3.0,0.0,6.4,5.9,0.0,5.0,10.0,10,0.0,1,2021
2021,1,Bahrain Grand Prix,bahrain,2021-03-28,sainz,SAI,ferrari,8,8,Finished,8.0,105.0,6.0,0.0,131.0,6.0,0.0,5.4,7.7,0.2,8.6,13.142857142857142,7,0.0,1,2021
2021,1,Bahrain Grand Prix,bahrain,2021-03-28,tsunoda,TSU,alphatauri,9,13,Finished,13.0,0.0,20.0,0.0,107.0,7.0,1.0,11.0,11.0,0.1,7.4,11.0,0,0.0,1,2021
2021,1,Bahrain Grand Prix,bahrain,2021-03-28,stroll,STR,aston_martin,10,10,Finished,10.0,75.0,11.0,0.0,0.0,10.0,0.0,10.8,11.9,0.4,6.0,13.4,5,0.2,1,2021
2021,1,Bahrain Grand Prix,bahrain,2021-03-28,raikkonen,RAI,alfa,11,14,Finished,14.0,4.0,16.0,0.0,8.0,8.0,0.0,13.0,12.4,0.0,12.8,7.6,10,0.4,1,2021
2021,1,Bahrain Grand Prix,bahrain,2021-03-28,giovinazzi,GIO,alfa,12,12,+1 Lap,12.0,4.0,17.0,0.0,8.0,8.0,0.0,15.0,14.4,0.2,12.8,13.333333333333334,3,0.0,1,2021
2021,1,Bahrain Grand Prix,bahrain,2021-03-28,ocon,OCO,alpine,13,16,+1 Lap,16.0,62.0,12.0,0.0,0.0,10.0,0.0,10.0,10.5,0.3,6.0,7.75,4,0.25,1,2021
2021,1,Bahrain Grand Prix,bahrain,2021-03-28,russell,RUS,williams,14,15,+1 Lap,15.0,3.0,18.0,0.0,0.0,10.0,0.0,13.6,14.5,0.2,14.0,12.0,3,0.0,1,2021
2021,1,Bahrain Grand Prix,bahrain,2021-03-28,vettel,VET,aston_martin,15,20,+1 Lap,18.0,33.0,13.0,0.0,0.0,10.0,0.0,10.8,11.8,0.1,6.0,6.363636363636363,11,0.36363636363636365,1,2021
2021,1,Bahrain Grand Prix,bahrain,2021-03-28,mick_schumacher,MSC,haas,16,18,+1 Lap,19.0,0.0,20.0,0.0,3.0,9.0,0.0,11.0,11.0,0.1,16.2,11.0,0,0.0,1,2021
2021,1,Bahrain Grand Prix,bahrain,2021-03-28,gasly,GAS,alphatauri,17,5,Retired,5.0,75.0,10.0,1.0,107.0,7.0,1.0,11.6,9.9,0.2,7.4,7.25,4,0.0,1,2021
2021,1,Bahrain Grand Prix,bahrain,2021-03-28,latifi,LAT,williams,18,17,Retired,17.0,0.0,21.0,0.0,0.0,10.0,0.0,15.8,15.3,0.3,14.0,16.0,2,0.0,1,2021
2021,1,Bahrain Grand Prix,bahrain,2021-03-28,alonso,ALO,alpine,19,9,Brakes,9.0,0.0,20.0,0.0,0.0,10.0,0.0,16.0,14.6,0.4,6.0,8.142857142857142,7,0.14285714285714285,1,2021
2021,1,Bahrain Grand Prix,bahrain,2021-03-28,mazepin,MAZ,haas,20,19,Accident,20.0,0.0,20.0,0.0,3.0,9.0,0.0,11.0,11.0,0.1,16.2,11.0,0,0.0,1,2021
2021,2,Emilia Romagna Grand Prix,imola,2021-04-18,max_verstappen,VER,red_bull,1,3,Finished,3.0,214.0,3.0,2.0,319.0,2.0,2.0,6.0,7.3,0.3,3.4,17.0,1,0.0,2,2021
2021,2,Emilia Romagna Grand Prix,imola,2021-04-18,hamilton,HAM,mercedes,2,1,Finished,1.0,347.0,1.0,11.0,573.0,1.0,13.0,1.4,2.0,0.0,2.6,1.0,1,1.0,2,2021
2021,2,Emilia Romagna Grand Prix,imola,2021-04-18,norris,NOR,mclaren,3,7,Finished,7.0,97.0,9.0,0.0,202.0,3.0,0.0,6.2,8.9,0.1,4.4,8.0,1,0.0,2,2021
2021,2,Emilia Romagna Grand Prix,imola,2021-04-18,leclerc,LEC,ferrari,4,4,Finished,4.0,98.0,8.0,0.0,131.0,6.0,0.0,10.6,8.3,0.1,8.8,5.0,1,0.0,2,2021
2021,2,Emilia Romagna Grand Prix,imola,2021-04-18,sainz,SAI,ferrari,5,11,Finished,11.0,105.0,6.0,0.0,131.0,6.0,0.0,5.6,8.3,0.2,8.8,7.0,1,0.0,2,2021
2021,2,Emilia Romagna Grand Prix,imola,2021-04-18,ricciardo,RIC,mclaren,6,6,Finished,6.0,119.0,5.0,0.0,202.0,3.0,0.0,7.2,6.0,0.0,4.4,3.0,1,1.0,2,2021
2021,2,Emilia Romagna Grand Prix,imola,2021-04-18,gasly,GAS,alphatauri,7,5,Finished,5.0,75.0,10.0,1.0,107.0,7.0,1.0,11.0,11.5,0.3,8.4,20.0,1,0.0,2,2021
2021,2,Emilia Romagna Grand Prix,imola,2021-04-18,stroll,STR,aston_martin,8,10,Finished,10.0,75.0,11.0,0.0,0.0,10.0,0.0,10.2,12.0,0.4,10.0,13.0,1,0.0,2,2021
2021,2,Emilia Romagna Grand Prix,imola,2021-04-18,ocon,OCO,alpine,9,9,Finished,9.0,62.0,12.0,0.0,0.0,10.0,0.0,8.8,11.0,0.3,13.0,19.0,1,0.0,2,2021
2021,2,Emilia Romagna Grand Prix,imola,2021-04-18,alonso,ALO,alpine,10,15,Finished,15.0,0.0,20.0,0.0,0.0,10.0,0.0,17.0,15.7,0.5,13.0,11.0,0,0.0,2,2021
2021,2,Emilia Romagna Grand Prix,imola,2021-04-18,perez,PER,red_bull,11,2,Finished,2.0,125.0,4.0,1.0,319.0,2.0,2.0,9.2,7.2,0.2,3.4,6.0,1,0.0,2,2021
2021,2,Emilia Romagna Grand Prix,imola,2021-04-18,tsunoda,TSU,alphatauri,12,20,Finished,20.0,0.0,20.0,0.0,107.0,7.0,1.0,9.0,9.0,0.0,8.4,11.0,0,0.0,2,2021
2021,2,Emilia Romagna Grand Prix,imola,2021-04-18,raikkonen,RAI,alfa,13,16,Finished,16.0,4.0,16.0,0.0,8.0,8.0,0.0,13.4,12.2,0.0,13.2,9.0,1,0.0,2,2021
2021,2,Emilia Romagna Grand Prix,imola,2021-04-18,giovinazzi,GIO,alfa,14,17,+1 Lap,17.0,4.0,17.0,0.0,8.0,8.0,0.0,15.4,14.0,0.2,13.2,10.0,1,0.0,2,2021
2021,2,Emilia Romagna Grand Prix,imola,2021-04-18,vettel,VET,aston_martin,15,0,Gearbox,13.0,33.0,13.0,0.0,0.0,10.0,0.0,11.4,11.3,0.0,10.0,12.0,1,0.0,2,2021
2021,2,Emilia Romagna Grand Prix,imola,2021-04-18,mick_schumacher,MSC,haas,16,18,+2 Laps,18.0,0.0,20.0,0.0,3.0,9.0,0.0,16.0,16.0,0.0,16.6,11.0,0,0.0,2,2021
2021,2,Emilia Romagna Grand Prix,imola,2021-04-18,mazepin,MAZ,haas,17,19,+2 Laps,19.0,0.0,20.0,0.0,3.0,9.0,0.0,20.0,20.0,1.0,16.6,11.0,0,0.0,2,2021
2021,2,Emilia Romagna Grand Prix,imola,2021-04-18,bottas,BOT,mercedes,18,8,Collision,8.0,223.0,2.0,2.0,573.0,1.0,13.0,7.0,6.1,0.1,2.6,2.0,1,1.0,2,2021
2021,2,Emilia Romagna Grand Prix,imola,2021-04-18,russell,RUS,williams,19,12,Collision,12.0,3.0,18.0,0.0,0.0,10.0,0.0,13.2,14.5,0.2,14.6,16.0,1,0.0,2,2021
2021,2,Emilia Romagna Grand Prix,imola,2021-04-18,latifi,LAT,williams,20,14,Collision,14.0,0.0,21.0,0.0,0.0,10.0,0.0,17.2,16.0,0.4,14.6,11.0,1,0.0,2,2021
2021,3,Portuguese Grand Prix,portimao,2021-05-02,hamilton,HAM,mercedes,1,2,Finished,2.0,347.0,1.0,11.0,573.0,1.0,13.0,1.6,1.5,0.0,2.8,1.0,1,1.0,3,2021
2021,3,Portuguese Grand Prix,portimao,2021-05-02,max_verstappen,VER,red_bull,2,3,Finished,3.0,214.0,3.0,2.0,319.0,2.0,2.0,5.0,5.5,0.2,2.4,3.0,1,1.0,3,2021
2021,3,Portuguese Grand Prix,portimao,2021-05-02,bottas,BOT,mercedes,3,1,Finished,1.0,223.0,2.0,2.0,573.0,1.0,13.0,7.8,7.7,0.2,2.8,2.0,1,1.0,3,2021
2021,3,Portuguese Grand Prix,portimao,2021-05-02,perez,PER,red_bull,4,4,Finished,4.0,125.0,4.0,1.0,319.0,2.0,2.0,11.0,7.8,0.2,2.4,7.0,1,0.0,3,2021
2021,3,Portuguese Grand Prix,portimao,2021-05-02,norris,NOR,mclaren,5,7,Finished,7.0,97.0,9.0,0.0,202.0,3.0,0.0,5.2,8.6,0.1,4.0,13.0,1,0.0,3,2021
2021,3,Portuguese Grand Prix,portimao,2021-05-02,leclerc,LEC,ferrari,6,8,Finished,8.0,98.0,8.0,0.0,131.0,6.0,0.0,10.6,7.9,0.1,9.0,4.0,1,0.0,3,2021
2021,3,Portuguese Grand Prix,portimao,2021-05-02,ocon,OCO,alpine,7,6,Finished,6.0,62.0,12.0,0.0,0.0,10.0,0.0,8.4,10.5,0.2,11.0,8.0,1,0.0,3,2021
2021,3,Portuguese Grand Prix,portimao,2021-05-02,alonso,ALO,alpine,8,13,Finished,13.0,0.0,20.0,0.0,0.0,10.0,0.0,15.4,14.8,0.4,11.0,11.0,0,0.0,3,2021
2021,3,Portuguese Grand Prix,portimao,2021-05-02,ricciardo,RIC,mclaren,9,16,Finished,16.0,119.0,5.0,0.0,202.0,3.0,0.0,6.4,6.2,0.0,4.0,9.0,1,0.0,3,2021
2021,3,Portuguese Grand Prix,portimao,2021-05-02,gasly,GAS,alphatauri,10,9,Finished,9.0,75.0,10.0,1.0,107.0,7.0,1.0,9.8,10.2,0.2,7.4,5.0,1,0.0,3,2021
2021,3,Portuguese Grand Prix,portimao,2021-05-02,sainz,SAI,ferrari,11,5,Finished,5.0,105.0,6.0,0.0,131.0,6.0,0.0,5.6,7.0,0.1,9.0,6.0,1,0.0,3,2021
2021,3,Portuguese Grand Prix,portimao,2021-05-02,giovinazzi,GIO,alfa,12,12,+1 Lap,12.0,4.0,17.0,0.0,8.0,8.0,0.0,14.2,13.7,0.1,12.8,15.0,1,0.0,3,2021
2021,3,Portuguese Grand Prix,portimao,2021-05-02,vettel,VET,aston_martin,13,10,+1 Lap,10.0,33.0,13.0,0.0,0.0,10.0,0.0,13.8,11.8,0.1,9.0,10.0,1,0.0,3,2021
2021,3,Portuguese Grand Prix,portimao,2021-05-02,stroll,STR,aston_martin,14,17,+1 Lap,17.0,75.0,11.0,0.0,0.0,10.0,0.0,10.0,12.5,0.4,9.0,20.0,1,0.0,3,2021
2021,3,Portuguese Grand Prix,portimao,2021-05-02,tsunoda,TSU,alphatauri,15,14,+1 Lap,14.0,0.0,20.0,0.0,107.0,7.0,1.0,10.5,10.5,0.0,7.4,11.0,0,0.0,3,2021
2021,3,Portuguese Grand Prix,portimao,2021-05-02,russell,RUS,williams,16,11,+1 Lap,11.0,3.0,18.0,0.0,0.0,10.0,0.0,13.8,15.3,0.3,15.2,14.0,1,0.0,3,2021
2021,3,Portuguese Grand Prix,portimao,2021-05-02,mick_schumacher,MSC,haas,17,19,+2 Laps,19.0,0.0,20.0,0.0,3.0,9.0,0.0,16.0,16.0,0.0,16.4,11.0,0,0.0,3,2021
2021,3,Portuguese Grand Prix,portimao,2021-05-02,latifi,LAT,williams,18,18,+2 Laps,18.0,0.0,21.0,0.0,0.0,10.0,0.0,17.4,16.5,0.4,15.2,18.0,1,0.0,3,2021
2021,3,Portuguese Grand Prix,portimao,2021-05-02,mazepin,MAZ,haas,19,20,+2 Laps,20.0,0.0,20.0,0.0,3.0,9.0,0.0,18.5,18.5,0.5,16.4,11.0,0,0.0,3,2021
2021,3,Portuguese Grand Prix,portimao,2021-05-02,raikkonen,RAI,alfa,20,15,Collision damage,15.0,4.0,16.0,0.0,8.0,8.0,0.0,13.0,12.6,0.0,12.8,11.0,1,0.0,3,2021
2021,4,Spanish Grand Prix,catalunya,2021-05-09,hamilton,HAM,mercedes,1,1,Finished,1.0,347.0,1.0,11.0,573.0,1.0,13.0,1.6,1.5,0.0,2.8,5.818181818181818,11,0.6363636363636364,4,2021
2021,4,Spanish Grand Prix,catalunya,2021-05-09,max_verstappen,VER,red_bull,2,2,Finished,2.0,214.0,3.0,2.0,319.0,2.0,2.0,5.0,5.5,0.2,2.4,6.5,6,0.6666666666666666,4,2021
2021,4,Spanish Grand Prix,catalunya,2021-05-09,bottas,BOT,mercedes,3,3,Finished,3.0,223.0,2.0,2.0,573.0,1.0,13.0,6.8,7.9,0.2,2.8,6.75,8,0.375,4,2021
2021,4,Spanish Grand Prix,catalunya,2021-05-09,leclerc,LEC,ferrari,4,4,Finished,4.0,98.0,8.0,0.0,131.0,6.0,0.0,9.8,7.9,0.1,8.2,11.666666666666666,3,0.0,4,2021
2021,4,Spanish Grand Prix,catalunya,2021-05-09,perez,PER,red_bull,5,8,Finished,8.0,125.0,4.0,1.0,319.0,2.0,2.0,8.2,7.8,0.2,2.4,10.0,10,0.0,4,2021
2021,4,Spanish Grand Prix,catalunya,2021-05-09,ricciardo,RIC,mclaren,6,7,Finished,7.0,119.0,5.0,0.0,202.0,3.0,0.0,6.8,6.6,0.0,4.2,7.555555555555555,9,0.2222222222222222,4,2021
2021,4,Spanish Grand Prix,catalunya,2021-05-09,sainz,SAI,ferrari,7,6,Finished,6.0,105.0,6.0,0.0,131.0,6.0,0.0,6.8,6.2,0.0,8.2,7.166666666666667,6,0.0,4,2021
2021,4,Spanish Grand Prix,catalunya,2021-05-09,norris,NOR,mclaren,8,9,+1 Lap,9.0,97.0,9.0,0.0,202.0,3.0,0.0,5.4,7.6,0.1,4.2,15.0,2,0.0,4,2021
2021,4,Spanish Grand Prix,catalunya,2021-05-09,ocon,OCO,alpine,9,5,+1 Lap,5.0,62.0,12.0,0.0,0.0,10.0,0.0,8.0,10.5,0.2,9.666666666666666,11.333333333333334,3,0.0,4,2021
2021,4,Spanish Grand Prix,catalunya,2021-05-09,gasly,GAS,alphatauri,10,12,+1 Lap,12.0,75.0,10.0,1.0,107.0,7.0,1.0,10.6,10.3,0.2,8.2,11.333333333333334,3,0.0,4,2021
2021,4,Spanish Grand Prix,catalunya,2021-05-09,stroll,STR,aston_martin,11,11,+1 Lap,11.0,75.0,11.0,0.0,0.0,10.0,0.0,9.0,12.6,0.3,10.333333333333334,12.5,4,0.0,4,2021
2021,4,Spanish Grand Prix,catalunya,2021-05-09,raikkonen,RAI,alfa,12,17,+1 Lap,17.0,4.0,16.0,0.0,8.0,8.0,0.0,14.0,13.2,0.1,12.2,9.333333333333334,9,0.3333333333333333,4,2021
2021,4,Spanish Grand Prix,catalunya,2021-05-09,vettel,VET,aston_martin,13,13,+1 Lap,13.0,33.0,13.0,0.0,0.0,10.0,0.0,13.8,11.8,0.1,10.333333333333334,3.727272727272727,11,0.45454545454545453,4,2021
2021,4,Spanish Grand Prix,catalunya,2021-05-09,russell,RUS,williams,14,15,+1 Lap,15.0,3.0,18.0,0.0,0.0,10.0,0.0,14.6,15.1,0.3,16.0,17.0,2,0.0,4,2021
2021,4,Spanish Grand Prix,catalunya,2021-05-09,giovinazzi,GIO,alfa,15,14,+1 Lap,14.0,4.0,17.0,0.0,8.0,8.0,0.0,13.4,13.8,0.1,12.2,16.0,2,0.0,4,2021
2021,4,Spanish Grand Prix,catalunya,2021-05-09,latifi,LAT,williams,16,19,+1 Lap,19.0,0.0,21.0,0.0,0.0,10.0,0.0,18.2,16.7,0.4,16.0,18.0,1,0.0,4,2021
2021,4,Spanish Grand Prix,catalunya,2021-05-09,alonso,ALO,alpine,17,10,+1 Lap,10.0,0.0,20.0,0.0,0.0,10.0,0.0,13.0,13.8,0.3,9.666666666666666,8.333333333333334,9,0.3333333333333333,4,2021
2021,4,Spanish Grand Prix,catalunya,2021-05-09,mick_schumacher,MSC,haas,18,18,+2 Laps,18.0,0.0,20.0,0.0,3.0,9.0,0.0,16.333333333333332,16.333333333333332,0.0,16.4,11.0,0,0.0,4,2021
2021,4,Spanish Grand Prix,catalunya,2021-05-09,mazepin,MAZ,haas,19,20,+2 Laps,20.0,0.0,20.0,0.0,3.0,9.0,0.0,18.666666666666668,18.666666666666668,0.3333333333333333,16.4,11.0,0,0.0,4,2021
2021,4,Spanish Grand Prix,catalunya,2021-05-09,tsunoda,TSU,alphatauri,20,16,Electrical,16.0,0.0,20.0,0.0,107.0,7.0,1.0,12.0,12.0,0.0,8.2,11.0,0,0.0,4,2021
2021,5,Monaco Grand Prix,monaco,2021-05-23,max_verstappen,VER,red_bull,1,2,Finished,2.0,214.0,3.0,2.0,319.0,2.0,2.0,1.6,5.5,0.2,1.6,10.8,5,0.0,5,2021
2021,5,Monaco Grand Prix,monaco,2021-05-23,sainz,SAI,ferrari,2,4,Finished,4.0,105.0,6.0,0.0,131.0,6.0,0.0,7.4,6.4,0.0,6.6,8.0,5,0.0,5,2021
2021,5,Monaco Grand Prix,monaco,2021-05-23,norris,NOR,mclaren,3,5,Finished,5.0,97.0,9.0,0.0,202.0,3.0,0.0,5.0,6.8,0.0,4.6,11.0,1,0.0,5,2021
2021,5,Monaco Grand Prix,monaco,2021-05-23,perez,PER,red_bull,4,9,Finished,9.0,125.0,4.0,1.0,319.0,2.0,2.0,9.0,7.9,0.2,1.6,13.222222222222221,9,0.1111111111111111,5,2021
2021,5,Monaco Grand Prix,monaco,2021-05-23,vettel,VET,aston_martin,5,8,Finished,8.0,33.0,13.0,0.0,0.0,10.0,0.0,14.0,12.0,0.1,10.5,4.0,10,0.7,5,2021
2021,5,Monaco Grand Prix,monaco,2021-05-23,gasly,GAS,alphatauri,6,6,Finished,6.0,75.0,10.0,1.0,107.0,7.0,1.0,10.4,10.7,0.2,8.8,6.0,2,0.0,5,2021
2021,5,Monaco Grand Prix,monaco,2021-05-23,hamilton,HAM,mercedes,7,7,Finished,7.0,347.0,1.0,11.0,573.0,1.0,13.0,1.6,1.3,0.0,1.4,3.7,10,0.5,5,2021
2021,5,Monaco Grand Prix,monaco,2021-05-23,stroll,STR,aston_martin,8,13,+1 Lap,13.0,75.0,11.0,0.0,0.0,10.0,0.0,10.6,11.7,0.2,10.5,16.0,3,0.0,5,2021
2021,5,Monaco Grand Prix,monaco,2021-05-23,ocon,OCO,alpine,9,11,+1 Lap,11.0,62.0,12.0,0.0,0.0,10.0,0.0,9.4,9.6,0.1,9.5,9.0,2,0.0,5,2021
2021,5,Monaco Grand Prix,monaco,2021-05-23,giovinazzi,GIO,alfa,10,10,+1 Lap,10.0,4.0,17.0,0.0,8.0,8.0,0.0,13.8,14.3,0.1,12.0,19.0,1,0.0,5,2021
2021,5,Monaco Grand Prix,monaco,2021-05-23,raikkonen,RAI,alfa,11,14,+1 Lap,14.0,4.0,16.0,0.0,8.0,8.0,0.0,13.6,13.2,0.1,12.0,10.125,8,0.125,5,2021
2021,5,Monaco Grand Prix,monaco,2021-05-23,ricciardo,RIC,mclaren,12,12,+1 Lap,12.0,119.0,5.0,0.0,202.0,3.0,0.0,7.0,6.9,0.0,4.6,7.25,8,0.5,5,2021
2021,5,Monaco Grand Prix,monaco,2021-05-23,alonso,ALO,alpine,13,17,+1 Lap,17.0,0.0,20.0,0.0,0.0,10.0,0.0,13.0,14.8,0.3,9.5,8.25,8,0.25,5,2021
2021,5,Monaco Grand Prix,monaco,2021-05-23,russell,RUS,williams,14,15,+1 Lap,15.0,3.0,18.0,0.0,0.0,10.0,0.0,15.6,14.5,0.2,15.6,15.0,1,0.0,5,2021
2021,5,Monaco Grand Prix,monaco,2021-05-23,latifi,LAT,williams,15,18,+1 Lap,18.0,0.0,21.0,0.0,0.0,10.0,0.0,17.8,16.9,0.4,15.6,11.0,0,0.0,5,2021
2021,5,Monaco Grand Prix,monaco,2021-05-23,tsunoda,TSU,alphatauri,16,16,+1 Lap,16.0,0.0,20.0,0.0,107.0,7.0,1.0,14.0,14.0,0.25,8.8,11.0,0,0.0,5,2021
2021,5,Monaco Grand Prix,monaco,2021-05-23,mazepin,MAZ,haas,17,19,+3 Laps,19.0,0.0,20.0,0.0,3.0,9.0,0.0,18.75,18.75,0.25,17.0,11.0,0,0.0,5,2021
2021,5,Monaco Grand Prix,monaco,2021-05-23,mick_schumacher,MSC,haas,18,20,+3 Laps,20.0,0.0,20.0,0.0,3.0,9.0,0.0,16.75,16.75,0.0,17.0,11.0,0,0.0,5,2021
2021,5,Monaco Grand Prix,monaco,2021-05-23,bottas,BOT,mercedes,19,3,Wheel nut,3.0,223.0,2.0,2.0,573.0,1.0,13.0,5.8,6.3,0.1,1.4,9.428571428571429,7,0.14285714285714285,5,2021
2021,5,Monaco Grand Prix,monaco,2021-05-23,leclerc,LEC,ferrari,20,1,Driveshaft,1.0,98.0,8.0,0.0,131.0,6.0,0.0,6.6,7.6,0.1,6.6,19.0,2,0.0,5,2021
2021,6,Azerbaijan Grand Prix,baku,2021-06-06,perez,PER,red_bull,1,6,Finished,6.0,125.0,4.0,1.0,319.0,2.0,2.0,5.8,7.6,0.2,1.6,6.75,4,0.5,6,2021
2021,6,Azerbaijan Grand Prix,baku,2021-06-06,vettel,VET,aston_martin,2,11,Finished,11.0,33.0,13.0,0.0,0.0,10.0,0.0,12.2,11.5,0.1,9.4,3.25,4,0.5,6,2021
2021,6,Azerbaijan Grand Prix,baku,2021-06-06,gasly,GAS,alphatauri,3,4,Finished,4.0,75.0,10.0,1.0,107.0,7.0,1.0,10.0,10.8,0.2,8.4,14.5,2,0.0,6,2021
2021,6,Azerbaijan Grand Prix,baku,2021-06-06,leclerc,LEC,ferrari,4,1,Finished,1.0,98.0,8.0,0.0,131.0,6.0,0.0,8.0,9.2,0.2,4.4,5.5,2,0.0,6,2021
2021,6,Azerbaijan Grand Prix,baku,2021-06-06,norris,NOR,mclaren,5,9,Finished,9.0,97.0,9.0,0.0,202.0,3.0,0.0,4.6,5.8,0.0,4.2,8.0,1,0.0,6,2021
2021,6,Azerbaijan Grand Prix,baku,2021-06-06,alonso,ALO,alpine,6,8,Finished,8.0,0.0,20.0,0.0,0.0,10.0,0.0,13.4,14.7,0.3,9.4,11.666666666666666,3,0.0,6,2021
2021,6,Azerbaijan Grand Prix,baku,2021-06-06,tsunoda,TSU,alphatauri,7,7,Finished,7.0,0.0,20.0,0.0,107.0,7.0,1.0,14.4,14.4,0.2,8.4,11.0,0,0.0,6,2021
2021,6,Azerbaijan Grand Prix,baku,2021-06-06,sainz,SAI,ferrari,8,5,Finished,5.0,105.0,6.0,0.0,131.0,6.0,0.0,6.6,6.0,0.0,4.4,10.25,4,0.0,6,2021
2021,6,Azerbaijan Grand Prix,baku,2021-06-06,ricciardo,RIC,mclaren,9,13,Finished,13.0,119.0,5.0,0.0,202.0,3.0,0.0,8.0,7.2,0.0,4.2,11.25,4,0.25,6,2021
2021,6,Azerbaijan Grand Prix,baku,2021-06-06,raikkonen,RAI,alfa,10,14,Finished,14.0,4.0,16.0,0.0,8.0,8.0,0.0,13.4,13.2,0.1,11.6,7.5,4,0.25,6,2021
2021,6,Azerbaijan Grand Prix,baku,2021-06-06,giovinazzi,GIO,alfa,11,20,Finished,20.0,4.0,17.0,0.0,8.0,8.0,0.0,12.6,13.8,0.1,11.6,12.0,1,0.0,6,2021
2021,6,Azerbaijan Grand Prix,baku,2021-06-06,bottas,BOT,mercedes,12,10,Finished,10.0,223.0,2.0,2.0,573.0,1.0,13.0,9.2,8.0,0.2,2.4,5.75,4,0.5,6,2021
2021,6,Azerbaijan Grand Prix,baku,2021-06-06,mick_schumacher,MSC,haas,13,17,Finished,17.0,0.0,20.0,0.0,3.0,9.0,0.0,17.0,17.0,0.0,16.8,11.0,0,0.0,6,2021
2021,6,Azerbaijan Grand Prix,baku,2021-06-06,mazepin,MAZ,haas,14,18,Finished,18.0,0.0,20.0,0.0,3.0,9.0,0.0,18.4,18.4,0.2,16.8,11.0,0,0.0,6,2021
2021,6,Azerbaijan Grand Prix,baku,2021-06-06,hamilton,HAM,mercedes,15,2,Finished,2.0,347.0,1.0,11.0,573.0,1.0,13.0,2.4,1.9,0.0,2.4,3.25,4,0.5,6,2021
2021,6,Azerbaijan Grand Prix,baku,2021-06-06,latifi,LAT,williams,16,16,Finished,16.0,0.0,21.0,0.0,0.0,10.0,0.0,17.4,16.6,0.4,15.4,11.0,0,0.0,6,2021
2021,6,Azerbaijan Grand Prix,baku,2021-06-06,russell,RUS,williams,17,15,Gearbox,15.0,3.0,18.0,0.0,0.0,10.0,0.0,15.4,14.5,0.2,15.4,15.0,1,0.0,6,2021
2021,6,Azerbaijan Grand Prix,baku,2021-06-06,max_verstappen,VER,red_bull,18,3,Accident,3.0,214.0,3.0,2.0,319.0,2.0,2.0,1.6,5.3,0.2,1.6,11.5,4,0.0,6,2021
2021,6,Azerbaijan Grand Prix,baku,2021-06-06,stroll,STR,aston_martin,19,19,Accident,19.0,75.0,11.0,0.0,0.0,10.0,0.0,10.2,10.5,0.1,9.4,6.666666666666667,3,0.3333333333333333,6,2021
2021,6,Azerbaijan Grand Prix,baku,2021-06-06,ocon,OCO,alpine,20,12,Turbo,12.0,62.0,12.0,0.0,0.0,10.0,0.0,9.4,9.7,0.1,9.4,12.5,2,0.0,6,2021
2021,7,French Grand Prix,ricard,2021-06-20,max_verstappen,VER,red_bull,1,1,Finished,1.0,214.0,3.0,2.0,319.0,2.0,2.0,4.8,5.4,0.2,1.4,3.0,2,0.5,7,2021
2021,7,French Grand Prix,ricard,2021-06-20,hamilton,HAM,mercedes,2,2,Finished,2.0,347.0,1.0,11.0,573.0,1.0,13.0,5.2,3.3,0.0,4.6,1.0,2,1.0,7,2021
2021,7,French Grand Prix,ricard,2021-06-20,perez,PER,red_bull,3,4,Finished,4.0,125.0,4.0,1.0,319.0,2.0,2.0,5.0,7.1,0.2,1.4,15.0,2,0.0,7,2021
2021,7,French Grand Prix,ricard,2021-06-20,bottas,BOT,mercedes,4,3,Finished,3.0,223.0,2.0,2.0,573.0,1.0,13.0,11.0,9.0,0.2,4.6,4.5,2,0.5,7,2021
2021,7,French Grand Prix,ricard,2021-06-20,norris,NOR,mclaren,5,8,Finished,8.0,97.0,9.0,0.0,202.0,3.0,0.0,4.8,5.5,0.0,4.4,9.0,1,0.0,7,2021
2021,7,French Grand Prix,ricard,2021-06-20,ricciardo,RIC,mclaren,6,10,Finished,10.0,119.0,5.0,0.0,202.0,3.0,0.0,8.4,7.8,0.0,4.4,7.5,2,0.0,7,2021
2021,7,French Grand Prix,ricard,2021-06-20,gasly,GAS,alphatauri,7,6,Finished,6.0,75.0,10.0,1.0,107.0,7.0,1.0,7.2,9.1,0.1,7.2,15.0,2,0.0,7,2021
2021,7,French Grand Prix,ricard,2021-06-20,alonso,ALO,alpine,8,9,Finished,9.0,0.0,20.0,0.0,0.0,10.0,0.0,10.8,13.9,0.3,8.0,16.0,1,0.0,7,2021
2021,7,French Grand Prix,ricard,2021-06-20,vettel,VET,aston_martin,9,12,Finished,12.0,33.0,13.0,0.0,0.0,10.0,0.0,9.6,10.5,0.1,7.8,5.0,2,0.0,7,2021
2021,7,French Grand Prix,ricard,2021-06-20,stroll,STR,aston_martin,10,19,Finished,19.0,75.0,11.0,0.0,0.0,10.0,0.0,12.0,11.1,0.2,7.8,15.0,2,0.0,7,2021
2021,7,French Grand Prix,ricard,2021-06-20,sainz,SAI,ferrari,11,5,Finished,5.0,105.0,6.0,0.0,131.0,6.0,0.0,6.6,6.1,0.0,4.0,7.0,2,0.0,7,2021
2021,7,French Grand Prix,ricard,2021-06-20,russell,RUS,williams,12,14,+1 Lap,14.0,3.0,18.0,0.0,0.0,10.0,0.0,16.0,14.6,0.2,15.8,19.0,1,0.0,7,2021
2021,7,French Grand Prix,ricard,2021-06-20,tsunoda,TSU,alphatauri,13,0,+1 Lap,0.0,0.0,20.0,0.0,107.0,7.0,1.0,14.0,13.166666666666666,0.16666666666666666,7.2,11.0,0,0.0,7,2021
2021,7,French Grand Prix,ricard,2021-06-20,ocon,OCO,alpine,14,11,+1 Lap,11.0,62.0,12.0,0.0,0.0,10.0,0.0,10.8,9.8,0.1,8.0,19.0,1,0.0,7,2021
2021,7,French Grand Prix,ricard,2021-06-20,giovinazzi,GIO,alfa,15,13,+1 Lap,13.0,4.0,17.0,0.0,8.0,8.0,0.0,12.4,13.9,0.1,11.4,16.0,1,0.0,7,2021
2021,7,French Grand Prix,ricard,2021-06-20,leclerc,LEC,ferrari,16,7,+1 Lap,7.0,98.0,8.0,0.0,131.0,6.0,0.0,7.6,9.1,0.2,4.0,6.5,2,0.5,7,2021
2021,7,French Grand Prix,ricard,2021-06-20,raikkonen,RAI,alfa,17,17,+1 Lap,17.0,4.0,16.0,0.0,8.0,8.0,0.0,13.2,13.3,0.1,11.4,5.0,2,0.5,7,2021
2021,7,French Grand Prix,ricard,2021-06-20,latifi,LAT,williams,18,16,+1 Lap,16.0,0.0,21.0,0.0,0.0,10.0,0.0,17.0,17.1,0.4,15.8,11.0,0,0.0,7,2021
2021,7,French Grand Prix,ricard,2021-06-20,mick_schumacher,MSC,haas,19,15,+1 Lap,15.0,0.0,20.0,0.0,3.0,9.0,0.0,16.4,16.333333333333332,0.0,16.2,11.0,0,0.0,7,2021
2021,7,French Grand Prix,ricard,2021-06-20,mazepin,MAZ,haas,20,18,+1 Lap,18.0,0.0,20.0,0.0,3.0,9.0,0.0,17.2,17.666666666666668,0.16666666666666666,16.2,11.0,0,0.0,7,2021
2021,8,Styrian Grand Prix,red_bull_ring,2021-06-27,max_verstappen,VER,red_bull,1,1,Finished,1.0,214.0,3.0,2.0,319.0,2.0,2.0,4.8,4.9,0.2,1.4,7.857142857142857,7,0.5714285714285714,8,2021
2021,8,Styrian Grand Prix,red_bull_ring,2021-06-27,hamilton,HAM,mercedes,2,2,Finished,2.0,347.0,1.0,11.0,573.0,1.0,13.0,5.2,3.4,0.0,4.6,4.375,8,0.5,8,2021
2021,8,Styrian Grand Prix,red_bull_ring,2021-06-27,bottas,BOT,mercedes,3,5,Finished,5.0,223.0,2.0,2.0,573.0,1.0,13.0,8.2,8.0,0.2,4.6,5.375,8,0.625,8,2021
2021,8,Styrian Grand Prix,red_bull_ring,2021-06-27,perez,PER,red_bull,4,4,Finished,4.0,125.0,4.0,1.0,319.0,2.0,2.0,3.4,7.2,0.2,1.4,8.625,8,0.0,8,2021
2021,8,Styrian Grand Prix,red_bull_ring,2021-06-27,norris,NOR,mclaren,5,3,+1 Lap,3.0,97.0,9.0,0.0,202.0,3.0,0.0,5.2,5.2,0.0,4.8,4.666666666666667,3,0.3333333333333333,8,2021
2021,8,Styrian Grand Prix,red_bull_ring,2021-06-27,sainz,SAI,ferrari,6,12,+1 Lap,12.0,105.0,6.0,0.0,131.0,6.0,0.0,7.8,6.7,0.0,5.4,10.714285714285714,7,0.0,8,2021
2021,8,Styrian Grand Prix,red_bull_ring,2021-06-27,leclerc,LEC,ferrari,7,7,+1 Lap,7.0,98.0,8.0,0.0,131.0,6.0,0.0,10.0,10.3,0.2,5.4,8.0,4,0.5,8,2021
2021,8,Styrian Grand Prix,red_bull_ring,2021-06-27,stroll,STR,aston_martin,8,9,+1 Lap,9.0,75.0,11.0,0.0,0.0,10.0,0.0,12.4,11.2,0.2,8.0,12.6,5,0.0,8,2021
2021,8,Styrian Grand Prix,red_bull_ring,2021-06-27,alonso,ALO,alpine,9,8,+1 Lap,8.0,0.0,20.0,0.0,0.0,10.0,0.0,10.4,12.9,0.2,7.8,14.0,5,0.0,8,2021
2021,8,Styrian Grand Prix,red_bull_ring,2021-06-27,tsunoda,TSU,alphatauri,10,11,+1 Lap,11.0,0.0,20.0,0.0,107.0,7.0,1.0,14.2,13.142857142857142,0.14285714285714285,7.2,11.0,0,0.0,8,2021
2021,8,Styrian Grand Prix,red_bull_ring,2021-06-27,raikkonen,RAI,alfa,11,18,+1 Lap,18.0,4.0,16.0,0.0,8.0,8.0,0.0,14.0,13.5,0.1,11.8,9.125,8,0.25,8,2021
2021,8,Styrian Grand Prix,red_bull_ring,2021-06-27,vettel,VET,aston_martin,12,14,+1 Lap,14.0,33.0,13.0,0.0,0.0,10.0,0.0,8.4,11.1,0.1,8.0,10.625,8,0.25,8,2021
2021,8,Styrian Grand Prix,red_bull_ring,2021-06-27,ricciardo,RIC,mclaren,13,13,+1 Lap,13.0,119.0,5.0,0.0,202.0,3.0,0.0,8.4,7.4,0.0,4.8,10.375,8,0.125,8,2021
2021,8,Styrian Grand Prix,red_bull_ring,2021-06-27,ocon,OCO,alpine,14,17,+1 Lap,17.0,62.0,12.0,0.0,0.0,10.0,0.0,11.8,10.1,0.1,7.8,10.0,4,0.0,8,2021
2021,8,Styrian Grand Prix,red_bull_ring,2021-06-27,giovinazzi,GIO,alfa,15,15,+1 Lap,15.0,4.0,17.0,0.0,8.0,8.0,0.0,12.6,13.4,0.0,11.8,11.0,3,0.0,8,2021
2021,8,Styrian Grand Prix,red_bull_ring,2021-06-27,mick_schumacher,MSC,haas,16,19,+2 Laps,19.0,0.0,20.0,0.0,3.0,9.0,0.0,17.0,16.714285714285715,0.0,16.8,11.0,0,0.0,8,2021
2021,8,Styrian Grand Prix,red_bull_ring,2021-06-27,latifi,LAT,williams,17,16,+3 Laps,16.0,0.0,21.0,0.0,0.0,10.0,0.0,16.6,17.0,0.3,14.4,14.0,2,0.0,8,2021
2021,8,Styrian Grand Prix,red_bull_ring,2021-06-27,mazepin,MAZ,haas,18,20,+3 Laps,20.0,0.0,20.0,0.0,3.0,9.0,0.0,17.8,18.0,0.14285714285714285,16.8,11.0,0,0.0,8,2021
2021,8,Styrian Grand Prix,red_bull_ring,2021-06-27,russell,RUS,williams,19,10,Engine,10.0,3.0,18.0,0.0,0.0,10.0,0.0,14.6,14.2,0.2,14.4,16.333333333333332,3,0.0,8,2021
2021,8,Styrian Grand Prix,red_bull_ring,2021-06-27,gasly,GAS,alphatauri,20,6,Collision,6.0,75.0,10.0,1.0,107.0,7.0,1.0,7.2,8.5,0.1,7.2,10.0,4,0.0,8,2021
2021,9,Austrian Grand Prix,red_bull_ring,2021-07-04,max_verstappen,VER,red_bull,1,1,Finished,1.0,214.0,3.0,2.0,319.0,2.0,2.0,4.6,4.8,0.2,1.2,7.857142857142857,7,0.5714285714285714,9,2021
2021,9,Austrian Grand Prix,red_bull_ring,2021-07-04,bottas,BOT,mercedes,2,5,Finished,5.0,223.0,2.0,2.0,573.0,1.0,13.0,8.2,7.5,0.2,4.8,5.375,8,0.625,9,2021
2021,9,Austrian Grand Prix,red_bull_ring,2021-07-04,norris,NOR,mclaren,3,2,Finished,2.0,97.0,9.0,0.0,202.0,3.0,0.0,5.2,5.3,0.0,4.8,4.666666666666667,3,0.3333333333333333,9,2021
2021,9,Austrian Grand Prix,red_bull_ring,2021-07-04,hamilton,HAM,mercedes,4,4,Finished,4.0,347.0,1.0,11.0,573.0,1.0,13.0,5.4,3.5,0.0,4.8,4.375,8,0.5,9,2021
2021,9,Austrian Grand Prix,red_bull_ring,2021-07-04,sainz,SAI,ferrari,5,10,Finished,10.0,105.0,6.0,0.0,131.0,6.0,0.0,6.8,6.8,0.0,5.4,10.714285714285714,7,0.0,9,2021
2021,9,Austrian Grand Prix,red_bull_ring,2021-07-04,perez,PER,red_bull,6,3,Finished,3.0,125.0,4.0,1.0,319.0,2.0,2.0,3.4,5.8,0.1,1.2,8.625,8,0.0,9,2021
2021,9,Austrian Grand Prix,red_bull_ring,2021-07-04,ricciardo,RIC,mclaren,7,13,Finished,13.0,119.0,5.0,0.0,202.0,3.0,0.0,9.2,8.0,0.0,4.8,10.375,8,0.125,9,2021
2021,9,Austrian Grand Prix,red_bull_ring,2021-07-04,leclerc,LEC,ferrari,8,12,Finished,12.0,98.0,8.0,0.0,131.0,6.0,0.0,10.2,10.0,0.2,5.4,8.0,4,0.5,9,2021
2021,9,Austrian Grand Prix,red_bull_ring,2021-07-04,gasly,GAS,alphatauri,9,6,Finished,6.0,75.0,10.0,1.0,107.0,7.0,1.0,9.2,9.9,0.2,7.2,10.0,4,0.0,9,2021
2021,9,Austrian Grand Prix,red_bull_ring,2021-07-04,alonso,ALO,alpine,10,14,+1 Lap,14.0,0.0,20.0,0.0,0.0,10.0,0.0,10.6,11.8,0.1,8.2,14.0,5,0.0,9,2021
2021,9,Austrian Grand Prix,red_bull_ring,2021-07-04,russell,RUS,williams,11,8,+1 Lap,8.0,3.0,18.0,0.0,0.0,10.0,0.0,15.2,14.9,0.3,14.6,16.333333333333332,3,0.0,9,2021
2021,9,Austrian Grand Prix,red_bull_ring,2021-07-04,tsunoda,TSU,alphatauri,12,7,+1 Lap,7.0,0.0,20.0,0.0,107.0,7.0,1.0,13.2,12.75,0.125,7.2,11.0,0,0.0,9,2021
2021,9,Austrian Grand Prix,red_bull_ring,2021-07-04,stroll,STR,aston_martin,13,9,+1 Lap,9.0,75.0,11.0,0.0,0.0,10.0,0.0,11.2,10.1,0.1,7.0,12.6,5,0.0,9,2021
2021,9,Austrian Grand Prix,red_bull_ring,2021-07-04,giovinazzi,GIO,alfa,14,15,+1 Lap,15.0,4.0,17.0,0.0,8.0,8.0,0.0,13.2,13.3,0.0,11.6,11.0,3,0.0,9,2021
2021,9,Austrian Grand Prix,red_bull_ring,2021-07-04,raikkonen,RAI,alfa,15,16,+1 Lap,16.0,4.0,16.0,0.0,8.0,8.0,0.0,12.2,13.1,0.1,11.6,9.125,8,0.25,9,2021
2021,9,Austrian Grand Prix,red_bull_ring,2021-07-04,latifi,LAT,williams,16,18,+1 Lap,18.0,0.0,21.0,0.0,0.0,10.0,0.0,16.4,17.3,0.3,14.6,14.0,2,0.0,9,2021
2021,9,Austrian Grand Prix,red_bull_ring,2021-07-04,vettel,VET,aston_martin,17,11,Collision,11.0,33.0,13.0,0.0,0.0,10.0,0.0,8.2,11.0,0.1,7.0,10.625,8,0.25,9,2021
2021,9,Austrian Grand Prix,red_bull_ring,2021-07-04,mick_schumacher,MSC,haas,18,19,+2 Laps,19.0,0.0,20.0,0.0,3.0,9.0,0.0,16.8,16.625,0.0,16.6,11.0,0,0.0,9,2021
2021,9,Austrian Grand Prix,red_bull_ring,2021-07-04,mazepin,MAZ,haas,19,20,+2 Laps,20.0,0.0,20.0,0.0,3.0,9.0,0.0,17.6,18.0,0.125,16.6,11.0,0,0.0,9,2021
2021,9,Austrian Grand Prix,red_bull_ring,2021-07-04,ocon,OCO,alpine,20,17,Collision,17.0,62.0,12.0,0.0,0.0,10.0,0.0,13.2,10.6,0.1,8.2,10.0,4,0.0,9,2021
2021,10,British Grand Prix,silverstone,2021-07-18,hamilton,HAM,mercedes,1,2,Finished,2.0,347.0,1.0,11.0,573.0,1.0,13.0,6.0,3.8,0.0,5.0,2.3333333333333335,12,0.75,10,2021
2021,10,British Grand Prix,silverstone,2021-07-18,leclerc,LEC,ferrari,2,4,Finished,4.0,98.0,8.0,0.0,131.0,6.0,0.0,11.0,8.8,0.1,5.6,7.25,4,0.5,10,2021
2021,10,British Grand Prix,silverstone,2021-07-18,bottas,BOT,mercedes,3,3,Finished,3.0,223.0,2.0,2.0,573.0,1.0,13.0,8.0,6.9,0.2,5.0,6.111111111111111,9,0.4444444444444444,10,2021
2021,10,British Grand Prix,silverstone,2021-07-18,norris,NOR,mclaren,4,5,Finished,5.0,97.0,9.0,0.0,202.0,3.0,0.0,4.2,4.6,0.0,4.2,8.333333333333334,3,0.0,10,2021
2021,10,British Grand Prix,silverstone,2021-07-18,ricciardo,RIC,mclaren,5,6,Finished,6.0,119.0,5.0,0.0,202.0,3.0,0.0,9.4,8.2,0.0,4.2,8.818181818181818,11,0.09090909090909091,10,2021
2021,10,British Grand Prix,silverstone,2021-07-18,sainz,SAI,ferrari,6,10,Finished,10.0,105.0,6.0,0.0,131.0,6.0,0.0,6.4,6.9,0.0,5.6,12.857142857142858,7,0.0,10,2021
2021,10,British Grand Prix,silverstone,2021-07-18,alonso,ALO,alpine,7,7,Finished,7.0,0.0,20.0,0.0,0.0,10.0,0.0,9.2,11.1,0.1,8.4,8.333333333333334,9,0.3333333333333333,10,2021
2021,10,British Grand Prix,silverstone,2021-07-18,stroll,STR,aston_martin,8,14,Finished,14.0,75.0,11.0,0.0,0.0,10.0,0.0,11.6,11.1,0.1,7.4,11.2,5,0.0,10,2021
2021,10,British Grand Prix,silverstone,2021-07-18,ocon,OCO,alpine,9,9,Finished,9.0,62.0,12.0,0.0,0.0,10.0,0.0,15.4,12.4,0.2,8.4,7.25,4,0.0,10,2021
2021,10,British Grand Prix,silverstone,2021-07-18,tsunoda,TSU,alphatauri,10,16,Finished,16.0,0.0,20.0,0.0,107.0,7.0,1.0,11.6,12.666666666666666,0.1111111111111111,7.0,11.0,0,0.0,10,2021
2021,10,British Grand Prix,silverstone,2021-07-18,gasly,GAS,alphatauri,11,11,Finished,11.0,75.0,10.0,1.0,107.0,7.0,1.0,9.0,9.7,0.2,7.0,8.75,4,0.0,10,2021
2021,10,British Grand Prix,silverstone,2021-07-18,russell,RUS,williams,12,12,+1 Lap,12.0,3.0,18.0,0.0,0.0,10.0,0.0,14.6,15.1,0.3,14.0,14.666666666666666,3,0.0,10,2021
2021,10,British Grand Prix,silverstone,2021-07-18,giovinazzi,GIO,alfa,13,15,+1 Lap,15.0,4.0,17.0,0.0,8.0,8.0,0.0,13.0,13.4,0.0,12.0,16.333333333333332,3,0.0,10,2021
2021,10,British Grand Prix,silverstone,2021-07-18,latifi,LAT,williams,14,17,+1 Lap,17.0,0.0,21.0,0.0,0.0,10.0,0.0,16.4,17.1,0.2,14.0,17.0,2,0.0,10,2021
2021,10,British Grand Prix,silverstone,2021-07-18,raikkonen,RAI,alfa,15,13,+1 Lap,13.0,4.0,16.0,0.0,8.0,8.0,0.0,12.8,13.2,0.1,12.0,9.1,10,0.2,10,2021
2021,10,British Grand Prix,silverstone,2021-07-18,perez,PER,red_bull,16,0,+1 Lap,0.0,125.0,4.0,1.0,319.0,2.0,2.0,3.6,6.3,0.1,1.0,12.333333333333334,9,0.0,10,2021
2021,10,British Grand Prix,silverstone,2021-07-18,mazepin,MAZ,haas,17,19,+1 Lap,19.0,0.0,20.0,0.0,3.0,9.0,0.0,17.6,18.11111111111111,0.1111111111111111,16.6,11.0,0,0.0,10,2021
2021,10,British Grand Prix,silverstone,2021-07-18,mick_schumacher,MSC,haas,18,18,+1 Lap,18.0,0.0,20.0,0.0,3.0,9.0,0.0,16.8,16.77777777777778,0.0,16.6,11.0,0,0.0,10,2021
2021,10,British Grand Prix,silverstone,2021-07-18,vettel,VET,aston_martin,19,8,Retired,8.0,33.0,13.0,0.0,0.0,10.0,0.0,9.0,11.5,0.2,7.4,8.0,12,0.3333333333333333,10,2021
2021,10,British Grand Prix,silverstone,2021-07-18,max_verstappen,VER,red_bull,20,1,Collision,1.0,214.0,3.0,2.0,319.0,2.0,2.0,4.4,3.0,0.1,1.0,6.428571428571429,7,0.42857142857142855,10,2021
2021,11,Hungarian Grand Prix,hungaroring,2021-08-01,ocon,OCO,alpine,1,8,Finished,8.0,62.0,12.0,0.0,0.0,10.0,0.0,15.4,12.4,0.2,8.0,12.0,3,0.0,11,2021
2021,11,Hungarian Grand Prix,hungaroring,2021-08-01,hamilton,HAM,mercedes,2,1,Finished,1.0,347.0,1.0,11.0,573.0,1.0,13.0,4.8,3.6,0.0,3.8,3.909090909090909,11,0.6363636363636364,11,2021
2021,11,Hungarian Grand Prix,hungaroring,2021-08-01,sainz,SAI,ferrari,3,15,Finished,15.0,105.0,6.0,0.0,131.0,6.0,0.0,7.2,6.9,0.0,5.6,9.166666666666666,6,0.0,11,2021
2021,11,Hungarian Grand Prix,hungaroring,2021-08-01,alonso,ALO,alpine,4,9,Finished,9.0,0.0,20.0,0.0,0.0,10.0,0.0,8.0,10.7,0.1,8.0,4.777777777777778,9,0.3333333333333333,11,2021
2021,11,Hungarian Grand Prix,hungaroring,2021-08-01,gasly,GAS,alphatauri,5,5,Finished,5.0,75.0,10.0,1.0,107.0,7.0,1.0,10.0,10.0,0.2,7.8,10.666666666666666,3,0.0,11,2021
2021,11,Hungarian Grand Prix,hungaroring,2021-08-01,tsunoda,TSU,alphatauri,6,16,Finished,16.0,0.0,20.0,0.0,107.0,7.0,1.0,10.4,12.4,0.1,7.8,11.0,0,0.0,11,2021
2021,11,Hungarian Grand Prix,hungaroring,2021-08-01,latifi,LAT,williams,7,18,Finished,18.0,0.0,21.0,0.0,0.0,10.0,0.0,16.2,16.8,0.2,13.6,19.0,1,0.0,11,2021
2021,11,Hungarian Grand Prix,hungaroring,2021-08-01,russell,RUS,williams,8,17,Finished,17.0,3.0,18.0,0.0,0.0,10.0,0.0,14.2,14.8,0.3,13.6,17.0,2,0.0,11,2021
2021,11,Hungarian Grand Prix,hungaroring,2021-08-01,max_verstappen,VER,red_bull,9,3,Finished,3.0,214.0,3.0,2.0,319.0,2.0,2.0,8.2,4.9,0.2,4.0,6.166666666666667,6,0.3333333333333333,11,2021
2021,11,Hungarian Grand Prix,hungaroring,2021-08-01,raikkonen,RAI,alfa,10,13,+1 Lap,13.0,4.0,16.0,0.0,8.0,8.0,0.0,13.6,13.5,0.1,12.6,6.777777777777778,9,0.4444444444444444,11,2021
2021,11,Hungarian Grand Prix,hungaroring,2021-08-01,ricciardo,RIC,mclaren,11,11,+1 Lap,11.0,119.0,5.0,0.0,202.0,3.0,0.0,8.0,8.0,0.0,4.4,9.9,10,0.3,11,2021
2021,11,Hungarian Grand Prix,hungaroring,2021-08-01,mick_schumacher,MSC,haas,12,20,+1 Lap,20.0,0.0,20.0,0.0,3.0,9.0,0.0,16.8,16.9,0.0,16.6,11.0,0,0.0,11,2021
2021,11,Hungarian Grand Prix,hungaroring,2021-08-01,giovinazzi,GIO,alfa,13,0,+1 Lap,0.0,4.0,17.0,0.0,8.0,8.0,0.0,13.6,13.1,0.0,12.6,17.5,2,0.0,11,2021
2021,11,Hungarian Grand Prix,hungaroring,2021-08-01,mazepin,MAZ,haas,14,19,Collision,19.0,0.0,20.0,0.0,3.0,9.0,0.0,17.6,18.0,0.1,16.6,11.0,0,0.0,11,2021
2021,11,Hungarian Grand Prix,hungaroring,2021-08-01,norris,NOR,mclaren,15,6,Collision,6.0,97.0,9.0,0.0,202.0,3.0,0.0,4.4,4.5,0.0,4.4,11.0,2,0.0,11,2021
2021,11,Hungarian Grand Prix,hungaroring,2021-08-01,bottas,BOT,mercedes,16,2,Collision,2.0,223.0,2.0,2.0,573.0,1.0,13.0,4.8,7.0,0.2,3.8,8.625,8,0.25,11,2021
2021,11,Hungarian Grand Prix,hungaroring,2021-08-01,perez,PER,red_bull,17,4,Collision,4.0,125.0,4.0,1.0,319.0,2.0,2.0,6.0,5.9,0.0,4.0,12.7,10,0.0,11,2021
2021,11,Hungarian Grand Prix,hungaroring,2021-08-01,leclerc,LEC,ferrari,18,7,Collision,7.0,98.0,8.0,0.0,131.0,6.0,0.0,7.4,7.7,0.1,5.6,11.666666666666666,3,0.0,11,2021
2021,11,Hungarian Grand Prix,hungaroring,2021-08-01,stroll,STR,aston_martin,19,12,Collision,12.0,75.0,11.0,0.0,0.0,10.0,0.0,11.6,10.9,0.1,8.0,13.0,4,0.0,11,2021
2021,11,Hungarian Grand Prix,hungaroring,2021-08-01,vettel,VET,aston_martin,20,10,Disqualified,10.0,33.0,13.0,0.0,0.0,10.0,0.0,11.8,12.0,0.3,8.0,3.272727272727273,11,0.6363636363636364,11,2021
2021,12,Belgian Grand Prix,spa,2021-08-29,max_verstappen,VER,red_bull,1,1,Finished,1.0,214.0,3.0,2.0,319.0,2.0,2.0,6.4,5.6,0.2,5.6,10.666666666666666,6,0.3333333333333333,12,2021
2021,12,Belgian Grand Prix,spa,2021-08-29,russell,RUS,williams,2,2,Finished,2.0,3.0,18.0,0.0,0.0,10.0,0.0,12.4,14.2,0.3,11.8,17.0,2,0.0,12,2021
2021,12,Belgian Grand Prix,spa,2021-08-29,hamilton,HAM,mercedes,3,3,Finished,3.0,347.0,1.0,11.0,573.0,1.0,13.0,2.2,3.7,0.0,1.8,7.090909090909091,11,0.7272727272727273,12,2021
2021,12,Belgian Grand Prix,spa,2021-08-29,ricciardo,RIC,mclaren,4,4,Finished,4.0,119.0,5.0,0.0,202.0,3.0,0.0,8.4,8.4,0.0,5.6,9.8,10,0.3,12,2021
2021,12,Belgian Grand Prix,spa,2021-08-29,vettel,VET,aston_martin,5,5,Finished,5.0,33.0,13.0,0.0,0.0,10.0,0.0,15.4,12.5,0.4,11.4,5.636363636363637,11,0.45454545454545453,12,2021
2021,12,Belgian Grand Prix,spa,2021-08-29,gasly,GAS,alphatauri,6,6,Finished,6.0,75.0,10.0,1.0,107.0,7.0,1.0,10.4,8.8,0.1,8.2,8.666666666666666,3,0.0,12,2021
2021,12,Belgian Grand Prix,spa,2021-08-29,ocon,OCO,alpine,7,8,Finished,8.0,62.0,12.0,0.0,0.0,10.0,0.0,11.6,11.2,0.2,7.0,9.0,4,0.0,12,2021
2021,12,Belgian Grand Prix,spa,2021-08-29,leclerc,LEC,ferrari,8,9,Finished,9.0,98.0,8.0,0.0,131.0,6.0,0.0,10.2,8.9,0.2,5.4,11.0,3,0.3333333333333333,12,2021
2021,12,Belgian Grand Prix,spa,2021-08-29,latifi,LAT,williams,9,10,Finished,10.0,0.0,21.0,0.0,0.0,10.0,0.0,14.4,15.7,0.1,11.8,16.0,1,0.0,12,2021
2021,12,Belgian Grand Prix,spa,2021-08-29,sainz,SAI,ferrari,10,11,Finished,11.0,105.0,6.0,0.0,131.0,6.0,0.0,6.2,6.4,0.0,5.4,16.166666666666668,6,0.0,12,2021
2021,12,Belgian Grand Prix,spa,2021-08-29,alonso,ALO,alpine,11,12,Finished,12.0,0.0,20.0,0.0,0.0,10.0,0.0,7.6,9.2,0.0,7.0,12.555555555555555,9,0.1111111111111111,12,2021
2021,12,Belgian Grand Prix,spa,2021-08-29,bottas,BOT,mercedes,12,13,Finished,13.0,223.0,2.0,2.0,573.0,1.0,13.0,5.6,8.3,0.3,1.8,6.125,8,0.375,12,2021
2021,12,Belgian Grand Prix,spa,2021-08-29,giovinazzi,GIO,alfa,13,14,Finished,14.0,4.0,17.0,0.0,8.0,8.0,0.0,14.0,13.2,0.0,12.6,18.0,2,0.0,12,2021
2021,12,Belgian Grand Prix,spa,2021-08-29,norris,NOR,mclaren,14,15,Finished,15.0,97.0,9.0,0.0,202.0,3.0,0.0,6.4,5.6,0.1,5.6,9.0,2,0.0,12,2021
2021,12,Belgian Grand Prix,spa,2021-08-29,tsunoda,TSU,alphatauri,15,16,Finished,16.0,0.0,20.0,0.0,107.0,7.0,1.0,10.2,12.1,0.1,8.2,11.0,0,0.0,12,2021
2021,12,Belgian Grand Prix,spa,2021-08-29,mick_schumacher,MSC,haas,16,17,Finished,17.0,0.0,20.0,0.0,3.0,9.0,0.0,16.6,16.5,0.0,16.4,11.0,0,0.0,12,2021
2021,12,Belgian Grand Prix,spa,2021-08-29,mazepin,MAZ,haas,17,18,Finished,18.0,0.0,20.0,0.0,3.0,9.0,0.0,17.6,17.4,0.1,16.4,11.0,0,0.0,12,2021
2021,12,Belgian Grand Prix,spa,2021-08-29,raikkonen,RAI,alfa,18,0,Finished,0.0,4.0,16.0,0.0,8.0,8.0,0.0,13.6,13.4,0.1,12.6,10.333333333333334,9,0.1111111111111111,12,2021
2021,12,Belgian Grand Prix,spa,2021-08-29,perez,PER,red_bull,19,0,Finished,0.0,125.0,4.0,1.0,319.0,2.0,2.0,9.2,7.1,0.1,5.6,10.8,10,0.0,12,2021
2021,12,Belgian Grand Prix,spa,2021-08-29,stroll,STR,aston_martin,20,19,Finished,19.0,75.0,11.0,0.0,0.0,10.0,0.0,11.6,11.8,0.2,11.4,10.75,4,0.0,12,2021
2021,13,Dutch Grand Prix,zandvoort,2021-09-05,max_verstappen,VER,red_bull,1,1,Finished,1.0,214.0,3.0,2.0,319.0,2.0,2.0,6.4,5.6,0.2,5.6,11.0,0,0.0,13,2021
2021,13,Dutch Grand Prix,zandvoort,2021-09-05,hamilton,HAM,mercedes,2,2,Finished,2.0,347.0,1.0,11.0,573.0,1.0,13.0,2.4,3.8,0.0,2.0,11.0,0,0.0,13,2021
2021,13,Dutch Grand Prix,zandvoort,2021-09-05,bottas,BOT,mercedes,3,3,Finished,3.0,223.0,2.0,2.0,573.0,1.0,13.0,7.2,7.7,0.2,2.0,11.0,0,0.0,13,2021
2021,13,Dutch Grand Prix,zandvoort,2021-09-05,gasly,GAS,alphatauri,4,4,+1 Lap,4.0,75.0,10.0,1.0,107.0,7.0,1.0,10.2,8.7,0.1,8.0,11.0,0,0.0,13,2021
2021,13,Dutch Grand Prix,zandvoort,2021-09-05,leclerc,LEC,ferrari,5,5,+1 Lap,5.0,98.0,8.0,0.0,131.0,6.0,0.0,8.6,9.3,0.2,4.8,11.0,0,0.0,13,2021
2021,13,Dutch Grand Prix,zandvoort,2021-09-05,alonso,ALO,alpine,6,9,+1 Lap,9.0,0.0,20.0,0.0,0.0,10.0,0.0,8.2,9.3,0.0,6.8,11.0,0,0.0,13,2021
2021,13,Dutch Grand Prix,zandvoort,2021-09-05,sainz,SAI,ferrari,7,6,+1 Lap,6.0,105.0,6.0,0.0,131.0,6.0,0.0,6.0,6.9,0.0,4.8,11.0,0,0.0,13,2021
2021,13,Dutch Grand Prix,zandvoort,2021-09-05,perez,PER,red_bull,8,0,+1 Lap,0.0,125.0,4.0,1.0,319.0,2.0,2.0,12.4,7.9,0.1,5.6,11.0,0,0.0,13,2021
2021,13,Dutch Grand Prix,zandvoort,2021-09-05,ocon,OCO,alpine,9,8,+1 Lap,8.0,62.0,12.0,0.0,0.0,10.0,0.0,10.2,11.0,0.2,6.8,11.0,0,0.0,13,2021
2021,13,Dutch Grand Prix,zandvoort,2021-09-05,norris,NOR,mclaren,10,13,+1 Lap,13.0,97.0,9.0,0.0,202.0,3.0,0.0,8.2,6.7,0.1,5.4,11.0,0,0.0,13,2021
2021,13,Dutch Grand Prix,zandvoort,2021-09-05,ricciardo,RIC,mclaren,11,10,+1 Lap,10.0,119.0,5.0,0.0,202.0,3.0,0.0,8.0,8.2,0.0,5.4,11.0,0,0.0,13,2021
2021,13,Dutch Grand Prix,zandvoort,2021-09-05,stroll,STR,aston_martin,12,12,+2 Laps,12.0,75.0,11.0,0.0,0.0,10.0,0.0,13.6,13.0,0.2,10.6,11.0,0,0.0,13,2021
2021,13,Dutch Grand Prix,zandvoort,2021-09-05,vettel,VET,aston_martin,13,15,+2 Laps,15.0,33.0,13.0,0.0,0.0,10.0,0.0,14.6,11.5,0.3,10.6,11.0,0,0.0,13,2021
2021,13,Dutch Grand Prix,zandvoort,2021-09-05,giovinazzi,GIO,alfa,14,7,+2 Laps,7.0,4.0,17.0,0.0,8.0,8.0,0.0,13.6,13.1,0.0,12.2,11.0,0,0.0,13,2021
2021,13,Dutch Grand Prix,zandvoort,2021-09-05,kubica,KUB,alfa,15,16,+2 Laps,16.0,0.0,20.0,0.0,8.0,8.0,0.0,17.8,17.4,0.2,12.2,11.0,0,0.0,13,2021
2021,13,Dutch Grand Prix,zandvoort,2021-09-05,latifi,LAT,williams,16,0,+2 Laps,0.0,0.0,21.0,0.0,0.0,10.0,0.0,12.6,14.6,0.0,9.8,11.0,0,0.0,13,2021
2021,13,Dutch Grand Prix,zandvoort,2021-09-05,russell,RUS,williams,17,11,Gearbox,11.0,3.0,18.0,0.0,0.0,10.0,0.0,10.4,12.5,0.2,9.8,11.0,0,0.0,13,2021
2021,13,Dutch Grand Prix,zandvoort,2021-09-05,mick_schumacher,MSC,haas,18,17,+3 Laps,17.0,0.0,20.0,0.0,3.0,9.0,0.0,16.0,16.5,0.0,15.8,11.0,0,0.0,13,2021
2021,13,Dutch Grand Prix,zandvoort,2021-09-05,tsunoda,TSU,alphatauri,19,14,Power Unit,14.0,0.0,20.0,0.0,107.0,7.0,1.0,10.6,12.4,0.1,8.0,11.0,0,0.0,13,2021
2021,13,Dutch Grand Prix,zandvoort,2021-09-05,mazepin,MAZ,haas,20,18,Hydraulics,18.0,0.0,20.0,0.0,3.0,9.0,0.0,17.0,17.4,0.1,15.8,11.0,0,0.0,13,2021
2021,14,Italian Grand Prix,monza,2021-09-12,ricciardo,RIC,mclaren,1,2,Finished,2.0,119.0,5.0,0.0,202.0,3.0,0.0,7.6,8.4,0.0,6.4,8.4,10,0.0,14,2021
2021,14,Italian Grand Prix,monza,2021-09-12,norris,NOR,mclaren,2,3,Finished,3.0,97.0,9.0,0.0,202.0,3.0,0.0,9.2,7.2,0.1,6.4,7.0,2,0.0,14,2021
2021,14,Italian Grand Prix,monza,2021-09-12,bottas,BOT,mercedes,3,19,Finished,19.0,223.0,2.0,2.0,573.0,1.0,13.0,7.2,7.7,0.2,2.0,5.125,8,0.375,14,2021
2021,14,Italian Grand Prix,monza,2021-09-12,leclerc,LEC,ferrari,4,5,Finished,5.0,98.0,8.0,0.0,131.0,6.0,0.0,8.2,9.2,0.2,4.6,10.0,3,0.3333333333333333,14,2021
2021,14,Italian Grand Prix,monza,2021-09-12,perez,PER,red_bull,5,8,Finished,8.0,125.0,4.0,1.0,319.0,2.0,2.0,13.2,8.3,0.1,5.6,8.5,10,0.1,14,2021
2021,14,Italian Grand Prix,monza,2021-09-12,sainz,SAI,ferrari,6,6,Finished,6.0,105.0,6.0,0.0,131.0,6.0,0.0,6.2,6.5,0.0,4.6,11.666666666666666,6,0.16666666666666666,14,2021
2021,14,Italian Grand Prix,monza,2021-09-12,stroll,STR,aston_martin,7,9,Finished,9.0,75.0,11.0,0.0,0.0,10.0,0.0,14.4,12.8,0.2,11.4,7.75,4,0.25,14,2021
2021,14,Italian Grand Prix,monza,2021-09-12,alonso,ALO,alpine,8,10,Finished,10.0,0.0,20.0,0.0,0.0,10.0,0.0,7.6,9.1,0.0,6.2,10.777777777777779,9,0.4444444444444444,14,2021
2021,14,Italian Grand Prix,monza,2021-09-12,russell,RUS,williams,9,14,Finished,14.0,3.0,18.0,0.0,0.0,10.0,0.0,10.0,12.6,0.3,9.6,14.0,2,0.0,14,2021
2021,14,Italian Grand Prix,monza,2021-09-12,ocon,OCO,alpine,10,12,Finished,12.0,62.0,12.0,0.0,0.0,10.0,0.0,9.2,11.2,0.2,6.2,9.5,4,0.0,14,2021
2021,14,Italian Grand Prix,monza,2021-09-12,latifi,LAT,williams,11,13,Finished,13.0,0.0,21.0,0.0,0.0,10.0,0.0,12.4,14.4,0.0,9.6,11.0,1,0.0,14,2021
2021,14,Italian Grand Prix,monza,2021-09-12,vettel,VET,aston_martin,12,11,Finished,11.0,33.0,13.0,0.0,0.0,10.0,0.0,14.8,11.5,0.3,11.4,7.181818181818182,11,0.45454545454545453,14,2021
2021,14,Italian Grand Prix,monza,2021-09-12,giovinazzi,GIO,alfa,13,7,Finished,7.0,4.0,17.0,0.0,8.0,8.0,0.0,13.4,13.3,0.0,12.8,12.5,2,0.0,14,2021
2021,14,Italian Grand Prix,monza,2021-09-12,kubica,KUB,alfa,14,17,Finished,17.0,0.0,20.0,0.0,8.0,8.0,0.0,17.4,17.0,0.2,12.8,12.5,2,0.0,14,2021
2021,14,Italian Grand Prix,monza,2021-09-12,mick_schumacher,MSC,haas,15,18,Finished,18.0,0.0,20.0,0.0,3.0,9.0,0.0,16.4,16.6,0.0,16.2,11.0,0,0.0,14,2021
2021,14,Italian Grand Prix,monza,2021-09-12,mazepin,MAZ,haas,16,16,Power Unit,16.0,0.0,20.0,0.0,3.0,9.0,0.0,17.4,17.5,0.2,16.2,11.0,0,0.0,14,2021
2021,14,Italian Grand Prix,monza,2021-09-12,hamilton,HAM,mercedes,17,4,Collision,4.0,347.0,1.0,11.0,573.0,1.0,13.0,2.4,3.9,0.0,2.0,4.818181818181818,11,0.6363636363636364,14,2021
2021,14,Italian Grand Prix,monza,2021-09-12,max_verstappen,VER,red_bull,18,1,Collision,1.0,214.0,3.0,2.0,319.0,2.0,2.0,6.4,5.5,0.2,5.6,9.833333333333334,6,0.0,14,2021
2021,14,Italian Grand Prix,monza,2021-09-12,gasly,GAS,alphatauri,19,0,Suspension,0.0,75.0,10.0,1.0,107.0,7.0,1.0,7.0,8.1,0.1,6.8,8.666666666666666,3,0.3333333333333333,14,2021
2021,14,Italian Grand Prix,monza,2021-09-12,tsunoda,TSU,alphatauri,20,0,Brakes,0.0,0.0,20.0,0.0,107.0,7.0,1.0,12.4,12.8,0.2,6.8,11.0,0,0.0,14,2021
2021,15,Russian Grand Prix,sochi,2021-09-26,hamilton,HAM,mercedes,1,4,Finished,4.0,347.0,1.0,11.0,573.0,1.0,13.0,5.0,5.5,0.1,2.2,1.8571428571428572,7,0.8571428571428571,15,2021
2021,15,Russian Grand Prix,sochi,2021-09-26,max_verstappen,VER,red_bull,2,20,Finished,20.0,214.0,3.0,2.0,319.0,2.0,2.0,9.8,7.1,0.3,6.4,7.5,6,0.16666666666666666,15,2021
2021,15,Russian Grand Prix,sochi,2021-09-26,sainz,SAI,ferrari,3,2,Finished,2.0,105.0,6.0,0.0,131.0,6.0,0.0,6.4,6.4,0.0,4.4,13.333333333333334,6,0.0,15,2021
2021,15,Russian Grand Prix,sochi,2021-09-26,ricciardo,RIC,mclaren,4,5,Finished,5.0,119.0,5.0,0.0,202.0,3.0,0.0,6.4,7.9,0.0,6.0,11.428571428571429,7,0.0,15,2021
2021,15,Russian Grand Prix,sochi,2021-09-26,bottas,BOT,mercedes,5,16,Finished,16.0,223.0,2.0,2.0,573.0,1.0,13.0,7.4,7.7,0.2,2.2,3.5714285714285716,7,0.7142857142857143,15,2021
2021,15,Russian Grand Prix,sochi,2021-09-26,alonso,ALO,alpine,6,6,Finished,6.0,0.0,20.0,0.0,0.0,10.0,0.0,7.2,8.2,0.0,5.8,11.4,5,0.0,15,2021
2021,15,Russian Grand Prix,sochi,2021-09-26,norris,NOR,mclaren,7,1,Finished,1.0,97.0,9.0,0.0,202.0,3.0,0.0,9.0,6.6,0.1,6.0,11.5,2,0.0,15,2021
2021,15,Russian Grand Prix,sochi,2021-09-26,raikkonen,RAI,alfa,8,13,Finished,13.0,4.0,16.0,0.0,8.0,8.0,0.0,13.8,13.9,0.1,12.6,7.714285714285714,7,0.2857142857142857,15,2021
2021,15,Russian Grand Prix,sochi,2021-09-26,perez,PER,red_bull,9,8,Finished,8.0,125.0,4.0,1.0,319.0,2.0,2.0,13.0,8.3,0.1,6.4,7.0,7,0.14285714285714285,15,2021
2021,15,Russian Grand Prix,sochi,2021-09-26,russell,RUS,williams,10,3,Finished,3.0,3.0,18.0,0.0,0.0,10.0,0.0,9.6,12.1,0.3,9.2,17.5,2,0.0,15,2021
2021,15,Russian Grand Prix,sochi,2021-09-26,stroll,STR,aston_martin,11,7,Finished,7.0,75.0,11.0,0.0,0.0,10.0,0.0,13.2,12.4,0.2,10.2,14.25,4,0.0,15,2021
2021,15,Russian Grand Prix,sochi,2021-09-26,vettel,VET,aston_martin,12,10,+1 Lap,10.0,33.0,13.0,0.0,0.0,10.0,0.0,13.8,11.4,0.3,10.2,9.428571428571429,7,0.42857142857142855,15,2021
2021,15,Russian Grand Prix,sochi,2021-09-26,gasly,GAS,alphatauri,13,11,+1 Lap,11.0,75.0,10.0,1.0,107.0,7.0,1.0,9.0,9.0,0.2,8.8,14.0,3,0.0,15,2021
2021,15,Russian Grand Prix,sochi,2021-09-26,ocon,OCO,alpine,14,9,+1 Lap,9.0,62.0,12.0,0.0,0.0,10.0,0.0,7.2,11.3,0.2,5.8,7.666666666666667,3,0.0,15,2021
2021,15,Russian Grand Prix,sochi,2021-09-26,leclerc,LEC,ferrari,15,19,+1 Lap,19.0,98.0,8.0,0.0,131.0,6.0,0.0,7.4,9.2,0.2,4.4,5.333333333333333,3,0.3333333333333333,15,2021
2021,15,Russian Grand Prix,sochi,2021-09-26,giovinazzi,GIO,alfa,16,17,+1 Lap,17.0,4.0,17.0,0.0,8.0,8.0,0.0,13.2,13.1,0.0,12.6,13.0,2,0.0,15,2021
2021,15,Russian Grand Prix,sochi,2021-09-26,tsunoda,TSU,alphatauri,17,12,+1 Lap,12.0,0.0,20.0,0.0,107.0,7.0,1.0,14.0,12.8,0.2,8.8,11.0,0,0.0,15,2021
2021,15,Russian Grand Prix,sochi,2021-09-26,mazepin,MAZ,haas,18,15,+2 Laps,15.0,0.0,20.0,0.0,3.0,9.0,0.0,16.8,17.2,0.3,15.6,11.0,0,0.0,15,2021
2021,15,Russian Grand Prix,sochi,2021-09-26,latifi,LAT,williams,19,18,Accident,18.0,0.0,21.0,0.0,0.0,10.0,0.0,11.4,13.9,0.0,9.2,16.0,1,0.0,15,2021
2021,15,Russian Grand Prix,sochi,2021-09-26,mick_schumacher,MSC,haas,20,14,Oil leak,14.0,0.0,20.0,0.0,3.0,9.0,0.0,15.8,16.3,0.0,15.6,11.0,0,0.0,15,2021
2021,16,Turkish Grand Prix,istanbul,2021-10-10,bottas,BOT,mercedes,1,1,Finished,1.0,223.0,2.0,2.0,573.0,1.0,13.0,7.8,6.3,0.1,2.2,14.0,1,0.0,16,2021
2021,16,Turkish Grand Prix,istanbul,2021-10-10,max_verstappen,VER,red_bull,2,2,Finished,2.0,214.0,3.0,2.0,319.0,2.0,2.0,6.2,7.2,0.3,3.6,6.0,1,0.0,16,2021
2021,16,Turkish Grand Prix,istanbul,2021-10-10,perez,PER,red_bull,3,6,Finished,6.0,125.0,4.0,1.0,319.0,2.0,2.0,11.6,8.8,0.1,3.6,8.0,2,0.5,16,2021
2021,16,Turkish Grand Prix,istanbul,2021-10-10,leclerc,LEC,ferrari,4,3,Finished,3.0,98.0,8.0,0.0,131.0,6.0,0.0,10.0,8.7,0.1,4.6,4.0,1,0.0,16,2021
2021,16,Turkish Grand Prix,istanbul,2021-10-10,hamilton,HAM,mercedes,5,11,Finished,11.0,347.0,1.0,11.0,573.0,1.0,13.0,5.0,4.9,0.1,2.2,2.0,3,0.6666666666666666,16,2021
2021,16,Turkish Grand Prix,istanbul,2021-10-10,gasly,GAS,alphatauri,6,4,Finished,4.0,75.0,10.0,1.0,107.0,7.0,1.0,9.4,9.7,0.2,9.4,13.0,1,0.0,16,2021
2021,16,Turkish Grand Prix,istanbul,2021-10-10,norris,NOR,mclaren,7,7,Finished,7.0,97.0,9.0,0.0,202.0,3.0,0.0,9.6,7.0,0.1,6.0,8.0,1,0.0,16,2021
2021,16,Turkish Grand Prix,istanbul,2021-10-10,sainz,SAI,ferrari,8,19,Finished,19.0,105.0,6.0,0.0,131.0,6.0,0.0,5.8,6.5,0.0,4.6,5.0,1,0.0,16,2021
2021,16,Turkish Grand Prix,istanbul,2021-10-10,stroll,STR,aston_martin,9,8,Finished,8.0,75.0,11.0,0.0,0.0,10.0,0.0,13.8,12.7,0.2,10.8,9.0,1,0.0,16,2021
2021,16,Turkish Grand Prix,istanbul,2021-10-10,ocon,OCO,alpine,10,12,+1 Lap,12.0,62.0,12.0,0.0,0.0,10.0,0.0,8.2,11.8,0.2,5.6,11.0,1,0.0,16,2021
2021,16,Turkish Grand Prix,istanbul,2021-10-10,giovinazzi,GIO,alfa,11,16,+1 Lap,16.0,4.0,17.0,0.0,8.0,8.0,0.0,13.8,13.7,0.0,11.6,20.0,1,0.0,16,2021
2021,16,Turkish Grand Prix,istanbul,2021-10-10,raikkonen,RAI,alfa,12,17,+1 Lap,17.0,4.0,16.0,0.0,8.0,8.0,0.0,13.2,12.7,0.0,11.6,15.0,1,0.0,16,2021
2021,16,Turkish Grand Prix,istanbul,2021-10-10,ricciardo,RIC,mclaren,13,20,+1 Lap,20.0,119.0,5.0,0.0,202.0,3.0,0.0,6.2,7.1,0.0,6.0,10.0,1,0.0,16,2021
2021,16,Turkish Grand Prix,istanbul,2021-10-10,tsunoda,TSU,alphatauri,14,9,+1 Lap,9.0,0.0,20.0,0.0,107.0,7.0,1.0,15.4,12.9,0.2,9.4,11.0,0,0.0,16,2021
2021,16,Turkish Grand Prix,istanbul,2021-10-10,russell,RUS,williams,15,13,+1 Lap,13.0,3.0,18.0,0.0,0.0,10.0,0.0,9.2,11.7,0.3,8.8,16.0,1,0.0,16,2021
2021,16,Turkish Grand Prix,istanbul,2021-10-10,alonso,ALO,alpine,16,5,+1 Lap,5.0,0.0,20.0,0.0,0.0,10.0,0.0,7.0,7.5,0.0,5.6,5.5,2,0.5,16,2021
2021,16,Turkish Grand Prix,istanbul,2021-10-10,latifi,LAT,williams,17,15,+1 Lap,15.0,0.0,21.0,0.0,0.0,10.0,0.0,12.4,14.3,0.1,8.8,19.0,1,0.0,16,2021
2021,16,Turkish Grand Prix,istanbul,2021-10-10,vettel,VET,aston_martin,18,10,+1 Lap,10.0,33.0,13.0,0.0,0.0,10.0,0.0,12.4,12.1,0.3,10.8,8.666666666666666,3,0.6666666666666666,16,2021
2021,16,Turkish Grand Prix,istanbul,2021-10-10,mick_schumacher,MSC,haas,19,14,+2 Laps,14.0,0.0,20.0,0.0,3.0,9.0,0.0,16.2,16.5,0.1,15.8,11.0,0,0.0,16,2021
2021,16,Turkish Grand Prix,istanbul,2021-10-10,mazepin,MAZ,haas,20,18,+2 Laps,18.0,0.0,20.0,0.0,3.0,9.0,0.0,17.0,17.3,0.3,15.8,11.0,0,0.0,16,2021
2021,17,United States Grand Prix,americas,2021-10-24,max_verstappen,VER,red_bull,1,1,Finished,1.0,214.0,3.0,2.0,319.0,2.0,2.0,4.8,5.6,0.2,2.2,6.6,5,0.4,17,2021
2021,17,United States Grand Prix,americas,2021-10-24,hamilton,HAM,mercedes,2,2,Finished,2.0,347.0,1.0,11.0,573.0,1.0,13.0,5.6,3.9,0.1,2.0,1.75,8,0.875,17,2021
2021,17,United States Grand Prix,americas,2021-10-24,perez,PER,red_bull,3,3,Finished,3.0,125.0,4.0,1.0,319.0,2.0,2.0,8.8,9.0,0.1,2.2,9.25,8,0.0,17,2021
2021,17,United States Grand Prix,americas,2021-10-24,leclerc,LEC,ferrari,4,4,Finished,4.0,98.0,8.0,0.0,131.0,6.0,0.0,7.2,8.7,0.1,4.8,9.5,2,0.0,17,2021
2021,17,United States Grand Prix,americas,2021-10-24,ricciardo,RIC,mclaren,5,6,Finished,6.0,119.0,5.0,0.0,202.0,3.0,0.0,6.6,7.5,0.0,5.2,9.875,8,0.25,17,2021
2021,17,United States Grand Prix,americas,2021-10-24,bottas,BOT,mercedes,6,9,Finished,9.0,223.0,2.0,2.0,573.0,1.0,13.0,4.8,5.2,0.1,2.0,8.428571428571429,7,0.14285714285714285,17,2021
2021,17,United States Grand Prix,americas,2021-10-24,sainz,SAI,ferrari,7,5,Finished,5.0,105.0,6.0,0.0,131.0,6.0,0.0,6.8,6.5,0.0,4.8,7.0,5,0.0,17,2021
2021,17,United States Grand Prix,americas,2021-10-24,norris,NOR,mclaren,8,7,Finished,7.0,97.0,9.0,0.0,202.0,3.0,0.0,8.0,7.2,0.1,5.2,7.0,1,0.0,17,2021
2021,17,United States Grand Prix,americas,2021-10-24,tsunoda,TSU,alphatauri,9,10,+1 Lap,10.0,0.0,20.0,0.0,107.0,7.0,1.0,17.0,13.6,0.2,9.6,11.0,0,0.0,17,2021
2021,17,United States Grand Prix,americas,2021-10-24,vettel,VET,aston_martin,10,18,+1 Lap,18.0,33.0,13.0,0.0,0.0,10.0,0.0,12.0,13.7,0.3,8.8,5.375,8,0.5,17,2021
2021,17,United States Grand Prix,americas,2021-10-24,giovinazzi,GIO,alfa,11,12,+1 Lap,12.0,4.0,17.0,0.0,8.0,8.0,0.0,13.4,13.7,0.0,11.8,14.0,1,0.0,17,2021
2021,17,United States Grand Prix,americas,2021-10-24,stroll,STR,aston_martin,12,13,+1 Lap,13.0,75.0,11.0,0.0,0.0,10.0,0.0,11.8,11.7,0.1,8.8,12.666666666666666,3,0.0,17,2021
2021,17,United States Grand Prix,americas,2021-10-24,raikkonen,RAI,alfa,13,15,+1 Lap,15.0,4.0,16.0,0.0,8.0,8.0,0.0,12.6,12.7,0.0,11.8,9.857142857142858,7,0.2857142857142857,17,2021
2021,17,United States Grand Prix,americas,2021-10-24,russell,RUS,williams,14,20,+1 Lap,20.0,3.0,18.0,0.0,0.0,10.0,0.0,10.6,11.5,0.2,10.4,17.0,1,0.0,17,2021
2021,17,United States Grand Prix,americas,2021-10-24,latifi,LAT,williams,15,14,+1 Lap,14.0,0.0,21.0,0.0,0.0,10.0,0.0,14.4,14.4,0.1,10.4,11.0,0,0.0,17,2021
2021,17,United States Grand Prix,americas,2021-10-24,mick_schumacher,MSC,haas,16,16,+2 Laps,16.0,0.0,20.0,0.0,3.0,9.0,0.0,17.6,17.1,0.1,17.2,11.0,0,0.0,17,2021
2021,17,United States Grand Prix,americas,2021-10-24,mazepin,MAZ,haas,17,17,+2 Laps,17.0,0.0,20.0,0.0,3.0,9.0,0.0,18.2,17.9,0.3,17.2,11.0,0,0.0,17,2021
2021,17,United States Grand Prix,americas,2021-10-24,alonso,ALO,alpine,18,19,Rear wing,19.0,0.0,20.0,0.0,0.0,10.0,0.0,9.4,8.5,0.0,7.4,9.285714285714286,7,0.14285714285714285,17,2021
2021,17,United States Grand Prix,americas,2021-10-24,ocon,OCO,alpine,19,11,Mechanical,11.0,62.0,12.0,0.0,0.0,10.0,0.0,10.0,10.8,0.1,7.4,14.333333333333334,3,0.0,17,2021
2021,17,United States Grand Prix,americas,2021-10-24,gasly,GAS,alphatauri,20,8,Suspension,8.0,75.0,10.0,1.0,107.0,7.0,1.0,9.6,10.0,0.2,9.6,14.0,2,0.0,17,2021
2021,18,Mexico City Grand Prix,rodriguez,2021-11-07,max_verstappen,VER,red_bull,1,3,Finished,3.0,214.0,3.0,2.0,319.0,2.0,2.0,4.8,5.6,0.2,2.2,4.2,5,0.4,18,2021
2021,18,Mexico City Grand Prix,rodriguez,2021-11-07,hamilton,HAM,mercedes,2,2,Finished,2.0,347.0,1.0,11.0,573.0,1.0,13.0,5.4,3.9,0.1,1.8,3.4,5,0.6,18,2021
2021,18,Mexico City Grand Prix,rodriguez,2021-11-07,perez,PER,red_bull,3,4,Finished,4.0,125.0,4.0,1.0,319.0,2.0,2.0,5.6,9.0,0.1,2.2,10.0,5,0.0,18,2021
2021,18,Mexico City Grand Prix,rodriguez,2021-11-07,gasly,GAS,alphatauri,4,5,Finished,5.0,75.0,10.0,1.0,107.0,7.0,1.0,12.4,11.3,0.3,10.2,10.666666666666666,3,0.0,18,2021
2021,18,Mexico City Grand Prix,rodriguez,2021-11-07,leclerc,LEC,ferrari,5,8,Finished,8.0,98.0,8.0,0.0,131.0,6.0,0.0,6.4,7.5,0.1,4.0,5.5,2,0.0,18,2021
2021,18,Mexico City Grand Prix,rodriguez,2021-11-07,sainz,SAI,ferrari,6,6,+1 Lap,6.0,105.0,6.0,0.0,131.0,6.0,0.0,6.2,6.1,0.0,4.0,15.4,5,0.0,18,2021
2021,18,Mexico City Grand Prix,rodriguez,2021-11-07,vettel,VET,aston_martin,7,9,+1 Lap,9.0,33.0,13.0,0.0,0.0,10.0,0.0,13.0,13.8,0.3,9.8,6.2,5,0.4,18,2021
2021,18,Mexico City Grand Prix,rodriguez,2021-11-07,raikkonen,RAI,alfa,8,10,+1 Lap,10.0,4.0,16.0,0.0,8.0,8.0,0.0,12.2,12.9,0.0,11.4,10.0,5,0.4,18,2021
2021,18,Mexico City Grand Prix,rodriguez,2021-11-07,alonso,ALO,alpine,9,12,+1 Lap,12.0,0.0,20.0,0.0,0.0,10.0,0.0,10.8,9.5,0.1,9.6,15.75,4,0.0,18,2021
2021,18,Mexico City Grand Prix,rodriguez,2021-11-07,norris,NOR,mclaren,10,18,+1 Lap,18.0,97.0,9.0,0.0,202.0,3.0,0.0,6.8,7.5,0.1,5.4,20.0,1,0.0,18,2021
2021,18,Mexico City Grand Prix,rodriguez,2021-11-07,giovinazzi,GIO,alfa,11,11,+1 Lap,11.0,4.0,17.0,0.0,8.0,8.0,0.0,13.0,13.3,0.0,11.4,14.0,1,0.0,18,2021
2021,18,Mexico City Grand Prix,rodriguez,2021-11-07,ricciardo,RIC,mclaren,12,7,+1 Lap,7.0,119.0,5.0,0.0,202.0,3.0,0.0,6.8,7.4,0.0,5.4,10.6,5,0.2,18,2021
2021,18,Mexico City Grand Prix,rodriguez,2021-11-07,ocon,OCO,alpine,13,19,+1 Lap,19.0,62.0,12.0,0.0,0.0,10.0,0.0,12.4,11.3,0.2,9.6,12.333333333333334,3,0.0,18,2021
2021,18,Mexico City Grand Prix,rodriguez,2021-11-07,stroll,STR,aston_martin,14,20,+2 Laps,20.0,75.0,11.0,0.0,0.0,10.0,0.0,10.2,11.9,0.1,9.8,10.0,3,0.0,18,2021
2021,18,Mexico City Grand Prix,rodriguez,2021-11-07,bottas,BOT,mercedes,15,1,+2 Laps,1.0,223.0,2.0,2.0,573.0,1.0,13.0,3.6,5.4,0.1,1.8,4.2,5,0.6,18,2021
2021,18,Mexico City Grand Prix,rodriguez,2021-11-07,russell,RUS,williams,16,16,+2 Laps,16.0,3.0,18.0,0.0,0.0,10.0,0.0,13.0,11.7,0.2,12.8,16.0,1,0.0,18,2021
2021,18,Mexico City Grand Prix,rodriguez,2021-11-07,latifi,LAT,williams,17,13,+2 Laps,13.0,0.0,21.0,0.0,0.0,10.0,0.0,15.6,14.1,0.1,12.8,11.0,0,0.0,18,2021
2021,18,Mexico City Grand Prix,rodriguez,2021-11-07,mazepin,MAZ,haas,18,15,+3 Laps,15.0,0.0,20.0,0.0,3.0,9.0,0.0,18.2,17.6,0.3,17.2,11.0,0,0.0,18,2021
2021,18,Mexico City Grand Prix,rodriguez,2021-11-07,mick_schumacher,MSC,haas,19,14,Collision,14.0,0.0,20.0,0.0,3.0,9.0,0.0,17.6,16.8,0.1,17.2,11.0,0,0.0,18,2021
2021,18,Mexico City Grand Prix,rodriguez,2021-11-07,tsunoda,TSU,alphatauri,20,17,Collision,17.0,0.0,20.0,0.0,107.0,7.0,1.0,15.8,13.2,0.2,10.2,11.0,0,0.0,18,2021
2021,19,São Paulo Grand Prix,interlagos,2021-11-14,hamilton,HAM,mercedes,1,10,Finished,10.0,347.0,1.0,11.0,573.0,1.0,13.0,5.4,3.9,0.1,1.8,7.2,10,0.4,19,2021
2021,19,São Paulo Grand Prix,interlagos,2021-11-14,max_verstappen,VER,red_bull,2,2,Finished,2.0,214.0,3.0,2.0,319.0,2.0,2.0,4.8,5.6,0.2,2.2,4.0,5,0.6,19,2021
2021,19,São Paulo Grand Prix,interlagos,2021-11-14,bottas,BOT,mercedes,3,1,Finished,1.0,223.0,2.0,2.0,573.0,1.0,13.0,6.0,6.6,0.1,1.8,10.571428571428571,7,0.14285714285714285,19,2021
2021,19,São Paulo Grand Prix,interlagos,2021-11-14,perez,PER,red_bull,4,4,Finished,4.0,125.0,4.0,1.0,319.0,2.0,2.0,4.6,8.9,0.1,2.2,11.333333333333334,9,0.0,19,2021
2021,19,São Paulo Grand Prix,interlagos,2021-11-14,leclerc,LEC,ferrari,5,6,Finished,6.0,98.0,8.0,0.0,131.0,6.0,0.0,6.4,7.3,0.1,4.0,12.5,2,0.0,19,2021
2021,19,São Paulo Grand Prix,interlagos,2021-11-14,sainz,SAI,ferrari,6,3,Finished,3.0,105.0,6.0,0.0,131.0,6.0,0.0,6.0,6.1,0.0,4.0,10.2,5,0.2,19,2021
2021,19,São Paulo Grand Prix,interlagos,2021-11-14,gasly,GAS,alphatauri,7,7,+1 Lap,7.0,75.0,10.0,1.0,107.0,7.0,1.0,12.4,9.7,0.2,10.2,9.0,3,0.3333333333333333,19,2021
2021,19,São Paulo Grand Prix,interlagos,2021-11-14,ocon,OCO,alpine,8,8,+1 Lap,8.0,62.0,12.0,0.0,0.0,10.0,0.0,13.2,11.2,0.2,10.2,15.0,3,0.0,19,2021
2021,19,São Paulo Grand Prix,interlagos,2021-11-14,alonso,ALO,alpine,9,12,+1 Lap,12.0,0.0,20.0,0.0,0.0,10.0,0.0,11.4,9.5,0.1,10.2,7.555555555555555,9,0.3333333333333333,19,2021
2021,19,São Paulo Grand Prix,interlagos,2021-11-14,norris,NOR,mclaren,10,5,+1 Lap,5.0,97.0,9.0,0.0,202.0,3.0,0.0,6.8,8.0,0.1,5.4,8.0,1,0.0,19,2021
2021,19,São Paulo Grand Prix,interlagos,2021-11-14,vettel,VET,aston_martin,11,9,+1 Lap,9.0,33.0,13.0,0.0,0.0,10.0,0.0,11.8,13.3,0.3,8.8,4.7,10,0.5,19,2021
2021,19,São Paulo Grand Prix,interlagos,2021-11-14,raikkonen,RAI,alfa,12,0,+1 Lap,0.0,4.0,16.0,0.0,8.0,8.0,0.0,11.8,12.7,0.0,10.2,7.285714285714286,7,0.2857142857142857,19,2021
2021,19,São Paulo Grand Prix,interlagos,2021-11-14,russell,RUS,williams,13,17,+1 Lap,17.0,3.0,18.0,0.0,0.0,10.0,0.0,12.8,11.4,0.1,12.8,12.0,1,0.0,19,2021
2021,19,São Paulo Grand Prix,interlagos,2021-11-14,giovinazzi,GIO,alfa,14,13,+1 Lap,13.0,4.0,17.0,0.0,8.0,8.0,0.0,12.4,12.9,0.0,10.2,5.0,1,0.0,19,2021
2021,19,São Paulo Grand Prix,interlagos,2021-11-14,tsunoda,TSU,alphatauri,15,15,+1 Lap,15.0,0.0,20.0,0.0,107.0,7.0,1.0,16.0,14.2,0.3,10.2,11.0,0,0.0,19,2021
2021,19,São Paulo Grand Prix,interlagos,2021-11-14,latifi,LAT,williams,16,16,+1 Lap,16.0,0.0,21.0,0.0,0.0,10.0,0.0,15.8,14.1,0.1,12.8,11.0,0,0.0,19,2021
2021,19,São Paulo Grand Prix,interlagos,2021-11-14,mazepin,MAZ,haas,17,19,+2 Laps,19.0,0.0,20.0,0.0,3.0,9.0,0.0,17.8,17.6,0.3,17.2,11.0,0,0.0,19,2021
2021,19,São Paulo Grand Prix,interlagos,2021-11-14,mick_schumacher,MSC,haas,18,18,+2 Laps,18.0,0.0,20.0,0.0,3.0,9.0,0.0,17.8,17.1,0.2,17.2,11.0,0,0.0,19,2021
2021,19,São Paulo Grand Prix,interlagos,2021-11-14,ricciardo,RIC,mclaren,19,11,Power loss,11.0,119.0,5.0,0.0,202.0,3.0,0.0,7.0,7.3,0.0,5.4,10.666666666666666,9,0.0,19,2021
2021,19,São Paulo Grand Prix,interlagos,2021-11-14,stroll,STR,aston_martin,20,14,Collision damage,14.0,75.0,11.0,0.0,0.0,10.0,0.0,10.6,12.5,0.1,8.8,17.666666666666668,3,0.0,19,2021
2021,20,Qatar Grand Prix,losail,2021-11-21,hamilton,HAM,mercedes,1,1,Finished,1.0,347.0,1.0,11.0,573.0,1.0,13.0,2.2,3.6,0.1,1.4,11.0,0,0.0,20,2021
2021,20,Qatar Grand Prix,losail,2021-11-21,max_verstappen,VER,red_bull,2,7,Finished,7.0,214.0,3.0,2.0,319.0,2.0,2.0,1.6,5.7,0.2,1.6,11.0,0,0.0,20,2021
2021,20,Qatar Grand Prix,losail,2021-11-21,alonso,ALO,alpine,3,3,Finished,3.0,0.0,20.0,0.0,0.0,10.0,0.0,11.6,9.4,0.1,10.2,11.0,0,0.0,20,2021
2021,20,Qatar Grand Prix,losail,2021-11-21,perez,PER,red_bull,4,11,Finished,11.0,125.0,4.0,1.0,319.0,2.0,2.0,4.4,8.7,0.1,1.6,11.0,0,0.0,20,2021
2021,20,Qatar Grand Prix,losail,2021-11-21,ocon,OCO,alpine,5,9,Finished,9.0,62.0,12.0,0.0,0.0,10.0,0.0,12.8,10.0,0.1,10.2,11.0,0,0.0,20,2021
2021,20,Qatar Grand Prix,losail,2021-11-21,stroll,STR,aston_martin,6,12,Finished,12.0,75.0,11.0,0.0,0.0,10.0,0.0,13.2,13.2,0.2,9.6,11.0,0,0.0,20,2021
2021,20,Qatar Grand Prix,losail,2021-11-21,sainz,SAI,ferrari,7,5,Finished,5.0,105.0,6.0,0.0,131.0,6.0,0.0,6.0,6.2,0.0,4.2,11.0,0,0.0,20,2021
2021,20,Qatar Grand Prix,losail,2021-11-21,leclerc,LEC,ferrari,8,13,Finished,13.0,98.0,8.0,0.0,131.0,6.0,0.0,6.6,7.0,0.1,4.2,11.0,0,0.0,20,2021
2021,20,Qatar Grand Prix,losail,2021-11-21,norris,NOR,mclaren,9,4,+1 Lap,4.0,97.0,9.0,0.0,202.0,3.0,0.0,8.4,8.7,0.1,7.2,11.0,0,0.0,20,2021
2021,20,Qatar Grand Prix,losail,2021-11-21,vettel,VET,aston_martin,10,10,+1 Lap,10.0,33.0,13.0,0.0,0.0,10.0,0.0,11.6,12.7,0.2,9.6,11.0,0,0.0,20,2021
2021,20,Qatar Grand Prix,losail,2021-11-21,gasly,GAS,alphatauri,11,2,+1 Lap,2.0,75.0,10.0,1.0,107.0,7.0,1.0,10.0,9.5,0.2,7.8,11.0,0,0.0,20,2021
2021,20,Qatar Grand Prix,losail,2021-11-21,ricciardo,RIC,mclaren,12,14,+1 Lap,14.0,119.0,5.0,0.0,202.0,3.0,0.0,10.6,8.5,0.1,7.2,11.0,0,0.0,20,2021
2021,20,Qatar Grand Prix,losail,2021-11-21,tsunoda,TSU,alphatauri,13,8,+1 Lap,8.0,0.0,20.0,0.0,107.0,7.0,1.0,15.0,14.5,0.3,7.8,11.0,0,0.0,20,2021
2021,20,Qatar Grand Prix,losail,2021-11-21,raikkonen,RAI,alfa,14,16,+1 Lap,16.0,4.0,16.0,0.0,8.0,8.0,0.0,10.6,12.2,0.0,10.0,11.0,0,0.0,20,2021
2021,20,Qatar Grand Prix,losail,2021-11-21,giovinazzi,GIO,alfa,15,18,+1 Lap,18.0,4.0,17.0,0.0,8.0,8.0,0.0,12.6,12.9,0.0,10.0,11.0,0,0.0,20,2021
2021,20,Qatar Grand Prix,losail,2021-11-21,mick_schumacher,MSC,haas,16,19,+1 Lap,19.0,0.0,20.0,0.0,3.0,9.0,0.0,18.4,17.1,0.2,17.6,11.0,0,0.0,20,2021
2021,20,Qatar Grand Prix,losail,2021-11-21,russell,RUS,williams,17,15,+2 Laps,15.0,3.0,18.0,0.0,0.0,10.0,0.0,13.6,11.6,0.1,13.6,11.0,0,0.0,20,2021
2021,20,Qatar Grand Prix,losail,2021-11-21,mazepin,MAZ,haas,18,20,+2 Laps,20.0,0.0,20.0,0.0,3.0,9.0,0.0,18.0,17.4,0.3,17.6,11.0,0,0.0,20,2021
2021,20,Qatar Grand Prix,losail,2021-11-21,latifi,LAT,williams,19,17,Puncture,17.0,0.0,21.0,0.0,0.0,10.0,0.0,16.8,14.1,0.1,13.6,11.0,0,0.0,20,2021
2021,20,Qatar Grand Prix,losail,2021-11-21,bottas,BOT,mercedes,20,6,Damage,6.0,223.0,2.0,2.0,573.0,1.0,13.0,6.0,6.7,0.1,1.4,11.0,0,0.0,20,2021
2021,21,Saudi Arabian Grand Prix,jeddah,2021-12-05,hamilton,HAM,mercedes,1,1,Finished,1.0,347.0,1.0,11.0,573.0,1.0,13.0,2.2,3.6,0.1,1.4,11.0,0,0.0,21,2021
2021,21,Saudi Arabian Grand Prix,jeddah,2021-12-05,max_verstappen,VER,red_bull,2,3,Finished,3.0,214.0,3.0,2.0,319.0,2.0,2.0,1.6,3.9,0.1,1.6,11.0,0,0.0,21,2021
2021,21,Saudi Arabian Grand Prix,jeddah,2021-12-05,bottas,BOT,mercedes,3,2,Finished,2.0,223.0,2.0,2.0,573.0,1.0,13.0,9.0,8.4,0.2,1.4,11.0,0,0.0,21,2021
2021,21,Saudi Arabian Grand Prix,jeddah,2021-12-05,ocon,OCO,alpine,4,9,Finished,9.0,62.0,12.0,0.0,0.0,10.0,0.0,11.0,9.6,0.1,9.6,11.0,0,0.0,21,2021
2021,21,Saudi Arabian Grand Prix,jeddah,2021-12-05,ricciardo,RIC,mclaren,5,11,Finished,11.0,119.0,5.0,0.0,202.0,3.0,0.0,12.2,9.2,0.1,8.2,11.0,0,0.0,21,2021
2021,21,Saudi Arabian Grand Prix,jeddah,2021-12-05,gasly,GAS,alphatauri,6,6,Finished,6.0,75.0,10.0,1.0,107.0,7.0,1.0,9.6,9.5,0.2,7.4,11.0,0,0.0,21,2021
2021,21,Saudi Arabian Grand Prix,jeddah,2021-12-05,leclerc,LEC,ferrari,7,4,Finished,4.0,98.0,8.0,0.0,131.0,6.0,0.0,5.2,7.6,0.1,5.0,11.0,0,0.0,21,2021
2021,21,Saudi Arabian Grand Prix,jeddah,2021-12-05,sainz,SAI,ferrari,8,15,Finished,15.0,105.0,6.0,0.0,131.0,6.0,0.0,6.8,6.3,0.0,5.0,11.0,0,0.0,21,2021
2021,21,Saudi Arabian Grand Prix,jeddah,2021-12-05,giovinazzi,GIO,alfa,9,10,Finished,10.0,4.0,17.0,0.0,8.0,8.0,0.0,12.4,13.1,0.0,11.2,11.0,0,0.0,21,2021
2021,21,Saudi Arabian Grand Prix,jeddah,2021-12-05,norris,NOR,mclaren,10,7,Finished,7.0,97.0,9.0,0.0,202.0,3.0,0.0,8.8,9.2,0.1,8.2,11.0,0,0.0,21,2021
2021,21,Saudi Arabian Grand Prix,jeddah,2021-12-05,stroll,STR,aston_martin,11,18,Finished,18.0,75.0,11.0,0.0,0.0,10.0,0.0,12.2,13.0,0.2,8.6,11.0,0,0.0,21,2021
2021,21,Saudi Arabian Grand Prix,jeddah,2021-12-05,latifi,LAT,williams,12,16,Finished,16.0,0.0,21.0,0.0,0.0,10.0,0.0,16.8,14.6,0.2,15.0,11.0,0,0.0,21,2021
2021,21,Saudi Arabian Grand Prix,jeddah,2021-12-05,alonso,ALO,alpine,13,13,+1 Lap,13.0,0.0,20.0,0.0,0.0,10.0,0.0,11.0,9.0,0.1,9.6,11.0,0,0.0,21,2021
2021,21,Saudi Arabian Grand Prix,jeddah,2021-12-05,tsunoda,TSU,alphatauri,14,8,+1 Lap,8.0,0.0,20.0,0.0,107.0,7.0,1.0,14.2,14.8,0.3,7.4,11.0,0,0.0,21,2021
2021,21,Saudi Arabian Grand Prix,jeddah,2021-12-05,raikkonen,RAI,alfa,15,12,+1 Lap,12.0,4.0,16.0,0.0,8.0,8.0,0.0,11.8,12.5,0.0,11.2,11.0,0,0.0,21,2021
2021,21,Saudi Arabian Grand Prix,jeddah,2021-12-05,vettel,VET,aston_martin,16,17,Collision damage,17.0,33.0,13.0,0.0,0.0,10.0,0.0,11.2,11.8,0.1,8.6,11.0,0,0.0,21,2021
2021,21,Saudi Arabian Grand Prix,jeddah,2021-12-05,perez,PER,red_bull,17,5,Collision,5.0,125.0,4.0,1.0,319.0,2.0,2.0,3.4,7.5,0.1,1.6,11.0,0,0.0,21,2021
2021,21,Saudi Arabian Grand Prix,jeddah,2021-12-05,mazepin,MAZ,haas,18,20,Collision,20.0,0.0,20.0,0.0,3.0,9.0,0.0,18.0,17.5,0.3,17.2,11.0,0,0.0,21,2021
2021,21,Saudi Arabian Grand Prix,jeddah,2021-12-05,russell,RUS,williams,19,14,Collision,14.0,3.0,18.0,0.0,0.0,10.0,0.0,15.0,12.1,0.1,15.0,11.0,0,0.0,21,2021
2021,21,Saudi Arabian Grand Prix,jeddah,2021-12-05,mick_schumacher,MSC,haas,20,19,Accident,19.0,0.0,20.0,0.0,3.0,9.0,0.0,17.6,16.9,0.2,17.2,11.0,0,0.0,21,2021
2021,22,Abu Dhabi Grand Prix,yas_marina,2021-12-12,max_verstappen,VER,red_bull,1,1,Finished,1.0,214.0,3.0,2.0,319.0,2.0,2.0,1.6,3.2,0.1,1.6,5.166666666666667,6,0.5,22,2021
2021,22,Abu Dhabi Grand Prix,yas_marina,2021-12-12,hamilton,HAM,mercedes,2,2,Finished,2.0,347.0,1.0,11.0,573.0,1.0,13.0,1.4,3.5,0.1,1.4,3.8181818181818183,11,0.8181818181818182,22,2021
2021,22,Abu Dhabi Grand Prix,yas_marina,2021-12-12,sainz,SAI,ferrari,3,5,Finished,5.0,105.0,6.0,0.0,131.0,6.0,0.0,6.8,6.8,0.0,5.6,11.666666666666666,6,0.0,22,2021
2021,22,Abu Dhabi Grand Prix,yas_marina,2021-12-12,tsunoda,TSU,alphatauri,4,8,Finished,8.0,0.0,20.0,0.0,107.0,7.0,1.0,14.2,15.6,0.3,7.4,11.0,0,0.0,22,2021
2021,22,Abu Dhabi Grand Prix,yas_marina,2021-12-12,gasly,GAS,alphatauri,5,12,Finished,12.0,75.0,10.0,1.0,107.0,7.0,1.0,9.6,9.6,0.2,7.4,14.5,4,0.0,22,2021
2021,22,Abu Dhabi Grand Prix,yas_marina,2021-12-12,bottas,BOT,mercedes,6,6,Finished,6.0,223.0,2.0,2.0,573.0,1.0,13.0,9.4,7.1,0.1,1.4,8.0,8,0.375,22,2021
2021,22,Abu Dhabi Grand Prix,yas_marina,2021-12-12,norris,NOR,mclaren,7,3,Finished,3.0,97.0,9.0,0.0,202.0,3.0,0.0,9.4,8.7,0.0,7.8,6.5,2,0.0,22,2021
2021,22,Abu Dhabi Grand Prix,yas_marina,2021-12-12,alonso,ALO,alpine,8,11,Finished,11.0,0.0,20.0,0.0,0.0,10.0,0.0,10.4,9.9,0.1,8.4,8.0,9,0.2222222222222222,22,2021
2021,22,Abu Dhabi Grand Prix,yas_marina,2021-12-12,ocon,OCO,alpine,9,9,Finished,9.0,62.0,12.0,0.0,0.0,10.0,0.0,9.8,9.9,0.1,8.4,11.75,4,0.0,22,2021
2021,22,Abu Dhabi Grand Prix,yas_marina,2021-12-12,leclerc,LEC,ferrari,10,7,Finished,7.0,98.0,8.0,0.0,131.0,6.0,0.0,5.8,6.5,0.0,5.6,7.666666666666667,3,0.3333333333333333,22,2021
2021,22,Abu Dhabi Grand Prix,yas_marina,2021-12-12,vettel,VET,aston_martin,11,15,Finished,15.0,33.0,13.0,0.0,0.0,10.0,0.0,10.8,11.4,0.1,9.0,6.181818181818182,11,0.5454545454545454,22,2021
2021,22,Abu Dhabi Grand Prix,yas_marina,2021-12-12,ricciardo,RIC,mclaren,12,10,+1 Lap,10.0,119.0,5.0,0.0,202.0,3.0,0.0,10.6,8.6,0.1,7.8,10.4,10,0.0,22,2021
2021,22,Abu Dhabi Grand Prix,yas_marina,2021-12-12,stroll,STR,aston_martin,13,13,+1 Lap,13.0,75.0,11.0,0.0,0.0,10.0,0.0,12.6,12.2,0.1,9.0,15.25,4,0.0,22,2021
2021,22,Abu Dhabi Grand Prix,yas_marina,2021-12-12,mick_schumacher,MSC,haas,14,19,+1 Lap,19.0,0.0,20.0,0.0,3.0,9.0,0.0,17.8,17.7,0.3,17.0,11.0,0,0.0,22,2021
2021,22,Abu Dhabi Grand Prix,yas_marina,2021-12-12,perez,PER,red_bull,15,4,Engine,4.0,125.0,4.0,1.0,319.0,2.0,2.0,6.2,7.5,0.1,1.6,9.7,10,0.0,22,2021
2021,22,Abu Dhabi Grand Prix,yas_marina,2021-12-12,latifi,LAT,williams,16,16,Accident,16.0,0.0,21.0,0.0,0.0,10.0,0.0,15.8,15.1,0.2,14.4,17.0,1,0.0,22,2021
2021,22,Abu Dhabi Grand Prix,yas_marina,2021-12-12,giovinazzi,GIO,alfa,17,14,Gearbox,14.0,4.0,17.0,0.0,8.0,8.0,0.0,12.0,12.7,0.0,10.8,16.0,2,0.0,22,2021
2021,22,Abu Dhabi Grand Prix,yas_marina,2021-12-12,russell,RUS,williams,18,17,Gearbox,17.0,3.0,18.0,0.0,0.0,10.0,0.0,15.8,13.2,0.2,14.4,16.0,2,0.0,22,2021
2021,22,Abu Dhabi Grand Prix,yas_marina,2021-12-12,raikkonen,RAI,alfa,19,18,Brakes,18.0,4.0,16.0,0.0,8.0,8.0,0.0,12.4,12.5,0.0,10.8,10.0,9,0.2222222222222222,22,2021
2021,22,Abu Dhabi Grand Prix,yas_marina,2021-12-12,mazepin,MAZ,haas,20,20,Illness,20.0,0.0,20.0,0.0,3.0,9.0,0.0,17.6,17.9,0.3,17.0,11.0,0,0.0,22,2021
2022,1,Bahrain Grand Prix,bahrain,2022-03-20,leclerc,LEC,ferrari,1,1,Finished,1.0,159.0,7.0,0.0,323.5,3.0,0.0,7.0,6.7,0.0,5.4,10.2,5,0.2,1,2022
2022,1,Bahrain Grand Prix,bahrain,2022-03-20,sainz,SAI,ferrari,2,3,Finished,3.0,164.5,5.0,0.0,323.5,3.0,0.0,6.0,6.1,0.0,5.4,12.5,8,0.0,1,2022
2022,1,Bahrain Grand Prix,bahrain,2022-03-20,hamilton,HAM,mercedes,3,5,Finished,5.0,387.5,2.0,8.0,613.5,1.0,9.0,1.4,3.4,0.1,1.4,2.6363636363636362,11,0.8181818181818182,1,2022
2022,1,Bahrain Grand Prix,bahrain,2022-03-20,russell,RUS,mercedes,4,9,Finished,9.0,16.0,15.0,0.0,613.5,1.0,9.0,16.6,14.8,0.3,1.4,12.5,4,0.0,1,2022
2022,1,Bahrain Grand Prix,bahrain,2022-03-20,kevin_magnussen,MAG,haas,5,7,Finished,7.0,0.0,20.0,0.0,0.0,10.0,0.0,17.0,16.1,0.4,16.6,14.0,7,0.0,1,2022
2022,1,Bahrain Grand Prix,bahrain,2022-03-20,bottas,BOT,alfa,6,6,Finished,6.0,226.0,3.0,1.0,13.0,9.0,0.0,9.4,6.5,0.1,12.0,6.1,10,0.4,1,2022
2022,1,Bahrain Grand Prix,bahrain,2022-03-20,ocon,OCO,alpine,7,11,Finished,11.0,74.0,11.0,1.0,155.0,5.0,1.0,7.8,10.1,0.1,6.4,8.8,5,0.2,1,2022
2022,1,Bahrain Grand Prix,bahrain,2022-03-20,tsunoda,TSU,alphatauri,8,16,Finished,16.0,32.0,14.0,0.0,142.0,6.0,0.0,13.2,14.5,0.3,6.4,9.0,1,0.0,1,2022
2022,1,Bahrain Grand Prix,bahrain,2022-03-20,alonso,ALO,alpine,9,8,Finished,8.0,81.0,10.0,0.0,155.0,5.0,1.0,8.4,9.6,0.1,6.4,9.5,8,0.125,1,2022
2022,1,Bahrain Grand Prix,bahrain,2022-03-20,zhou,ZHO,alfa,10,15,Finished,15.0,0.0,20.0,0.0,13.0,9.0,0.0,11.0,11.0,0.1,12.0,11.0,0,0.0,1,2022
2022,1,Bahrain Grand Prix,bahrain,2022-03-20,mick_schumacher,MSC,haas,11,12,Finished,12.0,0.0,19.0,0.0,0.0,10.0,0.0,17.4,17.5,0.3,16.6,16.0,1,0.0,1,2022
2022,1,Bahrain Grand Prix,bahrain,2022-03-20,stroll,STR,aston_martin,12,19,Finished,19.0,34.0,13.0,0.0,77.0,7.0,0.0,12.8,11.5,0.1,9.2,12.833333333333334,6,0.16666666666666666,1,2022
2022,1,Bahrain Grand Prix,bahrain,2022-03-20,albon,ALB,williams,13,14,Finished,14.0,0.0,20.0,0.0,23.0,8.0,0.0,7.0,9.2,0.1,14.8,6.0,3,0.3333333333333333,1,2022
2022,1,Bahrain Grand Prix,bahrain,2022-03-20,ricciardo,RIC,mclaren,14,18,Finished,18.0,115.0,8.0,1.0,275.0,4.0,1.0,12.0,9.4,0.1,8.2,9.727272727272727,11,0.0,1,2022
2022,1,Bahrain Grand Prix,bahrain,2022-03-20,norris,NOR,mclaren,15,13,Finished,13.0,160.0,6.0,0.0,275.0,4.0,1.0,9.2,8.0,0.0,8.2,6.0,4,0.0,1,2022
2022,1,Bahrain Grand Prix,bahrain,2022-03-20,latifi,LAT,williams,16,20,Finished,20.0,7.0,17.0,0.0,23.0,8.0,0.0,16.0,15.8,0.3,14.8,16.666666666666668,3,0.0,1,2022
2022,1,Bahrain Grand Prix,bahrain,2022-03-20,hulkenberg,HUL,aston_martin,17,17,Finished,17.0,0.0,20.0,0.0,77.0,7.0,0.0,12.4,12.0,0.2,9.2,11.444444444444445,9,0.0,1,2022
2022,1,Bahrain Grand Prix,bahrain,2022-03-20,perez,PER,red_bull,18,4,Fuel pressure,4.0,190.0,4.0,1.0,585.5,2.0,11.0,8.6,7.1,0.2,1.6,9.181818181818182,11,0.18181818181818182,1,2022
2022,1,Bahrain Grand Prix,bahrain,2022-03-20,max_verstappen,VER,red_bull,19,2,Fuel pressure,2.0,395.5,1.0,10.0,585.5,2.0,11.0,1.6,3.2,0.1,1.6,11.0,8,0.25,1,2022
2022,1,Bahrain Grand Prix,bahrain,2022-03-20,gasly,GAS,alphatauri,20,10,Power Unit,10.0,110.0,9.0,0.0,142.0,6.0,0.0,6.6,9.5,0.2,6.4,9.2,5,0.0,1,2022
2022,2,Saudi Arabian Grand Prix,jeddah,2022-03-27,max_verstappen,VER,red_bull,1,4,Finished,4.0,395.5,1.0,10.0,585.5,2.0,11.0,5.2,5.0,0.2,5.0,2.0,1,1.0,2,2022
2022,2,Saudi Arabian Grand Prix,jeddah,2022-03-27,leclerc,LEC,ferrari,2,2,Finished,2.0,159.0,7.0,0.0,323.5,3.0,0.0,6.2,6.3,0.0,4.6,7.0,1,0.0,2,2022
2022,2,Saudi Arabian Grand Prix,jeddah,2022-03-27,sainz,SAI,ferrari,3,3,Finished,3.0,164.5,5.0,0.0,323.5,3.0,0.0,5.2,5.6,0.0,4.6,8.0,1,0.0,2,2022
2022,2,Saudi Arabian Grand Prix,jeddah,2022-03-27,perez,PER,red_bull,4,1,Finished,1.0,190.0,4.0,1.0,585.5,2.0,11.0,11.6,8.1,0.3,5.0,17.0,1,0.0,2,2022
2022,2,Saudi Arabian Grand Prix,jeddah,2022-03-27,russell,RUS,mercedes,5,6,Finished,6.0,16.0,15.0,0.0,613.5,1.0,9.0,14.2,13.5,0.2,1.6,19.0,1,0.0,2,2022
2022,2,Saudi Arabian Grand Prix,jeddah,2022-03-27,ocon,OCO,alpine,6,5,Finished,5.0,74.0,11.0,1.0,155.0,5.0,1.0,6.6,9.9,0.1,6.0,4.0,1,0.0,2,2022
2022,2,Saudi Arabian Grand Prix,jeddah,2022-03-27,norris,NOR,mclaren,7,11,Finished,11.0,160.0,6.0,0.0,275.0,4.0,1.0,10.2,8.5,0.0,9.0,10.0,1,0.0,2,2022
2022,2,Saudi Arabian Grand Prix,jeddah,2022-03-27,gasly,GAS,alphatauri,8,9,Finished,9.0,110.0,9.0,0.0,142.0,6.0,0.0,9.8,11.1,0.3,7.2,6.0,1,0.0,2,2022
2022,2,Saudi Arabian Grand Prix,jeddah,2022-03-27,kevin_magnussen,MAG,haas,9,10,Finished,10.0,0.0,20.0,0.0,0.0,10.0,0.0,14.4,14.7,0.3,14.0,11.0,0,0.0,2,2022
2022,2,Saudi Arabian Grand Prix,jeddah,2022-03-27,hamilton,HAM,mercedes,10,15,Finished,16.0,387.5,2.0,8.0,613.5,1.0,9.0,1.6,3.5,0.1,1.6,1.0,1,1.0,2,2022
2022,2,Saudi Arabian Grand Prix,jeddah,2022-03-27,zhou,ZHO,alfa,11,12,Finished,13.0,0.0,20.0,0.0,13.0,9.0,0.0,10.0,10.0,0.0,11.6,11.0,0,0.0,2,2022
2022,2,Saudi Arabian Grand Prix,jeddah,2022-03-27,hulkenberg,HUL,aston_martin,12,17,Finished,18.0,0.0,20.0,0.0,77.0,7.0,0.0,12.8,12.8,0.2,10.2,11.0,0,0.0,2,2022
2022,2,Saudi Arabian Grand Prix,jeddah,2022-03-27,stroll,STR,aston_martin,13,13,+1 Lap,15.0,34.0,13.0,0.0,77.0,7.0,0.0,12.4,11.5,0.1,10.2,11.0,1,0.0,2,2022
2022,2,Saudi Arabian Grand Prix,jeddah,2022-03-27,albon,ALB,williams,14,16,Collision damage,17.0,0.0,20.0,0.0,23.0,8.0,0.0,6.6,9.0,0.1,14.2,11.0,0,0.0,2,2022
2022,2,Saudi Arabian Grand Prix,jeddah,2022-03-27,bottas,BOT,alfa,15,8,Cooling system,8.0,226.0,3.0,1.0,13.0,9.0,0.0,7.6,6.8,0.1,11.6,3.0,1,1.0,2,2022
2022,2,Saudi Arabian Grand Prix,jeddah,2022-03-27,alonso,ALO,alpine,16,7,Water pump,7.0,81.0,10.0,0.0,155.0,5.0,1.0,8.4,9.9,0.1,6.0,13.0,1,0.0,2,2022
2022,2,Saudi Arabian Grand Prix,jeddah,2022-03-27,ricciardo,RIC,mclaren,17,14,Gearbox,12.0,115.0,8.0,1.0,275.0,4.0,1.0,12.4,9.7,0.1,9.0,5.0,1,0.0,2,2022
2022,2,Saudi Arabian Grand Prix,jeddah,2022-03-27,latifi,LAT,williams,18,18,Accident,19.0,7.0,17.0,0.0,23.0,8.0,0.0,15.8,15.8,0.3,14.2,12.0,1,0.0,2,2022
2022,2,Saudi Arabian Grand Prix,jeddah,2022-03-27,tsunoda,TSU,alphatauri,19,19,Power Unit,20.0,32.0,14.0,0.0,142.0,6.0,0.0,10.8,13.4,0.2,7.2,14.0,1,0.0,2,2022
2022,2,Saudi Arabian Grand Prix,jeddah,2022-03-27,mick_schumacher,MSC,haas,20,0,Withdrew,14.0,0.0,19.0,0.0,0.0,10.0,0.0,15.8,16.8,0.3,14.0,20.0,1,0.0,2,2022
2022,3,Australian Grand Prix,albert_park,2022-04-10,leclerc,LEC,ferrari,1,1,Finished,1.0,159.0,7.0,0.0,323.5,3.0,0.0,5.6,6.1,0.0,4.0,9.0,2,0.0,3,2022
2022,3,Australian Grand Prix,albert_park,2022-04-10,perez,PER,red_bull,2,3,Finished,3.0,190.0,4.0,1.0,585.5,2.0,11.0,11.6,8.0,0.3,4.8,11.666666666666666,9,0.0,3,2022
2022,3,Australian Grand Prix,albert_park,2022-04-10,russell,RUS,mercedes,3,6,Finished,6.0,16.0,15.0,0.0,613.5,1.0,9.0,12.6,13.1,0.2,2.4,16.0,1,0.0,3,2022
2022,3,Australian Grand Prix,albert_park,2022-04-10,hamilton,HAM,mercedes,4,5,Finished,5.0,387.5,2.0,8.0,613.5,1.0,9.0,3.4,2.8,0.0,2.4,4.4,10,0.7,3,2022
2022,3,Australian Grand Prix,albert_park,2022-04-10,norris,NOR,mclaren,5,4,Finished,4.0,160.0,6.0,0.0,275.0,4.0,1.0,9.6,9.0,0.0,8.4,12.0,1,0.0,3,2022
2022,3,Australian Grand Prix,albert_park,2022-04-10,ricciardo,RIC,mclaren,6,7,Finished,7.0,115.0,8.0,1.0,275.0,4.0,1.0,12.0,11.3,0.2,8.4,12.5,8,0.0,3,2022
2022,3,Australian Grand Prix,albert_park,2022-04-10,ocon,OCO,alpine,7,8,Finished,8.0,74.0,11.0,1.0,155.0,5.0,1.0,6.2,9.5,0.1,5.6,11.0,2,0.0,3,2022
2022,3,Australian Grand Prix,albert_park,2022-04-10,bottas,BOT,alfa,8,12,Finished,12.0,226.0,3.0,1.0,13.0,9.0,0.0,10.0,8.0,0.2,11.4,8.142857142857142,7,0.2857142857142857,3,2022
2022,3,Australian Grand Prix,albert_park,2022-04-10,gasly,GAS,alphatauri,9,11,Finished,11.0,110.0,9.0,0.0,142.0,6.0,0.0,10.0,10.0,0.2,7.4,14.5,2,0.0,3,2022
2022,3,Australian Grand Prix,albert_park,2022-04-10,albon,ALB,williams,10,20,Finished,16.0,0.0,20.0,0.0,23.0,8.0,0.0,8.0,10.1,0.2,14.4,14.0,1,0.0,3,2022
2022,3,Australian Grand Prix,albert_park,2022-04-10,zhou,ZHO,alfa,11,14,Finished,14.0,0.0,20.0,0.0,13.0,9.0,0.0,10.5,10.5,0.0,11.4,11.0,0,0.0,3,2022
2022,3,Australian Grand Prix,albert_park,2022-04-10,stroll,STR,aston_martin,12,19,Finished,20.0,34.0,13.0,0.0,77.0,7.0,0.0,11.0,12.1,0.1,10.4,13.0,3,0.0,3,2022
2022,3,Australian Grand Prix,albert_park,2022-04-10,mick_schumacher,MSC,haas,13,15,+1 Lap,15.0,0.0,19.0,0.0,0.0,10.0,0.0,16.2,17.3,0.4,12.4,11.0,0,0.0,3,2022
2022,3,Australian Grand Prix,albert_park,2022-04-10,kevin_magnussen,MAG,haas,14,16,+1 Lap,17.0,0.0,20.0,0.0,0.0,10.0,0.0,12.8,14.0,0.2,12.4,11.5,6,0.16666666666666666,3,2022
2022,3,Australian Grand Prix,albert_park,2022-04-10,tsunoda,TSU,alphatauri,15,13,+1 Lap,13.0,32.0,14.0,0.0,142.0,6.0,0.0,11.6,13.3,0.2,7.4,11.0,0,0.0,3,2022
2022,3,Australian Grand Prix,albert_park,2022-04-10,latifi,LAT,williams,16,18,+1 Lap,19.0,7.0,17.0,0.0,23.0,8.0,0.0,16.2,16.5,0.4,14.4,11.0,0,0.0,3,2022
2022,3,Australian Grand Prix,albert_park,2022-04-10,alonso,ALO,alpine,17,10,+1 Lap,10.0,81.0,10.0,0.0,155.0,5.0,1.0,9.8,10.7,0.2,5.6,7.375,8,0.125,3,2022
2022,3,Australian Grand Prix,albert_park,2022-04-10,max_verstappen,VER,red_bull,18,2,Fuel leak,2.0,395.5,1.0,10.0,585.5,2.0,11.0,5.0,3.3,0.1,4.8,7.4,5,0.2,3,2022
2022,3,Australian Grand Prix,albert_park,2022-04-10,vettel,VET,aston_martin,19,17,Accident,18.0,43.0,12.0,0.0,77.0,7.0,0.0,11.0,12.0,0.1,10.4,5.3,10,0.7,3,2022
2022,3,Australian Grand Prix,albert_park,2022-04-10,sainz,SAI,ferrari,20,9,Spun off,9.0,164.5,5.0,0.0,323.5,3.0,0.0,4.6,5.3,0.0,4.0,11.2,5,0.0,3,2022
2022,4,Emilia Romagna Grand Prix,imola,2022-04-24,max_verstappen,VER,red_bull,1,1,Finished,1.0,395.5,1.0,10.0,585.5,2.0,11.0,8.2,4.9,0.2,4.8,9.0,2,0.5,4,2022
2022,4,Emilia Romagna Grand Prix,imola,2022-04-24,perez,PER,red_bull,2,3,Finished,7.0,190.0,4.0,1.0,585.5,2.0,11.0,11.2,7.3,0.3,4.8,8.5,2,0.0,4,2022
2022,4,Emilia Romagna Grand Prix,imola,2022-04-24,norris,NOR,mclaren,3,5,Finished,3.0,160.0,6.0,0.0,275.0,4.0,1.0,8.8,8.8,0.0,7.6,5.5,2,0.5,4,2022
2022,4,Emilia Romagna Grand Prix,imola,2022-04-24,russell,RUS,mercedes,4,11,Finished,11.0,16.0,15.0,0.0,613.5,1.0,9.0,9.8,12.4,0.2,2.8,17.5,2,0.0,4,2022
2022,4,Emilia Romagna Grand Prix,imola,2022-04-24,bottas,BOT,alfa,5,7,Finished,8.0,226.0,3.0,1.0,13.0,9.0,0.0,7.6,8.3,0.2,10.2,10.0,2,0.5,4,2022
2022,4,Emilia Romagna Grand Prix,imola,2022-04-24,leclerc,LEC,ferrari,6,2,Finished,2.0,159.0,7.0,0.0,323.5,3.0,0.0,4.2,4.7,0.0,2.8,4.5,2,0.0,4,2022
2022,4,Emilia Romagna Grand Prix,imola,2022-04-24,tsunoda,TSU,alphatauri,7,12,Finished,16.0,32.0,14.0,0.0,142.0,6.0,0.0,12.0,13.1,0.2,7.0,12.0,1,0.0,4,2022
2022,4,Emilia Romagna Grand Prix,imola,2022-04-24,vettel,VET,aston_martin,8,13,Finished,9.0,43.0,12.0,0.0,77.0,7.0,0.0,13.4,12.6,0.2,11.6,13.5,2,0.0,4,2022
2022,4,Emilia Romagna Grand Prix,imola,2022-04-24,kevin_magnussen,MAG,haas,9,8,Finished,4.0,0.0,20.0,0.0,0.0,10.0,0.0,12.2,14.2,0.2,11.8,18.0,1,0.0,4,2022
2022,4,Emilia Romagna Grand Prix,imola,2022-04-24,stroll,STR,aston_martin,10,15,+1 Lap,15.0,34.0,13.0,0.0,77.0,7.0,0.0,12.2,12.2,0.1,11.6,10.5,2,0.0,4,2022
2022,4,Emilia Romagna Grand Prix,imola,2022-04-24,albon,ALB,williams,11,18,+1 Lap,20.0,0.0,20.0,0.0,23.0,8.0,0.0,9.4,10.1,0.2,13.0,15.0,1,0.0,4,2022
2022,4,Emilia Romagna Grand Prix,imola,2022-04-24,gasly,GAS,alphatauri,12,17,+1 Lap,17.0,110.0,9.0,0.0,142.0,6.0,0.0,9.6,9.6,0.2,7.0,13.5,2,0.0,4,2022
2022,4,Emilia Romagna Grand Prix,imola,2022-04-24,hamilton,HAM,mercedes,13,14,+1 Lap,13.0,387.5,2.0,8.0,613.5,1.0,9.0,4.0,3.1,0.0,2.8,1.5,2,1.0,4,2022
2022,4,Emilia Romagna Grand Prix,imola,2022-04-24,ocon,OCO,alpine,14,16,+1 Lap,19.0,74.0,11.0,1.0,155.0,5.0,1.0,6.6,8.8,0.1,6.4,14.0,2,0.0,4,2022
2022,4,Emilia Romagna Grand Prix,imola,2022-04-24,zhou,ZHO,alfa,15,0,+1 Lap,14.0,0.0,20.0,0.0,13.0,9.0,0.0,10.666666666666666,10.666666666666666,0.0,10.2,11.0,0,0.0,4,2022
2022,4,Emilia Romagna Grand Prix,imola,2022-04-24,latifi,LAT,williams,16,19,+1 Lap,18.0,7.0,17.0,0.0,23.0,8.0,0.0,15.6,16.2,0.3,13.0,15.5,2,0.0,4,2022
2022,4,Emilia Romagna Grand Prix,imola,2022-04-24,mick_schumacher,MSC,haas,17,10,+1 Lap,12.0,0.0,19.0,0.0,0.0,10.0,0.0,15.6,16.6,0.3,11.8,16.0,1,0.0,4,2022
2022,4,Emilia Romagna Grand Prix,imola,2022-04-24,ricciardo,RIC,mclaren,18,6,+1 Lap,6.0,115.0,8.0,1.0,275.0,4.0,1.0,10.8,11.5,0.2,7.6,4.5,2,0.5,4,2022
2022,4,Emilia Romagna Grand Prix,imola,2022-04-24,alonso,ALO,alpine,19,9,Collision damage,5.0,81.0,10.0,0.0,155.0,5.0,1.0,12.6,11.8,0.2,6.4,10.0,1,0.0,4,2022
2022,4,Emilia Romagna Grand Prix,imola,2022-04-24,sainz,SAI,ferrari,20,4,Collision,10.0,164.5,5.0,0.0,323.5,3.0,0.0,7.2,7.0,0.1,2.8,6.0,2,0.0,4,2022
2022,5,Miami Grand Prix,miami,2022-05-08,max_verstappen,VER,red_bull,1,3,Finished,3.0,395.5,1.0,10.0,585.5,2.0,11.0,8.0,4.8,0.2,4.6,11.0,0,0.0,5,2022
2022,5,Miami Grand Prix,miami,2022-05-08,leclerc,LEC,ferrari,2,1,Finished,1.0,159.0,7.0,0.0,323.5,3.0,0.0,4.0,4.9,0.0,2.6,11.0,0,0.0,5,2022
2022,5,Miami Grand Prix,miami,2022-05-08,sainz,SAI,ferrari,3,2,Finished,2.0,164.5,5.0,0.0,323.5,3.0,0.0,9.6,8.2,0.2,2.6,11.0,0,0.0,5,2022
2022,5,Miami Grand Prix,miami,2022-05-08,perez,PER,red_bull,4,4,Finished,4.0,190.0,4.0,1.0,585.5,2.0,11.0,8.2,7.2,0.3,4.6,11.0,0,0.0,5,2022
2022,5,Miami Grand Prix,miami,2022-05-08,russell,RUS,mercedes,5,12,Finished,12.0,16.0,15.0,0.0,613.5,1.0,9.0,6.8,11.3,0.2,3.4,11.0,0,0.0,5,2022
2022,5,Miami Grand Prix,miami,2022-05-08,hamilton,HAM,mercedes,6,6,Finished,6.0,387.5,2.0,8.0,613.5,1.0,9.0,6.4,3.9,0.0,3.4,11.0,0,0.0,5,2022
2022,5,Miami Grand Prix,miami,2022-05-08,bottas,BOT,alfa,7,5,Finished,5.0,226.0,3.0,1.0,13.0,9.0,0.0,8.0,8.7,0.2,9.4,11.0,0,0.0,5,2022
2022,5,Miami Grand Prix,miami,2022-05-08,ocon,OCO,alpine,8,20,Finished,20.0,74.0,11.0,1.0,155.0,5.0,1.0,8.6,9.2,0.1,8.4,11.0,0,0.0,5,2022
2022,5,Miami Grand Prix,miami,2022-05-08,albon,ALB,williams,9,18,Finished,18.0,0.0,20.0,0.0,23.0,8.0,0.0,10.4,9.5,0.1,12.8,11.0,0,0.0,5,2022
2022,5,Miami Grand Prix,miami,2022-05-08,stroll,STR,aston_martin,10,0,Finished,10.0,34.0,13.0,0.0,77.0,7.0,0.0,12.0,12.3,0.1,11.0,11.0,0,0.0,5,2022
2022,5,Miami Grand Prix,miami,2022-05-08,alonso,ALO,alpine,11,11,Finished,11.0,81.0,10.0,0.0,155.0,5.0,1.0,13.8,12.1,0.3,8.4,11.0,0,0.0,5,2022
2022,5,Miami Grand Prix,miami,2022-05-08,tsunoda,TSU,alphatauri,12,9,Finished,9.0,32.0,14.0,0.0,142.0,6.0,0.0,10.6,12.4,0.2,7.2,11.0,0,0.0,5,2022
2022,5,Miami Grand Prix,miami,2022-05-08,ricciardo,RIC,mclaren,13,14,Finished,14.0,115.0,8.0,1.0,275.0,4.0,1.0,13.4,12.0,0.2,7.2,11.0,0,0.0,5,2022
2022,5,Miami Grand Prix,miami,2022-05-08,latifi,LAT,williams,14,19,Finished,19.0,7.0,17.0,0.0,23.0,8.0,0.0,16.4,16.1,0.3,12.8,11.0,0,0.0,5,2022
2022,5,Miami Grand Prix,miami,2022-05-08,mick_schumacher,MSC,haas,15,15,Finished,15.0,0.0,19.0,0.0,0.0,10.0,0.0,15.0,16.4,0.3,10.0,11.0,0,0.0,5,2022
2022,5,Miami Grand Prix,miami,2022-05-08,kevin_magnussen,MAG,haas,16,16,Front wing,16.0,0.0,20.0,0.0,0.0,10.0,0.0,11.0,13.8,0.2,10.0,11.0,0,0.0,5,2022
2022,5,Miami Grand Prix,miami,2022-05-08,vettel,VET,aston_martin,17,0,Collision,13.0,43.0,12.0,0.0,77.0,7.0,0.0,12.8,12.2,0.2,11.0,11.0,0,0.0,5,2022
2022,5,Miami Grand Prix,miami,2022-05-08,gasly,GAS,alphatauri,18,7,Suspension,7.0,110.0,9.0,0.0,142.0,6.0,0.0,10.8,10.2,0.2,7.2,11.0,0,0.0,5,2022
2022,5,Miami Grand Prix,miami,2022-05-08,norris,NOR,mclaren,19,8,Collision,8.0,160.0,6.0,0.0,275.0,4.0,1.0,7.4,8.4,0.0,7.2,11.0,0,0.0,5,2022
2022,5,Miami Grand Prix,miami,2022-05-08,zhou,ZHO,alfa,20,17,Water leak,17.0,0.0,20.0,0.0,13.0,9.0,0.0,11.75,11.75,0.0,9.4,11.0,0,0.0,5,2022
2022,6,Spanish Grand Prix,catalunya,2022-05-22,max_verstappen,VER,red_bull,1,2,Finished,2.0,395.5,1.0,10.0,585.5,2.0,11.0,8.0,4.8,0.2,4.6,5.857142857142857,7,0.7142857142857143,6,2022
2022,6,Spanish Grand Prix,catalunya,2022-05-22,perez,PER,red_bull,2,5,Finished,5.0,190.0,4.0,1.0,585.5,2.0,11.0,6.0,7.3,0.3,4.6,9.545454545454545,11,0.0,6,2022
2022,6,Spanish Grand Prix,catalunya,2022-05-22,russell,RUS,mercedes,3,4,Finished,4.0,16.0,15.0,0.0,613.5,1.0,9.0,4.2,10.4,0.2,4.0,16.0,3,0.0,6,2022
2022,6,Spanish Grand Prix,catalunya,2022-05-22,sainz,SAI,ferrari,4,3,Finished,3.0,164.5,5.0,0.0,323.5,3.0,0.0,9.6,7.8,0.2,2.4,7.142857142857143,7,0.0,6,2022
2022,6,Spanish Grand Prix,catalunya,2022-05-22,hamilton,HAM,mercedes,5,6,Finished,6.0,387.5,2.0,8.0,613.5,1.0,9.0,7.2,4.3,0.0,4.0,5.416666666666667,12,0.6666666666666666,6,2022
2022,6,Spanish Grand Prix,catalunya,2022-05-22,bottas,BOT,alfa,6,7,Finished,7.0,226.0,3.0,1.0,13.0,9.0,0.0,8.2,8.8,0.2,7.4,6.333333333333333,9,0.4444444444444444,6,2022
2022,6,Spanish Grand Prix,catalunya,2022-05-22,ocon,OCO,alpine,7,12,Finished,12.0,74.0,11.0,1.0,155.0,5.0,1.0,8.4,8.1,0.0,8.4,10.75,4,0.0,6,2022
2022,6,Spanish Grand Prix,catalunya,2022-05-22,norris,NOR,mclaren,8,11,Finished,11.0,160.0,6.0,0.0,275.0,4.0,1.0,9.8,9.5,0.1,8.4,12.666666666666666,3,0.0,6,2022
2022,6,Spanish Grand Prix,catalunya,2022-05-22,alonso,ALO,alpine,9,20,+1 Lap,20.0,81.0,10.0,0.0,155.0,5.0,1.0,14.4,11.4,0.2,8.4,9.2,10,0.3,6,2022
2022,6,Spanish Grand Prix,catalunya,2022-05-22,tsunoda,TSU,alphatauri,10,13,+1 Lap,13.0,32.0,14.0,0.0,142.0,6.0,0.0,12.2,12.7,0.2,8.8,20.0,1,0.0,6,2022
2022,6,Spanish Grand Prix,catalunya,2022-05-22,vettel,VET,aston_martin,11,16,+1 Lap,16.0,43.0,12.0,0.0,77.0,7.0,0.0,14.2,12.7,0.3,10.8,4.5,12,0.4166666666666667,6,2022
2022,6,Spanish Grand Prix,catalunya,2022-05-22,ricciardo,RIC,mclaren,12,9,+1 Lap,9.0,115.0,8.0,1.0,275.0,4.0,1.0,13.6,12.8,0.2,8.4,7.4,10,0.2,6,2022
2022,6,Spanish Grand Prix,catalunya,2022-05-22,gasly,GAS,alphatauri,13,14,+1 Lap,14.0,110.0,9.0,0.0,142.0,6.0,0.0,13.4,10.0,0.2,8.8,11.0,4,0.0,6,2022
2022,6,Spanish Grand Prix,catalunya,2022-05-22,mick_schumacher,MSC,haas,14,10,+1 Lap,10.0,0.0,19.0,0.0,0.0,10.0,0.0,15.2,16.3,0.3,10.2,18.0,1,0.0,6,2022
2022,6,Spanish Grand Prix,catalunya,2022-05-22,stroll,STR,aston_martin,15,17,+1 Lap,17.0,34.0,13.0,0.0,77.0,7.0,0.0,11.4,12.1,0.1,10.8,12.2,5,0.0,6,2022
2022,6,Spanish Grand Prix,catalunya,2022-05-22,latifi,LAT,williams,16,19,+2 Laps,19.0,7.0,17.0,0.0,23.0,8.0,0.0,16.0,16.0,0.3,11.4,17.0,2,0.0,6,2022
2022,6,Spanish Grand Prix,catalunya,2022-05-22,kevin_magnussen,MAG,haas,17,8,+2 Laps,8.0,0.0,20.0,0.0,0.0,10.0,0.0,10.6,13.8,0.3,10.2,11.333333333333334,6,0.0,6,2022
2022,6,Spanish Grand Prix,catalunya,2022-05-22,albon,ALB,williams,18,18,+2 Laps,18.0,0.0,20.0,0.0,23.0,8.0,0.0,11.4,9.2,0.1,11.4,9.5,2,0.0,6,2022
2022,6,Spanish Grand Prix,catalunya,2022-05-22,zhou,ZHO,alfa,19,15,Power loss,15.0,0.0,20.0,0.0,13.0,9.0,0.0,13.4,13.4,0.2,7.4,11.0,0,0.0,6,2022
2022,6,Spanish Grand Prix,catalunya,2022-05-22,leclerc,LEC,ferrari,20,1,Turbo,1.0,159.0,7.0,0.0,323.5,3.0,0.0,2.4,4.7,0.0,2.4,9.75,4,0.0,6,2022
2022,7,Monaco Grand Prix,monaco,2022-05-29,perez,PER,red_bull,1,3,Finished,3.0,190.0,4.0,1.0,585.5,2.0,11.0,2.8,7.2,0.3,1.2,12.3,10,0.1,7,2022
2022,7,Monaco Grand Prix,monaco,2022-05-29,sainz,SAI,ferrari,2,2,Finished,2.0,164.5,5.0,0.0,323.5,3.0,0.0,10.0,7.6,0.2,3.0,7.0,6,0.16666666666666666,7,2022
2022,7,Monaco Grand Prix,monaco,2022-05-29,max_verstappen,VER,red_bull,3,4,Finished,4.0,395.5,1.0,10.0,585.5,2.0,11.0,4.4,4.8,0.2,1.2,9.166666666666666,6,0.16666666666666666,7,2022
2022,7,Monaco Grand Prix,monaco,2022-05-29,leclerc,LEC,ferrari,4,1,Finished,1.0,159.0,7.0,0.0,323.5,3.0,0.0,6.2,6.2,0.1,3.0,19.333333333333332,3,0.0,7,2022
2022,7,Monaco Grand Prix,monaco,2022-05-29,russell,RUS,mercedes,5,6,Finished,6.0,16.0,15.0,0.0,613.5,1.0,9.0,4.0,9.1,0.2,4.0,14.5,2,0.0,7,2022
2022,7,Monaco Grand Prix,monaco,2022-05-29,norris,NOR,mclaren,6,5,Finished,5.0,160.0,6.0,0.0,275.0,4.0,1.0,8.4,9.3,0.1,7.2,7.0,2,0.5,7,2022
2022,7,Monaco Grand Prix,monaco,2022-05-29,alonso,ALO,alpine,7,7,Finished,7.0,81.0,10.0,0.0,155.0,5.0,1.0,14.4,11.4,0.2,8.4,8.777777777777779,9,0.2222222222222222,7,2022
2022,7,Monaco Grand Prix,monaco,2022-05-29,hamilton,HAM,mercedes,8,8,Finished,8.0,387.5,2.0,8.0,613.5,1.0,9.0,7.6,4.6,0.0,4.0,4.0,11,0.45454545454545453,7,2022
2022,7,Monaco Grand Prix,monaco,2022-05-29,bottas,BOT,alfa,9,12,Finished,12.0,226.0,3.0,1.0,13.0,9.0,0.0,8.2,7.9,0.2,7.4,10.625,8,0.125,7,2022
2022,7,Monaco Grand Prix,monaco,2022-05-29,vettel,VET,aston_martin,10,9,Finished,9.0,43.0,12.0,0.0,77.0,7.0,0.0,13.2,12.0,0.3,10.6,4.090909090909091,11,0.6363636363636364,7,2022
2022,7,Monaco Grand Prix,monaco,2022-05-29,gasly,GAS,alphatauri,11,17,Finished,17.0,110.0,9.0,0.0,142.0,6.0,0.0,12.0,10.9,0.2,9.2,6.0,3,0.0,7,2022
2022,7,Monaco Grand Prix,monaco,2022-05-29,ocon,OCO,alpine,12,10,Finished,10.0,74.0,11.0,1.0,155.0,5.0,1.0,8.4,7.5,0.0,8.4,9.0,3,0.0,7,2022
2022,7,Monaco Grand Prix,monaco,2022-05-29,ricciardo,RIC,mclaren,13,14,Finished,14.0,115.0,8.0,1.0,275.0,4.0,1.0,13.2,12.8,0.2,7.2,7.777777777777778,9,0.4444444444444444,7,2022
2022,7,Monaco Grand Prix,monaco,2022-05-29,stroll,STR,aston_martin,14,18,Finished,18.0,34.0,13.0,0.0,77.0,7.0,0.0,12.0,12.2,0.1,10.6,14.0,4,0.0,7,2022
2022,7,Monaco Grand Prix,monaco,2022-05-29,latifi,LAT,williams,15,19,+1 Lap,19.0,7.0,17.0,0.0,23.0,8.0,0.0,16.0,15.9,0.3,12.0,15.0,1,0.0,7,2022
2022,7,Monaco Grand Prix,monaco,2022-05-29,zhou,ZHO,alfa,16,20,+1 Lap,20.0,0.0,20.0,0.0,13.0,9.0,0.0,15.2,14.333333333333334,0.3333333333333333,7.4,11.0,0,0.0,7,2022
2022,7,Monaco Grand Prix,monaco,2022-05-29,tsunoda,TSU,alphatauri,17,11,+1 Lap,11.0,32.0,14.0,0.0,142.0,6.0,0.0,12.6,11.7,0.1,9.2,16.0,1,0.0,7,2022
2022,7,Monaco Grand Prix,monaco,2022-05-29,albon,ALB,williams,18,16,Mechanical,16.0,0.0,20.0,0.0,23.0,8.0,0.0,12.4,9.5,0.1,12.0,8.0,1,0.0,7,2022
2022,7,Monaco Grand Prix,monaco,2022-05-29,mick_schumacher,MSC,haas,19,15,Accident,15.0,0.0,19.0,0.0,0.0,10.0,0.0,15.8,15.8,0.2,12.0,18.0,1,0.0,7,2022
2022,7,Monaco Grand Prix,monaco,2022-05-29,kevin_magnussen,MAG,haas,20,13,Water pressure,13.0,0.0,20.0,0.0,0.0,10.0,0.0,13.0,13.7,0.2,12.0,13.2,5,0.0,7,2022
2022,8,Azerbaijan Grand Prix,baku,2022-06-12,max_verstappen,VER,red_bull,1,3,Finished,3.0,395.5,1.0,10.0,585.5,2.0,11.0,4.8,4.9,0.2,1.2,12.8,5,0.0,8,2022
2022,8,Azerbaijan Grand Prix,baku,2022-06-12,perez,PER,red_bull,2,2,Finished,2.0,190.0,4.0,1.0,585.5,2.0,11.0,2.2,6.9,0.3,1.2,5.6,5,0.6,8,2022
2022,8,Azerbaijan Grand Prix,baku,2022-06-12,russell,RUS,mercedes,3,5,Finished,5.0,16.0,15.0,0.0,613.5,1.0,9.0,4.0,8.3,0.2,4.0,16.0,2,0.0,8,2022
2022,8,Azerbaijan Grand Prix,baku,2022-06-12,hamilton,HAM,mercedes,4,7,Finished,7.0,387.5,2.0,8.0,613.5,1.0,9.0,7.2,5.3,0.0,4.0,5.6,5,0.4,8,2022
2022,8,Azerbaijan Grand Prix,baku,2022-06-12,gasly,GAS,alphatauri,5,6,Finished,6.0,110.0,9.0,0.0,142.0,6.0,0.0,12.6,11.3,0.2,9.8,10.666666666666666,3,0.3333333333333333,8,2022
2022,8,Azerbaijan Grand Prix,baku,2022-06-12,vettel,VET,aston_martin,6,9,Finished,9.0,43.0,12.0,0.0,77.0,7.0,0.0,13.0,12.0,0.3,10.2,3.0,5,0.6,8,2022
2022,8,Azerbaijan Grand Prix,baku,2022-06-12,alonso,ALO,alpine,7,10,Finished,10.0,81.0,10.0,0.0,155.0,5.0,1.0,12.6,11.2,0.2,8.6,10.25,4,0.0,8,2022
2022,8,Azerbaijan Grand Prix,baku,2022-06-12,ricciardo,RIC,mclaren,8,12,Finished,12.0,115.0,8.0,1.0,275.0,4.0,1.0,12.4,12.2,0.1,7.0,10.8,5,0.2,8,2022
2022,8,Azerbaijan Grand Prix,baku,2022-06-12,norris,NOR,mclaren,9,11,Finished,11.0,160.0,6.0,0.0,275.0,4.0,1.0,8.2,8.9,0.1,7.0,6.5,2,0.0,8,2022
2022,8,Azerbaijan Grand Prix,baku,2022-06-12,ocon,OCO,alpine,10,13,Finished,13.0,74.0,11.0,1.0,155.0,5.0,1.0,9.6,7.9,0.0,8.6,15.0,3,0.0,8,2022
2022,8,Azerbaijan Grand Prix,baku,2022-06-12,bottas,BOT,alfa,11,15,+1 Lap,15.0,226.0,3.0,1.0,13.0,9.0,0.0,7.0,8.5,0.2,7.0,7.0,5,0.4,8,2022
2022,8,Azerbaijan Grand Prix,baku,2022-06-12,albon,ALB,williams,12,17,+1 Lap,17.0,0.0,20.0,0.0,23.0,8.0,0.0,13.2,10.6,0.2,12.2,11.0,1,0.0,8,2022
2022,8,Azerbaijan Grand Prix,baku,2022-06-12,tsunoda,TSU,alphatauri,13,8,+1 Lap,8.0,32.0,14.0,0.0,142.0,6.0,0.0,12.2,11.9,0.1,9.8,7.0,1,0.0,8,2022
2022,8,Azerbaijan Grand Prix,baku,2022-06-12,mick_schumacher,MSC,haas,14,20,+1 Lap,20.0,0.0,19.0,0.0,0.0,10.0,0.0,15.6,15.9,0.3,14.0,13.0,1,0.0,8,2022
2022,8,Azerbaijan Grand Prix,baku,2022-06-12,latifi,LAT,williams,15,18,+1 Lap,18.0,7.0,17.0,0.0,23.0,8.0,0.0,15.4,15.8,0.3,12.2,16.0,1,0.0,8,2022
2022,8,Azerbaijan Grand Prix,baku,2022-06-12,stroll,STR,aston_martin,16,19,Vibrations,19.0,34.0,13.0,0.0,77.0,7.0,0.0,12.2,11.6,0.0,10.2,9.75,4,0.25,8,2022
2022,8,Azerbaijan Grand Prix,baku,2022-06-12,kevin_magnussen,MAG,haas,17,16,Power Unit,16.0,0.0,20.0,0.0,0.0,10.0,0.0,15.2,14.0,0.2,14.0,11.75,4,0.0,8,2022
2022,8,Azerbaijan Grand Prix,baku,2022-06-12,zhou,ZHO,alfa,18,14,Hydraulics,14.0,0.0,20.0,0.0,13.0,9.0,0.0,16.2,14.571428571428571,0.2857142857142857,7.0,11.0,0,0.0,8,2022
2022,8,Azerbaijan Grand Prix,baku,2022-06-12,leclerc,LEC,ferrari,19,1,Power Unit,1.0,159.0,7.0,0.0,323.5,3.0,0.0,6.6,6.1,0.1,3.0,5.0,3,0.0,8,2022
2022,8,Azerbaijan Grand Prix,baku,2022-06-12,sainz,SAI,ferrari,20,4,Hydraulics,4.0,164.5,5.0,0.0,323.5,3.0,0.0,9.8,7.2,0.2,3.0,9.8,5,0.0,8,2022
2022,9,Canadian Grand Prix,villeneuve,2022-06-19,max_verstappen,VER,red_bull,1,1,Finished,1.0,395.5,1.0,10.0,585.5,2.0,11.0,1.4,4.8,0.2,1.0,9.0,5,0.2,9,2022
2022,9,Canadian Grand Prix,villeneuve,2022-06-19,sainz,SAI,ferrari,2,3,Finished,3.0,164.5,5.0,0.0,323.5,3.0,0.0,9.8,8.5,0.3,6.6,12.0,5,0.0,9,2022
2022,9,Canadian Grand Prix,villeneuve,2022-06-19,hamilton,HAM,mercedes,3,4,Finished,4.0,387.5,2.0,8.0,613.5,1.0,9.0,7.2,5.6,0.0,4.0,5.5,10,0.7,9,2022
2022,9,Canadian Grand Prix,villeneuve,2022-06-19,russell,RUS,mercedes,4,8,Finished,8.0,16.0,15.0,0.0,613.5,1.0,9.0,4.0,6.9,0.2,4.0,16.0,1,0.0,9,2022
2022,9,Canadian Grand Prix,villeneuve,2022-06-19,leclerc,LEC,ferrari,5,19,Finished,19.0,159.0,7.0,0.0,323.5,3.0,0.0,10.2,7.2,0.2,6.6,6.5,2,0.5,9,2022
2022,9,Canadian Grand Prix,villeneuve,2022-06-19,ocon,OCO,alpine,6,7,Finished,7.0,74.0,11.0,1.0,155.0,5.0,1.0,10.2,8.4,0.0,8.6,7.5,2,0.0,9,2022
2022,9,Canadian Grand Prix,villeneuve,2022-06-19,bottas,BOT,alfa,7,11,Finished,11.0,226.0,3.0,1.0,13.0,9.0,0.0,7.6,7.6,0.1,7.6,5.0,7,0.5714285714285714,9,2022
2022,9,Canadian Grand Prix,villeneuve,2022-06-19,zhou,ZHO,alfa,8,10,Finished,10.0,0.0,20.0,0.0,13.0,9.0,0.0,17.6,15.0,0.375,7.6,11.0,0,0.0,9,2022
2022,9,Canadian Grand Prix,villeneuve,2022-06-19,alonso,ALO,alpine,9,2,Finished,2.0,81.0,10.0,0.0,155.0,5.0,1.0,10.6,11.6,0.2,8.6,11.444444444444445,9,0.2222222222222222,9,2022
2022,9,Canadian Grand Prix,villeneuve,2022-06-19,stroll,STR,aston_martin,10,17,Finished,17.0,34.0,13.0,0.0,77.0,7.0,0.0,13.0,12.6,0.1,9.0,12.666666666666666,3,0.0,9,2022
2022,9,Canadian Grand Prix,villeneuve,2022-06-19,ricciardo,RIC,mclaren,11,9,Finished,9.0,115.0,8.0,1.0,275.0,4.0,1.0,12.8,11.8,0.1,7.6,7.875,8,0.25,9,2022
2022,9,Canadian Grand Prix,villeneuve,2022-06-19,vettel,VET,aston_martin,12,16,Finished,16.0,43.0,12.0,0.0,77.0,7.0,0.0,10.4,11.9,0.3,9.0,2.8,10,0.6,9,2022
2022,9,Canadian Grand Prix,villeneuve,2022-06-19,albon,ALB,williams,13,12,Finished,12.0,0.0,20.0,0.0,23.0,8.0,0.0,13.6,11.5,0.2,12.6,19.0,1,0.0,9,2022
2022,9,Canadian Grand Prix,villeneuve,2022-06-19,gasly,GAS,alphatauri,14,15,Finished,15.0,110.0,9.0,0.0,142.0,6.0,0.0,11.8,10.7,0.2,9.0,9.5,2,0.0,9,2022
2022,9,Canadian Grand Prix,villeneuve,2022-06-19,norris,NOR,mclaren,15,14,Finished,14.0,160.0,6.0,0.0,275.0,4.0,1.0,9.0,8.9,0.1,7.6,20.0,1,0.0,9,2022
2022,9,Canadian Grand Prix,villeneuve,2022-06-19,latifi,LAT,williams,16,18,Finished,18.0,7.0,17.0,0.0,23.0,8.0,0.0,15.2,15.4,0.2,12.6,11.0,0,0.0,9,2022
2022,9,Canadian Grand Prix,villeneuve,2022-06-19,kevin_magnussen,MAG,haas,17,5,Finished,5.0,0.0,20.0,0.0,0.0,10.0,0.0,15.8,14.0,0.3,14.2,13.4,5,0.0,9,2022
2022,9,Canadian Grand Prix,villeneuve,2022-06-19,tsunoda,TSU,alphatauri,18,20,Accident,20.0,32.0,14.0,0.0,142.0,6.0,0.0,11.8,11.9,0.1,9.0,11.0,0,0.0,9,2022
2022,9,Canadian Grand Prix,villeneuve,2022-06-19,mick_schumacher,MSC,haas,19,6,Engine,6.0,0.0,19.0,0.0,0.0,10.0,0.0,15.8,15.7,0.3,14.2,11.0,0,0.0,9,2022
2022,9,Canadian Grand Prix,villeneuve,2022-06-19,perez,PER,red_bull,20,13,Gearbox,13.0,190.0,4.0,1.0,585.5,2.0,11.0,2.2,6.7,0.3,1.0,9.625,8,0.125,9,2022
2022,10,British Grand Prix,silverstone,2022-07-03,sainz,SAI,ferrari,1,1,Finished,1.0,164.5,5.0,0.0,323.5,3.0,0.0,6.2,7.9,0.3,5.8,12.0,8,0.0,10,2022
2022,10,British Grand Prix,silverstone,2022-07-03,perez,PER,red_bull,2,4,Finished,4.0,190.0,4.0,1.0,585.5,2.0,11.0,5.8,7.0,0.3,1.0,12.7,10,0.0,10,2022
2022,10,British Grand Prix,silverstone,2022-07-03,hamilton,HAM,mercedes,3,5,Finished,5.0,387.5,2.0,8.0,613.5,1.0,9.0,5.2,5.8,0.0,3.8,2.230769230769231,13,0.7692307692307693,10,2022
2022,10,British Grand Prix,silverstone,2022-07-03,leclerc,LEC,ferrari,4,3,Finished,3.0,159.0,7.0,0.0,323.5,3.0,0.0,10.0,7.0,0.2,5.8,6.2,5,0.6,10,2022
2022,10,British Grand Prix,silverstone,2022-07-03,alonso,ALO,alpine,5,7,Finished,7.0,81.0,10.0,0.0,155.0,5.0,1.0,8.6,11.2,0.2,7.0,8.2,10,0.3,10,2022
2022,10,British Grand Prix,silverstone,2022-07-03,norris,NOR,mclaren,6,6,Finished,6.0,160.0,6.0,0.0,275.0,4.0,1.0,11.4,9.4,0.1,9.2,7.25,4,0.0,10,2022
2022,10,British Grand Prix,silverstone,2022-07-03,max_verstappen,VER,red_bull,7,2,Finished,2.0,395.5,1.0,10.0,585.5,2.0,11.0,1.4,4.7,0.2,1.0,8.125,8,0.375,10,2022
2022,10,British Grand Prix,silverstone,2022-07-03,mick_schumacher,MSC,haas,8,19,Finished,19.0,0.0,19.0,0.0,0.0,10.0,0.0,16.2,15.6,0.3,15.8,18.0,1,0.0,10,2022
2022,10,British Grand Prix,silverstone,2022-07-03,vettel,VET,aston_martin,9,18,Finished,18.0,43.0,12.0,0.0,77.0,7.0,0.0,11.2,12.0,0.3,9.4,8.846153846153847,13,0.3076923076923077,10,2022
2022,10,British Grand Prix,silverstone,2022-07-03,kevin_magnussen,MAG,haas,10,17,Finished,17.0,0.0,20.0,0.0,0.0,10.0,0.0,17.4,14.2,0.3,15.8,14.857142857142858,7,0.0,10,2022
2022,10,British Grand Prix,silverstone,2022-07-03,stroll,STR,aston_martin,11,20,Finished,20.0,34.0,13.0,0.0,77.0,7.0,0.0,13.0,12.5,0.1,9.4,10.666666666666666,6,0.0,10,2022
2022,10,British Grand Prix,silverstone,2022-07-03,latifi,LAT,williams,12,10,Finished,10.0,7.0,17.0,0.0,23.0,8.0,0.0,15.2,15.8,0.2,13.0,16.0,3,0.0,10,2022
2022,10,British Grand Prix,silverstone,2022-07-03,ricciardo,RIC,mclaren,13,14,Finished,14.0,115.0,8.0,1.0,275.0,4.0,1.0,11.4,12.4,0.1,9.2,8.5,12,0.08333333333333333,10,2022
2022,10,British Grand Prix,silverstone,2022-07-03,tsunoda,TSU,alphatauri,14,13,Finished,13.0,32.0,14.0,0.0,142.0,6.0,0.0,14.0,12.3,0.2,10.4,10.0,1,0.0,10,2022
2022,10,British Grand Prix,silverstone,2022-07-03,ocon,OCO,alpine,15,15,Fuel pump,15.0,74.0,11.0,1.0,155.0,5.0,1.0,8.6,8.6,0.0,7.0,7.6,5,0.0,10,2022
2022,10,British Grand Prix,silverstone,2022-07-03,gasly,GAS,alphatauri,16,11,Collision damage,11.0,110.0,9.0,0.0,142.0,6.0,0.0,12.2,11.5,0.2,10.4,9.2,5,0.0,10,2022
2022,10,British Grand Prix,silverstone,2022-07-03,bottas,BOT,alfa,17,12,Gearbox,12.0,226.0,3.0,1.0,13.0,9.0,0.0,8.0,8.0,0.1,8.0,5.8,10,0.5,10,2022
2022,10,British Grand Prix,silverstone,2022-07-03,russell,RUS,mercedes,18,8,Collision,8.0,16.0,15.0,0.0,613.5,1.0,9.0,4.0,5.4,0.1,3.8,14.0,4,0.0,10,2022
2022,10,British Grand Prix,silverstone,2022-07-03,zhou,ZHO,alfa,19,9,Collision,9.0,0.0,20.0,0.0,13.0,9.0,0.0,16.2,14.222222222222221,0.3333333333333333,8.0,11.0,0,0.0,10,2022
2022,10,British Grand Prix,silverstone,2022-07-03,albon,ALB,williams,20,16,Collision,16.0,0.0,20.0,0.0,23.0,8.0,0.0,14.0,12.2,0.2,13.0,8.333333333333334,3,0.0,10,2022
2022,11,Austrian Grand Prix,red_bull_ring,2022-07-10,leclerc,LEC,ferrari,1,2,Finished,2.0,159.0,7.0,0.0,323.5,3.0,0.0,10.4,6.4,0.2,5.6,7.833333333333333,6,0.3333333333333333,11,2022
2022,11,Austrian Grand Prix,red_bull_ring,2022-07-10,max_verstappen,VER,red_bull,2,1,Finished,1.0,395.5,1.0,10.0,585.5,2.0,11.0,2.6,5.3,0.2,1.2,6.333333333333333,9,0.6666666666666666,11,2022
2022,11,Austrian Grand Prix,red_bull_ring,2022-07-10,hamilton,HAM,mercedes,3,8,Finished,8.0,387.5,2.0,8.0,613.5,1.0,9.0,4.6,5.9,0.0,3.4,4.1,10,0.5,11,2022
2022,11,Austrian Grand Prix,red_bull_ring,2022-07-10,russell,RUS,mercedes,4,4,Finished,4.0,16.0,15.0,0.0,613.5,1.0,9.0,6.6,5.4,0.1,3.4,15.8,5,0.0,11,2022
2022,11,Austrian Grand Prix,red_bull_ring,2022-07-10,ocon,OCO,alpine,5,6,Finished,6.0,74.0,11.0,1.0,155.0,5.0,1.0,10.0,9.2,0.1,6.4,12.333333333333334,6,0.0,11,2022
2022,11,Austrian Grand Prix,red_bull_ring,2022-07-10,mick_schumacher,MSC,haas,6,9,+1 Lap,9.0,0.0,19.0,0.0,0.0,10.0,0.0,14.8,15.0,0.3,14.4,17.0,2,0.0,11,2022
2022,11,Austrian Grand Prix,red_bull_ring,2022-07-10,norris,NOR,mclaren,7,10,+1 Lap,10.0,160.0,6.0,0.0,275.0,4.0,1.0,8.8,9.3,0.1,7.8,4.4,5,0.4,11,2022
2022,11,Austrian Grand Prix,red_bull_ring,2022-07-10,kevin_magnussen,MAG,haas,8,7,+1 Lap,7.0,0.0,20.0,0.0,0.0,10.0,0.0,16.2,13.4,0.3,14.4,13.142857142857142,7,0.0,11,2022
2022,11,Austrian Grand Prix,red_bull_ring,2022-07-10,ricciardo,RIC,mclaren,9,11,+1 Lap,11.0,115.0,8.0,1.0,275.0,4.0,1.0,11.4,12.5,0.1,7.8,10.3,10,0.1,11,2022
2022,11,Austrian Grand Prix,red_bull_ring,2022-07-10,alonso,ALO,alpine,10,19,+1 Lap,19.0,81.0,10.0,0.0,155.0,5.0,1.0,7.4,10.9,0.2,6.4,12.714285714285714,7,0.0,11,2022
2022,11,Austrian Grand Prix,red_bull_ring,2022-07-10,bottas,BOT,alfa,11,0,+1 Lap,0.0,226.0,3.0,1.0,13.0,9.0,0.0,10.0,9.1,0.2,10.0,4.8,10,0.7,11,2022
2022,11,Austrian Grand Prix,red_bull_ring,2022-07-10,albon,ALB,williams,12,15,+1 Lap,15.0,0.0,20.0,0.0,23.0,8.0,0.0,16.2,13.8,0.3,13.6,10.666666666666666,3,0.0,11,2022
2022,11,Austrian Grand Prix,red_bull_ring,2022-07-10,stroll,STR,aston_martin,13,12,+1 Lap,12.0,34.0,13.0,0.0,77.0,7.0,0.0,13.2,12.3,0.1,9.2,12.0,7,0.0,11,2022
2022,11,Austrian Grand Prix,red_bull_ring,2022-07-10,zhou,ZHO,alfa,14,13,+1 Lap,13.0,0.0,20.0,0.0,13.0,9.0,0.0,16.0,14.7,0.4,10.0,11.0,0,0.0,11,2022
2022,11,Austrian Grand Prix,red_bull_ring,2022-07-10,gasly,GAS,alphatauri,15,14,+1 Lap,14.0,110.0,9.0,0.0,142.0,6.0,0.0,11.8,12.6,0.3,10.8,11.5,6,0.0,11,2022
2022,11,Austrian Grand Prix,red_bull_ring,2022-07-10,tsunoda,TSU,alphatauri,16,16,+1 Lap,16.0,32.0,14.0,0.0,142.0,6.0,0.0,14.4,13.3,0.2,10.8,11.0,2,0.0,11,2022
2022,11,Austrian Grand Prix,red_bull_ring,2022-07-10,vettel,VET,aston_martin,17,18,+1 Lap,18.0,43.0,12.0,0.0,77.0,7.0,0.0,9.6,11.9,0.3,9.2,11.4,10,0.2,11,2022
2022,11,Austrian Grand Prix,red_bull_ring,2022-07-10,sainz,SAI,ferrari,18,3,Power Unit,3.0,164.5,5.0,0.0,323.5,3.0,0.0,5.8,7.7,0.3,5.6,9.555555555555555,9,0.0,11,2022
2022,11,Austrian Grand Prix,red_bull_ring,2022-07-10,latifi,LAT,williams,19,17,Undertray,17.0,7.0,17.0,0.0,23.0,8.0,0.0,14.8,15.4,0.1,13.6,15.25,4,0.0,11,2022
2022,11,Austrian Grand Prix,red_bull_ring,2022-07-10,perez,PER,red_bull,20,5,Collision damage,5.0,190.0,4.0,1.0,585.5,2.0,11.0,5.4,5.7,0.2,1.2,7.9,10,0.0,11,2022
2022,12,French Grand Prix,ricard,2022-07-24,max_verstappen,VER,red_bull,1,2,Finished,2.0,395.5,1.0,10.0,585.5,2.0,11.0,2.8,3.6,0.1,1.4,2.3333333333333335,3,0.6666666666666666,12,2022
2022,12,French Grand Prix,ricard,2022-07-24,hamilton,HAM,mercedes,2,4,Finished,4.0,387.5,2.0,8.0,613.5,1.0,9.0,4.2,5.9,0.0,3.4,1.3333333333333333,3,1.0,12,2022
2022,12,French Grand Prix,ricard,2022-07-24,russell,RUS,mercedes,3,6,Finished,6.0,16.0,15.0,0.0,613.5,1.0,9.0,6.8,5.4,0.1,3.4,15.5,2,0.0,12,2022
2022,12,French Grand Prix,ricard,2022-07-24,perez,PER,red_bull,4,3,Finished,3.0,190.0,4.0,1.0,585.5,2.0,11.0,9.0,5.9,0.2,1.4,11.0,3,0.3333333333333333,12,2022
2022,12,French Grand Prix,ricard,2022-07-24,sainz,SAI,ferrari,5,19,Finished,19.0,164.5,5.0,0.0,323.5,3.0,0.0,8.6,9.3,0.4,5.0,8.333333333333334,3,0.0,12,2022
2022,12,French Grand Prix,ricard,2022-07-24,alonso,ALO,alpine,6,7,Finished,7.0,81.0,10.0,0.0,155.0,5.0,1.0,7.6,11.0,0.2,6.0,12.0,2,0.0,12,2022
2022,12,French Grand Prix,ricard,2022-07-24,norris,NOR,mclaren,7,5,Finished,5.0,160.0,6.0,0.0,275.0,4.0,1.0,8.6,8.5,0.1,7.6,7.0,2,0.0,12,2022
2022,12,French Grand Prix,ricard,2022-07-24,ocon,OCO,alpine,8,10,Finished,10.0,74.0,11.0,1.0,155.0,5.0,1.0,9.6,9.0,0.1,6.0,16.5,2,0.0,12,2022
2022,12,French Grand Prix,ricard,2022-07-24,ricciardo,RIC,mclaren,9,9,Finished,9.0,115.0,8.0,1.0,275.0,4.0,1.0,10.8,12.0,0.1,7.6,7.0,3,0.0,12,2022
2022,12,French Grand Prix,ricard,2022-07-24,stroll,STR,aston_martin,10,15,Finished,15.0,34.0,13.0,0.0,77.0,7.0,0.0,12.8,12.4,0.1,9.6,13.333333333333334,3,0.0,12,2022
2022,12,French Grand Prix,ricard,2022-07-24,vettel,VET,aston_martin,11,12,Finished,12.0,43.0,12.0,0.0,77.0,7.0,0.0,10.8,12.0,0.2,9.6,6.333333333333333,3,0.0,12,2022
2022,12,French Grand Prix,ricard,2022-07-24,gasly,GAS,alphatauri,12,14,Finished,14.0,110.0,9.0,0.0,142.0,6.0,0.0,12.2,12.1,0.2,11.8,12.333333333333334,3,0.0,12,2022
2022,12,French Grand Prix,ricard,2022-07-24,albon,ALB,williams,13,13,Finished,13.0,0.0,20.0,0.0,23.0,8.0,0.0,15.0,13.7,0.3,12.8,15.0,1,0.0,12,2022
2022,12,French Grand Prix,ricard,2022-07-24,bottas,BOT,alfa,14,11,Finished,11.0,226.0,3.0,1.0,13.0,9.0,0.0,11.0,9.6,0.2,11.0,4.333333333333333,3,0.3333333333333333,12,2022
2022,12,French Grand Prix,ricard,2022-07-24,mick_schumacher,MSC,haas,15,17,Finished,17.0,0.0,19.0,0.0,0.0,10.0,0.0,13.2,14.5,0.3,12.8,19.0,1,0.0,12,2022
2022,12,French Grand Prix,ricard,2022-07-24,zhou,ZHO,alfa,16,16,+6 Laps,16.0,0.0,20.0,0.0,13.0,9.0,0.0,15.0,15.1,0.4,11.0,11.0,0,0.0,12,2022
2022,12,French Grand Prix,ricard,2022-07-24,latifi,LAT,williams,17,18,Collision damage,18.0,7.0,17.0,0.0,23.0,8.0,0.0,15.4,15.7,0.2,12.8,18.0,1,0.0,12,2022
2022,12,French Grand Prix,ricard,2022-07-24,kevin_magnussen,MAG,haas,18,20,Collision damage,20.0,0.0,20.0,0.0,0.0,10.0,0.0,14.4,13.7,0.3,12.8,11.5,2,0.0,12,2022
2022,12,French Grand Prix,ricard,2022-07-24,leclerc,LEC,ferrari,19,1,Accident,1.0,159.0,7.0,0.0,323.5,3.0,0.0,6.6,6.4,0.2,5.0,9.666666666666666,3,0.3333333333333333,12,2022
2022,12,French Grand Prix,ricard,2022-07-24,tsunoda,TSU,alphatauri,20,8,Undertray,8.0,32.0,14.0,0.0,142.0,6.0,0.0,15.6,14.1,0.2,11.8,13.0,1,0.0,12,2022
2022,13,Hungarian Grand Prix,hungaroring,2022-07-31,max_verstappen,VER,red_bull,1,10,Finished,10.0,395.5,1.0,10.0,585.5,2.0,11.0,2.4,3.6,0.1,1.4,6.571428571428571,7,0.2857142857142857,13,2022
2022,13,Hungarian Grand Prix,hungaroring,2022-07-31,hamilton,HAM,mercedes,2,7,Finished,7.0,387.5,2.0,8.0,613.5,1.0,9.0,3.0,5.1,0.0,2.8,3.75,12,0.6666666666666666,13,2022
2022,13,Hungarian Grand Prix,hungaroring,2022-07-31,russell,RUS,mercedes,3,1,Finished,1.0,16.0,15.0,0.0,613.5,1.0,9.0,6.4,5.2,0.1,2.8,14.0,3,0.0,13,2022
2022,13,Hungarian Grand Prix,hungaroring,2022-07-31,sainz,SAI,ferrari,4,2,Finished,2.0,164.5,5.0,0.0,323.5,3.0,0.0,9.2,9.5,0.4,5.6,8.285714285714286,7,0.14285714285714285,13,2022
2022,13,Hungarian Grand Prix,hungaroring,2022-07-31,perez,PER,red_bull,5,11,Finished,11.0,190.0,4.0,1.0,585.5,2.0,11.0,9.6,5.9,0.2,1.4,13.090909090909092,11,0.0,13,2022
2022,13,Hungarian Grand Prix,hungaroring,2022-07-31,leclerc,LEC,ferrari,6,3,Finished,3.0,159.0,7.0,0.0,323.5,3.0,0.0,9.6,8.1,0.3,5.6,13.25,4,0.0,13,2022
2022,13,Hungarian Grand Prix,hungaroring,2022-07-31,norris,NOR,mclaren,7,4,Finished,4.0,160.0,6.0,0.0,275.0,4.0,1.0,8.8,8.5,0.1,7.8,12.333333333333334,3,0.0,13,2022
2022,13,Hungarian Grand Prix,hungaroring,2022-07-31,alonso,ALO,alpine,8,6,+1 Lap,6.0,81.0,10.0,0.0,155.0,5.0,1.0,7.4,10.0,0.1,5.8,4.7,10,0.3,13,2022
2022,13,Hungarian Grand Prix,hungaroring,2022-07-31,ocon,OCO,alpine,9,5,+1 Lap,5.0,74.0,11.0,1.0,155.0,5.0,1.0,8.8,9.2,0.1,5.8,9.25,4,0.25,13,2022
2022,13,Hungarian Grand Prix,hungaroring,2022-07-31,vettel,VET,aston_martin,10,18,+1 Lap,18.0,43.0,12.0,0.0,77.0,7.0,0.0,11.0,12.0,0.2,9.6,4.666666666666667,12,0.5833333333333334,13,2022
2022,13,Hungarian Grand Prix,hungaroring,2022-07-31,stroll,STR,aston_martin,11,14,+1 Lap,14.0,34.0,13.0,0.0,77.0,7.0,0.0,12.0,12.1,0.1,9.6,14.2,5,0.0,13,2022
2022,13,Hungarian Grand Prix,hungaroring,2022-07-31,gasly,GAS,alphatauri,12,0,+1 Lap,0.0,110.0,9.0,0.0,142.0,6.0,0.0,12.4,12.5,0.2,12.0,9.25,4,0.0,13,2022
2022,13,Hungarian Grand Prix,hungaroring,2022-07-31,zhou,ZHO,alfa,13,12,+1 Lap,12.0,0.0,20.0,0.0,13.0,9.0,0.0,15.0,15.6,0.4,12.0,11.0,0,0.0,13,2022
2022,13,Hungarian Grand Prix,hungaroring,2022-07-31,mick_schumacher,MSC,haas,14,15,+1 Lap,15.0,0.0,19.0,0.0,0.0,10.0,0.0,12.4,14.0,0.2,12.0,12.0,1,0.0,13,2022
2022,13,Hungarian Grand Prix,hungaroring,2022-07-31,ricciardo,RIC,mclaren,15,9,+1 Lap,9.0,115.0,8.0,1.0,275.0,4.0,1.0,10.0,11.2,0.0,7.8,10.0,11,0.2727272727272727,13,2022
2022,13,Hungarian Grand Prix,hungaroring,2022-07-31,kevin_magnussen,MAG,haas,16,13,+1 Lap,13.0,0.0,20.0,0.0,0.0,10.0,0.0,14.0,14.6,0.4,12.0,11.666666666666666,6,0.0,13,2022
2022,13,Hungarian Grand Prix,hungaroring,2022-07-31,albon,ALB,williams,17,17,+1 Lap,17.0,0.0,20.0,0.0,23.0,8.0,0.0,14.0,13.6,0.2,12.4,7.5,2,0.0,13,2022
2022,13,Hungarian Grand Prix,hungaroring,2022-07-31,latifi,LAT,williams,18,19,+1 Lap,19.0,7.0,17.0,0.0,23.0,8.0,0.0,15.8,15.6,0.2,12.4,13.0,2,0.0,13,2022
2022,13,Hungarian Grand Prix,hungaroring,2022-07-31,tsunoda,TSU,alphatauri,19,16,+2 Laps,16.0,32.0,14.0,0.0,142.0,6.0,0.0,16.2,14.2,0.2,12.0,6.0,1,0.0,13,2022
2022,13,Hungarian Grand Prix,hungaroring,2022-07-31,bottas,BOT,alfa,20,8,Power Unit,8.0,226.0,3.0,1.0,13.0,9.0,0.0,12.0,9.5,0.1,12.0,9.444444444444445,9,0.2222222222222222,13,2022
2022,14,Belgian Grand Prix,spa,2022-08-28,max_verstappen,VER,red_bull,1,14,Finished,14.0,395.5,1.0,10.0,585.5,2.0,11.0,2.4,1.9,0.0,1.4,9.285714285714286,7,0.42857142857142855,14,2022
2022,14,Belgian Grand Prix,spa,2022-08-28,perez,PER,red_bull,2,2,Finished,2.0,190.0,4.0,1.0,585.5,2.0,11.0,10.2,6.2,0.2,1.4,11.545454545454545,11,0.0,14,2022
2022,14,Belgian Grand Prix,spa,2022-08-28,sainz,SAI,ferrari,3,1,Finished,1.0,164.5,5.0,0.0,323.5,3.0,0.0,6.0,7.9,0.3,2.6,15.285714285714286,7,0.0,14,2022
2022,14,Belgian Grand Prix,spa,2022-08-28,russell,RUS,mercedes,4,5,Finished,5.0,16.0,15.0,0.0,613.5,1.0,9.0,6.4,5.2,0.1,2.6,12.0,3,0.3333333333333333,14,2022
2022,14,Belgian Grand Prix,spa,2022-08-28,alonso,ALO,alpine,5,3,Finished,3.0,81.0,10.0,0.0,155.0,5.0,1.0,7.6,9.1,0.1,6.0,12.4,10,0.1,14,2022
2022,14,Belgian Grand Prix,spa,2022-08-28,leclerc,LEC,ferrari,6,15,Finished,15.0,159.0,7.0,0.0,323.5,3.0,0.0,7.0,8.6,0.3,2.6,10.25,4,0.25,14,2022
2022,14,Belgian Grand Prix,spa,2022-08-28,ocon,OCO,alpine,7,16,Finished,16.0,74.0,11.0,1.0,155.0,5.0,1.0,8.6,9.4,0.1,6.0,8.6,5,0.0,14,2022
2022,14,Belgian Grand Prix,spa,2022-08-28,vettel,VET,aston_martin,8,10,Finished,10.0,43.0,12.0,0.0,77.0,7.0,0.0,11.8,11.1,0.1,10.4,5.583333333333333,12,0.4166666666666667,14,2022
2022,14,Belgian Grand Prix,spa,2022-08-28,gasly,GAS,alphatauri,9,0,Finished,0.0,110.0,9.0,0.0,142.0,6.0,0.0,13.8,12.8,0.2,13.4,8.0,4,0.0,14,2022
2022,14,Belgian Grand Prix,spa,2022-08-28,albon,ALB,williams,10,6,Finished,6.0,0.0,20.0,0.0,23.0,8.0,0.0,15.0,14.3,0.2,13.4,5.5,2,0.0,14,2022
2022,14,Belgian Grand Prix,spa,2022-08-28,stroll,STR,aston_martin,11,9,Finished,9.0,34.0,13.0,0.0,77.0,7.0,0.0,11.0,12.0,0.1,10.4,12.6,5,0.0,14,2022
2022,14,Belgian Grand Prix,spa,2022-08-28,norris,NOR,mclaren,12,17,Finished,17.0,160.0,6.0,0.0,275.0,4.0,1.0,8.4,8.7,0.1,7.6,10.666666666666666,3,0.0,14,2022
2022,14,Belgian Grand Prix,spa,2022-08-28,tsunoda,TSU,alphatauri,13,0,Finished,0.0,32.0,14.0,0.0,142.0,6.0,0.0,17.4,14.6,0.2,13.4,15.0,1,0.0,14,2022
2022,14,Belgian Grand Prix,spa,2022-08-28,zhou,ZHO,alfa,14,18,Finished,18.0,0.0,20.0,0.0,13.0,9.0,0.0,14.0,15.8,0.4,12.4,11.0,0,0.0,14,2022
2022,14,Belgian Grand Prix,spa,2022-08-28,ricciardo,RIC,mclaren,15,7,Finished,7.0,115.0,8.0,1.0,275.0,4.0,1.0,11.4,12.1,0.0,7.6,9.272727272727273,11,0.2727272727272727,14,2022
2022,14,Belgian Grand Prix,spa,2022-08-28,kevin_magnussen,MAG,haas,16,12,+1 Lap,12.0,0.0,20.0,0.0,0.0,10.0,0.0,13.8,14.8,0.4,12.0,13.666666666666666,6,0.0,14,2022
2022,14,Belgian Grand Prix,spa,2022-08-28,mick_schumacher,MSC,haas,17,19,+1 Lap,19.0,0.0,19.0,0.0,0.0,10.0,0.0,12.4,14.1,0.2,12.0,16.0,1,0.0,14,2022
2022,14,Belgian Grand Prix,spa,2022-08-28,latifi,LAT,williams,18,11,+1 Lap,11.0,7.0,17.0,0.0,23.0,8.0,0.0,16.4,15.8,0.2,13.4,12.5,2,0.0,14,2022
2022,14,Belgian Grand Prix,spa,2022-08-28,bottas,BOT,alfa,19,13,Accident,13.0,226.0,3.0,1.0,13.0,9.0,0.0,13.8,10.7,0.2,12.4,6.777777777777778,9,0.3333333333333333,14,2022
2022,14,Belgian Grand Prix,spa,2022-08-28,hamilton,HAM,mercedes,20,4,Collision damage,4.0,387.5,2.0,8.0,613.5,1.0,9.0,2.6,4.9,0.0,2.6,6.75,12,0.75,14,2022
2022,15,Dutch Grand Prix,zandvoort,2022-09-04,max_verstappen,VER,red_bull,1,1,Finished,1.0,395.5,1.0,10.0,585.5,2.0,11.0,2.4,1.9,0.0,1.4,1.0,1,1.0,15,2022
2022,15,Dutch Grand Prix,zandvoort,2022-09-04,russell,RUS,mercedes,2,6,Finished,6.0,16.0,15.0,0.0,613.5,1.0,9.0,6.4,5.2,0.1,2.8,17.0,1,0.0,15,2022
2022,15,Dutch Grand Prix,zandvoort,2022-09-04,leclerc,LEC,ferrari,3,2,Finished,2.0,159.0,7.0,0.0,323.5,3.0,0.0,7.2,8.6,0.3,2.8,5.0,1,0.0,15,2022
2022,15,Dutch Grand Prix,zandvoort,2022-09-04,hamilton,HAM,mercedes,4,4,Finished,4.0,387.5,2.0,8.0,613.5,1.0,9.0,6.0,5.6,0.1,2.8,2.0,1,1.0,15,2022
2022,15,Dutch Grand Prix,zandvoort,2022-09-04,perez,PER,red_bull,5,5,Finished,5.0,190.0,4.0,1.0,585.5,2.0,11.0,6.6,6.2,0.2,1.4,8.0,1,0.0,15,2022
2022,15,Dutch Grand Prix,zandvoort,2022-09-04,alonso,ALO,alpine,6,13,Finished,13.0,81.0,10.0,0.0,155.0,5.0,1.0,6.8,7.7,0.0,5.8,6.0,1,0.0,15,2022
2022,15,Dutch Grand Prix,zandvoort,2022-09-04,norris,NOR,mclaren,7,7,Finished,7.0,160.0,6.0,0.0,275.0,4.0,1.0,7.8,9.6,0.1,7.8,10.0,1,0.0,15,2022
2022,15,Dutch Grand Prix,zandvoort,2022-09-04,sainz,SAI,ferrari,8,3,Finished,3.0,164.5,5.0,0.0,323.5,3.0,0.0,6.2,6.2,0.2,2.8,7.0,1,0.0,15,2022
2022,15,Dutch Grand Prix,zandvoort,2022-09-04,ocon,OCO,alpine,9,12,Finished,12.0,74.0,11.0,1.0,155.0,5.0,1.0,8.8,8.7,0.1,5.8,9.0,1,0.0,15,2022
2022,15,Dutch Grand Prix,zandvoort,2022-09-04,stroll,STR,aston_martin,10,10,Finished,10.0,34.0,13.0,0.0,77.0,7.0,0.0,11.2,12.1,0.1,10.0,12.0,1,0.0,15,2022
2022,15,Dutch Grand Prix,zandvoort,2022-09-04,gasly,GAS,alphatauri,11,11,Finished,11.0,110.0,9.0,0.0,142.0,6.0,0.0,12.8,12.5,0.2,12.4,4.0,1,0.0,15,2022
2022,15,Dutch Grand Prix,zandvoort,2022-09-04,albon,ALB,williams,12,15,Finished,15.0,0.0,20.0,0.0,23.0,8.0,0.0,14.4,14.2,0.2,12.8,11.0,0,0.0,15,2022
2022,15,Dutch Grand Prix,zandvoort,2022-09-04,mick_schumacher,MSC,haas,13,8,Finished,8.0,0.0,19.0,0.0,0.0,10.0,0.0,12.0,14.1,0.2,11.8,18.0,1,0.0,15,2022
2022,15,Dutch Grand Prix,zandvoort,2022-09-04,vettel,VET,aston_martin,14,19,Finished,19.0,43.0,12.0,0.0,77.0,7.0,0.0,11.0,11.1,0.1,10.0,13.0,1,0.0,15,2022
2022,15,Dutch Grand Prix,zandvoort,2022-09-04,kevin_magnussen,MAG,haas,15,18,Finished,18.0,0.0,20.0,0.0,0.0,10.0,0.0,13.6,15.5,0.4,11.8,11.0,0,0.0,15,2022
2022,15,Dutch Grand Prix,zandvoort,2022-09-04,zhou,ZHO,alfa,16,14,Finished,14.0,0.0,20.0,0.0,13.0,9.0,0.0,15.2,15.7,0.4,13.8,11.0,0,0.0,15,2022
2022,15,Dutch Grand Prix,zandvoort,2022-09-04,ricciardo,RIC,mclaren,17,17,Finished,17.0,115.0,8.0,1.0,275.0,4.0,1.0,12.2,11.8,0.0,7.8,11.0,1,0.0,15,2022
2022,15,Dutch Grand Prix,zandvoort,2022-09-04,latifi,LAT,williams,18,20,+1 Lap,20.0,7.0,17.0,0.0,23.0,8.0,0.0,16.8,16.0,0.2,12.8,16.0,1,0.0,15,2022
2022,15,Dutch Grand Prix,zandvoort,2022-09-04,bottas,BOT,alfa,19,16,Engine,16.0,226.0,3.0,1.0,13.0,9.0,0.0,16.2,12.1,0.3,13.8,3.0,1,1.0,15,2022
2022,15,Dutch Grand Prix,zandvoort,2022-09-04,tsunoda,TSU,alphatauri,20,9,Differential,9.0,32.0,14.0,0.0,142.0,6.0,0.0,16.4,15.2,0.2,12.4,19.0,1,0.0,15,2022
2022,16,Italian Grand Prix,monza,2022-09-11,max_verstappen,VER,red_bull,1,7,Finished,7.0,395.5,1.0,10.0,585.5,2.0,11.0,1.2,1.9,0.0,1.2,11.0,7,0.0,16,2022
2022,16,Italian Grand Prix,monza,2022-09-11,leclerc,LEC,ferrari,2,1,Finished,1.0,159.0,7.0,0.0,323.5,3.0,0.0,7.0,8.7,0.3,3.2,8.5,4,0.25,16,2022
2022,16,Italian Grand Prix,monza,2022-09-11,russell,RUS,mercedes,3,2,Finished,2.0,16.0,15.0,0.0,613.5,1.0,9.0,3.2,4.9,0.1,2.6,12.333333333333334,3,0.0,16,2022
2022,16,Italian Grand Prix,monza,2022-09-11,sainz,SAI,ferrari,4,18,Finished,18.0,164.5,5.0,0.0,323.5,3.0,0.0,7.6,6.7,0.2,3.2,10.857142857142858,7,0.14285714285714285,16,2022
2022,16,Italian Grand Prix,monza,2022-09-11,hamilton,HAM,mercedes,5,19,Finished,19.0,387.5,2.0,8.0,613.5,1.0,9.0,6.2,5.4,0.1,2.6,5.833333333333333,12,0.5833333333333334,16,2022
2022,16,Italian Grand Prix,monza,2022-09-11,perez,PER,red_bull,6,13,Finished,13.0,190.0,4.0,1.0,585.5,2.0,11.0,7.2,6.3,0.2,1.2,8.181818181818182,11,0.09090909090909091,16,2022
2022,16,Italian Grand Prix,monza,2022-09-11,norris,NOR,mclaren,7,3,Finished,3.0,160.0,6.0,0.0,275.0,4.0,1.0,8.0,8.4,0.0,8.0,5.333333333333333,3,0.3333333333333333,16,2022
2022,16,Italian Grand Prix,monza,2022-09-11,gasly,GAS,alphatauri,8,5,Finished,5.0,110.0,9.0,0.0,142.0,6.0,0.0,11.8,11.8,0.1,11.8,11.25,4,0.25,16,2022
2022,16,Italian Grand Prix,monza,2022-09-11,de_vries,DEV,williams,9,8,Finished,8.0,0.0,20.0,0.0,23.0,8.0,0.0,11.0,11.0,0.1,12.8,11.0,0,0.0,16,2022
2022,16,Italian Grand Prix,monza,2022-09-11,zhou,ZHO,alfa,10,9,Finished,9.0,0.0,20.0,0.0,13.0,9.0,0.0,14.6,15.3,0.3,13.6,11.0,0,0.0,16,2022
2022,16,Italian Grand Prix,monza,2022-09-11,ocon,OCO,alpine,11,14,Finished,14.0,74.0,11.0,1.0,155.0,5.0,1.0,7.6,8.8,0.1,6.0,9.6,5,0.0,16,2022
2022,16,Italian Grand Prix,monza,2022-09-11,mick_schumacher,MSC,haas,12,17,Finished,17.0,0.0,19.0,0.0,0.0,10.0,0.0,13.0,13.9,0.2,12.8,15.0,1,0.0,16,2022
2022,16,Italian Grand Prix,monza,2022-09-11,bottas,BOT,alfa,13,15,+1 Lap,15.0,226.0,3.0,1.0,13.0,9.0,0.0,16.6,13.3,0.4,13.6,4.888888888888889,9,0.4444444444444444,16,2022
2022,16,Italian Grand Prix,monza,2022-09-11,tsunoda,TSU,alphatauri,14,20,+1 Lap,20.0,32.0,14.0,0.0,142.0,6.0,0.0,17.6,16.0,0.3,11.8,20.0,1,0.0,16,2022
2022,16,Italian Grand Prix,monza,2022-09-11,latifi,LAT,williams,15,10,+1 Lap,10.0,7.0,17.0,0.0,23.0,8.0,0.0,18.0,16.4,0.2,12.8,11.0,2,0.0,16,2022
2022,16,Italian Grand Prix,monza,2022-09-11,kevin_magnussen,MAG,haas,16,16,+1 Lap,16.0,0.0,20.0,0.0,0.0,10.0,0.0,14.6,15.4,0.3,12.8,15.166666666666666,6,0.0,16,2022
2022,16,Italian Grand Prix,monza,2022-09-11,ricciardo,RIC,mclaren,17,4,Oil leak,4.0,115.0,8.0,1.0,275.0,4.0,1.0,13.0,12.2,0.0,8.0,7.7272727272727275,11,0.09090909090909091,16,2022
2022,16,Italian Grand Prix,monza,2022-09-11,stroll,STR,aston_martin,18,12,Engine,12.0,34.0,13.0,0.0,77.0,7.0,0.0,11.0,12.1,0.1,10.2,7.6,5,0.2,16,2022
2022,16,Italian Grand Prix,monza,2022-09-11,alonso,ALO,alpine,19,6,Water pressure,6.0,81.0,10.0,0.0,155.0,5.0,1.0,7.0,7.2,0.0,6.0,10.5,10,0.4,16,2022
2022,16,Italian Grand Prix,monza,2022-09-11,vettel,VET,aston_martin,20,11,Engine,11.0,43.0,12.0,0.0,77.0,7.0,0.0,12.0,10.8,0.0,10.2,7.583333333333333,12,0.4166666666666667,16,2022
2022,17,Singapore Grand Prix,marina_bay,2022-10-02,perez,PER,red_bull,1,2,Finished,2.0,190.0,4.0,1.0,585.5,2.0,11.0,4.4,6.7,0.2,1.0,10.0,9,0.0,17,2022
2022,17,Singapore Grand Prix,marina_bay,2022-10-02,leclerc,LEC,ferrari,2,1,Finished,1.0,159.0,7.0,0.0,323.5,3.0,0.0,7.2,6.9,0.2,3.4,5.5,2,0.5,17,2022
2022,17,Singapore Grand Prix,marina_bay,2022-10-02,sainz,SAI,ferrari,3,4,Finished,4.0,164.5,5.0,0.0,323.5,3.0,0.0,4.8,6.7,0.2,3.4,9.4,5,0.0,17,2022
2022,17,Singapore Grand Prix,marina_bay,2022-10-02,norris,NOR,mclaren,4,6,Finished,6.0,160.0,6.0,0.0,275.0,4.0,1.0,8.0,8.3,0.0,8.0,7.0,1,0.0,17,2022
2022,17,Singapore Grand Prix,marina_bay,2022-10-02,ricciardo,RIC,mclaren,5,16,Finished,16.0,115.0,8.0,1.0,275.0,4.0,1.0,14.6,12.7,0.1,8.0,8.777777777777779,9,0.4444444444444444,17,2022
2022,17,Singapore Grand Prix,marina_bay,2022-10-02,stroll,STR,aston_martin,6,11,Finished,11.0,34.0,13.0,0.0,77.0,7.0,0.0,12.0,12.4,0.2,11.2,11.666666666666666,3,0.0,17,2022
2022,17,Singapore Grand Prix,marina_bay,2022-10-02,max_verstappen,VER,red_bull,7,8,Finished,8.0,395.5,1.0,10.0,585.5,2.0,11.0,1.0,1.9,0.0,1.0,7.6,5,0.4,17,2022
2022,17,Singapore Grand Prix,marina_bay,2022-10-02,vettel,VET,aston_martin,8,13,Finished,13.0,43.0,12.0,0.0,77.0,7.0,0.0,12.6,11.7,0.1,11.2,3.5,10,0.8,17,2022
2022,17,Singapore Grand Prix,marina_bay,2022-10-02,hamilton,HAM,mercedes,9,3,Finished,3.0,387.5,2.0,8.0,613.5,1.0,9.0,6.6,5.4,0.1,2.6,8.1,10,0.4,17,2022
2022,17,Singapore Grand Prix,marina_bay,2022-10-02,gasly,GAS,alphatauri,10,7,Finished,7.0,110.0,9.0,0.0,142.0,6.0,0.0,10.4,11.3,0.1,10.4,10.5,2,0.0,17,2022
2022,17,Singapore Grand Prix,marina_bay,2022-10-02,bottas,BOT,alfa,11,15,Finished,15.0,226.0,3.0,1.0,13.0,9.0,0.0,17.0,14.0,0.4,13.4,8.714285714285714,7,0.14285714285714285,17,2022
2022,17,Singapore Grand Prix,marina_bay,2022-10-02,kevin_magnussen,MAG,haas,12,9,Finished,9.0,0.0,20.0,0.0,0.0,10.0,0.0,16.2,15.3,0.3,14.0,13.6,5,0.0,17,2022
2022,17,Singapore Grand Prix,marina_bay,2022-10-02,mick_schumacher,MSC,haas,13,12,+1 Lap,12.0,0.0,19.0,0.0,0.0,10.0,0.0,14.2,13.7,0.2,14.0,11.0,0,0.0,17,2022
2022,17,Singapore Grand Prix,marina_bay,2022-10-02,russell,RUS,mercedes,14,0,+2 Laps,0.0,16.0,15.0,0.0,613.5,1.0,9.0,3.0,4.9,0.1,2.6,20.0,1,0.0,17,2022
2022,17,Singapore Grand Prix,marina_bay,2022-10-02,tsunoda,TSU,alphatauri,15,10,Accident,10.0,32.0,14.0,0.0,142.0,6.0,0.0,17.2,16.4,0.3,10.4,11.0,0,0.0,17,2022
2022,17,Singapore Grand Prix,marina_bay,2022-10-02,ocon,OCO,alpine,16,17,Engine,17.0,74.0,11.0,1.0,155.0,5.0,1.0,8.8,9.2,0.1,7.2,16.0,3,0.0,17,2022
2022,17,Singapore Grand Prix,marina_bay,2022-10-02,albon,ALB,williams,17,18,Collision damage,18.0,0.0,20.0,0.0,23.0,8.0,0.0,12.8,14.5,0.2,12.2,6.0,1,0.0,17,2022
2022,17,Singapore Grand Prix,marina_bay,2022-10-02,alonso,ALO,alpine,18,5,Engine,5.0,81.0,10.0,0.0,155.0,5.0,1.0,8.8,8.2,0.1,7.2,6.888888888888889,9,0.3333333333333333,17,2022
2022,17,Singapore Grand Prix,marina_bay,2022-10-02,latifi,LAT,williams,19,19,Collision damage,19.0,7.0,17.0,0.0,23.0,8.0,0.0,17.2,16.3,0.2,12.2,11.0,0,0.0,17,2022
2022,17,Singapore Grand Prix,marina_bay,2022-10-02,zhou,ZHO,alfa,20,14,Collision,14.0,0.0,20.0,0.0,13.0,9.0,0.0,13.8,14.4,0.2,13.4,11.0,0,0.0,17,2022
2022,18,Japanese Grand Prix,suzuka,2022-10-09,max_verstappen,VER,red_bull,1,1,Finished,1.0,395.5,1.0,10.0,585.5,2.0,11.0,2.2,2.3,0.0,1.0,6.8,5,0.6,18,2022
2022,18,Japanese Grand Prix,suzuka,2022-10-09,perez,PER,red_bull,2,4,Finished,4.0,190.0,4.0,1.0,585.5,2.0,11.0,3.8,6.7,0.2,1.0,10.666666666666666,9,0.0,18,2022
2022,18,Japanese Grand Prix,suzuka,2022-10-09,leclerc,LEC,ferrari,3,2,Finished,2.0,159.0,7.0,0.0,323.5,3.0,0.0,3.8,6.7,0.2,2.8,12.0,2,0.0,18,2022
2022,18,Japanese Grand Prix,suzuka,2022-10-09,ocon,OCO,alpine,4,5,Finished,5.0,74.0,11.0,1.0,155.0,5.0,1.0,10.4,9.6,0.2,9.2,12.0,3,0.0,18,2022
2022,18,Japanese Grand Prix,suzuka,2022-10-09,hamilton,HAM,mercedes,5,6,Finished,6.0,387.5,2.0,8.0,613.5,1.0,9.0,8.0,5.5,0.1,4.0,4.5,10,0.6,18,2022
2022,18,Japanese Grand Prix,suzuka,2022-10-09,vettel,VET,aston_martin,6,9,Finished,9.0,43.0,12.0,0.0,77.0,7.0,0.0,12.0,11.5,0.1,10.4,4.3,10,0.7,18,2022
2022,18,Japanese Grand Prix,suzuka,2022-10-09,alonso,ALO,alpine,7,7,Finished,7.0,81.0,10.0,0.0,155.0,5.0,1.0,11.2,9.3,0.2,9.2,11.777777777777779,9,0.2222222222222222,18,2022
2022,18,Japanese Grand Prix,suzuka,2022-10-09,russell,RUS,mercedes,8,8,Finished,8.0,16.0,15.0,0.0,613.5,1.0,9.0,5.2,5.8,0.1,4.0,16.0,1,0.0,18,2022
2022,18,Japanese Grand Prix,suzuka,2022-10-09,latifi,LAT,williams,9,20,Finished,20.0,7.0,17.0,0.0,23.0,8.0,0.0,17.6,16.7,0.3,13.0,11.0,0,0.0,18,2022
2022,18,Japanese Grand Prix,suzuka,2022-10-09,norris,NOR,mclaren,10,10,Finished,10.0,160.0,6.0,0.0,275.0,4.0,1.0,7.4,8.1,0.0,7.4,11.0,1,0.0,18,2022
2022,18,Japanese Grand Prix,suzuka,2022-10-09,ricciardo,RIC,mclaren,11,11,Finished,11.0,115.0,8.0,1.0,275.0,4.0,1.0,13.8,11.9,0.1,7.4,10.666666666666666,9,0.1111111111111111,18,2022
2022,18,Japanese Grand Prix,suzuka,2022-10-09,stroll,STR,aston_martin,12,19,Finished,19.0,34.0,13.0,0.0,77.0,7.0,0.0,11.2,11.6,0.2,10.4,14.0,3,0.0,18,2022
2022,18,Japanese Grand Prix,suzuka,2022-10-09,tsunoda,TSU,alphatauri,13,13,Finished,13.0,32.0,14.0,0.0,142.0,6.0,0.0,16.2,16.2,0.4,10.0,11.0,0,0.0,18,2022
2022,18,Japanese Grand Prix,suzuka,2022-10-09,kevin_magnussen,MAG,haas,14,18,Finished,18.0,0.0,20.0,0.0,0.0,10.0,0.0,15.0,14.5,0.2,13.4,14.2,5,0.0,18,2022
2022,18,Japanese Grand Prix,suzuka,2022-10-09,bottas,BOT,alfa,15,12,Finished,12.0,226.0,3.0,1.0,13.0,9.0,0.0,16.4,14.2,0.4,12.8,6.428571428571429,7,0.2857142857142857,18,2022
2022,18,Japanese Grand Prix,suzuka,2022-10-09,zhou,ZHO,alfa,16,14,Finished,14.0,0.0,20.0,0.0,13.0,9.0,0.0,14.6,14.8,0.3,12.8,11.0,0,0.0,18,2022
2022,18,Japanese Grand Prix,suzuka,2022-10-09,mick_schumacher,MSC,haas,17,15,Finished,15.0,0.0,19.0,0.0,0.0,10.0,0.0,13.8,13.1,0.1,13.4,11.0,0,0.0,18,2022
2022,18,Japanese Grand Prix,suzuka,2022-10-09,gasly,GAS,alphatauri,18,17,Finished,17.0,110.0,9.0,0.0,142.0,6.0,0.0,10.0,11.2,0.1,10.0,10.333333333333334,3,0.0,18,2022
2022,18,Japanese Grand Prix,suzuka,2022-10-09,sainz,SAI,ferrari,19,3,Accident,3.0,164.5,5.0,0.0,323.5,3.0,0.0,4.4,6.8,0.2,2.8,12.4,5,0.0,18,2022
2022,18,Japanese Grand Prix,suzuka,2022-10-09,albon,ALB,williams,20,16,Hydraulics,16.0,0.0,20.0,0.0,23.0,8.0,0.0,13.8,14.4,0.3,13.0,4.0,1,0.0,18,2022
2022,19,United States Grand Prix,americas,2022-10-23,max_verstappen,VER,red_bull,1,2,Finished,2.0,395.5,1.0,10.0,585.5,2.0,11.0,2.2,2.3,0.0,1.0,5.666666666666667,6,0.5,19,2022
2022,19,United States Grand Prix,americas,2022-10-23,hamilton,HAM,mercedes,2,3,Finished,3.0,387.5,2.0,8.0,613.5,1.0,9.0,8.6,5.6,0.1,4.6,1.7777777777777777,9,0.8888888888888888,19,2022
2022,19,United States Grand Prix,americas,2022-10-23,leclerc,LEC,ferrari,3,12,Finished,12.0,159.0,7.0,0.0,323.5,3.0,0.0,3.2,5.1,0.1,2.6,7.666666666666667,3,0.0,19,2022
2022,19,United States Grand Prix,americas,2022-10-23,perez,PER,red_bull,4,9,Finished,9.0,190.0,4.0,1.0,585.5,2.0,11.0,3.2,6.7,0.2,1.0,8.555555555555555,9,0.1111111111111111,19,2022
2022,19,United States Grand Prix,americas,2022-10-23,russell,RUS,mercedes,5,4,Finished,4.0,16.0,15.0,0.0,613.5,1.0,9.0,6.2,6.3,0.1,4.6,15.5,2,0.0,19,2022
2022,19,United States Grand Prix,americas,2022-10-23,norris,NOR,mclaren,6,6,Finished,6.0,160.0,6.0,0.0,275.0,4.0,1.0,8.0,8.2,0.0,8.0,7.5,2,0.0,19,2022
2022,19,United States Grand Prix,americas,2022-10-23,alonso,ALO,alpine,7,14,Finished,14.0,81.0,10.0,0.0,155.0,5.0,1.0,11.0,9.3,0.2,8.4,10.375,8,0.125,19,2022
2022,19,United States Grand Prix,americas,2022-10-23,vettel,VET,aston_martin,8,10,Finished,10.0,43.0,12.0,0.0,77.0,7.0,0.0,11.2,11.5,0.1,9.6,5.888888888888889,9,0.4444444444444444,19,2022
2022,19,United States Grand Prix,americas,2022-10-23,kevin_magnussen,MAG,haas,9,13,Finished,13.0,0.0,20.0,0.0,0.0,10.0,0.0,14.6,14.2,0.1,13.4,14.8,5,0.0,19,2022
2022,19,United States Grand Prix,americas,2022-10-23,tsunoda,TSU,alphatauri,10,19,Finished,19.0,32.0,14.0,0.0,142.0,6.0,0.0,15.0,16.2,0.4,10.2,9.0,1,0.0,19,2022
2022,19,United States Grand Prix,americas,2022-10-23,ocon,OCO,alpine,11,0,Finished,0.0,74.0,11.0,1.0,155.0,5.0,1.0,9.4,9.0,0.2,8.4,15.5,4,0.0,19,2022
2022,19,United States Grand Prix,americas,2022-10-23,zhou,ZHO,alfa,12,18,Finished,18.0,0.0,20.0,0.0,13.0,9.0,0.0,15.2,14.6,0.2,13.2,11.0,0,0.0,19,2022
2022,19,United States Grand Prix,americas,2022-10-23,albon,ALB,williams,13,8,Finished,8.0,0.0,20.0,0.0,23.0,8.0,0.0,15.2,14.6,0.3,11.4,5.0,1,0.0,19,2022
2022,19,United States Grand Prix,americas,2022-10-23,gasly,GAS,alphatauri,14,11,Finished,11.0,110.0,9.0,0.0,142.0,6.0,0.0,11.2,12.5,0.1,10.2,16.0,3,0.0,19,2022
2022,19,United States Grand Prix,americas,2022-10-23,mick_schumacher,MSC,haas,15,16,Finished,16.0,0.0,19.0,0.0,0.0,10.0,0.0,14.4,13.4,0.1,13.4,16.0,1,0.0,19,2022
2022,19,United States Grand Prix,americas,2022-10-23,ricciardo,RIC,mclaren,16,15,Finished,15.0,115.0,8.0,1.0,275.0,4.0,1.0,13.0,12.2,0.1,8.0,9.333333333333334,9,0.2222222222222222,19,2022
2022,19,United States Grand Prix,americas,2022-10-23,latifi,LAT,williams,17,17,Finished,17.0,7.0,17.0,0.0,23.0,8.0,0.0,15.8,16.1,0.3,11.4,15.0,1,0.0,19,2022
2022,19,United States Grand Prix,americas,2022-10-23,stroll,STR,aston_martin,18,5,Collision,5.0,34.0,13.0,0.0,77.0,7.0,0.0,11.4,11.2,0.1,9.6,12.5,4,0.0,19,2022
2022,19,United States Grand Prix,americas,2022-10-23,bottas,BOT,alfa,19,7,Spun off,7.0,226.0,3.0,1.0,13.0,9.0,0.0,15.4,14.6,0.4,13.2,8.125,8,0.125,19,2022
2022,19,United States Grand Prix,americas,2022-10-23,sainz,SAI,ferrari,20,1,Collision damage,1.0,164.5,5.0,0.0,323.5,3.0,0.0,7.4,6.7,0.2,2.6,7.0,6,0.0,19,2022
2022,20,Mexico City Grand Prix,rodriguez,2022-10-30,max_verstappen,VER,red_bull,1,1,Finished,1.0,395.5,1.0,10.0,585.5,2.0,11.0,2.2,2.3,0.0,1.0,3.6666666666666665,6,0.5,20,2022
2022,20,Mexico City Grand Prix,rodriguez,2022-10-30,hamilton,HAM,mercedes,2,3,Finished,3.0,387.5,2.0,8.0,613.5,1.0,9.0,5.0,5.5,0.1,4.2,3.1666666666666665,6,0.6666666666666666,20,2022
2022,20,Mexico City Grand Prix,rodriguez,2022-10-30,perez,PER,red_bull,3,4,Finished,4.0,190.0,4.0,1.0,585.5,2.0,11.0,3.6,5.1,0.1,1.0,8.833333333333334,6,0.16666666666666666,20,2022
2022,20,Mexico City Grand Prix,rodriguez,2022-10-30,russell,RUS,mercedes,4,2,Finished,2.0,16.0,15.0,0.0,613.5,1.0,9.0,6.4,6.4,0.1,4.2,16.0,2,0.0,20,2022
2022,20,Mexico City Grand Prix,rodriguez,2022-10-30,sainz,SAI,ferrari,5,5,Finished,5.0,164.5,5.0,0.0,323.5,3.0,0.0,10.8,8.5,0.3,2.6,13.833333333333334,6,0.0,20,2022
2022,20,Mexico City Grand Prix,rodriguez,2022-10-30,leclerc,LEC,ferrari,6,7,Finished,7.0,159.0,7.0,0.0,323.5,3.0,0.0,2.6,4.9,0.1,2.6,5.333333333333333,3,0.0,20,2022
2022,20,Mexico City Grand Prix,rodriguez,2022-10-30,ricciardo,RIC,mclaren,7,11,+1 Lap,11.0,115.0,8.0,1.0,275.0,4.0,1.0,13.2,12.7,0.1,6.8,10.833333333333334,6,0.16666666666666666,20,2022
2022,20,Mexico City Grand Prix,rodriguez,2022-10-30,ocon,OCO,alpine,8,10,+1 Lap,10.0,74.0,11.0,1.0,155.0,5.0,1.0,10.2,9.5,0.2,8.8,12.5,4,0.0,20,2022
2022,20,Mexico City Grand Prix,rodriguez,2022-10-30,norris,NOR,mclaren,9,8,+1 Lap,8.0,160.0,6.0,0.0,275.0,4.0,1.0,6.8,7.3,0.0,6.8,15.0,2,0.0,20,2022
2022,20,Mexico City Grand Prix,rodriguez,2022-10-30,bottas,BOT,alfa,10,6,+1 Lap,6.0,226.0,3.0,1.0,13.0,9.0,0.0,15.4,15.8,0.5,12.8,6.0,6,0.5,20,2022
2022,20,Mexico City Grand Prix,rodriguez,2022-10-30,gasly,GAS,alphatauri,11,14,+1 Lap,14.0,110.0,9.0,0.0,142.0,6.0,0.0,12.2,12.5,0.1,10.4,9.0,4,0.0,20,2022
2022,20,Mexico City Grand Prix,rodriguez,2022-10-30,albon,ALB,williams,12,17,+1 Lap,17.0,0.0,20.0,0.0,23.0,8.0,0.0,14.4,14.7,0.3,12.0,5.0,1,0.0,20,2022
2022,20,Mexico City Grand Prix,rodriguez,2022-10-30,zhou,ZHO,alfa,13,12,+1 Lap,12.0,0.0,20.0,0.0,13.0,9.0,0.0,14.8,15.0,0.2,12.8,11.0,0,0.0,20,2022
2022,20,Mexico City Grand Prix,rodriguez,2022-10-30,vettel,VET,aston_martin,14,16,+1 Lap,16.0,43.0,12.0,0.0,77.0,7.0,0.0,11.2,11.1,0.1,9.6,6.333333333333333,6,0.3333333333333333,20,2022
2022,20,Mexico City Grand Prix,rodriguez,2022-10-30,stroll,STR,aston_martin,15,20,+1 Lap,20.0,34.0,13.0,0.0,77.0,7.0,0.0,12.8,12.0,0.2,9.6,11.0,4,0.0,20,2022
2022,20,Mexico City Grand Prix,rodriguez,2022-10-30,mick_schumacher,MSC,haas,16,15,+1 Lap,15.0,0.0,19.0,0.0,0.0,10.0,0.0,14.0,13.0,0.0,12.0,19.0,1,0.0,20,2022
2022,20,Mexico City Grand Prix,rodriguez,2022-10-30,kevin_magnussen,MAG,haas,17,19,+1 Lap,19.0,0.0,20.0,0.0,0.0,10.0,0.0,13.2,13.4,0.1,12.0,13.75,4,0.0,20,2022
2022,20,Mexico City Grand Prix,rodriguez,2022-10-30,latifi,LAT,williams,18,18,+2 Laps,18.0,7.0,17.0,0.0,23.0,8.0,0.0,15.6,16.2,0.3,12.0,17.0,1,0.0,20,2022
2022,20,Mexico City Grand Prix,rodriguez,2022-10-30,alonso,ALO,alpine,19,9,Engine,9.0,81.0,10.0,0.0,155.0,5.0,1.0,11.4,9.1,0.2,8.8,14.4,5,0.0,20,2022
2022,20,Mexico City Grand Prix,rodriguez,2022-10-30,tsunoda,TSU,alphatauri,20,13,Collision damage,13.0,32.0,14.0,0.0,142.0,6.0,0.0,14.4,15.4,0.3,10.4,20.0,1,0.0,20,2022
2022,21,São Paulo Grand Prix,interlagos,2022-11-13,russell,RUS,mercedes,1,1,Finished,1.0,16.0,15.0,0.0,613.5,1.0,9.0,6.8,5.0,0.0,4.2,12.5,2,0.0,21,2022
2022,21,São Paulo Grand Prix,interlagos,2022-11-13,hamilton,HAM,mercedes,2,2,Finished,2.0,387.5,2.0,8.0,613.5,1.0,9.0,4.6,5.4,0.1,4.2,6.636363636363637,11,0.45454545454545453,21,2022
2022,21,São Paulo Grand Prix,interlagos,2022-11-13,sainz,SAI,ferrari,3,7,Finished,7.0,164.5,5.0,0.0,323.5,3.0,0.0,10.2,8.9,0.3,3.0,9.5,6,0.16666666666666666,21,2022
2022,21,São Paulo Grand Prix,interlagos,2022-11-13,leclerc,LEC,ferrari,4,5,Finished,5.0,159.0,7.0,0.0,323.5,3.0,0.0,3.2,5.1,0.1,3.0,10.0,3,0.0,21,2022
2022,21,São Paulo Grand Prix,interlagos,2022-11-13,alonso,ALO,alpine,5,17,Finished,17.0,81.0,10.0,0.0,155.0,5.0,1.0,14.0,10.5,0.3,9.2,7.7,10,0.3,21,2022
2022,21,São Paulo Grand Prix,interlagos,2022-11-13,max_verstappen,VER,red_bull,6,3,Finished,3.0,395.5,1.0,10.0,585.5,2.0,11.0,2.2,1.7,0.0,1.0,3.6666666666666665,6,0.6666666666666666,21,2022
2022,21,São Paulo Grand Prix,interlagos,2022-11-13,perez,PER,red_bull,7,4,Finished,4.0,190.0,4.0,1.0,585.5,2.0,11.0,3.2,5.2,0.1,1.0,10.6,10,0.0,21,2022
2022,21,São Paulo Grand Prix,interlagos,2022-11-13,ocon,OCO,alpine,8,16,Finished,16.0,74.0,11.0,1.0,155.0,5.0,1.0,10.0,8.8,0.1,9.2,13.25,4,0.0,21,2022
2022,21,São Paulo Grand Prix,interlagos,2022-11-13,bottas,BOT,alfa,9,14,Finished,14.0,226.0,3.0,1.0,13.0,9.0,0.0,13.6,15.1,0.4,11.6,9.625,8,0.25,21,2022
2022,21,São Paulo Grand Prix,interlagos,2022-11-13,stroll,STR,aston_martin,10,15,Finished,15.0,34.0,13.0,0.0,77.0,7.0,0.0,13.8,12.4,0.2,10.4,18.25,4,0.0,21,2022
2022,21,São Paulo Grand Prix,interlagos,2022-11-13,vettel,VET,aston_martin,11,9,Finished,9.0,43.0,12.0,0.0,77.0,7.0,0.0,11.2,11.6,0.1,10.4,5.2727272727272725,11,0.45454545454545453,21,2022
2022,21,São Paulo Grand Prix,interlagos,2022-11-13,zhou,ZHO,alfa,12,13,Finished,13.0,0.0,20.0,0.0,13.0,9.0,0.0,14.2,14.4,0.1,11.6,11.0,0,0.0,21,2022
2022,21,São Paulo Grand Prix,interlagos,2022-11-13,mick_schumacher,MSC,haas,13,12,Finished,12.0,0.0,19.0,0.0,0.0,10.0,0.0,14.6,13.8,0.0,12.6,18.0,1,0.0,21,2022
2022,21,São Paulo Grand Prix,interlagos,2022-11-13,gasly,GAS,alphatauri,14,10,Finished,10.0,110.0,9.0,0.0,142.0,6.0,0.0,12.2,12.0,0.0,10.4,8.5,4,0.25,21,2022
2022,21,São Paulo Grand Prix,interlagos,2022-11-13,albon,ALB,williams,15,19,Finished,19.0,0.0,20.0,0.0,23.0,8.0,0.0,14.8,14.6,0.3,12.0,14.0,1,0.0,21,2022
2022,21,São Paulo Grand Prix,interlagos,2022-11-13,latifi,LAT,williams,16,18,Finished,18.0,7.0,17.0,0.0,23.0,8.0,0.0,15.6,16.8,0.3,12.0,16.0,1,0.0,21,2022
2022,21,São Paulo Grand Prix,interlagos,2022-11-13,tsunoda,TSU,alphatauri,17,0,+1 Lap,0.0,32.0,14.0,0.0,142.0,6.0,0.0,14.4,16.0,0.4,10.4,15.0,1,0.0,21,2022
2022,21,São Paulo Grand Prix,interlagos,2022-11-13,norris,NOR,mclaren,18,6,Gearbox,6.0,160.0,6.0,0.0,275.0,4.0,1.0,7.2,7.6,0.0,6.8,9.0,2,0.0,21,2022
2022,21,São Paulo Grand Prix,interlagos,2022-11-13,kevin_magnussen,MAG,haas,19,8,Collision,8.0,0.0,20.0,0.0,0.0,10.0,0.0,13.6,14.1,0.1,12.6,12.6,5,0.0,21,2022
2022,21,São Paulo Grand Prix,interlagos,2022-11-13,ricciardo,RIC,mclaren,20,11,Collision,11.0,115.0,8.0,1.0,275.0,4.0,1.0,11.2,12.1,0.1,6.8,11.5,10,0.0,21,2022
2022,22,Abu Dhabi Grand Prix,yas_marina,2022-11-20,max_verstappen,VER,red_bull,1,1,Finished,1.0,395.5,1.0,10.0,585.5,2.0,11.0,3.2,2.1,0.0,2.0,4.571428571428571,7,0.5714285714285714,22,2022
2022,22,Abu Dhabi Grand Prix,yas_marina,2022-11-20,leclerc,LEC,ferrari,2,3,Finished,3.0,159.0,7.0,0.0,323.5,3.0,0.0,3.6,5.4,0.1,3.2,8.25,4,0.25,22,2022
2022,22,Abu Dhabi Grand Prix,yas_marina,2022-11-20,perez,PER,red_bull,3,2,Finished,2.0,190.0,4.0,1.0,585.5,2.0,11.0,3.4,3.9,0.0,2.0,10.181818181818182,11,0.0,22,2022
2022,22,Abu Dhabi Grand Prix,yas_marina,2022-11-20,sainz,SAI,ferrari,4,4,Finished,4.0,164.5,5.0,0.0,323.5,3.0,0.0,10.0,7.4,0.2,3.2,10.428571428571429,7,0.14285714285714285,22,2022
2022,22,Abu Dhabi Grand Prix,yas_marina,2022-11-20,russell,RUS,mercedes,5,6,Finished,6.0,16.0,15.0,0.0,613.5,1.0,9.0,6.4,4.7,0.0,3.8,16.666666666666668,3,0.0,22,2022
2022,22,Abu Dhabi Grand Prix,yas_marina,2022-11-20,norris,NOR,mclaren,6,7,Finished,7.0,160.0,6.0,0.0,275.0,4.0,1.0,9.4,8.7,0.1,9.0,6.666666666666667,3,0.0,22,2022
2022,22,Abu Dhabi Grand Prix,yas_marina,2022-11-20,ocon,OCO,alpine,7,8,Finished,8.0,74.0,11.0,1.0,155.0,5.0,1.0,9.4,9.1,0.1,8.0,11.2,5,0.0,22,2022
2022,22,Abu Dhabi Grand Prix,yas_marina,2022-11-20,stroll,STR,aston_martin,8,14,Finished,14.0,34.0,13.0,0.0,77.0,7.0,0.0,12.2,12.1,0.2,8.8,14.8,5,0.0,22,2022
2022,22,Abu Dhabi Grand Prix,yas_marina,2022-11-20,ricciardo,RIC,mclaren,9,13,Finished,13.0,115.0,8.0,1.0,275.0,4.0,1.0,11.8,13.2,0.2,9.0,10.545454545454545,11,0.0,22,2022
2022,22,Abu Dhabi Grand Prix,yas_marina,2022-11-20,vettel,VET,aston_martin,10,9,Finished,9.0,43.0,12.0,0.0,77.0,7.0,0.0,9.4,11.0,0.1,8.8,6.583333333333333,12,0.5,22,2022
2022,22,Abu Dhabi Grand Prix,yas_marina,2022-11-20,tsunoda,TSU,alphatauri,11,11,Finished,11.0,32.0,14.0,0.0,142.0,6.0,0.0,15.0,16.1,0.4,11.6,4.0,1,0.0,22,2022
2022,22,Abu Dhabi Grand Prix,yas_marina,2022-11-20,zhou,ZHO,alfa,12,15,+1 Lap,15.0,0.0,20.0,0.0,13.0,9.0,0.0,14.6,14.2,0.1,11.4,11.0,0,0.0,22,2022
2022,22,Abu Dhabi Grand Prix,yas_marina,2022-11-20,albon,ALB,williams,13,19,+1 Lap,19.0,0.0,20.0,0.0,23.0,8.0,0.0,15.4,14.1,0.2,13.2,5.0,2,0.0,22,2022
2022,22,Abu Dhabi Grand Prix,yas_marina,2022-11-20,gasly,GAS,alphatauri,14,17,+1 Lap,17.0,110.0,9.0,0.0,142.0,6.0,0.0,13.4,11.9,0.0,11.6,12.6,5,0.0,22,2022
2022,22,Abu Dhabi Grand Prix,yas_marina,2022-11-20,bottas,BOT,alfa,15,18,+1 Lap,18.0,226.0,3.0,1.0,13.0,9.0,0.0,12.8,14.9,0.4,11.4,7.777777777777778,9,0.3333333333333333,22,2022
2022,22,Abu Dhabi Grand Prix,yas_marina,2022-11-20,mick_schumacher,MSC,haas,16,12,+1 Lap,12.0,0.0,19.0,0.0,0.0,10.0,0.0,14.8,14.5,0.0,12.8,14.0,1,0.0,22,2022
2022,22,Abu Dhabi Grand Prix,yas_marina,2022-11-20,kevin_magnussen,MAG,haas,17,16,+1 Lap,16.0,0.0,20.0,0.0,0.0,10.0,0.0,14.2,15.2,0.2,12.8,14.666666666666666,6,0.0,22,2022
2022,22,Abu Dhabi Grand Prix,yas_marina,2022-11-20,hamilton,HAM,mercedes,18,5,Hydraulics,5.0,387.5,2.0,8.0,613.5,1.0,9.0,4.0,5.3,0.1,3.8,3.6666666666666665,12,0.8333333333333334,22,2022
2022,22,Abu Dhabi Grand Prix,yas_marina,2022-11-20,latifi,LAT,williams,19,20,Collision damage,20.0,7.0,17.0,0.0,23.0,8.0,0.0,15.8,16.5,0.2,13.2,16.5,2,0.0,22,2022
2022,22,Abu Dhabi Grand Prix,yas_marina,2022-11-20,alonso,ALO,alpine,20,10,Water leak,10.0,81.0,10.0,0.0,155.0,5.0,1.0,11.2,10.0,0.3,8.0,8.0,10,0.2,22,2022
2023,1,Bahrain Grand Prix,bahrain,2023-03-05,max_verstappen,VER,red_bull,1,1,Finished,1.0,454.0,1.0,15.0,759.0,1.0,17.0,2.0,2.1,0.0,2.0,11.88888888888889,9,0.2222222222222222,1,2023
2023,1,Bahrain Grand Prix,bahrain,2023-03-05,perez,PER,red_bull,2,2,Finished,2.0,305.0,3.0,2.0,759.0,1.0,17.0,3.8,3.8,0.0,2.0,9.916666666666666,12,0.16666666666666666,1,2023
2023,1,Bahrain Grand Prix,bahrain,2023-03-05,alonso,ALO,aston_martin,3,5,Finished,5.0,81.0,9.0,0.0,55.0,7.0,0.0,11.6,11.4,0.4,9.2,9.444444444444445,9,0.1111111111111111,1,2023
2023,1,Bahrain Grand Prix,bahrain,2023-03-05,sainz,SAI,ferrari,4,4,Finished,4.0,246.0,5.0,1.0,554.0,2.0,4.0,10.2,7.3,0.2,3.2,11.333333333333334,9,0.1111111111111111,1,2023
2023,1,Bahrain Grand Prix,bahrain,2023-03-05,hamilton,HAM,mercedes,5,7,Finished,7.0,240.0,6.0,0.0,515.0,3.0,1.0,5.8,6.9,0.2,3.0,2.6666666666666665,12,0.8333333333333334,1,2023
2023,1,Bahrain Grand Prix,bahrain,2023-03-05,stroll,STR,aston_martin,6,8,Finished,8.0,18.0,15.0,0.0,55.0,7.0,0.0,12.6,11.9,0.2,9.2,12.714285714285714,7,0.14285714285714285,1,2023
2023,1,Bahrain Grand Prix,bahrain,2023-03-05,russell,RUS,mercedes,7,6,Finished,6.0,275.0,4.0,1.0,515.0,3.0,1.0,4.6,4.9,0.0,3.0,10.8,5,0.0,1,2023
2023,1,Bahrain Grand Prix,bahrain,2023-03-05,bottas,BOT,alfa,8,12,Finished,12.0,49.0,10.0,0.0,55.0,6.0,0.0,13.6,15.0,0.4,11.6,6.090909090909091,11,0.36363636363636365,1,2023
2023,1,Bahrain Grand Prix,bahrain,2023-03-05,gasly,GAS,alpine,9,20,Finished,20.0,23.0,14.0,0.0,173.0,4.0,0.0,14.2,12.1,0.0,6.2,11.0,6,0.0,1,2023
2023,1,Bahrain Grand Prix,bahrain,2023-03-05,albon,ALB,williams,10,15,Finished,15.0,4.0,19.0,0.0,8.0,10.0,0.0,14.6,14.2,0.2,12.4,7.75,4,0.25,1,2023
2023,1,Bahrain Grand Prix,bahrain,2023-03-05,tsunoda,TSU,alphatauri,11,14,Finished,14.0,12.0,17.0,0.0,35.0,9.0,0.0,14.2,15.2,0.3,11.8,8.5,2,0.0,1,2023
2023,1,Bahrain Grand Prix,bahrain,2023-03-05,sargeant,SAR,williams,12,16,Lapped,16.0,0.0,20.0,0.0,8.0,10.0,0.0,11.0,11.0,0.1,12.4,11.0,0,0.0,1,2023
2023,1,Bahrain Grand Prix,bahrain,2023-03-05,kevin_magnussen,MAG,haas,13,17,Lapped,17.0,25.0,13.0,0.0,37.0,8.0,0.0,15.2,15.1,0.1,13.6,12.875,8,0.0,1,2023
2023,1,Bahrain Grand Prix,bahrain,2023-03-05,de_vries,DEV,alphatauri,14,19,Lapped,19.0,2.0,21.0,0.0,35.0,9.0,0.0,9.0,9.0,0.0,11.8,11.0,0,0.0,1,2023
2023,1,Bahrain Grand Prix,bahrain,2023-03-05,hulkenberg,HUL,haas,15,10,Lapped,10.0,0.0,22.0,0.0,37.0,8.0,0.0,12.8,13.0,0.2,13.6,12.0,10,0.0,1,2023
2023,1,Bahrain Grand Prix,bahrain,2023-03-05,zhou,ZHO,alfa,16,13,Lapped,13.0,6.0,18.0,0.0,55.0,6.0,0.0,13.0,13.8,0.1,11.6,10.0,1,0.0,1,2023
2023,1,Bahrain Grand Prix,bahrain,2023-03-05,norris,NOR,mclaren,17,11,Lapped,11.0,122.0,7.0,0.0,159.0,5.0,0.0,9.8,8.6,0.1,9.4,7.8,5,0.0,1,2023
2023,1,Bahrain Grand Prix,bahrain,2023-03-05,ocon,OCO,alpine,18,9,Retired,9.0,92.0,8.0,0.0,173.0,4.0,0.0,7.6,9.0,0.1,6.2,8.5,6,0.16666666666666666,1,2023
2023,1,Bahrain Grand Prix,bahrain,2023-03-05,leclerc,LEC,ferrari,19,3,Retired,3.0,308.0,2.0,3.0,554.0,2.0,4.0,3.6,3.7,0.0,3.2,8.666666666666666,6,0.3333333333333333,1,2023
2023,1,Bahrain Grand Prix,bahrain,2023-03-05,piastri,PIA,mclaren,20,18,Retired,18.0,0.0,20.0,0.0,159.0,5.0,0.0,11.0,11.0,0.1,9.4,11.0,0,0.0,1,2023
2023,2,Saudi Arabian Grand Prix,jeddah,2023-03-19,perez,PER,red_bull,1,1,Finished,1.0,305.0,3.0,2.0,759.0,1.0,17.0,3.8,3.5,0.0,2.0,10.5,2,0.0,2,2023
2023,2,Saudi Arabian Grand Prix,jeddah,2023-03-19,max_verstappen,VER,red_bull,2,15,Finished,15.0,454.0,1.0,15.0,759.0,1.0,17.0,2.0,2.1,0.0,2.0,1.5,2,1.0,2,2023
2023,2,Saudi Arabian Grand Prix,jeddah,2023-03-19,alonso,ALO,aston_martin,3,2,Finished,3.0,81.0,9.0,0.0,55.0,7.0,0.0,10.8,10.9,0.4,8.6,14.5,2,0.0,2,2023
2023,2,Saudi Arabian Grand Prix,jeddah,2023-03-19,russell,RUS,mercedes,4,3,Finished,4.0,275.0,4.0,1.0,515.0,3.0,1.0,4.4,5.3,0.0,3.0,12.0,2,0.0,2,2023
2023,2,Saudi Arabian Grand Prix,jeddah,2023-03-19,hamilton,HAM,mercedes,5,7,Finished,8.0,240.0,6.0,0.0,515.0,3.0,1.0,5.8,7.2,0.2,3.0,5.5,2,0.5,2,2023
2023,2,Saudi Arabian Grand Prix,jeddah,2023-03-19,sainz,SAI,ferrari,6,4,Finished,5.0,246.0,5.0,1.0,554.0,2.0,4.0,7.2,7.3,0.2,3.4,5.5,2,0.5,2,2023
2023,2,Saudi Arabian Grand Prix,jeddah,2023-03-19,leclerc,LEC,ferrari,7,12,Finished,2.0,308.0,2.0,3.0,554.0,2.0,4.0,6.8,5.0,0.1,3.4,4.5,2,0.5,2,2023
2023,2,Saudi Arabian Grand Prix,jeddah,2023-03-19,ocon,OCO,alpine,8,6,Finished,7.0,92.0,8.0,0.0,173.0,4.0,0.0,10.4,9.9,0.2,7.2,5.0,2,0.0,2,2023
2023,2,Saudi Arabian Grand Prix,jeddah,2023-03-19,gasly,GAS,alpine,9,9,Finished,10.0,23.0,14.0,0.0,173.0,4.0,0.0,12.4,11.8,0.0,7.2,7.0,2,0.0,2,2023
2023,2,Saudi Arabian Grand Prix,jeddah,2023-03-19,kevin_magnussen,MAG,haas,10,13,Finished,13.0,25.0,13.0,0.0,37.0,8.0,0.0,15.0,14.8,0.2,13.4,9.0,1,0.0,2,2023
2023,2,Saudi Arabian Grand Prix,jeddah,2023-03-19,tsunoda,TSU,alphatauri,11,16,Finished,16.0,12.0,17.0,0.0,35.0,9.0,0.0,13.8,14.4,0.3,11.4,16.5,2,0.0,2,2023
2023,2,Saudi Arabian Grand Prix,jeddah,2023-03-19,hulkenberg,HUL,haas,12,10,Finished,11.0,0.0,22.0,0.0,37.0,8.0,0.0,11.8,12.5,0.2,13.4,12.0,1,0.0,2,2023
2023,2,Saudi Arabian Grand Prix,jeddah,2023-03-19,zhou,ZHO,alfa,13,11,Finished,12.0,6.0,18.0,0.0,55.0,6.0,0.0,13.0,14.1,0.2,10.2,11.0,1,0.0,2,2023
2023,2,Saudi Arabian Grand Prix,jeddah,2023-03-19,de_vries,DEV,alphatauri,14,18,Finished,18.0,2.0,21.0,0.0,35.0,9.0,0.0,11.5,11.5,0.5,11.4,11.0,0,0.0,2,2023
2023,2,Saudi Arabian Grand Prix,jeddah,2023-03-19,piastri,PIA,mclaren,15,8,Finished,9.0,0.0,20.0,0.0,159.0,5.0,0.0,20.0,20.0,1.0,10.8,11.0,0,0.0,2,2023
2023,2,Saudi Arabian Grand Prix,jeddah,2023-03-19,sargeant,SAR,williams,16,20,Finished,20.0,0.0,20.0,0.0,8.0,10.0,0.0,12.0,12.0,1.0,12.6,11.0,0,0.0,2,2023
2023,2,Saudi Arabian Grand Prix,jeddah,2023-03-19,norris,NOR,mclaren,17,19,Finished,19.0,122.0,7.0,0.0,159.0,5.0,0.0,11.2,9.6,0.2,10.8,8.5,2,0.0,2,2023
2023,2,Saudi Arabian Grand Prix,jeddah,2023-03-19,bottas,BOT,alfa,18,14,Lapped,14.0,49.0,10.0,0.0,55.0,6.0,0.0,12.2,13.8,0.3,10.2,9.0,2,0.5,2,2023
2023,2,Saudi Arabian Grand Prix,jeddah,2023-03-19,albon,ALB,williams,19,17,Retired,17.0,4.0,19.0,0.0,8.0,10.0,0.0,12.6,13.9,0.2,12.6,14.0,1,0.0,2,2023
2023,2,Saudi Arabian Grand Prix,jeddah,2023-03-19,stroll,STR,aston_martin,20,5,Retired,6.0,18.0,15.0,0.0,55.0,7.0,0.0,11.4,11.4,0.2,8.6,12.0,2,0.0,2,2023
2023,3,Australian Grand Prix,albert_park,2023-04-02,max_verstappen,VER,red_bull,1,1,Finished,1.0,454.0,1.0,15.0,759.0,1.0,17.0,2.2,2.2,0.0,2.0,9.166666666666666,6,0.16666666666666666,3,2023
2023,3,Australian Grand Prix,albert_park,2023-04-02,hamilton,HAM,mercedes,2,3,Finished,3.0,240.0,6.0,0.0,515.0,3.0,1.0,6.4,5.7,0.1,3.4,4.363636363636363,11,0.6363636363636364,3,2023
2023,3,Australian Grand Prix,albert_park,2023-04-02,alonso,ALO,aston_martin,3,4,Finished,4.0,81.0,9.0,0.0,55.0,7.0,0.0,10.0,10.7,0.4,7.6,8.444444444444445,9,0.1111111111111111,3,2023
2023,3,Australian Grand Prix,albert_park,2023-04-02,stroll,STR,aston_martin,4,6,Finished,6.0,18.0,15.0,0.0,55.0,7.0,0.0,11.8,12.3,0.3,7.6,12.75,4,0.0,3,2023
2023,3,Australian Grand Prix,albert_park,2023-04-02,perez,PER,red_bull,5,20,Finished,20.0,305.0,3.0,2.0,759.0,1.0,17.0,3.2,3.4,0.0,2.0,10.7,10,0.1,3,2023
2023,3,Australian Grand Prix,albert_park,2023-04-02,norris,NOR,mclaren,6,13,Finished,13.0,122.0,7.0,0.0,159.0,5.0,0.0,13.4,10.1,0.2,12.6,8.5,2,0.0,3,2023
2023,3,Australian Grand Prix,albert_park,2023-04-02,hulkenberg,HUL,haas,7,10,Finished,10.0,0.0,22.0,0.0,37.0,8.0,0.0,12.8,12.7,0.2,13.6,12.333333333333334,9,0.0,3,2023
2023,3,Australian Grand Prix,albert_park,2023-04-02,piastri,PIA,mclaren,8,16,Finished,16.0,0.0,20.0,0.0,159.0,5.0,0.0,17.5,17.5,0.5,12.6,11.0,0,0.0,3,2023
2023,3,Australian Grand Prix,albert_park,2023-04-02,zhou,ZHO,alfa,9,17,Finished,17.0,6.0,18.0,0.0,55.0,6.0,0.0,13.2,14.0,0.2,10.4,11.0,1,0.0,3,2023
2023,3,Australian Grand Prix,albert_park,2023-04-02,tsunoda,TSU,alphatauri,10,12,Finished,12.0,12.0,17.0,0.0,35.0,9.0,0.0,14.0,14.2,0.3,11.6,15.0,1,0.0,3,2023
2023,3,Australian Grand Prix,albert_park,2023-04-02,bottas,BOT,alfa,11,19,Finished,19.0,49.0,10.0,0.0,55.0,6.0,0.0,12.0,13.7,0.3,10.4,8.125,8,0.25,3,2023
2023,3,Australian Grand Prix,albert_park,2023-04-02,sainz,SAI,ferrari,12,5,Finished,5.0,246.0,5.0,1.0,554.0,2.0,4.0,4.4,7.6,0.2,4.0,12.666666666666666,6,0.0,3,2023
2023,3,Australian Grand Prix,albert_park,2023-04-02,gasly,GAS,alpine,13,9,Retired,9.0,23.0,14.0,0.0,173.0,4.0,0.0,11.4,11.8,0.0,7.4,12.666666666666666,3,0.0,3,2023
2023,3,Australian Grand Prix,albert_park,2023-04-02,ocon,OCO,alpine,14,11,Retired,11.0,92.0,8.0,0.0,173.0,4.0,0.0,9.8,10.0,0.2,7.4,9.666666666666666,3,0.0,3,2023
2023,3,Australian Grand Prix,albert_park,2023-04-02,de_vries,DEV,alphatauri,15,15,Retired,15.0,2.0,21.0,0.0,35.0,9.0,0.0,12.333333333333334,12.333333333333334,0.3333333333333333,11.6,11.0,0,0.0,3,2023
2023,3,Australian Grand Prix,albert_park,2023-04-02,sargeant,SAR,williams,16,18,Retired,18.0,0.0,20.0,0.0,8.0,10.0,0.0,14.0,14.0,0.5,13.2,11.0,0,0.0,3,2023
2023,3,Australian Grand Prix,albert_park,2023-04-02,kevin_magnussen,MAG,haas,17,14,Retired,14.0,25.0,13.0,0.0,37.0,8.0,0.0,15.2,14.2,0.2,13.6,11.857142857142858,7,0.14285714285714285,3,2023
2023,3,Australian Grand Prix,albert_park,2023-04-02,russell,RUS,mercedes,18,2,Retired,2.0,275.0,4.0,1.0,515.0,3.0,1.0,4.2,5.3,0.0,3.4,9.5,2,0.5,3,2023
2023,3,Australian Grand Prix,albert_park,2023-04-02,albon,ALB,williams,19,8,Retired,8.0,4.0,19.0,0.0,8.0,10.0,0.0,13.8,14.1,0.3,13.2,12.0,2,0.0,3,2023
2023,3,Australian Grand Prix,albert_park,2023-04-02,leclerc,LEC,ferrari,20,7,Retired,7.0,308.0,2.0,3.0,554.0,2.0,4.0,7.6,5.1,0.1,4.0,6.333333333333333,3,0.3333333333333333,3,2023
2023,4,Azerbaijan Grand Prix,baku,2023-04-30,perez,PER,red_bull,1,3,Finished,3.0,305.0,3.0,2.0,759.0,1.0,17.0,3.6,3.4,0.0,2.0,5.0,6,0.6666666666666666,4,2023
2023,4,Azerbaijan Grand Prix,baku,2023-04-30,max_verstappen,VER,red_bull,2,2,Finished,2.0,454.0,1.0,15.0,759.0,1.0,17.0,2.2,2.2,0.0,2.0,10.833333333333334,6,0.16666666666666666,4,2023
2023,4,Azerbaijan Grand Prix,baku,2023-04-30,leclerc,LEC,ferrari,3,1,Finished,1.0,308.0,2.0,3.0,554.0,2.0,4.0,10.4,6.8,0.2,5.4,8.5,4,0.0,4,2023
2023,4,Azerbaijan Grand Prix,baku,2023-04-30,alonso,ALO,aston_martin,4,6,Finished,6.0,81.0,9.0,0.0,55.0,7.0,0.0,6.8,10.4,0.4,5.4,9.6,5,0.0,4,2023
2023,4,Azerbaijan Grand Prix,baku,2023-04-30,sainz,SAI,ferrari,5,4,Finished,4.0,246.0,5.0,1.0,554.0,2.0,4.0,5.8,8.0,0.2,5.4,11.5,6,0.0,4,2023
2023,4,Azerbaijan Grand Prix,baku,2023-04-30,hamilton,HAM,mercedes,6,5,Finished,5.0,240.0,6.0,0.0,515.0,3.0,1.0,6.4,5.5,0.1,3.4,5.333333333333333,6,0.3333333333333333,4,2023
2023,4,Azerbaijan Grand Prix,baku,2023-04-30,stroll,STR,aston_martin,7,9,Finished,9.0,18.0,15.0,0.0,55.0,7.0,0.0,9.6,11.7,0.3,5.4,11.0,5,0.2,4,2023
2023,4,Azerbaijan Grand Prix,baku,2023-04-30,russell,RUS,mercedes,8,11,Finished,11.0,275.0,4.0,1.0,515.0,3.0,1.0,7.0,6.9,0.1,3.4,11.666666666666666,3,0.3333333333333333,4,2023
2023,4,Azerbaijan Grand Prix,baku,2023-04-30,norris,NOR,mclaren,9,7,Finished,7.0,122.0,7.0,0.0,159.0,5.0,0.0,12.8,10.0,0.2,12.4,7.333333333333333,3,0.0,4,2023
2023,4,Azerbaijan Grand Prix,baku,2023-04-30,tsunoda,TSU,alphatauri,10,8,Finished,8.0,12.0,17.0,0.0,35.0,9.0,0.0,12.0,13.2,0.2,11.4,10.0,2,0.0,4,2023
2023,4,Azerbaijan Grand Prix,baku,2023-04-30,piastri,PIA,mclaren,11,10,Finished,10.0,0.0,20.0,0.0,159.0,5.0,0.0,14.333333333333334,14.333333333333334,0.3333333333333333,12.4,11.0,0,0.0,4,2023
2023,4,Azerbaijan Grand Prix,baku,2023-04-30,albon,ALB,williams,12,12,Finished,13.0,4.0,19.0,0.0,8.0,10.0,0.0,15.2,15.0,0.4,14.0,11.5,2,0.0,4,2023
2023,4,Azerbaijan Grand Prix,baku,2023-04-30,kevin_magnussen,MAG,haas,13,16,Finished,18.0,25.0,13.0,0.0,37.0,8.0,0.0,15.2,14.4,0.3,11.8,12.8,5,0.0,4,2023
2023,4,Azerbaijan Grand Prix,baku,2023-04-30,gasly,GAS,alpine,14,17,Finished,19.0,23.0,14.0,0.0,173.0,4.0,0.0,11.8,12.0,0.1,8.4,9.25,4,0.25,4,2023
2023,4,Azerbaijan Grand Prix,baku,2023-04-30,ocon,OCO,alpine,15,19,Finished,12.0,92.0,8.0,0.0,173.0,4.0,0.0,11.0,10.5,0.3,8.4,13.75,4,0.0,4,2023
2023,4,Azerbaijan Grand Prix,baku,2023-04-30,sargeant,SAR,williams,16,14,Finished,15.0,0.0,20.0,0.0,8.0,10.0,0.0,14.666666666666666,14.666666666666666,0.6666666666666666,14.0,11.0,0,0.0,4,2023
2023,4,Azerbaijan Grand Prix,baku,2023-04-30,hulkenberg,HUL,haas,17,20,Lapped,17.0,0.0,22.0,0.0,37.0,8.0,0.0,12.6,12.5,0.2,11.8,14.5,4,0.0,4,2023
2023,4,Azerbaijan Grand Prix,baku,2023-04-30,bottas,BOT,alfa,18,13,Lapped,14.0,49.0,10.0,0.0,55.0,6.0,0.0,12.2,12.9,0.2,10.2,7.666666666666667,6,0.3333333333333333,4,2023
2023,4,Azerbaijan Grand Prix,baku,2023-04-30,zhou,ZHO,alfa,19,15,Retired,16.0,6.0,18.0,0.0,55.0,6.0,0.0,12.4,13.3,0.2,10.2,18.0,1,0.0,4,2023
2023,4,Azerbaijan Grand Prix,baku,2023-04-30,de_vries,DEV,alphatauri,20,18,Retired,20.0,2.0,21.0,0.0,35.0,9.0,0.0,13.0,13.0,0.5,11.4,11.0,0,0.0,4,2023
2023,5,Miami Grand Prix,miami,2023-05-07,max_verstappen,VER,red_bull,1,9,Finished,9.0,454.0,1.0,15.0,759.0,1.0,17.0,1.4,2.3,0.0,1.0,1.0,1,1.0,5,2023
2023,5,Miami Grand Prix,miami,2023-05-07,perez,PER,red_bull,2,1,Finished,1.0,305.0,3.0,2.0,759.0,1.0,17.0,2.4,2.9,0.0,1.0,4.0,1,0.0,5,2023
2023,5,Miami Grand Prix,miami,2023-05-07,alonso,ALO,aston_martin,3,2,Finished,2.0,81.0,9.0,0.0,55.0,7.0,0.0,6.6,8.9,0.3,4.2,11.0,1,0.0,5,2023
2023,5,Miami Grand Prix,miami,2023-05-07,russell,RUS,mercedes,4,6,Finished,6.0,275.0,4.0,1.0,515.0,3.0,1.0,8.4,7.4,0.1,4.4,5.0,1,0.0,5,2023
2023,5,Miami Grand Prix,miami,2023-05-07,sainz,SAI,ferrari,5,3,Finished,3.0,246.0,5.0,1.0,554.0,2.0,4.0,6.2,8.1,0.2,5.4,3.0,1,1.0,5,2023
2023,5,Miami Grand Prix,miami,2023-05-07,hamilton,HAM,mercedes,6,13,Finished,13.0,240.0,6.0,0.0,515.0,3.0,1.0,7.2,5.6,0.1,4.4,6.0,1,0.0,5,2023
2023,5,Miami Grand Prix,miami,2023-05-07,leclerc,LEC,ferrari,7,7,Finished,7.0,308.0,2.0,3.0,554.0,2.0,4.0,10.2,6.9,0.2,5.4,2.0,1,1.0,5,2023
2023,5,Miami Grand Prix,miami,2023-05-07,gasly,GAS,alpine,8,5,Finished,5.0,23.0,14.0,0.0,173.0,4.0,0.0,11.8,12.6,0.1,10.2,18.0,1,0.0,5,2023
2023,5,Miami Grand Prix,miami,2023-05-07,ocon,OCO,alpine,9,8,Finished,8.0,92.0,8.0,0.0,173.0,4.0,0.0,12.4,10.9,0.3,10.2,8.0,1,0.0,5,2023
2023,5,Miami Grand Prix,miami,2023-05-07,kevin_magnussen,MAG,haas,10,4,Finished,4.0,25.0,13.0,0.0,37.0,8.0,0.0,14.0,14.1,0.3,11.8,16.0,1,0.0,5,2023
2023,5,Miami Grand Prix,miami,2023-05-07,tsunoda,TSU,alphatauri,11,17,Finished,17.0,12.0,17.0,0.0,35.0,9.0,0.0,10.6,12.8,0.2,10.6,12.0,1,0.0,5,2023
2023,5,Miami Grand Prix,miami,2023-05-07,stroll,STR,aston_martin,12,18,Finished,18.0,18.0,15.0,0.0,55.0,7.0,0.0,9.0,10.6,0.2,4.2,10.0,1,0.0,5,2023
2023,5,Miami Grand Prix,miami,2023-05-07,bottas,BOT,alfa,13,10,Finished,10.0,49.0,10.0,0.0,55.0,6.0,0.0,14.0,13.4,0.3,12.0,7.0,1,0.0,5,2023
2023,5,Miami Grand Prix,miami,2023-05-07,albon,ALB,williams,14,11,Finished,11.0,4.0,19.0,0.0,8.0,10.0,0.0,14.6,15.0,0.4,13.4,9.0,1,0.0,5,2023
2023,5,Miami Grand Prix,miami,2023-05-07,hulkenberg,HUL,haas,15,12,Finished,12.0,0.0,22.0,0.0,37.0,8.0,0.0,12.6,12.7,0.3,11.8,11.0,0,0.0,5,2023
2023,5,Miami Grand Prix,miami,2023-05-07,zhou,ZHO,alfa,16,14,Finished,14.0,6.0,18.0,0.0,55.0,6.0,0.0,13.8,14.2,0.3,12.0,20.0,1,0.0,5,2023
2023,5,Miami Grand Prix,miami,2023-05-07,norris,NOR,mclaren,17,16,Finished,16.0,122.0,7.0,0.0,159.0,5.0,0.0,11.0,10.2,0.2,10.6,19.0,1,0.0,5,2023
2023,5,Miami Grand Prix,miami,2023-05-07,de_vries,DEV,alphatauri,18,15,Finished,15.0,2.0,21.0,0.0,35.0,9.0,0.0,14.4,14.4,0.6,10.6,11.0,0,0.0,5,2023
2023,5,Miami Grand Prix,miami,2023-05-07,piastri,PIA,mclaren,19,19,Lapped,19.0,0.0,20.0,0.0,159.0,5.0,0.0,13.5,13.5,0.25,10.6,11.0,0,0.0,5,2023
2023,5,Miami Grand Prix,miami,2023-05-07,sargeant,SAR,williams,20,20,Lapped,20.0,0.0,20.0,0.0,8.0,10.0,0.0,15.0,15.0,0.5,13.4,11.0,0,0.0,5,2023
2023,6,Monaco Grand Prix,monaco,2023-05-28,max_verstappen,VER,red_bull,1,1,Finished,1.0,454.0,1.0,15.0,759.0,1.0,17.0,1.4,1.7,0.0,1.0,8.285714285714286,7,0.2857142857142857,6,2023
2023,6,Monaco Grand Prix,monaco,2023-05-28,alonso,ALO,aston_martin,2,2,Finished,2.0,81.0,9.0,0.0,55.0,7.0,0.0,3.2,7.4,0.2,3.2,8.6,10,0.2,6,2023
2023,6,Monaco Grand Prix,monaco,2023-05-28,ocon,OCO,alpine,3,3,Finished,3.0,92.0,8.0,0.0,173.0,4.0,0.0,12.8,10.2,0.2,10.4,9.75,4,0.0,6,2023
2023,6,Monaco Grand Prix,monaco,2023-05-28,hamilton,HAM,mercedes,4,5,Finished,5.0,240.0,6.0,0.0,515.0,3.0,1.0,4.8,5.3,0.1,4.2,4.333333333333333,12,0.4166666666666667,6,2023
2023,6,Monaco Grand Prix,monaco,2023-05-28,russell,RUS,mercedes,5,8,Finished,8.0,275.0,4.0,1.0,515.0,3.0,1.0,8.2,6.4,0.1,4.2,11.333333333333334,3,0.0,6,2023
2023,6,Monaco Grand Prix,monaco,2023-05-28,leclerc,LEC,ferrari,6,6,Finished,6.0,308.0,2.0,3.0,554.0,2.0,4.0,11.2,7.4,0.2,6.0,15.5,4,0.0,6,2023
2023,6,Monaco Grand Prix,monaco,2023-05-28,gasly,GAS,alpine,7,7,Finished,7.0,23.0,14.0,0.0,173.0,4.0,0.0,10.6,12.4,0.1,10.4,7.25,4,0.0,6,2023
2023,6,Monaco Grand Prix,monaco,2023-05-28,sainz,SAI,ferrari,8,4,Finished,4.0,246.0,5.0,1.0,554.0,2.0,4.0,6.4,8.3,0.2,6.0,6.285714285714286,7,0.2857142857142857,6,2023
2023,6,Monaco Grand Prix,monaco,2023-05-28,norris,NOR,mclaren,9,10,Lapped,10.0,122.0,7.0,0.0,159.0,5.0,0.0,13.2,11.5,0.2,12.8,6.666666666666667,3,0.3333333333333333,6,2023
2023,6,Monaco Grand Prix,monaco,2023-05-28,piastri,PIA,mclaren,10,11,Lapped,11.0,0.0,20.0,0.0,159.0,5.0,0.0,14.6,14.6,0.4,12.8,11.0,0,0.0,6,2023
2023,6,Monaco Grand Prix,monaco,2023-05-28,bottas,BOT,alfa,11,15,Lapped,15.0,49.0,10.0,0.0,55.0,6.0,0.0,13.6,13.6,0.3,12.2,10.444444444444445,9,0.1111111111111111,6,2023
2023,6,Monaco Grand Prix,monaco,2023-05-28,de_vries,DEV,alphatauri,12,12,Lapped,12.0,2.0,21.0,0.0,35.0,9.0,0.0,16.2,15.0,0.5,10.6,11.0,0,0.0,6,2023
2023,6,Monaco Grand Prix,monaco,2023-05-28,zhou,ZHO,alfa,13,19,Lapped,19.0,6.0,18.0,0.0,55.0,6.0,0.0,14.6,13.8,0.2,12.2,16.0,1,0.0,6,2023
2023,6,Monaco Grand Prix,monaco,2023-05-28,albon,ALB,williams,14,13,Lapped,13.0,4.0,19.0,0.0,8.0,10.0,0.0,14.8,14.7,0.3,13.6,13.0,2,0.0,6,2023
2023,6,Monaco Grand Prix,monaco,2023-05-28,tsunoda,TSU,alphatauri,15,9,Lapped,9.0,12.0,17.0,0.0,35.0,9.0,0.0,10.6,12.4,0.1,10.6,16.5,2,0.0,6,2023
2023,6,Monaco Grand Prix,monaco,2023-05-28,perez,PER,red_bull,16,20,Lapped,20.0,305.0,3.0,2.0,759.0,1.0,17.0,2.2,3.0,0.0,1.0,11.272727272727273,11,0.18181818181818182,6,2023
2023,6,Monaco Grand Prix,monaco,2023-05-28,hulkenberg,HUL,haas,17,18,Lapped,18.0,0.0,22.0,0.0,37.0,8.0,0.0,13.2,13.0,0.3,10.6,11.777777777777779,9,0.0,6,2023
2023,6,Monaco Grand Prix,monaco,2023-05-28,sargeant,SAR,williams,18,16,Lapped,16.0,0.0,20.0,0.0,8.0,10.0,0.0,16.0,16.0,0.6,13.6,11.0,0,0.0,6,2023
2023,6,Monaco Grand Prix,monaco,2023-05-28,kevin_magnussen,MAG,haas,19,17,Retired,17.0,25.0,13.0,0.0,37.0,8.0,0.0,12.6,13.9,0.3,10.6,14.333333333333334,6,0.0,6,2023
2023,6,Monaco Grand Prix,monaco,2023-05-28,stroll,STR,aston_martin,20,14,Retired,14.0,18.0,15.0,0.0,55.0,7.0,0.0,9.8,11.2,0.2,3.2,14.0,5,0.0,6,2023
2023,7,Spanish Grand Prix,catalunya,2023-06-04,max_verstappen,VER,red_bull,1,1,Finished,1.0,454.0,1.0,15.0,759.0,1.0,17.0,1.4,1.7,0.0,1.0,5.25,8,0.75,7,2023
2023,7,Spanish Grand Prix,catalunya,2023-06-04,hamilton,HAM,mercedes,2,4,Finished,4.0,240.0,6.0,0.0,515.0,3.0,1.0,4.6,5.2,0.1,4.0,5.384615384615385,13,0.6153846153846154,7,2023
2023,7,Spanish Grand Prix,catalunya,2023-06-04,russell,RUS,mercedes,3,12,Finished,12.0,275.0,4.0,1.0,515.0,3.0,1.0,7.8,6.1,0.1,4.0,12.75,4,0.25,7,2023
2023,7,Spanish Grand Prix,catalunya,2023-06-04,perez,PER,red_bull,4,11,Finished,11.0,305.0,3.0,2.0,759.0,1.0,17.0,5.0,4.4,0.1,1.0,8.916666666666666,12,0.08333333333333333,7,2023
2023,7,Spanish Grand Prix,catalunya,2023-06-04,sainz,SAI,ferrari,5,2,Finished,2.0,246.0,5.0,1.0,554.0,2.0,4.0,7.2,7.2,0.1,6.4,6.75,8,0.0,7,2023
2023,7,Spanish Grand Prix,catalunya,2023-06-04,stroll,STR,aston_martin,6,5,Finished,5.0,18.0,15.0,0.0,55.0,7.0,0.0,12.6,12.0,0.3,3.0,12.666666666666666,6,0.0,7,2023
2023,7,Spanish Grand Prix,catalunya,2023-06-04,alonso,ALO,aston_martin,7,8,Finished,8.0,81.0,9.0,0.0,55.0,7.0,0.0,3.0,6.9,0.2,3.0,9.181818181818182,11,0.2727272727272727,7,2023
2023,7,Spanish Grand Prix,catalunya,2023-06-04,ocon,OCO,alpine,8,6,Finished,6.0,92.0,8.0,0.0,173.0,4.0,0.0,9.8,10.1,0.2,9.2,10.0,5,0.0,7,2023
2023,7,Spanish Grand Prix,catalunya,2023-06-04,zhou,ZHO,alfa,9,13,Finished,13.0,6.0,18.0,0.0,55.0,6.0,0.0,14.0,13.5,0.3,12.8,19.0,1,0.0,7,2023
2023,7,Spanish Grand Prix,catalunya,2023-06-04,gasly,GAS,alpine,10,10,Finished,10.0,23.0,14.0,0.0,173.0,4.0,0.0,10.2,11.3,0.1,9.2,11.4,5,0.0,7,2023
2023,7,Spanish Grand Prix,catalunya,2023-06-04,leclerc,LEC,ferrari,11,19,Finished,19.0,308.0,2.0,3.0,554.0,2.0,4.0,8.6,7.7,0.2,6.4,11.8,5,0.0,7,2023
2023,7,Spanish Grand Prix,catalunya,2023-06-04,tsunoda,TSU,alphatauri,12,15,Finished,15.0,12.0,17.0,0.0,35.0,9.0,0.0,11.4,12.6,0.2,10.8,15.0,2,0.0,7,2023
2023,7,Spanish Grand Prix,catalunya,2023-06-04,piastri,PIA,mclaren,13,9,Lapped,9.0,0.0,20.0,0.0,159.0,5.0,0.0,12.6,13.833333333333334,0.5,11.2,11.0,0,0.0,7,2023
2023,7,Spanish Grand Prix,catalunya,2023-06-04,de_vries,DEV,alphatauri,14,14,Lapped,14.0,2.0,21.0,0.0,35.0,9.0,0.0,15.8,14.571428571428571,0.5714285714285714,10.8,11.0,0,0.0,7,2023
2023,7,Spanish Grand Prix,catalunya,2023-06-04,hulkenberg,HUL,haas,15,7,Lapped,7.0,0.0,22.0,0.0,37.0,8.0,0.0,13.6,12.7,0.3,11.4,13.88888888888889,9,0.0,7,2023
2023,7,Spanish Grand Prix,catalunya,2023-06-04,albon,ALB,williams,16,18,Lapped,18.0,4.0,19.0,0.0,8.0,10.0,0.0,15.6,14.1,0.3,14.4,12.333333333333334,3,0.0,7,2023
2023,7,Spanish Grand Prix,catalunya,2023-06-04,norris,NOR,mclaren,17,3,Lapped,3.0,122.0,7.0,0.0,159.0,5.0,0.0,11.6,11.4,0.3,11.2,11.5,4,0.0,7,2023
2023,7,Spanish Grand Prix,catalunya,2023-06-04,kevin_magnussen,MAG,haas,18,17,Lapped,17.0,25.0,13.0,0.0,37.0,8.0,0.0,13.8,14.4,0.4,11.4,12.142857142857142,7,0.0,7,2023
2023,7,Spanish Grand Prix,catalunya,2023-06-04,bottas,BOT,alfa,19,16,Lapped,16.0,49.0,10.0,0.0,55.0,6.0,0.0,14.2,13.2,0.4,12.8,6.3,10,0.4,7,2023
2023,7,Spanish Grand Prix,catalunya,2023-06-04,sargeant,SAR,williams,20,20,Lapped,20.0,0.0,20.0,0.0,8.0,10.0,0.0,17.2,16.333333333333332,0.6666666666666666,14.4,11.0,0,0.0,7,2023
2023,8,Canadian Grand Prix,villeneuve,2023-06-18,max_verstappen,VER,red_bull,1,1,Finished,1.0,454.0,1.0,15.0,759.0,1.0,17.0,1.2,1.7,0.0,1.0,7.666666666666667,6,0.3333333333333333,8,2023
2023,8,Canadian Grand Prix,villeneuve,2023-06-18,alonso,ALO,aston_martin,2,2,Finished,2.0,81.0,9.0,0.0,55.0,7.0,0.0,3.8,6.9,0.2,3.6,11.2,10,0.2,8,2023
2023,8,Canadian Grand Prix,villeneuve,2023-06-18,hamilton,HAM,mercedes,3,3,Finished,3.0,240.0,6.0,0.0,515.0,3.0,1.0,4.0,5.2,0.1,3.6,5.2727272727272725,11,0.7272727272727273,8,2023
2023,8,Canadian Grand Prix,villeneuve,2023-06-18,leclerc,LEC,ferrari,4,10,Finished,10.0,308.0,2.0,3.0,554.0,2.0,4.0,9.4,8.5,0.2,6.2,6.0,3,0.3333333333333333,8,2023
2023,8,Canadian Grand Prix,villeneuve,2023-06-18,sainz,SAI,ferrari,5,11,Finished,11.0,246.0,5.0,1.0,554.0,2.0,4.0,7.0,5.7,0.0,6.2,10.333333333333334,6,0.16666666666666666,8,2023
2023,8,Canadian Grand Prix,villeneuve,2023-06-18,perez,PER,red_bull,6,12,Finished,12.0,305.0,3.0,2.0,759.0,1.0,17.0,5.6,4.4,0.1,1.0,10.777777777777779,9,0.1111111111111111,8,2023
2023,8,Canadian Grand Prix,villeneuve,2023-06-18,albon,ALB,williams,7,9,Finished,9.0,4.0,19.0,0.0,8.0,10.0,0.0,15.0,14.4,0.4,14.4,16.0,2,0.0,8,2023
2023,8,Canadian Grand Prix,villeneuve,2023-06-18,ocon,OCO,alpine,8,6,Finished,6.0,92.0,8.0,0.0,173.0,4.0,0.0,9.8,9.8,0.2,9.2,7.0,3,0.0,8,2023
2023,8,Canadian Grand Prix,villeneuve,2023-06-18,stroll,STR,aston_martin,9,16,Finished,16.0,18.0,15.0,0.0,55.0,7.0,0.0,9.8,10.8,0.2,3.6,12.0,4,0.0,8,2023
2023,8,Canadian Grand Prix,villeneuve,2023-06-18,bottas,BOT,alfa,10,14,Finished,14.0,49.0,10.0,0.0,55.0,6.0,0.0,14.4,13.2,0.4,12.0,5.25,8,0.5,8,2023
2023,8,Canadian Grand Prix,villeneuve,2023-06-18,piastri,PIA,mclaren,11,8,Finished,8.0,0.0,20.0,0.0,159.0,5.0,0.0,12.2,13.714285714285714,0.5714285714285714,10.8,11.0,0,0.0,8,2023
2023,8,Canadian Grand Prix,villeneuve,2023-06-18,gasly,GAS,alpine,12,15,Finished,15.0,23.0,14.0,0.0,173.0,4.0,0.0,10.4,10.9,0.1,9.2,11.0,3,0.0,8,2023
2023,8,Canadian Grand Prix,villeneuve,2023-06-18,norris,NOR,mclaren,13,7,Finished,7.0,122.0,7.0,0.0,159.0,5.0,0.0,11.6,12.5,0.4,10.8,17.5,2,0.0,8,2023
2023,8,Canadian Grand Prix,villeneuve,2023-06-18,tsunoda,TSU,alphatauri,14,19,Finished,19.0,12.0,17.0,0.0,35.0,9.0,0.0,11.6,12.8,0.2,11.0,18.0,1,0.0,8,2023
2023,8,Canadian Grand Prix,villeneuve,2023-06-18,hulkenberg,HUL,haas,15,5,Lapped,5.0,0.0,22.0,0.0,37.0,8.0,0.0,14.2,13.5,0.4,12.4,9.88888888888889,9,0.0,8,2023
2023,8,Canadian Grand Prix,villeneuve,2023-06-18,zhou,ZHO,alfa,16,20,Lapped,20.0,6.0,18.0,0.0,55.0,6.0,0.0,13.2,13.2,0.3,12.0,8.0,1,0.0,8,2023
2023,8,Canadian Grand Prix,villeneuve,2023-06-18,kevin_magnussen,MAG,haas,17,13,Lapped,13.0,25.0,13.0,0.0,37.0,8.0,0.0,15.4,15.3,0.5,12.4,14.0,6,0.0,8,2023
2023,8,Canadian Grand Prix,villeneuve,2023-06-18,de_vries,DEV,alphatauri,18,17,Lapped,17.0,2.0,21.0,0.0,35.0,9.0,0.0,15.8,14.5,0.625,11.0,11.0,0,0.0,8,2023
2023,8,Canadian Grand Prix,villeneuve,2023-06-18,russell,RUS,mercedes,19,4,Retired,4.0,275.0,4.0,1.0,515.0,3.0,1.0,7.6,5.9,0.1,3.6,10.0,2,0.0,8,2023
2023,8,Canadian Grand Prix,villeneuve,2023-06-18,sargeant,SAR,williams,20,18,Retired,18.0,0.0,20.0,0.0,8.0,10.0,0.0,18.0,16.857142857142858,0.7142857142857143,14.4,11.0,0,0.0,8,2023
2023,9,Austrian Grand Prix,red_bull_ring,2023-07-02,max_verstappen,VER,red_bull,1,1,Finished,1.0,454.0,1.0,15.0,759.0,1.0,17.0,1.2,1.7,0.0,1.0,5.9,10,0.7,9,2023
2023,9,Austrian Grand Prix,red_bull_ring,2023-07-02,leclerc,LEC,ferrari,2,2,Finished,2.0,308.0,2.0,3.0,554.0,2.0,4.0,6.2,8.3,0.2,4.6,6.857142857142857,7,0.42857142857142855,9,2023
2023,9,Austrian Grand Prix,red_bull_ring,2023-07-02,perez,PER,red_bull,3,15,Finished,15.0,305.0,3.0,2.0,759.0,1.0,17.0,5.8,4.7,0.1,1.0,9.0,11,0.0,9,2023
2023,9,Austrian Grand Prix,red_bull_ring,2023-07-02,norris,NOR,mclaren,4,4,Finished,4.0,122.0,7.0,0.0,159.0,5.0,0.0,13.0,12.9,0.4,11.8,4.833333333333333,6,0.3333333333333333,9,2023
2023,9,Austrian Grand Prix,red_bull_ring,2023-07-02,alonso,ALO,aston_martin,5,7,Finished,7.0,81.0,9.0,0.0,55.0,7.0,0.0,3.6,5.2,0.1,3.4,12.375,8,0.0,9,2023
2023,9,Austrian Grand Prix,red_bull_ring,2023-07-02,sainz,SAI,ferrari,6,3,Finished,3.0,246.0,5.0,1.0,554.0,2.0,4.0,5.6,5.7,0.0,4.6,10.4,10,0.0,9,2023
2023,9,Austrian Grand Prix,red_bull_ring,2023-07-02,russell,RUS,mercedes,7,11,Finished,11.0,275.0,4.0,1.0,515.0,3.0,1.0,7.8,7.4,0.2,3.8,13.833333333333334,6,0.0,9,2023
2023,9,Austrian Grand Prix,red_bull_ring,2023-07-02,hamilton,HAM,mercedes,8,5,Finished,5.0,240.0,6.0,0.0,515.0,3.0,1.0,4.2,5.3,0.1,3.8,4.0,11,0.5454545454545454,9,2023
2023,9,Austrian Grand Prix,red_bull_ring,2023-07-02,stroll,STR,aston_martin,9,6,Finished,6.0,18.0,15.0,0.0,55.0,7.0,0.0,10.8,10.2,0.2,3.4,12.125,8,0.0,9,2023
2023,9,Austrian Grand Prix,red_bull_ring,2023-07-02,gasly,GAS,alpine,10,9,Finished,9.0,23.0,14.0,0.0,173.0,4.0,0.0,10.2,11.0,0.1,8.2,12.0,7,0.0,9,2023
2023,9,Austrian Grand Prix,red_bull_ring,2023-07-02,albon,ALB,williams,11,10,Finished,10.0,4.0,19.0,0.0,8.0,10.0,0.0,12.6,13.9,0.4,12.6,11.0,4,0.0,9,2023
2023,9,Austrian Grand Prix,red_bull_ring,2023-07-02,zhou,ZHO,alfa,12,17,Lapped,17.0,6.0,18.0,0.0,55.0,6.0,0.0,14.6,13.5,0.4,12.2,14.0,1,0.0,9,2023
2023,9,Austrian Grand Prix,red_bull_ring,2023-07-02,sargeant,SAR,williams,13,18,Lapped,18.0,0.0,20.0,0.0,8.0,10.0,0.0,18.8,17.25,0.75,12.6,11.0,0,0.0,9,2023
2023,9,Austrian Grand Prix,red_bull_ring,2023-07-02,ocon,OCO,alpine,14,12,Lapped,12.0,92.0,8.0,0.0,173.0,4.0,0.0,8.6,9.8,0.2,8.2,11.285714285714286,7,0.0,9,2023
2023,9,Austrian Grand Prix,red_bull_ring,2023-07-02,bottas,BOT,alfa,15,14,Lapped,14.0,49.0,10.0,0.0,55.0,6.0,0.0,14.2,13.2,0.4,12.2,5.363636363636363,11,0.6363636363636364,9,2023
2023,9,Austrian Grand Prix,red_bull_ring,2023-07-02,piastri,PIA,mclaren,16,13,Lapped,13.0,0.0,20.0,0.0,159.0,5.0,0.0,12.8,13.375,0.5,11.8,11.0,0,0.0,9,2023
2023,9,Austrian Grand Prix,red_bull_ring,2023-07-02,de_vries,DEV,alphatauri,17,20,Lapped,20.0,2.0,21.0,0.0,35.0,9.0,0.0,16.4,14.88888888888889,0.6666666666666666,11.8,11.0,0,0.0,9,2023
2023,9,Austrian Grand Prix,red_bull_ring,2023-07-02,kevin_magnussen,MAG,haas,18,19,Lapped,19.0,25.0,13.0,0.0,37.0,8.0,0.0,15.4,15.3,0.6,14.0,12.5,8,0.0,9,2023
2023,9,Austrian Grand Prix,red_bull_ring,2023-07-02,tsunoda,TSU,alphatauri,19,16,Lapped,16.0,12.0,17.0,0.0,35.0,9.0,0.0,12.4,12.2,0.1,11.8,12.666666666666666,3,0.0,9,2023
2023,9,Austrian Grand Prix,red_bull_ring,2023-07-02,hulkenberg,HUL,haas,20,8,Retired,8.0,0.0,22.0,0.0,37.0,8.0,0.0,15.8,14.2,0.5,14.0,13.333333333333334,6,0.0,9,2023
2023,10,British Grand Prix,silverstone,2023-07-09,max_verstappen,VER,red_bull,1,1,Finished,1.0,454.0,1.0,15.0,759.0,1.0,17.0,1.0,1.2,0.0,1.0,8.0,9,0.3333333333333333,10,2023
2023,10,British Grand Prix,silverstone,2023-07-09,norris,NOR,mclaren,2,2,Finished,2.0,122.0,7.0,0.0,159.0,5.0,0.0,12.0,11.5,0.3,10.8,7.0,5,0.0,10,2023
2023,10,British Grand Prix,silverstone,2023-07-09,hamilton,HAM,mercedes,3,7,Finished,7.0,240.0,6.0,0.0,515.0,3.0,1.0,4.6,5.9,0.1,4.0,2.2857142857142856,14,0.7857142857142857,10,2023
2023,10,British Grand Prix,silverstone,2023-07-09,piastri,PIA,mclaren,4,3,Finished,3.0,0.0,20.0,0.0,159.0,5.0,0.0,13.8,13.666666666666666,0.5555555555555556,10.8,11.0,0,0.0,10,2023
2023,10,British Grand Prix,silverstone,2023-07-09,russell,RUS,mercedes,5,6,Finished,6.0,275.0,4.0,1.0,515.0,3.0,1.0,7.6,8.0,0.2,4.0,14.8,5,0.0,10,2023
2023,10,British Grand Prix,silverstone,2023-07-09,perez,PER,red_bull,6,15,Finished,15.0,305.0,3.0,2.0,759.0,1.0,17.0,6.2,4.3,0.1,1.0,11.727272727272727,11,0.09090909090909091,10,2023
2023,10,British Grand Prix,silverstone,2023-07-09,alonso,ALO,aston_martin,7,9,Finished,9.0,81.0,9.0,0.0,55.0,7.0,0.0,3.8,5.2,0.1,3.6,7.909090909090909,11,0.2727272727272727,10,2023
2023,10,British Grand Prix,silverstone,2023-07-09,albon,ALB,williams,8,8,Finished,8.0,4.0,19.0,0.0,8.0,10.0,0.0,12.4,13.5,0.4,12.4,11.25,4,0.0,10,2023
2023,10,British Grand Prix,silverstone,2023-07-09,leclerc,LEC,ferrari,9,4,Finished,4.0,308.0,2.0,3.0,554.0,2.0,4.0,6.0,8.1,0.2,4.4,5.833333333333333,6,0.5,10,2023
2023,10,British Grand Prix,silverstone,2023-07-09,sainz,SAI,ferrari,10,5,Finished,5.0,246.0,5.0,1.0,554.0,2.0,4.0,5.8,6.0,0.0,4.4,10.777777777777779,9,0.1111111111111111,10,2023
2023,10,British Grand Prix,silverstone,2023-07-09,sargeant,SAR,williams,11,14,Finished,14.0,0.0,20.0,0.0,8.0,10.0,0.0,18.2,16.77777777777778,0.7777777777777778,12.4,11.0,0,0.0,10,2023
2023,10,British Grand Prix,silverstone,2023-07-09,bottas,BOT,alfa,12,20,Finished,20.0,49.0,10.0,0.0,55.0,6.0,0.0,13.6,13.8,0.5,11.0,6.818181818181818,11,0.45454545454545453,10,2023
2023,10,British Grand Prix,silverstone,2023-07-09,hulkenberg,HUL,haas,13,11,Finished,11.0,0.0,22.0,0.0,37.0,8.0,0.0,16.4,14.5,0.6,15.0,9.363636363636363,11,0.0,10,2023
2023,10,British Grand Prix,silverstone,2023-07-09,stroll,STR,aston_martin,14,12,Finished,12.0,18.0,15.0,0.0,55.0,7.0,0.0,11.2,10.1,0.2,3.6,10.714285714285714,7,0.0,10,2023
2023,10,British Grand Prix,silverstone,2023-07-09,zhou,ZHO,alfa,15,17,Finished,17.0,6.0,18.0,0.0,55.0,6.0,0.0,13.2,13.5,0.5,11.0,19.0,1,0.0,10,2023
2023,10,British Grand Prix,silverstone,2023-07-09,tsunoda,TSU,alphatauri,16,16,Finished,16.0,12.0,17.0,0.0,35.0,9.0,0.0,14.2,12.4,0.2,13.2,12.0,2,0.0,10,2023
2023,10,British Grand Prix,silverstone,2023-07-09,de_vries,DEV,alphatauri,17,18,Finished,18.0,2.0,21.0,0.0,35.0,9.0,0.0,15.8,15.1,0.7,13.2,11.0,0,0.0,10,2023
2023,10,British Grand Prix,silverstone,2023-07-09,gasly,GAS,alpine,18,10,Retired,10.0,23.0,14.0,0.0,173.0,4.0,0.0,9.4,10.6,0.1,7.4,10.333333333333334,6,0.0,10,2023
2023,10,British Grand Prix,silverstone,2023-07-09,kevin_magnussen,MAG,haas,19,19,Retired,19.0,25.0,13.0,0.0,37.0,8.0,0.0,16.4,15.2,0.6,15.0,14.25,8,0.0,10,2023
2023,10,British Grand Prix,silverstone,2023-07-09,ocon,OCO,alpine,20,13,Retired,13.0,92.0,8.0,0.0,173.0,4.0,0.0,8.4,10.4,0.3,7.4,8.833333333333334,6,0.0,10,2023
2023,11,Hungarian Grand Prix,hungaroring,2023-07-23,max_verstappen,VER,red_bull,1,2,Finished,2.0,454.0,1.0,15.0,759.0,1.0,17.0,1.0,1.2,0.0,1.0,5.875,8,0.375,11,2023
2023,11,Hungarian Grand Prix,hungaroring,2023-07-23,norris,NOR,mclaren,2,3,Finished,3.0,122.0,7.0,0.0,159.0,5.0,0.0,9.0,11.1,0.3,7.8,11.0,4,0.0,11,2023
2023,11,Hungarian Grand Prix,hungaroring,2023-07-23,perez,PER,red_bull,3,9,Finished,9.0,305.0,3.0,2.0,759.0,1.0,17.0,7.0,4.6,0.1,1.0,12.416666666666666,12,0.0,11,2023
2023,11,Hungarian Grand Prix,hungaroring,2023-07-23,hamilton,HAM,mercedes,4,1,Finished,1.0,240.0,6.0,0.0,515.0,3.0,1.0,4.0,4.4,0.0,3.8,3.6153846153846154,13,0.6923076923076923,11,2023
2023,11,Hungarian Grand Prix,hungaroring,2023-07-23,piastri,PIA,mclaren,5,4,Finished,4.0,0.0,20.0,0.0,159.0,5.0,0.0,10.8,12.7,0.5,7.8,11.0,0,0.0,11,2023
2023,11,Hungarian Grand Prix,hungaroring,2023-07-23,russell,RUS,mercedes,6,18,Finished,18.0,275.0,4.0,1.0,515.0,3.0,1.0,7.8,8.0,0.2,3.8,11.25,4,0.25,11,2023
2023,11,Hungarian Grand Prix,hungaroring,2023-07-23,leclerc,LEC,ferrari,7,6,Finished,6.0,308.0,2.0,3.0,554.0,2.0,4.0,6.4,8.8,0.2,5.2,11.8,5,0.0,11,2023
2023,11,Hungarian Grand Prix,hungaroring,2023-07-23,sainz,SAI,ferrari,8,11,Finished,11.0,246.0,5.0,1.0,554.0,2.0,4.0,6.8,6.6,0.0,5.2,7.75,8,0.125,11,2023
2023,11,Hungarian Grand Prix,hungaroring,2023-07-23,alonso,ALO,aston_martin,9,8,Finished,8.0,81.0,9.0,0.0,55.0,7.0,0.0,4.6,3.9,0.0,4.4,5.0,11,0.2727272727272727,11,2023
2023,11,Hungarian Grand Prix,hungaroring,2023-07-23,stroll,STR,aston_martin,10,14,Lapped,14.0,18.0,15.0,0.0,55.0,7.0,0.0,11.6,10.7,0.2,4.4,13.666666666666666,6,0.0,11,2023
2023,11,Hungarian Grand Prix,hungaroring,2023-07-23,albon,ALB,williams,11,16,Lapped,16.0,4.0,19.0,0.0,8.0,10.0,0.0,11.2,13.0,0.4,11.2,10.666666666666666,3,0.0,11,2023
2023,11,Hungarian Grand Prix,hungaroring,2023-07-23,bottas,BOT,alfa,12,7,Lapped,7.0,49.0,10.0,0.0,55.0,6.0,0.0,13.4,13.5,0.5,10.8,10.5,10,0.2,11,2023
2023,11,Hungarian Grand Prix,hungaroring,2023-07-23,ricciardo,RIC,alphatauri,13,13,Lapped,13.0,37.0,11.0,0.0,35.0,9.0,0.0,12.6,13.2,0.2,14.2,10.416666666666666,12,0.25,11,2023
2023,11,Hungarian Grand Prix,hungaroring,2023-07-23,hulkenberg,HUL,haas,14,10,Lapped,10.0,0.0,22.0,0.0,37.0,8.0,0.0,16.0,14.6,0.6,15.6,13.222222222222221,9,0.0,11,2023
2023,11,Hungarian Grand Prix,hungaroring,2023-07-23,tsunoda,TSU,alphatauri,15,17,Lapped,17.0,12.0,17.0,0.0,35.0,9.0,0.0,15.2,12.9,0.2,14.2,12.5,2,0.0,11,2023
2023,11,Hungarian Grand Prix,hungaroring,2023-07-23,zhou,ZHO,alfa,16,5,Lapped,5.0,6.0,18.0,0.0,55.0,6.0,0.0,13.0,13.8,0.5,10.8,13.0,1,0.0,11,2023
2023,11,Hungarian Grand Prix,hungaroring,2023-07-23,kevin_magnussen,MAG,haas,17,19,Lapped,19.0,25.0,13.0,0.0,37.0,8.0,0.0,18.2,15.4,0.7,15.6,12.285714285714286,7,0.0,11,2023
2023,11,Hungarian Grand Prix,hungaroring,2023-07-23,sargeant,SAR,williams,18,20,Retired,20.0,0.0,20.0,0.0,8.0,10.0,0.0,16.4,16.2,0.7,11.2,11.0,0,0.0,11,2023
2023,11,Hungarian Grand Prix,hungaroring,2023-07-23,ocon,OCO,alpine,19,12,Retired,12.0,92.0,8.0,0.0,173.0,4.0,0.0,10.6,11.7,0.4,9.4,9.2,5,0.2,11,2023
2023,11,Hungarian Grand Prix,hungaroring,2023-07-23,gasly,GAS,alpine,20,15,Retired,15.0,23.0,14.0,0.0,173.0,4.0,0.0,11.4,11.0,0.2,9.4,9.8,5,0.0,11,2023
2023,12,Belgian Grand Prix,spa,2023-07-30,max_verstappen,VER,red_bull,1,6,Finished,6.0,454.0,1.0,15.0,759.0,1.0,17.0,1.0,1.2,0.0,1.0,8.25,8,0.5,12,2023
2023,12,Belgian Grand Prix,spa,2023-07-30,perez,PER,red_bull,2,2,Finished,2.0,305.0,3.0,2.0,759.0,1.0,17.0,4.4,4.7,0.1,1.0,10.75,12,0.08333333333333333,12,2023
2023,12,Belgian Grand Prix,spa,2023-07-30,leclerc,LEC,ferrari,3,1,Finished,1.0,308.0,2.0,3.0,554.0,2.0,4.0,6.6,7.6,0.1,5.4,9.4,5,0.2,12,2023
2023,12,Belgian Grand Prix,spa,2023-07-30,hamilton,HAM,mercedes,4,3,Finished,3.0,240.0,6.0,0.0,515.0,3.0,1.0,4.0,4.3,0.0,3.8,7.769230769230769,13,0.6923076923076923,12,2023
2023,12,Belgian Grand Prix,spa,2023-07-30,alonso,ALO,aston_martin,5,9,Finished,9.0,81.0,9.0,0.0,55.0,7.0,0.0,6.0,4.5,0.0,5.8,11.727272727272727,11,0.09090909090909091,12,2023
2023,12,Belgian Grand Prix,spa,2023-07-30,russell,RUS,mercedes,6,8,Finished,8.0,275.0,4.0,1.0,515.0,3.0,1.0,8.0,7.9,0.2,3.8,10.0,4,0.25,12,2023
2023,12,Belgian Grand Prix,spa,2023-07-30,norris,NOR,mclaren,7,7,Finished,7.0,122.0,7.0,0.0,159.0,5.0,0.0,7.6,9.6,0.2,6.4,11.0,4,0.0,12,2023
2023,12,Belgian Grand Prix,spa,2023-07-30,ocon,OCO,alpine,8,14,Finished,14.0,92.0,8.0,0.0,173.0,4.0,0.0,13.8,11.8,0.4,12.6,8.333333333333334,6,0.0,12,2023
2023,12,Belgian Grand Prix,spa,2023-07-30,stroll,STR,aston_martin,9,10,Finished,10.0,18.0,15.0,0.0,55.0,7.0,0.0,9.6,11.1,0.3,5.8,12.333333333333334,6,0.0,12,2023
2023,12,Belgian Grand Prix,spa,2023-07-30,tsunoda,TSU,alphatauri,10,11,Finished,11.0,12.0,17.0,0.0,35.0,9.0,0.0,15.2,13.3,0.3,14.4,14.0,2,0.0,12,2023
2023,12,Belgian Grand Prix,spa,2023-07-30,gasly,GAS,alpine,11,12,Finished,12.0,23.0,14.0,0.0,173.0,4.0,0.0,14.0,12.1,0.3,12.6,8.2,5,0.0,12,2023
2023,12,Belgian Grand Prix,spa,2023-07-30,bottas,BOT,alfa,12,13,Finished,13.0,49.0,10.0,0.0,55.0,6.0,0.0,13.6,13.9,0.6,11.0,8.0,10,0.3,12,2023
2023,12,Belgian Grand Prix,spa,2023-07-30,zhou,ZHO,alfa,13,17,Finished,17.0,6.0,18.0,0.0,55.0,6.0,0.0,13.6,13.8,0.5,11.0,14.0,1,0.0,12,2023
2023,12,Belgian Grand Prix,spa,2023-07-30,albon,ALB,williams,14,15,Finished,15.0,4.0,19.0,0.0,8.0,10.0,0.0,10.6,13.1,0.5,10.6,7.0,3,0.0,12,2023
2023,12,Belgian Grand Prix,spa,2023-07-30,kevin_magnussen,MAG,haas,15,16,Finished,16.0,25.0,13.0,0.0,37.0,8.0,0.0,17.8,15.8,0.7,15.0,14.0,7,0.0,12,2023
2023,12,Belgian Grand Prix,spa,2023-07-30,ricciardo,RIC,alphatauri,16,19,Finished,19.0,37.0,11.0,0.0,35.0,9.0,0.0,13.0,13.0,0.3,14.4,9.75,12,0.25,12,2023
2023,12,Belgian Grand Prix,spa,2023-07-30,sargeant,SAR,williams,17,18,Finished,18.0,0.0,20.0,0.0,8.0,10.0,0.0,16.4,16.8,0.7,10.6,11.0,0,0.0,12,2023
2023,12,Belgian Grand Prix,spa,2023-07-30,hulkenberg,HUL,haas,18,20,Finished,20.0,0.0,22.0,0.0,37.0,8.0,0.0,15.4,14.5,0.6,15.0,11.0,9,0.0,12,2023
2023,12,Belgian Grand Prix,spa,2023-07-30,sainz,SAI,ferrari,19,4,Retired,4.0,246.0,5.0,1.0,554.0,2.0,4.0,6.8,7.0,0.0,5.4,13.75,8,0.125,12,2023
2023,12,Belgian Grand Prix,spa,2023-07-30,piastri,PIA,mclaren,20,5,Retired,5.0,0.0,20.0,0.0,159.0,5.0,0.0,9.8,11.2,0.4,6.4,11.0,0,0.0,12,2023
2023,13,Dutch Grand Prix,zandvoort,2023-08-27,max_verstappen,VER,red_bull,1,1,Finished,1.0,454.0,1.0,15.0,759.0,1.0,17.0,1.0,1.1,0.0,1.0,1.0,2,1.0,13,2023
2023,13,Dutch Grand Prix,zandvoort,2023-08-27,alonso,ALO,aston_martin,2,5,Finished,5.0,81.0,9.0,0.0,55.0,7.0,0.0,5.6,4.7,0.0,5.6,6.0,2,0.0,13,2023
2023,13,Dutch Grand Prix,zandvoort,2023-08-27,gasly,GAS,alpine,3,12,Finished,12.0,23.0,14.0,0.0,173.0,4.0,0.0,14.2,12.3,0.3,12.6,7.5,2,0.0,13,2023
2023,13,Dutch Grand Prix,zandvoort,2023-08-27,perez,PER,red_bull,4,7,Finished,7.0,305.0,3.0,2.0,759.0,1.0,17.0,4.0,4.8,0.1,1.0,6.5,2,0.0,13,2023
2023,13,Dutch Grand Prix,zandvoort,2023-08-27,sainz,SAI,ferrari,5,6,Finished,6.0,246.0,5.0,1.0,554.0,2.0,4.0,9.6,8.3,0.1,5.0,7.5,2,0.0,13,2023
2023,13,Dutch Grand Prix,zandvoort,2023-08-27,hamilton,HAM,mercedes,6,13,Finished,13.0,240.0,6.0,0.0,515.0,3.0,1.0,4.4,4.2,0.0,4.2,3.0,2,0.5,13,2023
2023,13,Dutch Grand Prix,zandvoort,2023-08-27,norris,NOR,mclaren,7,2,Finished,2.0,122.0,7.0,0.0,159.0,5.0,0.0,5.6,8.6,0.2,5.2,8.5,2,0.0,13,2023
2023,13,Dutch Grand Prix,zandvoort,2023-08-27,albon,ALB,williams,8,4,Finished,4.0,4.0,19.0,0.0,8.0,10.0,0.0,10.2,12.6,0.4,10.2,12.0,1,0.0,13,2023
2023,13,Dutch Grand Prix,zandvoort,2023-08-27,piastri,PIA,mclaren,9,8,Finished,8.0,0.0,20.0,0.0,159.0,5.0,0.0,11.2,11.7,0.5,5.2,11.0,0,0.0,13,2023
2023,13,Dutch Grand Prix,zandvoort,2023-08-27,ocon,OCO,alpine,10,16,Finished,16.0,92.0,8.0,0.0,173.0,4.0,0.0,13.8,11.8,0.4,12.6,9.0,2,0.0,13,2023
2023,13,Dutch Grand Prix,zandvoort,2023-08-27,stroll,STR,aston_martin,11,11,Finished,11.0,18.0,15.0,0.0,55.0,7.0,0.0,10.2,10.0,0.2,5.6,11.0,2,0.0,13,2023
2023,13,Dutch Grand Prix,zandvoort,2023-08-27,hulkenberg,HUL,haas,12,14,Finished,14.0,0.0,22.0,0.0,37.0,8.0,0.0,16.0,15.1,0.6,15.0,11.0,0,0.0,13,2023
2023,13,Dutch Grand Prix,zandvoort,2023-08-27,lawson,LAW,alphatauri,13,19,Finished,19.0,0.0,20.0,0.0,35.0,9.0,0.0,11.0,11.0,0.1,14.0,11.0,0,0.0,13,2023
2023,13,Dutch Grand Prix,zandvoort,2023-08-27,bottas,BOT,alfa,14,18,Finished,18.0,49.0,10.0,0.0,55.0,6.0,0.0,12.2,13.3,0.5,11.6,11.0,2,0.5,13,2023
2023,13,Dutch Grand Prix,zandvoort,2023-08-27,tsunoda,TSU,alphatauri,15,17,Finished,17.0,12.0,17.0,0.0,35.0,9.0,0.0,14.8,13.2,0.3,14.0,19.5,2,0.0,13,2023
2023,13,Dutch Grand Prix,zandvoort,2023-08-27,kevin_magnussen,MAG,haas,16,0,Finished,0.0,25.0,13.0,0.0,37.0,8.0,0.0,17.2,16.3,0.7,15.0,15.0,1,0.0,13,2023
2023,13,Dutch Grand Prix,zandvoort,2023-08-27,russell,RUS,mercedes,17,3,Finished,3.0,275.0,4.0,1.0,515.0,3.0,1.0,8.6,8.1,0.2,4.2,9.5,2,0.5,13,2023
2023,13,Dutch Grand Prix,zandvoort,2023-08-27,zhou,ZHO,alfa,18,15,Accident,15.0,6.0,18.0,0.0,55.0,6.0,0.0,14.4,13.8,0.5,11.6,16.0,1,0.0,13,2023
2023,13,Dutch Grand Prix,zandvoort,2023-08-27,leclerc,LEC,ferrari,19,9,Undertray,9.0,308.0,2.0,3.0,554.0,2.0,4.0,5.0,7.2,0.1,5.0,4.0,2,0.5,13,2023
2023,13,Dutch Grand Prix,zandvoort,2023-08-27,sargeant,SAR,williams,20,10,Accident,10.0,0.0,20.0,0.0,8.0,10.0,0.0,15.8,16.9,0.7,10.2,11.0,0,0.0,13,2023
2023,14,Italian Grand Prix,monza,2023-09-03,max_verstappen,VER,red_bull,1,2,Finished,2.0,454.0,1.0,15.0,759.0,1.0,17.0,1.0,1.1,0.0,1.0,9.75,8,0.125,14,2023
2023,14,Italian Grand Prix,monza,2023-09-03,perez,PER,red_bull,2,5,Finished,5.0,305.0,3.0,2.0,759.0,1.0,17.0,3.6,4.7,0.1,1.0,8.0,12,0.08333333333333333,14,2023
2023,14,Italian Grand Prix,monza,2023-09-03,sainz,SAI,ferrari,3,1,Finished,1.0,246.0,5.0,1.0,554.0,2.0,4.0,9.6,7.6,0.1,5.2,10.0,8,0.125,14,2023
2023,14,Italian Grand Prix,monza,2023-09-03,leclerc,LEC,ferrari,4,3,Finished,3.0,308.0,2.0,3.0,554.0,2.0,4.0,8.0,7.1,0.1,5.2,7.2,5,0.4,14,2023
2023,14,Italian Grand Prix,monza,2023-09-03,russell,RUS,mercedes,5,4,Finished,4.0,275.0,4.0,1.0,515.0,3.0,1.0,8.2,8.0,0.1,4.8,10.0,4,0.25,14,2023
2023,14,Italian Grand Prix,monza,2023-09-03,hamilton,HAM,mercedes,6,8,Finished,8.0,240.0,6.0,0.0,515.0,3.0,1.0,5.0,4.6,0.0,4.8,5.769230769230769,13,0.5384615384615384,14,2023
2023,14,Italian Grand Prix,monza,2023-09-03,albon,ALB,williams,7,6,Finished,6.0,4.0,19.0,0.0,8.0,10.0,0.0,10.4,11.5,0.3,10.4,10.5,2,0.0,14,2023
2023,14,Italian Grand Prix,monza,2023-09-03,norris,NOR,mclaren,8,9,Finished,9.0,122.0,7.0,0.0,159.0,5.0,0.0,4.4,8.7,0.2,4.4,5.75,4,0.25,14,2023
2023,14,Italian Grand Prix,monza,2023-09-03,alonso,ALO,aston_martin,9,10,Finished,10.0,81.0,9.0,0.0,55.0,7.0,0.0,5.6,4.6,0.0,5.6,11.272727272727273,11,0.36363636363636365,14,2023
2023,14,Italian Grand Prix,monza,2023-09-03,bottas,BOT,alfa,10,14,Finished,14.0,49.0,10.0,0.0,55.0,6.0,0.0,13.0,13.6,0.5,12.4,5.7,10,0.4,14,2023
2023,14,Italian Grand Prix,monza,2023-09-03,lawson,LAW,alphatauri,11,12,Finished,12.0,0.0,20.0,0.0,35.0,9.0,0.0,13.0,13.0,0.0,13.8,11.0,0,0.0,14,2023
2023,14,Italian Grand Prix,monza,2023-09-03,piastri,PIA,mclaren,12,7,Finished,7.0,0.0,20.0,0.0,159.0,5.0,0.0,10.8,11.8,0.5,4.4,11.0,0,0.0,14,2023
2023,14,Italian Grand Prix,monza,2023-09-03,sargeant,SAR,williams,13,15,Finished,15.0,0.0,20.0,0.0,8.0,10.0,0.0,15.8,17.3,0.7,10.4,11.0,0,0.0,14,2023
2023,14,Italian Grand Prix,monza,2023-09-03,zhou,ZHO,alfa,14,16,Finished,16.0,6.0,18.0,0.0,55.0,6.0,0.0,14.8,14.7,0.6,12.4,10.0,1,0.0,14,2023
2023,14,Italian Grand Prix,monza,2023-09-03,gasly,GAS,alpine,15,17,Finished,17.0,23.0,14.0,0.0,173.0,4.0,0.0,12.4,11.3,0.2,11.6,10.6,5,0.2,14,2023
2023,14,Italian Grand Prix,monza,2023-09-03,stroll,STR,aston_martin,16,20,Finished,20.0,18.0,15.0,0.0,55.0,7.0,0.0,10.6,10.7,0.2,5.6,9.333333333333334,6,0.16666666666666666,14,2023
2023,14,Italian Grand Prix,monza,2023-09-03,hulkenberg,HUL,haas,17,13,Lapped,13.0,0.0,22.0,0.0,37.0,8.0,0.0,15.4,15.6,0.6,14.4,10.333333333333334,9,0.0,14,2023
2023,14,Italian Grand Prix,monza,2023-09-03,kevin_magnussen,MAG,haas,18,19,Lapped,19.0,25.0,13.0,0.0,37.0,8.0,0.0,17.0,16.2,0.6,14.4,15.285714285714286,7,0.0,14,2023
2023,14,Italian Grand Prix,monza,2023-09-03,ocon,OCO,alpine,19,18,Retired,18.0,92.0,8.0,0.0,173.0,4.0,0.0,14.2,11.4,0.3,11.6,9.833333333333334,6,0.0,14,2023
2023,14,Italian Grand Prix,monza,2023-09-03,tsunoda,TSU,alphatauri,20,11,Did not start,11.0,12.0,17.0,0.0,35.0,9.0,0.0,15.0,13.7,0.3,13.8,17.0,2,0.0,14,2023
2023,15,Singapore Grand Prix,marina_bay,2023-09-17,sainz,SAI,ferrari,1,1,Finished,1.0,246.0,5.0,1.0,554.0,2.0,4.0,9.0,7.4,0.1,5.4,8.333333333333334,6,0.16666666666666666,15,2023
2023,15,Singapore Grand Prix,marina_bay,2023-09-17,norris,NOR,mclaren,2,4,Finished,4.0,122.0,7.0,0.0,159.0,5.0,0.0,5.2,8.6,0.2,5.2,5.5,2,0.0,15,2023
2023,15,Singapore Grand Prix,marina_bay,2023-09-17,hamilton,HAM,mercedes,3,5,Finished,5.0,240.0,6.0,0.0,515.0,3.0,1.0,4.6,4.6,0.0,4.4,8.181818181818182,11,0.36363636363636365,15,2023
2023,15,Singapore Grand Prix,marina_bay,2023-09-17,leclerc,LEC,ferrari,4,3,Finished,3.0,308.0,2.0,3.0,554.0,2.0,4.0,8.4,7.2,0.1,5.4,4.333333333333333,3,0.6666666666666666,15,2023
2023,15,Singapore Grand Prix,marina_bay,2023-09-17,max_verstappen,VER,red_bull,5,11,Finished,11.0,454.0,1.0,15.0,759.0,1.0,17.0,1.0,1.0,0.0,1.0,7.5,6,0.3333333333333333,15,2023
2023,15,Singapore Grand Prix,marina_bay,2023-09-17,gasly,GAS,alpine,6,12,Finished,12.0,23.0,14.0,0.0,173.0,4.0,0.0,13.4,11.4,0.2,12.6,10.333333333333334,3,0.0,15,2023
2023,15,Singapore Grand Prix,marina_bay,2023-09-17,piastri,PIA,mclaren,7,17,Finished,17.0,0.0,20.0,0.0,159.0,5.0,0.0,10.0,11.9,0.5,5.2,11.0,0,0.0,15,2023
2023,15,Singapore Grand Prix,marina_bay,2023-09-17,perez,PER,red_bull,8,13,Finished,13.0,305.0,3.0,2.0,759.0,1.0,17.0,3.4,4.8,0.1,1.0,9.1,10,0.1,15,2023
2023,15,Singapore Grand Prix,marina_bay,2023-09-17,lawson,LAW,alphatauri,9,10,Finished,10.0,0.0,20.0,0.0,35.0,9.0,0.0,12.0,12.0,0.0,12.6,11.0,0,0.0,15,2023
2023,15,Singapore Grand Prix,marina_bay,2023-09-17,kevin_magnussen,MAG,haas,10,6,Finished,6.0,25.0,13.0,0.0,37.0,8.0,0.0,17.0,16.7,0.7,14.2,13.333333333333334,6,0.0,15,2023
2023,15,Singapore Grand Prix,marina_bay,2023-09-17,albon,ALB,williams,11,14,Finished,14.0,4.0,19.0,0.0,8.0,10.0,0.0,9.6,11.0,0.3,9.6,11.5,2,0.0,15,2023
2023,15,Singapore Grand Prix,marina_bay,2023-09-17,zhou,ZHO,alfa,12,19,Finished,19.0,6.0,18.0,0.0,55.0,6.0,0.0,15.2,14.2,0.5,12.0,20.0,1,0.0,15,2023
2023,15,Singapore Grand Prix,marina_bay,2023-09-17,hulkenberg,HUL,haas,13,9,Finished,9.0,0.0,22.0,0.0,37.0,8.0,0.0,14.8,15.6,0.6,14.2,12.88888888888889,9,0.0,15,2023
2023,15,Singapore Grand Prix,marina_bay,2023-09-17,sargeant,SAR,williams,14,18,Finished,18.0,0.0,20.0,0.0,8.0,10.0,0.0,15.8,17.0,0.7,9.6,11.0,0,0.0,15,2023
2023,15,Singapore Grand Prix,marina_bay,2023-09-17,alonso,ALO,aston_martin,15,7,Finished,7.0,81.0,9.0,0.0,55.0,7.0,0.0,6.4,5.1,0.0,6.4,8.0,10,0.3,15,2023
2023,15,Singapore Grand Prix,marina_bay,2023-09-17,russell,RUS,mercedes,16,2,Retired,2.0,275.0,4.0,1.0,515.0,3.0,1.0,7.8,7.7,0.1,4.4,17.0,2,0.0,15,2023
2023,15,Singapore Grand Prix,marina_bay,2023-09-17,bottas,BOT,alfa,17,16,Retired,16.0,49.0,10.0,0.0,55.0,6.0,0.0,12.0,12.8,0.4,12.0,9.0,8,0.125,15,2023
2023,15,Singapore Grand Prix,marina_bay,2023-09-17,ocon,OCO,alpine,18,8,Retired,8.0,92.0,8.0,0.0,173.0,4.0,0.0,15.2,11.8,0.4,12.6,16.0,4,0.0,15,2023
2023,15,Singapore Grand Prix,marina_bay,2023-09-17,tsunoda,TSU,alphatauri,19,15,Retired,15.0,12.0,17.0,0.0,35.0,9.0,0.0,15.2,14.7,0.4,12.6,15.0,1,0.0,15,2023
2023,15,Singapore Grand Prix,marina_bay,2023-09-17,stroll,STR,aston_martin,20,0,Withdrew,0.0,18.0,15.0,0.0,55.0,7.0,0.0,12.0,11.6,0.2,6.4,10.25,4,0.0,15,2023
2023,16,Japanese Grand Prix,suzuka,2023-09-24,max_verstappen,VER,red_bull,1,1,Finished,1.0,454.0,1.0,15.0,759.0,1.0,17.0,1.8,1.4,0.0,1.8,5.833333333333333,6,0.6666666666666666,16,2023
2023,16,Japanese Grand Prix,suzuka,2023-09-24,norris,NOR,mclaren,2,3,Finished,3.0,122.0,7.0,0.0,159.0,5.0,0.0,5.2,7.1,0.2,5.2,10.5,2,0.0,16,2023
2023,16,Japanese Grand Prix,suzuka,2023-09-24,piastri,PIA,mclaren,3,2,Finished,2.0,0.0,20.0,0.0,159.0,5.0,0.0,10.6,10.7,0.4,5.2,11.0,0,0.0,16,2023
2023,16,Japanese Grand Prix,suzuka,2023-09-24,leclerc,LEC,ferrari,4,4,Finished,4.0,308.0,2.0,3.0,554.0,2.0,4.0,7.4,6.9,0.1,3.8,9.0,3,0.3333333333333333,16,2023
2023,16,Japanese Grand Prix,suzuka,2023-09-24,hamilton,HAM,mercedes,5,7,Finished,7.0,240.0,6.0,0.0,515.0,3.0,1.0,4.6,4.3,0.0,4.4,4.545454545454546,11,0.5454545454545454,16,2023
2023,16,Japanese Grand Prix,suzuka,2023-09-24,sainz,SAI,ferrari,6,6,Finished,6.0,246.0,5.0,1.0,554.0,2.0,4.0,7.2,7.0,0.1,3.8,13.5,6,0.0,16,2023
2023,16,Japanese Grand Prix,suzuka,2023-09-24,russell,RUS,mercedes,7,8,Finished,8.0,275.0,4.0,1.0,515.0,3.0,1.0,10.0,8.9,0.2,4.4,12.0,2,0.0,16,2023
2023,16,Japanese Grand Prix,suzuka,2023-09-24,alonso,ALO,aston_martin,8,10,Finished,10.0,81.0,9.0,0.0,55.0,7.0,0.0,8.0,6.3,0.0,8.0,11.3,10,0.2,16,2023
2023,16,Japanese Grand Prix,suzuka,2023-09-24,ocon,OCO,alpine,9,14,Finished,14.0,92.0,8.0,0.0,173.0,4.0,0.0,14.8,12.7,0.5,10.2,10.0,4,0.0,16,2023
2023,16,Japanese Grand Prix,suzuka,2023-09-24,gasly,GAS,alpine,10,12,Finished,12.0,23.0,14.0,0.0,173.0,4.0,0.0,11.0,11.2,0.2,10.2,12.25,4,0.0,16,2023
2023,16,Japanese Grand Prix,suzuka,2023-09-24,lawson,LAW,alphatauri,11,11,Lapped,11.0,0.0,20.0,0.0,35.0,9.0,0.0,11.0,11.0,0.0,11.2,11.0,0,0.0,16,2023
2023,16,Japanese Grand Prix,suzuka,2023-09-24,tsunoda,TSU,alphatauri,12,9,Lapped,9.0,12.0,17.0,0.0,35.0,9.0,0.0,15.8,15.5,0.5,11.2,13.0,1,0.0,16,2023
2023,16,Japanese Grand Prix,suzuka,2023-09-24,zhou,ZHO,alfa,13,19,Lapped,19.0,6.0,18.0,0.0,55.0,6.0,0.0,14.6,13.8,0.5,12.0,16.0,1,0.0,16,2023
2023,16,Japanese Grand Prix,suzuka,2023-09-24,hulkenberg,HUL,haas,14,18,Lapped,18.0,0.0,22.0,0.0,37.0,8.0,0.0,14.8,15.4,0.6,13.6,12.333333333333334,9,0.0,16,2023
2023,16,Japanese Grand Prix,suzuka,2023-09-24,kevin_magnussen,MAG,haas,15,15,Lapped,15.0,25.0,13.0,0.0,37.0,8.0,0.0,15.2,16.7,0.7,13.6,14.166666666666666,6,0.0,16,2023
2023,16,Japanese Grand Prix,suzuka,2023-09-24,albon,ALB,williams,16,13,Retired,13.0,4.0,19.0,0.0,8.0,10.0,0.0,10.2,10.7,0.3,10.2,12.0,2,0.0,16,2023
2023,16,Japanese Grand Prix,suzuka,2023-09-24,sargeant,SAR,williams,17,20,Retired,20.0,0.0,20.0,0.0,8.0,10.0,0.0,16.4,16.4,0.6,10.2,11.0,0,0.0,16,2023
2023,16,Japanese Grand Prix,suzuka,2023-09-24,stroll,STR,aston_martin,18,17,Retired,17.0,18.0,15.0,0.0,55.0,7.0,0.0,13.2,12.4,0.3,8.0,13.5,4,0.0,16,2023
2023,16,Japanese Grand Prix,suzuka,2023-09-24,perez,PER,red_bull,19,5,Retired,5.0,305.0,3.0,2.0,759.0,1.0,17.0,3.8,5.4,0.1,1.8,9.8,10,0.1,16,2023
2023,16,Japanese Grand Prix,suzuka,2023-09-24,bottas,BOT,alfa,20,16,Retired,16.0,49.0,10.0,0.0,55.0,6.0,0.0,13.0,13.2,0.5,12.0,7.5,8,0.25,16,2023
2023,17,Qatar Grand Prix,losail,2023-10-08,max_verstappen,VER,red_bull,1,1,Finished,1.0,454.0,1.0,15.0,759.0,1.0,17.0,1.8,1.4,0.0,1.8,2.0,1,1.0,17,2023
2023,17,Qatar Grand Prix,losail,2023-10-08,piastri,PIA,mclaren,2,6,Finished,6.0,0.0,20.0,0.0,159.0,5.0,0.0,10.2,10.0,0.3,5.2,11.0,0,0.0,17,2023
2023,17,Qatar Grand Prix,losail,2023-10-08,norris,NOR,mclaren,3,10,Finished,10.0,122.0,7.0,0.0,159.0,5.0,0.0,5.2,6.4,0.1,5.2,9.0,1,0.0,17,2023
2023,17,Qatar Grand Prix,losail,2023-10-08,russell,RUS,mercedes,4,2,Finished,2.0,275.0,4.0,1.0,515.0,3.0,1.0,10.2,9.1,0.2,4.6,17.0,1,0.0,17,2023
2023,17,Qatar Grand Prix,losail,2023-10-08,leclerc,LEC,ferrari,5,5,Finished,5.0,308.0,2.0,3.0,554.0,2.0,4.0,6.8,6.7,0.1,3.2,8.0,1,0.0,17,2023
2023,17,Qatar Grand Prix,losail,2023-10-08,alonso,ALO,aston_martin,6,4,Finished,4.0,81.0,9.0,0.0,55.0,7.0,0.0,7.8,6.9,0.0,7.8,3.0,1,1.0,17,2023
2023,17,Qatar Grand Prix,losail,2023-10-08,ocon,OCO,alpine,7,8,Finished,8.0,92.0,8.0,0.0,173.0,4.0,0.0,12.8,13.3,0.5,8.2,5.0,1,0.0,17,2023
2023,17,Qatar Grand Prix,losail,2023-10-08,bottas,BOT,alfa,8,9,Finished,9.0,49.0,10.0,0.0,55.0,6.0,0.0,14.6,14.1,0.5,12.2,20.0,1,0.0,17,2023
2023,17,Qatar Grand Prix,losail,2023-10-08,zhou,ZHO,alfa,9,19,Finished,19.0,6.0,18.0,0.0,55.0,6.0,0.0,14.0,13.8,0.5,12.2,11.0,0,0.0,17,2023
2023,17,Qatar Grand Prix,losail,2023-10-08,perez,PER,red_bull,10,20,Finished,20.0,305.0,3.0,2.0,759.0,1.0,17.0,7.0,5.7,0.1,1.8,4.0,1,0.0,17,2023
2023,17,Qatar Grand Prix,losail,2023-10-08,stroll,STR,aston_martin,11,16,Finished,16.0,18.0,15.0,0.0,55.0,7.0,0.0,14.8,12.2,0.3,7.8,6.0,1,0.0,17,2023
2023,17,Qatar Grand Prix,losail,2023-10-08,gasly,GAS,alpine,12,7,Finished,7.0,23.0,14.0,0.0,173.0,4.0,0.0,9.0,11.5,0.2,8.2,11.0,1,0.0,17,2023
2023,17,Qatar Grand Prix,losail,2023-10-08,albon,ALB,williams,13,13,Finished,13.0,4.0,19.0,0.0,8.0,10.0,0.0,11.2,10.9,0.3,11.2,11.0,0,0.0,17,2023
2023,17,Qatar Grand Prix,losail,2023-10-08,kevin_magnussen,MAG,haas,14,18,Lapped,18.0,25.0,13.0,0.0,37.0,8.0,0.0,14.8,16.3,0.7,13.6,11.0,0,0.0,17,2023
2023,17,Qatar Grand Prix,losail,2023-10-08,tsunoda,TSU,alphatauri,15,11,Lapped,11.0,12.0,17.0,0.0,35.0,9.0,0.0,15.2,15.2,0.5,10.8,13.0,1,0.0,17,2023
2023,17,Qatar Grand Prix,losail,2023-10-08,hulkenberg,HUL,haas,16,14,Lapped,14.0,0.0,22.0,0.0,37.0,8.0,0.0,14.8,15.1,0.6,13.6,11.0,0,0.0,17,2023
2023,17,Qatar Grand Prix,losail,2023-10-08,lawson,LAW,alphatauri,17,17,Lapped,17.0,0.0,20.0,0.0,35.0,9.0,0.0,11.0,11.0,0.25,10.8,11.0,0,0.0,17,2023
2023,17,Qatar Grand Prix,losail,2023-10-08,sargeant,SAR,williams,18,15,Retired,15.0,0.0,20.0,0.0,8.0,10.0,0.0,16.2,16.3,0.6,11.2,11.0,0,0.0,17,2023
2023,17,Qatar Grand Prix,losail,2023-10-08,hamilton,HAM,mercedes,19,3,Retired,3.0,240.0,6.0,0.0,515.0,3.0,1.0,4.8,4.4,0.0,4.6,1.0,1,1.0,17,2023
2023,17,Qatar Grand Prix,losail,2023-10-08,sainz,SAI,ferrari,20,12,Did not start,12.0,246.0,5.0,1.0,554.0,2.0,4.0,6.8,6.8,0.1,3.2,7.0,1,0.0,17,2023
2023,18,United States Grand Prix,americas,2023-10-22,max_verstappen,VER,red_bull,1,6,Finished,6.0,454.0,1.0,15.0,759.0,1.0,17.0,1.8,1.4,0.0,1.8,5.0,7,0.5714285714285714,18,2023
2023,18,United States Grand Prix,americas,2023-10-22,norris,NOR,mclaren,2,2,Finished,2.0,122.0,7.0,0.0,159.0,5.0,0.0,4.4,5.0,0.0,4.2,7.0,3,0.0,18,2023
2023,18,United States Grand Prix,americas,2023-10-22,sainz,SAI,ferrari,3,4,Finished,4.0,246.0,5.0,1.0,554.0,2.0,4.0,7.0,8.3,0.2,3.6,8.857142857142858,7,0.0,18,2023
2023,18,United States Grand Prix,americas,2023-10-22,perez,PER,red_bull,4,9,Finished,9.0,305.0,3.0,2.0,759.0,1.0,17.0,8.6,6.3,0.1,1.8,8.1,10,0.1,18,2023
2023,18,United States Grand Prix,americas,2023-10-22,russell,RUS,mercedes,5,5,Finished,5.0,275.0,4.0,1.0,515.0,3.0,1.0,9.8,9.2,0.2,4.6,12.0,3,0.0,18,2023
2023,18,United States Grand Prix,americas,2023-10-22,gasly,GAS,alpine,6,7,Finished,7.0,23.0,14.0,0.0,173.0,4.0,0.0,9.2,11.7,0.2,8.0,15.5,4,0.0,18,2023
2023,18,United States Grand Prix,americas,2023-10-22,stroll,STR,aston_martin,7,20,Finished,20.0,18.0,15.0,0.0,55.0,7.0,0.0,15.2,12.7,0.3,8.0,13.6,5,0.0,18,2023
2023,18,United States Grand Prix,americas,2023-10-22,tsunoda,TSU,alphatauri,8,11,Finished,11.0,12.0,17.0,0.0,35.0,9.0,0.0,16.2,15.5,0.6,11.8,9.5,2,0.0,18,2023
2023,18,United States Grand Prix,americas,2023-10-22,albon,ALB,williams,9,15,Finished,15.0,4.0,19.0,0.0,8.0,10.0,0.0,11.0,10.6,0.2,11.0,9.0,2,0.0,18,2023
2023,18,United States Grand Prix,americas,2023-10-22,sargeant,SAR,williams,10,16,Finished,16.0,0.0,20.0,0.0,8.0,10.0,0.0,16.4,16.1,0.6,11.0,11.0,0,0.0,18,2023
2023,18,United States Grand Prix,americas,2023-10-22,hulkenberg,HUL,haas,11,18,Finished,18.0,0.0,22.0,0.0,37.0,8.0,0.0,14.4,15.2,0.6,13.4,12.625,8,0.0,18,2023
2023,18,United States Grand Prix,americas,2023-10-22,bottas,BOT,alfa,12,13,Finished,13.0,49.0,10.0,0.0,55.0,6.0,0.0,13.8,13.0,0.4,11.4,9.333333333333334,9,0.1111111111111111,18,2023
2023,18,United States Grand Prix,americas,2023-10-22,zhou,ZHO,alfa,13,12,Lapped,12.0,6.0,18.0,0.0,55.0,6.0,0.0,13.2,13.8,0.5,11.4,12.0,1,0.0,18,2023
2023,18,United States Grand Prix,americas,2023-10-22,kevin_magnussen,MAG,haas,14,17,Lapped,17.0,25.0,13.0,0.0,37.0,8.0,0.0,14.6,15.9,0.7,13.4,13.833333333333334,6,0.0,18,2023
2023,18,United States Grand Prix,americas,2023-10-22,ricciardo,RIC,alphatauri,15,14,Lapped,14.0,37.0,11.0,0.0,35.0,9.0,0.0,13.0,13.1,0.3,11.8,10.0,10,0.2,18,2023
2023,18,United States Grand Prix,americas,2023-10-22,alonso,ALO,aston_martin,16,19,Retired,19.0,81.0,9.0,0.0,55.0,7.0,0.0,8.0,6.8,0.0,8.0,10.0,9,0.1111111111111111,18,2023
2023,18,United States Grand Prix,americas,2023-10-22,piastri,PIA,mclaren,17,10,Retired,10.0,0.0,20.0,0.0,159.0,5.0,0.0,6.6,8.9,0.2,4.2,11.0,0,0.0,18,2023
2023,18,United States Grand Prix,americas,2023-10-22,ocon,OCO,alpine,18,8,Retired,8.0,92.0,8.0,0.0,173.0,4.0,0.0,12.6,13.2,0.5,8.0,14.6,5,0.0,18,2023
2023,18,United States Grand Prix,americas,2023-10-22,hamilton,HAM,mercedes,19,3,Disqualified,3.0,240.0,6.0,0.0,515.0,3.0,1.0,7.8,6.1,0.1,4.6,1.8,10,0.9,18,2023
2023,18,United States Grand Prix,americas,2023-10-22,leclerc,LEC,ferrari,20,1,Disqualified,1.0,308.0,2.0,3.0,554.0,2.0,4.0,7.2,6.1,0.1,3.6,6.5,4,0.25,18,2023
2023,19,Mexico City Grand Prix,rodriguez,2023-10-29,max_verstappen,VER,red_bull,1,3,Finished,3.0,454.0,1.0,15.0,759.0,1.0,17.0,1.8,1.4,0.0,1.8,3.2857142857142856,7,0.5714285714285714,19,2023
2023,19,Mexico City Grand Prix,rodriguez,2023-10-29,hamilton,HAM,mercedes,2,6,Finished,6.0,240.0,6.0,0.0,515.0,3.0,1.0,10.4,7.7,0.2,4.4,3.0,7,0.7142857142857143,19,2023
2023,19,Mexico City Grand Prix,rodriguez,2023-10-29,leclerc,LEC,ferrari,3,1,Finished,1.0,308.0,2.0,3.0,554.0,2.0,4.0,7.4,7.7,0.2,3.2,5.5,4,0.0,19,2023
2023,19,Mexico City Grand Prix,rodriguez,2023-10-29,sainz,SAI,ferrari,4,2,Finished,2.0,246.0,5.0,1.0,554.0,2.0,4.0,6.6,8.1,0.2,3.2,12.571428571428571,7,0.0,19,2023
2023,19,Mexico City Grand Prix,rodriguez,2023-10-29,norris,NOR,mclaren,5,17,Finished,17.0,122.0,7.0,0.0,159.0,5.0,0.0,3.4,3.9,0.0,3.2,13.0,3,0.0,19,2023
2023,19,Mexico City Grand Prix,rodriguez,2023-10-29,russell,RUS,mercedes,6,8,Finished,8.0,275.0,4.0,1.0,515.0,3.0,1.0,7.4,7.8,0.1,4.4,12.0,3,0.0,19,2023
2023,19,Mexico City Grand Prix,rodriguez,2023-10-29,ricciardo,RIC,alphatauri,7,4,Finished,4.0,37.0,11.0,0.0,35.0,9.0,0.0,14.6,12.9,0.4,10.8,10.285714285714286,7,0.14285714285714285,19,2023
2023,19,Mexico City Grand Prix,rodriguez,2023-10-29,piastri,PIA,mclaren,8,7,Finished,7.0,0.0,20.0,0.0,159.0,5.0,0.0,8.2,9.5,0.3,3.2,11.0,0,0.0,19,2023
2023,19,Mexico City Grand Prix,rodriguez,2023-10-29,albon,ALB,williams,9,14,Finished,14.0,4.0,19.0,0.0,8.0,10.0,0.0,11.2,10.8,0.2,11.2,8.5,2,0.0,19,2023
2023,19,Mexico City Grand Prix,rodriguez,2023-10-29,ocon,OCO,alpine,10,15,Finished,15.0,92.0,8.0,0.0,173.0,4.0,0.0,14.2,14.2,0.6,8.6,11.6,5,0.0,19,2023
2023,19,Mexico City Grand Prix,rodriguez,2023-10-29,gasly,GAS,alpine,11,11,Finished,11.0,23.0,14.0,0.0,173.0,4.0,0.0,9.8,11.1,0.2,8.6,9.4,5,0.0,19,2023
2023,19,Mexico City Grand Prix,rodriguez,2023-10-29,tsunoda,TSU,alphatauri,12,18,Finished,18.0,12.0,17.0,0.0,35.0,9.0,0.0,14.8,14.9,0.6,10.8,20.0,2,0.0,19,2023
2023,19,Mexico City Grand Prix,rodriguez,2023-10-29,hulkenberg,HUL,haas,13,12,Finished,12.0,0.0,22.0,0.0,37.0,8.0,0.0,14.2,14.8,0.5,13.2,9.8,5,0.0,19,2023
2023,19,Mexico City Grand Prix,rodriguez,2023-10-29,zhou,ZHO,alfa,14,10,Finished,10.0,6.0,18.0,0.0,55.0,6.0,0.0,12.2,13.5,0.5,11.0,13.0,1,0.0,19,2023
2023,19,Mexico City Grand Prix,rodriguez,2023-10-29,bottas,BOT,alfa,15,9,Finished,9.0,49.0,10.0,0.0,55.0,6.0,0.0,13.4,13.2,0.4,11.0,6.571428571428571,7,0.42857142857142855,19,2023
2023,19,Mexico City Grand Prix,rodriguez,2023-10-29,sargeant,SAR,williams,16,19,Retired,19.0,0.0,20.0,0.0,8.0,10.0,0.0,14.4,15.1,0.5,11.2,11.0,0,0.0,19,2023
2023,19,Mexico City Grand Prix,rodriguez,2023-10-29,stroll,STR,aston_martin,17,0,Collision damage,0.0,18.0,15.0,0.0,55.0,7.0,0.0,14.4,12.5,0.3,9.0,11.8,5,0.0,19,2023
2023,19,Mexico City Grand Prix,rodriguez,2023-10-29,alonso,ALO,aston_martin,18,13,Withdrew,13.0,81.0,9.0,0.0,55.0,7.0,0.0,10.8,8.2,0.1,9.0,15.166666666666666,6,0.0,19,2023
2023,19,Mexico City Grand Prix,rodriguez,2023-10-29,kevin_magnussen,MAG,haas,19,16,Accident,16.0,25.0,13.0,0.0,37.0,8.0,0.0,14.2,15.6,0.7,13.2,14.4,5,0.0,19,2023
2023,19,Mexico City Grand Prix,rodriguez,2023-10-29,perez,PER,red_bull,20,5,Collision damage,5.0,305.0,3.0,2.0,759.0,1.0,17.0,8.6,6.1,0.1,1.8,8.0,7,0.2857142857142857,19,2023
2023,20,São Paulo Grand Prix,interlagos,2023-11-05,max_verstappen,VER,red_bull,1,1,Finished,1.0,454.0,1.0,15.0,759.0,1.0,17.0,1.8,1.4,0.0,1.8,4.0,7,0.5714285714285714,20,2023
2023,20,São Paulo Grand Prix,interlagos,2023-11-05,norris,NOR,mclaren,2,6,Finished,6.0,122.0,7.0,0.0,159.0,5.0,0.0,2.8,4.0,0.0,2.6,12.0,3,0.0,20,2023
2023,20,São Paulo Grand Prix,interlagos,2023-11-05,alonso,ALO,aston_martin,3,4,Finished,4.0,81.0,9.0,0.0,55.0,7.0,0.0,12.6,9.5,0.2,10.6,7.454545454545454,11,0.2727272727272727,20,2023
2023,20,São Paulo Grand Prix,interlagos,2023-11-05,perez,PER,red_bull,4,9,Finished,9.0,305.0,3.0,2.0,759.0,1.0,17.0,12.2,7.8,0.2,1.8,10.272727272727273,11,0.0,20,2023
2023,20,São Paulo Grand Prix,interlagos,2023-11-05,stroll,STR,aston_martin,5,3,Finished,3.0,18.0,15.0,0.0,55.0,7.0,0.0,14.6,13.3,0.4,10.6,16.6,5,0.0,20,2023
2023,20,São Paulo Grand Prix,interlagos,2023-11-05,sainz,SAI,ferrari,6,7,Finished,7.0,246.0,5.0,1.0,554.0,2.0,4.0,6.8,7.9,0.2,3.2,8.571428571428571,7,0.2857142857142857,20,2023
2023,20,São Paulo Grand Prix,interlagos,2023-11-05,gasly,GAS,alpine,7,15,Finished,15.0,23.0,14.0,0.0,173.0,4.0,0.0,9.0,11.2,0.2,7.6,9.6,5,0.2,20,2023
2023,20,São Paulo Grand Prix,interlagos,2023-11-05,hamilton,HAM,mercedes,8,5,Finished,5.0,240.0,6.0,0.0,515.0,3.0,1.0,9.6,7.1,0.2,3.8,6.25,12,0.5,20,2023
2023,20,São Paulo Grand Prix,interlagos,2023-11-05,tsunoda,TSU,alphatauri,9,16,Finished,16.0,12.0,17.0,0.0,35.0,9.0,0.0,13.2,14.2,0.5,10.0,16.0,2,0.0,20,2023
2023,20,São Paulo Grand Prix,interlagos,2023-11-05,ocon,OCO,alpine,10,14,Lapped,14.0,92.0,8.0,0.0,173.0,4.0,0.0,12.4,13.8,0.5,7.6,12.2,5,0.0,20,2023
2023,20,São Paulo Grand Prix,interlagos,2023-11-05,sargeant,SAR,williams,11,19,Lapped,19.0,0.0,20.0,0.0,8.0,10.0,0.0,15.0,15.4,0.5,11.6,11.0,0,0.0,20,2023
2023,20,São Paulo Grand Prix,interlagos,2023-11-05,hulkenberg,HUL,haas,12,11,Lapped,11.0,0.0,22.0,0.0,37.0,8.0,0.0,13.4,14.1,0.4,12.4,9.555555555555555,9,0.0,20,2023
2023,20,São Paulo Grand Prix,interlagos,2023-11-05,ricciardo,RIC,alphatauri,13,17,Lapped,17.0,37.0,11.0,0.0,35.0,9.0,0.0,12.0,11.9,0.3,10.0,12.272727272727273,11,0.0,20,2023
2023,20,São Paulo Grand Prix,interlagos,2023-11-05,piastri,PIA,mclaren,14,10,Lapped,10.0,0.0,20.0,0.0,159.0,5.0,0.0,7.4,8.7,0.2,2.6,11.0,0,0.0,20,2023
2023,20,São Paulo Grand Prix,interlagos,2023-11-05,russell,RUS,mercedes,15,8,Retired,8.0,275.0,4.0,1.0,515.0,3.0,1.0,7.6,7.7,0.1,3.8,8.666666666666666,3,0.3333333333333333,20,2023
2023,20,São Paulo Grand Prix,interlagos,2023-11-05,bottas,BOT,alfa,16,18,Retired,18.0,49.0,10.0,0.0,55.0,6.0,0.0,14.4,13.2,0.3,11.8,9.555555555555555,9,0.2222222222222222,20,2023
2023,20,São Paulo Grand Prix,interlagos,2023-11-05,zhou,ZHO,alfa,17,20,Retired,20.0,6.0,18.0,0.0,55.0,6.0,0.0,12.2,13.7,0.4,11.8,12.0,1,0.0,20,2023
2023,20,São Paulo Grand Prix,interlagos,2023-11-05,kevin_magnussen,MAG,haas,18,12,Retired,12.0,25.0,13.0,0.0,37.0,8.0,0.0,14.4,15.7,0.7,12.4,13.666666666666666,6,0.0,20,2023
2023,20,São Paulo Grand Prix,interlagos,2023-11-05,albon,ALB,williams,19,13,Retired,13.0,4.0,19.0,0.0,8.0,10.0,0.0,11.6,10.6,0.2,11.6,14.5,2,0.0,20,2023
2023,20,São Paulo Grand Prix,interlagos,2023-11-05,leclerc,LEC,ferrari,20,2,Did not start,2.0,308.0,2.0,3.0,554.0,2.0,4.0,7.2,7.8,0.2,3.2,8.5,4,0.0,20,2023
2023,21,Las Vegas Grand Prix,vegas,2023-11-19,max_verstappen,VER,red_bull,1,2,Finished,2.0,454.0,1.0,15.0,759.0,1.0,17.0,1.0,1.4,0.0,1.0,11.0,0,0.0,21,2023
2023,21,Las Vegas Grand Prix,vegas,2023-11-19,leclerc,LEC,ferrari,2,1,Finished,1.0,308.0,2.0,3.0,554.0,2.0,4.0,10.4,8.9,0.3,4.2,11.0,0,0.0,21,2023
2023,21,Las Vegas Grand Prix,vegas,2023-11-19,perez,PER,red_bull,3,11,Finished,11.0,305.0,3.0,2.0,759.0,1.0,17.0,11.4,7.6,0.2,1.0,11.0,0,0.0,21,2023
2023,21,Las Vegas Grand Prix,vegas,2023-11-19,ocon,OCO,alpine,4,16,Finished,16.0,92.0,8.0,0.0,173.0,4.0,0.0,10.8,12.8,0.5,7.8,11.0,0,0.0,21,2023
2023,21,Las Vegas Grand Prix,vegas,2023-11-19,stroll,STR,aston_martin,5,19,Finished,19.0,18.0,15.0,0.0,55.0,7.0,0.0,11.6,12.4,0.4,8.2,11.0,0,0.0,21,2023
2023,21,Las Vegas Grand Prix,vegas,2023-11-19,sainz,SAI,ferrari,6,12,Finished,12.0,246.0,5.0,1.0,554.0,2.0,4.0,7.8,7.5,0.2,4.2,11.0,0,0.0,21,2023
2023,21,Las Vegas Grand Prix,vegas,2023-11-19,hamilton,HAM,mercedes,7,10,Finished,10.0,240.0,6.0,0.0,515.0,3.0,1.0,10.6,7.6,0.2,4.8,11.0,0,0.0,21,2023
2023,21,Las Vegas Grand Prix,vegas,2023-11-19,russell,RUS,mercedes,8,3,Finished,3.0,275.0,4.0,1.0,515.0,3.0,1.0,7.4,8.7,0.2,4.8,11.0,0,0.0,21,2023
2023,21,Las Vegas Grand Prix,vegas,2023-11-19,alonso,ALO,aston_martin,9,9,Finished,9.0,81.0,9.0,0.0,55.0,7.0,0.0,10.2,9.1,0.2,8.2,11.0,0,0.0,21,2023
2023,21,Las Vegas Grand Prix,vegas,2023-11-19,piastri,PIA,mclaren,10,18,Finished,18.0,0.0,20.0,0.0,159.0,5.0,0.0,8.8,9.7,0.3,2.6,11.0,0,0.0,21,2023
2023,21,Las Vegas Grand Prix,vegas,2023-11-19,gasly,GAS,alpine,11,4,Finished,4.0,23.0,14.0,0.0,173.0,4.0,0.0,9.2,10.1,0.1,7.8,11.0,0,0.0,21,2023
2023,21,Las Vegas Grand Prix,vegas,2023-11-19,albon,ALB,williams,12,5,Finished,5.0,4.0,19.0,0.0,8.0,10.0,0.0,13.2,11.7,0.3,11.6,11.0,0,0.0,21,2023
2023,21,Las Vegas Grand Prix,vegas,2023-11-19,kevin_magnussen,MAG,haas,13,8,Finished,8.0,25.0,13.0,0.0,37.0,8.0,0.0,16.0,15.6,0.7,12.8,11.0,0,0.0,21,2023
2023,21,Las Vegas Grand Prix,vegas,2023-11-19,ricciardo,RIC,alphatauri,14,14,Finished,14.0,37.0,11.0,0.0,35.0,9.0,0.0,12.8,12.7,0.4,10.0,11.0,0,0.0,21,2023
2023,21,Las Vegas Grand Prix,vegas,2023-11-19,zhou,ZHO,alfa,15,17,Finished,17.0,6.0,18.0,0.0,55.0,6.0,0.0,13.2,13.9,0.5,12.6,11.0,0,0.0,21,2023
2023,21,Las Vegas Grand Prix,vegas,2023-11-19,sargeant,SAR,williams,16,6,Finished,6.0,0.0,20.0,0.0,8.0,10.0,0.0,14.4,15.4,0.6,11.6,11.0,0,0.0,21,2023
2023,21,Las Vegas Grand Prix,vegas,2023-11-19,bottas,BOT,alfa,17,7,Finished,7.0,49.0,10.0,0.0,55.0,6.0,0.0,14.2,13.6,0.4,12.6,11.0,0,0.0,21,2023
2023,21,Las Vegas Grand Prix,vegas,2023-11-19,tsunoda,TSU,alphatauri,18,20,Retired,20.0,12.0,17.0,0.0,35.0,9.0,0.0,11.2,13.5,0.5,10.0,11.0,0,0.0,21,2023
2023,21,Las Vegas Grand Prix,vegas,2023-11-19,hulkenberg,HUL,haas,19,13,Retired,13.0,0.0,22.0,0.0,37.0,8.0,0.0,13.2,14.0,0.5,12.8,11.0,0,0.0,21,2023
2023,21,Las Vegas Grand Prix,vegas,2023-11-19,norris,NOR,mclaren,20,15,Retired,15.0,122.0,7.0,0.0,159.0,5.0,0.0,2.8,4.0,0.0,2.6,11.0,0,0.0,21,2023
2023,22,Abu Dhabi Grand Prix,yas_marina,2023-11-26,max_verstappen,VER,red_bull,1,1,Finished,1.0,454.0,1.0,15.0,759.0,1.0,17.0,1.0,1.4,0.0,1.0,4.125,8,0.625,22,2023
2023,22,Abu Dhabi Grand Prix,yas_marina,2023-11-26,leclerc,LEC,ferrari,2,2,Finished,2.0,308.0,2.0,3.0,554.0,2.0,4.0,10.0,8.4,0.3,3.8,7.0,5,0.4,22,2023
2023,22,Abu Dhabi Grand Prix,yas_marina,2023-11-26,russell,RUS,mercedes,3,4,Finished,4.0,275.0,4.0,1.0,515.0,3.0,1.0,7.6,8.9,0.2,5.2,13.75,4,0.0,22,2023
2023,22,Abu Dhabi Grand Prix,yas_marina,2023-11-26,perez,PER,red_bull,4,9,Finished,9.0,305.0,3.0,2.0,759.0,1.0,17.0,8.2,7.6,0.2,1.0,9.583333333333334,12,0.08333333333333333,22,2023
2023,22,Abu Dhabi Grand Prix,yas_marina,2023-11-26,norris,NOR,mclaren,5,5,Finished,5.0,122.0,7.0,0.0,159.0,5.0,0.0,6.4,5.8,0.1,4.2,6.5,4,0.0,22,2023
2023,22,Abu Dhabi Grand Prix,yas_marina,2023-11-26,piastri,PIA,mclaren,6,3,Finished,3.0,0.0,20.0,0.0,159.0,5.0,0.0,10.2,10.2,0.3,4.2,11.0,0,0.0,22,2023
2023,22,Abu Dhabi Grand Prix,yas_marina,2023-11-26,alonso,ALO,aston_martin,7,7,Finished,7.0,81.0,9.0,0.0,55.0,7.0,0.0,10.4,9.1,0.2,7.6,9.090909090909092,11,0.18181818181818182,22,2023
2023,22,Abu Dhabi Grand Prix,yas_marina,2023-11-26,tsunoda,TSU,alphatauri,8,6,Finished,6.0,12.0,17.0,0.0,35.0,9.0,0.0,12.4,13.8,0.5,10.6,7.5,2,0.0,22,2023
2023,22,Abu Dhabi Grand Prix,yas_marina,2023-11-26,hamilton,HAM,mercedes,9,11,Finished,11.0,240.0,6.0,0.0,515.0,3.0,1.0,11.0,7.9,0.2,5.2,4.769230769230769,13,0.7692307692307693,22,2023
2023,22,Abu Dhabi Grand Prix,yas_marina,2023-11-26,stroll,STR,aston_martin,10,13,Finished,13.0,18.0,15.0,0.0,55.0,7.0,0.0,9.0,11.9,0.3,7.6,13.666666666666666,6,0.0,22,2023
2023,22,Abu Dhabi Grand Prix,yas_marina,2023-11-26,ricciardo,RIC,alphatauri,11,15,Finished,15.0,37.0,11.0,0.0,35.0,9.0,0.0,13.0,13.0,0.4,10.6,10.416666666666666,12,0.0,22,2023
2023,22,Abu Dhabi Grand Prix,yas_marina,2023-11-26,ocon,OCO,alpine,12,12,Finished,12.0,92.0,8.0,0.0,173.0,4.0,0.0,9.8,11.3,0.4,6.8,10.5,6,0.0,22,2023
2023,22,Abu Dhabi Grand Prix,yas_marina,2023-11-26,gasly,GAS,alpine,13,10,Finished,10.0,23.0,14.0,0.0,173.0,4.0,0.0,9.4,9.2,0.0,6.8,12.833333333333334,6,0.0,22,2023
2023,22,Abu Dhabi Grand Prix,yas_marina,2023-11-26,albon,ALB,williams,14,14,Finished,14.0,4.0,19.0,0.0,8.0,10.0,0.0,12.4,11.8,0.2,10.8,7.666666666666667,3,0.0,22,2023
2023,22,Abu Dhabi Grand Prix,yas_marina,2023-11-26,hulkenberg,HUL,haas,15,8,Finished,8.0,0.0,22.0,0.0,37.0,8.0,0.0,14.2,14.5,0.5,12.6,12.444444444444445,9,0.0,22,2023
2023,22,Abu Dhabi Grand Prix,yas_marina,2023-11-26,sargeant,SAR,williams,16,20,Finished,20.0,0.0,20.0,0.0,8.0,10.0,0.0,14.2,15.2,0.5,10.8,11.0,0,0.0,22,2023
2023,22,Abu Dhabi Grand Prix,yas_marina,2023-11-26,zhou,ZHO,alfa,17,19,Finished,19.0,6.0,18.0,0.0,55.0,6.0,0.0,13.6,13.8,0.4,13.0,12.0,1,0.0,22,2023
2023,22,Abu Dhabi Grand Prix,yas_marina,2023-11-26,sainz,SAI,ferrari,18,16,Retired,16.0,246.0,5.0,1.0,554.0,2.0,4.0,7.8,7.3,0.2,3.8,9.625,8,0.125,22,2023
2023,22,Abu Dhabi Grand Prix,yas_marina,2023-11-26,bottas,BOT,alfa,19,18,Lapped,18.0,49.0,10.0,0.0,55.0,6.0,0.0,13.6,14.1,0.3,13.0,8.5,10,0.3,22,2023
2023,22,Abu Dhabi Grand Prix,yas_marina,2023-11-26,kevin_magnussen,MAG,haas,20,17,Lapped,17.0,25.0,13.0,0.0,37.0,8.0,0.0,15.6,15.2,0.6,12.6,15.0,7,0.0,22,2023
2024,1,Bahrain Grand Prix,bahrain,2024-03-02,max_verstappen,VER,red_bull,1,1,Finished,1.0,575.0,1.0,19.0,860.0,1.0,21.0,1.0,1.4,0.0,1.0,10.8,10,0.3,1,2024
2024,1,Bahrain Grand Prix,bahrain,2024-03-02,perez,PER,red_bull,2,5,Finished,5.0,285.0,2.0,2.0,860.0,1.0,21.0,7.0,7.8,0.2,1.0,9.307692307692308,13,0.23076923076923078,1,2024
2024,1,Bahrain Grand Prix,bahrain,2024-03-02,sainz,SAI,ferrari,3,4,Finished,4.0,200.0,7.0,1.0,406.0,3.0,1.0,7.4,7.2,0.2,3.2,10.6,10,0.1,1,2024
2024,1,Bahrain Grand Prix,bahrain,2024-03-02,leclerc,LEC,ferrari,4,2,Finished,2.0,206.0,5.0,0.0,406.0,3.0,1.0,9.4,8.3,0.3,3.2,10.142857142857142,7,0.2857142857142857,1,2024
2024,1,Bahrain Grand Prix,bahrain,2024-03-02,russell,RUS,mercedes,5,3,Finished,3.0,175.0,8.0,0.0,409.0,2.0,0.0,7.4,8.6,0.2,5.0,10.166666666666666,6,0.0,1,2024
2024,1,Bahrain Grand Prix,bahrain,2024-03-02,norris,NOR,mclaren,6,7,Finished,7.0,205.0,6.0,0.0,302.0,4.0,0.0,6.8,5.6,0.1,4.8,9.333333333333334,6,0.0,1,2024
2024,1,Bahrain Grand Prix,bahrain,2024-03-02,hamilton,HAM,mercedes,7,9,Finished,9.0,234.0,3.0,0.0,409.0,2.0,0.0,9.0,8.4,0.2,5.0,2.8461538461538463,13,0.7692307692307693,1,2024
2024,1,Bahrain Grand Prix,bahrain,2024-03-02,piastri,PIA,mclaren,8,8,Finished,8.0,97.0,9.0,0.0,302.0,4.0,0.0,11.0,8.8,0.2,4.8,20.0,1,0.0,1,2024
2024,1,Bahrain Grand Prix,bahrain,2024-03-02,alonso,ALO,aston_martin,9,6,Finished,6.0,206.0,4.0,0.0,280.0,5.0,0.0,10.6,9.3,0.2,7.8,8.8,10,0.2,1,2024
2024,1,Bahrain Grand Prix,bahrain,2024-03-02,stroll,STR,aston_martin,10,12,Finished,12.0,74.0,10.0,0.0,280.0,5.0,0.0,8.8,12.0,0.3,7.8,11.875,8,0.125,1,2024
2024,1,Bahrain Grand Prix,bahrain,2024-03-02,zhou,ZHO,sauber,11,17,Lapped,17.0,6.0,18.0,0.0,0.0,10.0,0.0,15.2,14.2,0.4,8.6,13.0,2,0.0,1,2024
2024,1,Bahrain Grand Prix,bahrain,2024-03-02,kevin_magnussen,MAG,haas,12,15,Lapped,15.0,3.0,19.0,0.0,12.0,10.0,0.0,16.8,15.7,0.7,12.8,12.88888888888889,9,0.0,1,2024
2024,1,Bahrain Grand Prix,bahrain,2024-03-02,ricciardo,RIC,rb,13,14,Lapped,14.0,6.0,17.0,0.0,0.0,10.0,0.0,12.0,12.5,0.4,6.0,10.083333333333334,12,0.0,1,2024
2024,1,Bahrain Grand Prix,bahrain,2024-03-02,tsunoda,TSU,rb,14,11,Lapped,11.0,17.0,14.0,0.0,0.0,10.0,0.0,11.0,13.6,0.5,6.0,9.333333333333334,3,0.0,1,2024
2024,1,Bahrain Grand Prix,bahrain,2024-03-02,albon,ALB,williams,15,13,Lapped,13.0,27.0,13.0,0.0,28.0,7.0,0.0,12.6,11.8,0.2,11.0,8.2,5,0.2,1,2024
2024,1,Bahrain Grand Prix,bahrain,2024-03-02,hulkenberg,HUL,haas,16,10,Lapped,10.0,9.0,16.0,0.0,12.0,10.0,0.0,14.0,14.2,0.5,12.8,12.272727272727273,11,0.0,1,2024
2024,1,Bahrain Grand Prix,bahrain,2024-03-02,ocon,OCO,alpine,17,19,Lapped,19.0,58.0,12.0,0.0,120.0,6.0,0.0,10.8,11.7,0.4,7.8,9.857142857142858,7,0.14285714285714285,1,2024
2024,1,Bahrain Grand Prix,bahrain,2024-03-02,gasly,GAS,alpine,18,20,Lapped,20.0,62.0,11.0,0.0,120.0,6.0,0.0,9.6,9.4,0.0,7.8,10.714285714285714,7,0.0,1,2024
2024,1,Bahrain Grand Prix,bahrain,2024-03-02,bottas,BOT,sauber,19,16,Lapped,16.0,10.0,15.0,0.0,0.0,10.0,0.0,15.8,14.8,0.4,8.6,6.25,12,0.3333333333333333,1,2024
2024,1,Bahrain Grand Prix,bahrain,2024-03-02,sargeant,SAR,williams,20,18,Lapped,18.0,1.0,21.0,0.0,28.0,7.0,0.0,13.8,15.1,0.5,11.0,12.0,1,0.0,1,2024
2024,2,Saudi Arabian Grand Prix,jeddah,2024-03-09,max_verstappen,VER,red_bull,1,1,Finished,1.0,575.0,1.0,19.0,860.0,1.0,21.0,1.0,1.4,0.0,1.0,1.6666666666666667,3,1.0,2,2024
2024,2,Saudi Arabian Grand Prix,jeddah,2024-03-09,perez,PER,red_bull,2,3,Finished,3.0,285.0,2.0,2.0,860.0,1.0,21.0,6.6,7.6,0.2,1.0,7.333333333333333,3,0.3333333333333333,2,2024
2024,2,Saudi Arabian Grand Prix,jeddah,2024-03-09,leclerc,LEC,ferrari,3,2,Finished,2.0,206.0,5.0,0.0,406.0,3.0,1.0,6.2,6.8,0.2,3.2,5.333333333333333,3,0.3333333333333333,2,2024
2024,2,Saudi Arabian Grand Prix,jeddah,2024-03-09,piastri,PIA,mclaren,4,5,Finished,5.0,97.0,9.0,0.0,302.0,4.0,0.0,9.2,8.7,0.2,5.6,15.0,1,0.0,2,2024
2024,2,Saudi Arabian Grand Prix,jeddah,2024-03-09,alonso,ALO,aston_martin,5,4,Finished,4.0,206.0,4.0,0.0,280.0,5.0,0.0,9.2,10.0,0.2,8.2,10.666666666666666,3,0.3333333333333333,2,2024
2024,2,Saudi Arabian Grand Prix,jeddah,2024-03-09,russell,RUS,mercedes,6,7,Finished,7.0,175.0,8.0,0.0,409.0,2.0,0.0,7.4,7.4,0.2,5.0,9.333333333333334,3,0.0,2,2024
2024,2,Saudi Arabian Grand Prix,jeddah,2024-03-09,bearman,BEA,ferrari,7,11,Finished,11.0,0.0,20.0,0.0,406.0,3.0,1.0,11.0,11.0,0.1,3.2,11.0,0,0.0,2,2024
2024,2,Saudi Arabian Grand Prix,jeddah,2024-03-09,norris,NOR,mclaren,8,6,Finished,6.0,205.0,6.0,0.0,302.0,4.0,0.0,7.6,5.5,0.1,5.6,11.333333333333334,3,0.0,2,2024
2024,2,Saudi Arabian Grand Prix,jeddah,2024-03-09,hamilton,HAM,mercedes,9,8,Finished,8.0,234.0,3.0,0.0,409.0,2.0,0.0,6.6,8.5,0.2,5.0,5.333333333333333,3,0.3333333333333333,2,2024
2024,2,Saudi Arabian Grand Prix,jeddah,2024-03-09,hulkenberg,HUL,haas,10,15,Finished,15.0,9.0,16.0,0.0,12.0,10.0,0.0,15.0,14.6,0.6,13.0,12.0,2,0.0,2,2024
2024,2,Saudi Arabian Grand Prix,jeddah,2024-03-09,albon,ALB,williams,11,12,Finished,12.0,27.0,13.0,0.0,28.0,7.0,0.0,13.8,12.5,0.3,12.2,16.5,2,0.0,2,2024
2024,2,Saudi Arabian Grand Prix,jeddah,2024-03-09,kevin_magnussen,MAG,haas,12,13,Finished,13.0,3.0,19.0,0.0,12.0,10.0,0.0,16.4,15.3,0.8,13.0,9.5,2,0.0,2,2024
2024,2,Saudi Arabian Grand Prix,jeddah,2024-03-09,ocon,OCO,alpine,13,17,Lapped,17.0,58.0,12.0,0.0,120.0,6.0,0.0,10.6,12.4,0.5,10.0,6.0,3,0.0,2,2024
2024,2,Saudi Arabian Grand Prix,jeddah,2024-03-09,sargeant,SAR,williams,14,19,Lapped,19.0,1.0,21.0,0.0,28.0,7.0,0.0,15.8,15.1,0.5,12.2,16.0,1,0.0,2,2024
2024,2,Saudi Arabian Grand Prix,jeddah,2024-03-09,tsunoda,TSU,rb,15,9,Lapped,9.0,17.0,14.0,0.0,0.0,10.0,0.0,12.2,13.5,0.6,13.0,14.666666666666666,3,0.0,2,2024
2024,2,Saudi Arabian Grand Prix,jeddah,2024-03-09,ricciardo,RIC,rb,16,14,Lapped,14.0,6.0,17.0,0.0,0.0,10.0,0.0,11.6,13.1,0.5,13.0,11.0,2,0.0,2,2024
2024,2,Saudi Arabian Grand Prix,jeddah,2024-03-09,bottas,BOT,sauber,17,16,Lapped,16.0,10.0,15.0,0.0,0.0,10.0,0.0,17.2,15.3,0.5,8.4,12.0,3,0.3333333333333333,2,2024
2024,2,Saudi Arabian Grand Prix,jeddah,2024-03-09,zhou,ZHO,sauber,18,20,Lapped,20.0,6.0,18.0,0.0,0.0,10.0,0.0,14.8,13.5,0.4,8.4,12.0,2,0.0,2,2024
2024,2,Saudi Arabian Grand Prix,jeddah,2024-03-09,stroll,STR,aston_martin,19,10,Retired,10.0,74.0,10.0,0.0,280.0,5.0,0.0,9.4,11.9,0.3,8.2,14.666666666666666,3,0.0,2,2024
2024,2,Saudi Arabian Grand Prix,jeddah,2024-03-09,gasly,GAS,alpine,20,18,Retired,18.0,62.0,11.0,0.0,120.0,6.0,0.0,12.0,10.9,0.1,10.0,7.666666666666667,3,0.0,2,2024
2024,3,Australian Grand Prix,albert_park,2024-03-24,sainz,SAI,ferrari,1,2,Finished,2.0,200.0,7.0,1.0,406.0,3.0,1.0,7.4,7.0,0.2,3.2,12.571428571428571,7,0.0,3,2024
2024,3,Australian Grand Prix,albert_park,2024-03-24,leclerc,LEC,ferrari,2,4,Finished,5.0,206.0,5.0,0.0,406.0,3.0,1.0,6.2,6.7,0.2,3.2,9.75,4,0.25,3,2024
2024,3,Australian Grand Prix,albert_park,2024-03-24,norris,NOR,mclaren,3,3,Finished,4.0,205.0,6.0,0.0,302.0,4.0,0.0,8.2,5.5,0.1,5.4,7.666666666666667,3,0.0,3,2024
2024,3,Australian Grand Prix,albert_park,2024-03-24,piastri,PIA,mclaren,4,5,Finished,6.0,97.0,9.0,0.0,302.0,4.0,0.0,8.4,7.9,0.2,5.4,8.0,1,0.0,3,2024
2024,3,Australian Grand Prix,albert_park,2024-03-24,perez,PER,red_bull,5,6,Finished,3.0,285.0,2.0,2.0,860.0,1.0,21.0,3.0,7.6,0.2,1.0,10.181818181818182,11,0.09090909090909091,3,2024
2024,3,Australian Grand Prix,albert_park,2024-03-24,stroll,STR,aston_martin,6,9,Finished,9.0,74.0,10.0,0.0,280.0,5.0,0.0,9.8,12.2,0.4,5.8,11.0,5,0.0,3,2024
2024,3,Australian Grand Prix,albert_park,2024-03-24,tsunoda,TSU,rb,7,8,Finished,8.0,17.0,14.0,0.0,0.0,10.0,0.0,12.8,13.0,0.6,14.0,12.5,2,0.0,3,2024
2024,3,Australian Grand Prix,albert_park,2024-03-24,alonso,ALO,aston_martin,8,10,Finished,10.0,206.0,4.0,0.0,280.0,5.0,0.0,6.6,9.6,0.2,5.8,7.9,10,0.2,3,2024
2024,3,Australian Grand Prix,albert_park,2024-03-24,hulkenberg,HUL,haas,9,16,Finished,16.0,9.0,16.0,0.0,12.0,10.0,0.0,14.4,13.9,0.5,12.4,11.8,10,0.0,3,2024
2024,3,Australian Grand Prix,albert_park,2024-03-24,kevin_magnussen,MAG,haas,10,14,Lapped,14.0,3.0,19.0,0.0,12.0,10.0,0.0,15.0,14.7,0.7,12.4,12.5,8,0.125,3,2024
2024,3,Australian Grand Prix,albert_park,2024-03-24,albon,ALB,williams,11,12,Lapped,12.0,27.0,13.0,0.0,28.0,7.0,0.0,14.2,12.9,0.3,12.6,14.333333333333334,3,0.0,3,2024
2024,3,Australian Grand Prix,albert_park,2024-03-24,ricciardo,RIC,rb,12,18,Lapped,18.0,6.0,17.0,0.0,0.0,10.0,0.0,13.4,12.7,0.5,14.0,11.777777777777779,9,0.0,3,2024
2024,3,Australian Grand Prix,albert_park,2024-03-24,gasly,GAS,alpine,13,17,Lapped,17.0,62.0,11.0,0.0,120.0,6.0,0.0,13.8,11.4,0.2,10.6,12.75,4,0.0,3,2024
2024,3,Australian Grand Prix,albert_park,2024-03-24,bottas,BOT,sauber,14,13,Lapped,13.0,10.0,15.0,0.0,0.0,10.0,0.0,17.6,16.0,0.6,9.8,8.444444444444445,9,0.2222222222222222,3,2024
2024,3,Australian Grand Prix,albert_park,2024-03-24,zhou,ZHO,sauber,15,19,Lapped,19.0,6.0,18.0,0.0,0.0,10.0,0.0,15.6,13.9,0.5,9.8,10.0,2,0.0,3,2024
2024,3,Australian Grand Prix,albert_park,2024-03-24,ocon,OCO,alpine,16,15,Lapped,15.0,58.0,12.0,0.0,120.0,6.0,0.0,11.2,11.8,0.5,10.6,10.75,4,0.0,3,2024
2024,3,Australian Grand Prix,albert_park,2024-03-24,russell,RUS,mercedes,17,7,Retired,7.0,175.0,8.0,0.0,409.0,2.0,0.0,7.4,7.5,0.2,5.8,12.333333333333334,3,0.3333333333333333,3,2024
2024,3,Australian Grand Prix,albert_park,2024-03-24,hamilton,HAM,mercedes,18,11,Retired,11.0,234.0,3.0,0.0,409.0,2.0,0.0,8.0,8.8,0.2,5.8,4.166666666666667,12,0.6666666666666666,3,2024
2024,3,Australian Grand Prix,albert_park,2024-03-24,max_verstappen,VER,red_bull,19,1,Retired,1.0,575.0,1.0,19.0,860.0,1.0,21.0,1.0,1.4,0.0,1.0,8.0,7,0.2857142857142857,3,2024
2024,4,Japanese Grand Prix,suzuka,2024-04-07,max_verstappen,VER,red_bull,1,1,Finished,1.0,575.0,1.0,19.0,860.0,1.0,21.0,4.6,2.8,0.1,1.8,5.142857142857143,7,0.7142857142857143,4,2024
2024,4,Japanese Grand Prix,suzuka,2024-04-07,perez,PER,red_bull,2,2,Finished,2.0,285.0,2.0,2.0,860.0,1.0,21.0,3.2,7.3,0.2,1.8,10.636363636363637,11,0.09090909090909091,4,2024
2024,4,Japanese Grand Prix,suzuka,2024-04-07,sainz,SAI,ferrari,3,4,Finished,4.0,200.0,7.0,1.0,406.0,3.0,1.0,6.8,6.8,0.2,2.2,12.428571428571429,7,0.0,4,2024
2024,4,Japanese Grand Prix,suzuka,2024-04-07,leclerc,LEC,ferrari,4,8,Finished,8.0,206.0,5.0,0.0,406.0,3.0,1.0,2.6,6.5,0.2,2.2,7.75,4,0.25,4,2024
2024,4,Japanese Grand Prix,suzuka,2024-04-07,norris,NOR,mclaren,5,3,Finished,3.0,205.0,6.0,0.0,302.0,4.0,0.0,8.4,5.6,0.1,5.6,7.666666666666667,3,0.3333333333333333,4,2024
2024,4,Japanese Grand Prix,suzuka,2024-04-07,alonso,ALO,aston_martin,6,5,Finished,5.0,206.0,4.0,0.0,280.0,5.0,0.0,7.6,8.9,0.2,6.4,11.0,11,0.18181818181818182,4,2024
2024,4,Japanese Grand Prix,suzuka,2024-04-07,russell,RUS,mercedes,7,9,Finished,9.0,175.0,8.0,0.0,409.0,2.0,0.0,7.8,7.6,0.2,7.6,10.333333333333334,3,0.0,4,2024
2024,4,Japanese Grand Prix,suzuka,2024-04-07,piastri,PIA,mclaren,8,6,Finished,6.0,97.0,9.0,0.0,302.0,4.0,0.0,6.4,7.6,0.2,5.6,3.0,1,1.0,4,2024
2024,4,Japanese Grand Prix,suzuka,2024-04-07,hamilton,HAM,mercedes,9,7,Finished,7.0,234.0,3.0,0.0,409.0,2.0,0.0,10.0,10.3,0.3,7.6,4.583333333333333,12,0.5,4,2024
2024,4,Japanese Grand Prix,suzuka,2024-04-07,tsunoda,TSU,rb,10,10,Lapped,10.0,17.0,14.0,0.0,0.0,10.0,0.0,12.4,11.8,0.5,11.666666666666666,12.5,2,0.0,4,2024
2024,4,Japanese Grand Prix,suzuka,2024-04-07,hulkenberg,HUL,haas,11,12,Lapped,12.0,9.0,16.0,0.0,12.0,10.0,0.0,13.8,13.5,0.5,11.8,12.5,10,0.0,4,2024
2024,4,Japanese Grand Prix,suzuka,2024-04-07,stroll,STR,aston_martin,12,16,Lapped,16.0,74.0,10.0,0.0,280.0,5.0,0.0,10.0,10.8,0.3,6.4,14.4,5,0.0,4,2024
2024,4,Japanese Grand Prix,suzuka,2024-04-07,kevin_magnussen,MAG,haas,13,18,Lapped,18.0,3.0,19.0,0.0,12.0,10.0,0.0,13.4,14.7,0.8,11.8,14.285714285714286,7,0.0,4,2024
2024,4,Japanese Grand Prix,suzuka,2024-04-07,bottas,BOT,sauber,14,13,Lapped,13.0,10.0,15.0,0.0,0.0,10.0,0.0,17.2,15.7,0.6,11.2,8.88888888888889,9,0.2222222222222222,4,2024
2024,4,Japanese Grand Prix,suzuka,2024-04-07,ocon,OCO,alpine,15,15,Lapped,15.0,58.0,12.0,0.0,120.0,6.0,0.0,12.4,11.6,0.5,11.8,9.8,5,0.0,4,2024
2024,4,Japanese Grand Prix,suzuka,2024-04-07,gasly,GAS,alpine,16,17,Lapped,17.0,62.0,11.0,0.0,120.0,6.0,0.0,15.0,12.1,0.3,11.8,11.8,5,0.0,4,2024
2024,4,Japanese Grand Prix,suzuka,2024-04-07,sargeant,SAR,williams,17,19,Lapped,19.0,1.0,21.0,0.0,28.0,7.0,0.0,15.4,15.2,0.6,12.6,17.0,1,0.0,4,2024
2024,4,Japanese Grand Prix,suzuka,2024-04-07,zhou,ZHO,sauber,18,20,Retired,20.0,6.0,18.0,0.0,0.0,10.0,0.0,15.2,14.2,0.6,11.2,14.5,2,0.0,4,2024
2024,4,Japanese Grand Prix,suzuka,2024-04-07,ricciardo,RIC,rb,19,11,Retired,11.0,6.0,17.0,0.0,0.0,10.0,0.0,13.2,13.0,0.6,11.666666666666666,10.7,10,0.1,4,2024
2024,4,Japanese Grand Prix,suzuka,2024-04-07,albon,ALB,williams,20,14,Retired,14.0,27.0,13.0,0.0,28.0,7.0,0.0,12.6,12.9,0.4,12.6,13.333333333333334,3,0.0,4,2024
2024,5,Chinese Grand Prix,shanghai,2024-04-21,max_verstappen,VER,red_bull,1,1,Finished,1.0,575.0,1.0,19.0,860.0,1.0,21.0,4.6,2.8,0.1,1.8,7.4,5,0.2,5,2024
2024,5,Chinese Grand Prix,shanghai,2024-04-21,norris,NOR,mclaren,2,4,Finished,4.0,205.0,6.0,0.0,302.0,4.0,0.0,5.4,5.9,0.1,4.6,18.0,1,0.0,5,2024
2024,5,Chinese Grand Prix,shanghai,2024-04-21,perez,PER,red_bull,3,2,Finished,2.0,285.0,2.0,2.0,860.0,1.0,21.0,3.0,5.6,0.1,1.8,11.0,9,0.0,5,2024
2024,5,Chinese Grand Prix,shanghai,2024-04-21,leclerc,LEC,ferrari,4,6,Finished,6.0,206.0,5.0,0.0,406.0,3.0,1.0,3.0,6.5,0.2,2.4,12.0,2,0.0,5,2024
2024,5,Chinese Grand Prix,shanghai,2024-04-21,sainz,SAI,ferrari,5,7,Finished,7.0,200.0,7.0,1.0,406.0,3.0,1.0,6.2,7.0,0.2,2.4,10.4,5,0.0,5,2024
2024,5,Chinese Grand Prix,shanghai,2024-04-21,russell,RUS,mercedes,6,8,Finished,8.0,175.0,8.0,0.0,409.0,2.0,0.0,7.6,7.6,0.2,7.6,16.0,1,0.0,5,2024
2024,5,Chinese Grand Prix,shanghai,2024-04-21,alonso,ALO,aston_martin,7,3,Finished,3.0,206.0,4.0,0.0,280.0,5.0,0.0,7.0,8.7,0.2,6.6,7.888888888888889,9,0.2222222222222222,5,2024
2024,5,Chinese Grand Prix,shanghai,2024-04-21,piastri,PIA,mclaren,8,5,Finished,5.0,97.0,9.0,0.0,302.0,4.0,0.0,6.0,8.1,0.2,4.6,11.0,0,0.0,5,2024
2024,5,Chinese Grand Prix,shanghai,2024-04-21,hamilton,HAM,mercedes,9,18,Finished,18.0,234.0,3.0,0.0,409.0,2.0,0.0,10.4,10.7,0.3,7.6,2.4,10,0.8,5,2024
2024,5,Chinese Grand Prix,shanghai,2024-04-21,hulkenberg,HUL,haas,10,9,Finished,9.0,9.0,16.0,0.0,12.0,10.0,0.0,12.2,13.2,0.5,11.4,13.222222222222221,9,0.0,5,2024
2024,5,Chinese Grand Prix,shanghai,2024-04-21,ocon,OCO,alpine,11,13,Finished,13.0,58.0,12.0,0.0,120.0,6.0,0.0,14.6,12.2,0.6,14.0,10.5,2,0.0,5,2024
2024,5,Chinese Grand Prix,shanghai,2024-04-21,albon,ALB,williams,12,14,Finished,14.0,27.0,13.0,0.0,28.0,7.0,0.0,14.2,13.3,0.4,13.6,10.0,1,0.0,5,2024
2024,5,Chinese Grand Prix,shanghai,2024-04-21,gasly,GAS,alpine,13,15,Finished,15.0,62.0,11.0,0.0,120.0,6.0,0.0,16.0,12.7,0.4,14.0,12.0,2,0.0,5,2024
2024,5,Chinese Grand Prix,shanghai,2024-04-21,zhou,ZHO,sauber,14,16,Finished,16.0,6.0,18.0,0.0,0.0,10.0,0.0,15.8,14.7,0.6,12.6,11.0,0,0.0,5,2024
2024,5,Chinese Grand Prix,shanghai,2024-04-21,stroll,STR,aston_martin,15,11,Finished,11.0,74.0,10.0,0.0,280.0,5.0,0.0,11.4,10.2,0.3,6.6,15.333333333333334,3,0.0,5,2024
2024,5,Chinese Grand Prix,shanghai,2024-04-21,kevin_magnussen,MAG,haas,16,17,Finished,17.0,3.0,19.0,0.0,12.0,10.0,0.0,13.4,14.5,0.8,11.4,12.2,5,0.0,5,2024
2024,5,Chinese Grand Prix,shanghai,2024-04-21,sargeant,SAR,williams,17,20,Finished,20.0,1.0,21.0,0.0,28.0,7.0,0.0,16.6,15.5,0.7,13.6,11.0,0,0.0,5,2024
2024,5,Chinese Grand Prix,shanghai,2024-04-21,ricciardo,RIC,rb,18,12,Retired,12.0,6.0,17.0,0.0,0.0,10.0,0.0,14.2,13.6,0.6,11.25,6.625,8,0.125,5,2024
2024,5,Chinese Grand Prix,shanghai,2024-04-21,tsunoda,TSU,rb,19,19,Retired,19.0,17.0,14.0,0.0,0.0,10.0,0.0,10.8,11.6,0.5,11.25,11.0,0,0.0,5,2024
2024,5,Chinese Grand Prix,shanghai,2024-04-21,bottas,BOT,sauber,20,10,Retired,10.0,10.0,15.0,0.0,0.0,10.0,0.0,16.6,15.1,0.6,12.6,6.571428571428571,7,0.2857142857142857,5,2024
2024,6,Miami Grand Prix,miami,2024-05-05,norris,NOR,mclaren,1,5,Finished,5.0,205.0,6.0,0.0,302.0,4.0,0.0,4.8,5.8,0.1,4.0,18.0,2,0.0,6,2024
2024,6,Miami Grand Prix,miami,2024-05-05,max_verstappen,VER,red_bull,2,1,Finished,1.0,575.0,1.0,19.0,860.0,1.0,21.0,4.6,2.8,0.1,1.8,1.0,2,1.0,6,2024
2024,6,Miami Grand Prix,miami,2024-05-05,leclerc,LEC,ferrari,3,2,Finished,2.0,206.0,5.0,0.0,406.0,3.0,1.0,3.4,6.4,0.2,2.8,4.5,2,0.5,6,2024
2024,6,Miami Grand Prix,miami,2024-05-05,perez,PER,red_bull,4,4,Finished,4.0,285.0,2.0,2.0,860.0,1.0,21.0,2.8,4.9,0.1,1.8,3.0,2,0.5,6,2024
2024,6,Miami Grand Prix,miami,2024-05-05,sainz,SAI,ferrari,5,3,Finished,3.0,200.0,7.0,1.0,406.0,3.0,1.0,6.0,6.9,0.2,2.8,4.0,2,0.5,6,2024
2024,6,Miami Grand Prix,miami,2024-05-05,hamilton,HAM,mercedes,6,8,Finished,8.0,234.0,3.0,0.0,409.0,2.0,0.0,10.4,9.7,0.2,8.2,6.0,2,0.0,6,2024
2024,6,Miami Grand Prix,miami,2024-05-05,tsunoda,TSU,rb,7,10,Finished,10.0,17.0,14.0,0.0,0.0,10.0,0.0,13.0,12.0,0.5,12.6,11.5,2,0.0,6,2024
2024,6,Miami Grand Prix,miami,2024-05-05,russell,RUS,mercedes,8,7,Finished,7.0,175.0,8.0,0.0,409.0,2.0,0.0,8.2,7.8,0.2,8.2,4.5,2,0.0,6,2024
2024,6,Miami Grand Prix,miami,2024-05-05,alonso,ALO,aston_martin,9,15,Finished,15.0,206.0,4.0,0.0,280.0,5.0,0.0,7.0,8.8,0.2,6.6,7.0,2,0.5,6,2024
2024,6,Miami Grand Prix,miami,2024-05-05,ocon,OCO,alpine,10,13,Finished,13.0,58.0,12.0,0.0,120.0,6.0,0.0,14.4,12.6,0.6,13.8,8.5,2,0.0,6,2024
2024,6,Miami Grand Prix,miami,2024-05-05,hulkenberg,HUL,haas,11,9,Finished,9.0,9.0,16.0,0.0,12.0,10.0,0.0,11.2,12.6,0.4,10.4,15.0,1,0.0,6,2024
2024,6,Miami Grand Prix,miami,2024-05-05,gasly,GAS,alpine,12,12,Finished,12.0,62.0,11.0,0.0,120.0,6.0,0.0,16.0,12.8,0.4,13.8,13.0,2,0.0,6,2024
2024,6,Miami Grand Prix,miami,2024-05-05,piastri,PIA,mclaren,13,6,Finished,6.0,97.0,9.0,0.0,302.0,4.0,0.0,6.4,8.7,0.2,4.0,19.0,1,0.0,6,2024
2024,6,Miami Grand Prix,miami,2024-05-05,zhou,ZHO,sauber,14,19,Finished,19.0,6.0,18.0,0.0,0.0,10.0,0.0,15.2,15.2,0.6,14.0,18.0,2,0.0,6,2024
2024,6,Miami Grand Prix,miami,2024-05-05,ricciardo,RIC,rb,15,20,Finished,20.0,6.0,17.0,0.0,0.0,10.0,0.0,15.6,13.8,0.7,12.6,13.0,1,0.0,6,2024
2024,6,Miami Grand Prix,miami,2024-05-05,bottas,BOT,sauber,16,16,Finished,16.0,10.0,15.0,0.0,0.0,10.0,0.0,16.8,16.3,0.7,14.0,10.0,2,0.0,6,2024
2024,6,Miami Grand Prix,miami,2024-05-05,stroll,STR,aston_martin,17,11,Finished,11.0,74.0,10.0,0.0,280.0,5.0,0.0,12.4,10.6,0.3,6.6,11.0,2,0.0,6,2024
2024,6,Miami Grand Prix,miami,2024-05-05,albon,ALB,williams,18,14,Finished,14.0,27.0,13.0,0.0,28.0,7.0,0.0,13.8,13.2,0.4,13.2,11.5,2,0.0,6,2024
2024,6,Miami Grand Prix,miami,2024-05-05,kevin_magnussen,MAG,haas,19,18,Finished,18.0,3.0,19.0,0.0,12.0,10.0,0.0,12.6,14.7,0.7,10.4,13.0,2,0.0,6,2024
2024,6,Miami Grand Prix,miami,2024-05-05,sargeant,SAR,williams,20,17,Retired,17.0,1.0,21.0,0.0,28.0,7.0,0.0,16.8,15.5,0.6,13.2,20.0,1,0.0,6,2024
2024,7,Emilia Romagna Grand Prix,imola,2024-05-19,max_verstappen,VER,red_bull,1,1,Finished,1.0,575.0,1.0,19.0,860.0,1.0,21.0,4.8,2.9,0.1,2.0,6.333333333333333,3,0.6666666666666666,7,2024
2024,7,Emilia Romagna Grand Prix,imola,2024-05-19,norris,NOR,mclaren,2,2,Finished,2.0,205.0,6.0,0.0,302.0,4.0,0.0,3.8,5.7,0.1,3.0,4.666666666666667,3,0.6666666666666666,7,2024
2024,7,Emilia Romagna Grand Prix,imola,2024-05-19,leclerc,LEC,ferrari,3,3,Finished,3.0,206.0,5.0,0.0,406.0,3.0,1.0,3.2,4.7,0.1,2.8,5.0,3,0.0,7,2024
2024,7,Emilia Romagna Grand Prix,imola,2024-05-19,piastri,PIA,mclaren,4,5,Finished,5.0,97.0,9.0,0.0,302.0,4.0,0.0,7.4,8.3,0.1,3.0,11.0,0,0.0,7,2024
2024,7,Emilia Romagna Grand Prix,imola,2024-05-19,sainz,SAI,ferrari,5,4,Finished,4.0,200.0,7.0,1.0,406.0,3.0,1.0,3.4,5.4,0.1,2.8,10.666666666666666,3,0.0,7,2024
2024,7,Emilia Romagna Grand Prix,imola,2024-05-19,hamilton,HAM,mercedes,6,8,Finished,8.0,234.0,3.0,0.0,409.0,2.0,0.0,10.2,8.4,0.1,8.4,5.333333333333333,3,0.6666666666666666,7,2024
2024,7,Emilia Romagna Grand Prix,imola,2024-05-19,russell,RUS,mercedes,7,6,Finished,6.0,175.0,8.0,0.0,409.0,2.0,0.0,8.8,8.1,0.2,8.4,13.0,3,0.0,7,2024
2024,7,Emilia Romagna Grand Prix,imola,2024-05-19,perez,PER,red_bull,8,11,Finished,11.0,285.0,2.0,2.0,860.0,1.0,21.0,3.2,4.9,0.1,2.0,6.333333333333333,3,0.3333333333333333,7,2024
2024,7,Emilia Romagna Grand Prix,imola,2024-05-19,stroll,STR,aston_martin,9,13,Finished,13.0,74.0,10.0,0.0,280.0,5.0,0.0,13.8,11.6,0.3,6.6,10.333333333333334,3,0.0,7,2024
2024,7,Emilia Romagna Grand Prix,imola,2024-05-19,tsunoda,TSU,rb,10,7,Lapped,7.0,17.0,14.0,0.0,0.0,10.0,0.0,11.6,11.9,0.5,11.4,9.5,2,0.0,7,2024
2024,7,Emilia Romagna Grand Prix,imola,2024-05-19,hulkenberg,HUL,haas,11,10,Lapped,10.0,9.0,16.0,0.0,12.0,10.0,0.0,10.2,12.6,0.4,10.2,11.0,0,0.0,7,2024
2024,7,Emilia Romagna Grand Prix,imola,2024-05-19,kevin_magnussen,MAG,haas,12,18,Lapped,18.0,3.0,19.0,0.0,12.0,10.0,0.0,14.0,15.2,0.6,10.2,13.5,2,0.0,7,2024
2024,7,Emilia Romagna Grand Prix,imola,2024-05-19,ricciardo,RIC,rb,13,9,Lapped,9.0,6.0,17.0,0.0,0.0,10.0,0.0,16.0,13.8,0.6,11.4,9.0,3,0.3333333333333333,7,2024
2024,7,Emilia Romagna Grand Prix,imola,2024-05-19,ocon,OCO,alpine,14,12,Lapped,12.0,58.0,12.0,0.0,120.0,6.0,0.0,13.0,11.8,0.5,12.4,14.0,3,0.0,7,2024
2024,7,Emilia Romagna Grand Prix,imola,2024-05-19,zhou,ZHO,sauber,15,17,Lapped,17.0,6.0,18.0,0.0,0.0,10.0,0.0,15.8,15.3,0.5,14.6,15.0,1,0.0,7,2024
2024,7,Emilia Romagna Grand Prix,imola,2024-05-19,gasly,GAS,alpine,16,15,Lapped,15.0,62.0,11.0,0.0,120.0,6.0,0.0,14.8,13.4,0.4,12.4,13.0,3,0.0,7,2024
2024,7,Emilia Romagna Grand Prix,imola,2024-05-19,sargeant,SAR,williams,17,19,Lapped,19.0,1.0,21.0,0.0,28.0,7.0,0.0,17.6,15.7,0.6,13.8,11.0,0,0.0,7,2024
2024,7,Emilia Romagna Grand Prix,imola,2024-05-19,bottas,BOT,sauber,18,16,Lapped,16.0,10.0,15.0,0.0,0.0,10.0,0.0,16.2,16.7,0.7,14.6,8.333333333333334,3,0.3333333333333333,7,2024
2024,7,Emilia Romagna Grand Prix,imola,2024-05-19,alonso,ALO,aston_martin,19,20,Lapped,20.0,206.0,4.0,0.0,280.0,5.0,0.0,7.0,8.1,0.1,6.6,14.5,2,0.0,7,2024
2024,7,Emilia Romagna Grand Prix,imola,2024-05-19,albon,ALB,williams,20,14,Retired,14.0,27.0,13.0,0.0,28.0,7.0,0.0,14.4,14.1,0.4,13.8,13.0,2,0.0,7,2024
2024,8,Monaco Grand Prix,monaco,2024-05-26,leclerc,LEC,ferrari,1,1,Finished,1.0,206.0,5.0,0.0,406.0,3.0,1.0,3.2,4.7,0.1,2.8,13.6,5,0.0,8,2024
2024,8,Monaco Grand Prix,monaco,2024-05-26,piastri,PIA,mclaren,2,2,Finished,2.0,97.0,9.0,0.0,302.0,4.0,0.0,7.4,7.9,0.1,2.6,10.0,1,0.0,8,2024
2024,8,Monaco Grand Prix,monaco,2024-05-26,sainz,SAI,ferrari,3,3,Finished,3.0,200.0,7.0,1.0,406.0,3.0,1.0,3.8,5.6,0.1,2.8,6.5,8,0.25,8,2024
2024,8,Monaco Grand Prix,monaco,2024-05-26,norris,NOR,mclaren,4,4,Finished,4.0,205.0,6.0,0.0,302.0,4.0,0.0,2.6,5.4,0.1,2.6,7.25,4,0.25,8,2024
2024,8,Monaco Grand Prix,monaco,2024-05-26,russell,RUS,mercedes,5,5,Finished,5.0,175.0,8.0,0.0,409.0,2.0,0.0,9.0,8.2,0.2,8.4,9.75,4,0.0,8,2024
2024,8,Monaco Grand Prix,monaco,2024-05-26,max_verstappen,VER,red_bull,6,6,Finished,6.0,575.0,1.0,19.0,860.0,1.0,21.0,4.8,2.9,0.1,2.0,7.375,8,0.375,8,2024
2024,8,Monaco Grand Prix,monaco,2024-05-26,hamilton,HAM,mercedes,7,7,Finished,7.0,234.0,3.0,0.0,409.0,2.0,0.0,9.6,8.8,0.1,8.4,4.3076923076923075,13,0.38461538461538464,8,2024
2024,8,Monaco Grand Prix,monaco,2024-05-26,tsunoda,TSU,rb,8,8,Lapped,8.0,17.0,14.0,0.0,0.0,10.0,0.0,10.6,11.7,0.6,10.4,16.0,3,0.0,8,2024
2024,8,Monaco Grand Prix,monaco,2024-05-26,albon,ALB,williams,9,9,Lapped,9.0,27.0,13.0,0.0,28.0,7.0,0.0,16.2,15.2,0.5,15.0,13.333333333333334,3,0.0,8,2024
2024,8,Monaco Grand Prix,monaco,2024-05-26,gasly,GAS,alpine,10,10,Lapped,10.0,62.0,11.0,0.0,120.0,6.0,0.0,14.0,13.9,0.5,12.6,7.2,5,0.0,8,2024
2024,8,Monaco Grand Prix,monaco,2024-05-26,alonso,ALO,aston_martin,11,14,Lapped,14.0,206.0,4.0,0.0,280.0,5.0,0.0,9.8,8.2,0.1,7.4,8.0,11,0.2727272727272727,8,2024
2024,8,Monaco Grand Prix,monaco,2024-05-26,ricciardo,RIC,rb,12,12,Lapped,12.0,6.0,17.0,0.0,0.0,10.0,0.0,15.4,14.4,0.7,10.4,8.3,10,0.4,8,2024
2024,8,Monaco Grand Prix,monaco,2024-05-26,bottas,BOT,sauber,13,17,Lapped,17.0,10.0,15.0,0.0,0.0,10.0,0.0,16.4,17.0,0.8,14.2,10.5,10,0.1,8,2024
2024,8,Monaco Grand Prix,monaco,2024-05-26,stroll,STR,aston_martin,14,13,Lapped,13.0,74.0,10.0,0.0,280.0,5.0,0.0,11.8,10.8,0.2,7.4,15.0,6,0.0,8,2024
2024,8,Monaco Grand Prix,monaco,2024-05-26,sargeant,SAR,williams,15,15,Lapped,15.0,1.0,21.0,0.0,28.0,7.0,0.0,17.0,16.4,0.7,15.0,18.0,1,0.0,8,2024
2024,8,Monaco Grand Prix,monaco,2024-05-26,zhou,ZHO,sauber,16,18,Lapped,18.0,6.0,18.0,0.0,0.0,10.0,0.0,15.2,15.4,0.6,14.2,14.5,2,0.0,8,2024
2024,8,Monaco Grand Prix,monaco,2024-05-26,ocon,OCO,alpine,17,11,Retired,11.0,58.0,12.0,0.0,120.0,6.0,0.0,13.2,12.2,0.6,12.6,8.4,5,0.2,8,2024
2024,8,Monaco Grand Prix,monaco,2024-05-26,perez,PER,red_bull,18,16,Retired,16.0,285.0,2.0,2.0,860.0,1.0,21.0,4.4,3.7,0.0,2.0,11.666666666666666,12,0.16666666666666666,8,2024
2024,8,Monaco Grand Prix,monaco,2024-05-26,hulkenberg,HUL,haas,19,19,Retired,19.0,9.0,16.0,0.0,12.0,10.0,0.0,10.4,12.4,0.5,10.4,12.3,10,0.0,8,2024
2024,8,Monaco Grand Prix,monaco,2024-05-26,kevin_magnussen,MAG,haas,20,20,Retired,20.0,3.0,19.0,0.0,12.0,10.0,0.0,14.0,14.5,0.6,10.4,15.0,7,0.0,8,2024
2024,9,Canadian Grand Prix,villeneuve,2024-06-09,max_verstappen,VER,red_bull,1,2,Finished,2.0,575.0,1.0,19.0,860.0,1.0,21.0,2.2,3.4,0.1,2.2,6.714285714285714,7,0.42857142857142855,9,2024
2024,9,Canadian Grand Prix,villeneuve,2024-06-09,norris,NOR,mclaren,2,3,Finished,3.0,205.0,6.0,0.0,302.0,4.0,0.0,2.8,5.6,0.1,2.4,16.0,3,0.0,9,2024
2024,9,Canadian Grand Prix,villeneuve,2024-06-09,russell,RUS,mercedes,3,1,Finished,1.0,175.0,8.0,0.0,409.0,2.0,0.0,6.6,7.2,0.1,6.0,13.0,3,0.0,9,2024
2024,9,Canadian Grand Prix,villeneuve,2024-06-09,hamilton,HAM,mercedes,4,7,Finished,7.0,234.0,3.0,0.0,409.0,2.0,0.0,7.4,8.7,0.1,6.0,5.083333333333333,12,0.75,9,2024
2024,9,Canadian Grand Prix,villeneuve,2024-06-09,piastri,PIA,mclaren,5,4,Finished,4.0,97.0,9.0,0.0,302.0,4.0,0.0,7.0,6.7,0.0,2.4,11.0,1,0.0,9,2024
2024,9,Canadian Grand Prix,villeneuve,2024-06-09,alonso,ALO,aston_martin,6,6,Finished,6.0,206.0,4.0,0.0,280.0,5.0,0.0,10.4,9.0,0.2,8.4,10.363636363636363,11,0.2727272727272727,9,2024
2024,9,Canadian Grand Prix,villeneuve,2024-06-09,stroll,STR,aston_martin,7,9,Finished,9.0,74.0,10.0,0.0,280.0,5.0,0.0,13.4,11.7,0.3,8.4,11.4,5,0.0,9,2024
2024,9,Canadian Grand Prix,villeneuve,2024-06-09,ricciardo,RIC,rb,8,5,Finished,5.0,6.0,17.0,0.0,0.0,10.0,0.0,15.4,14.3,0.7,10.6,8.222222222222221,9,0.2222222222222222,9,2024
2024,9,Canadian Grand Prix,villeneuve,2024-06-09,gasly,GAS,alpine,9,15,Finished,15.0,62.0,11.0,0.0,120.0,6.0,0.0,13.4,14.2,0.6,12.0,11.25,4,0.0,9,2024
2024,9,Canadian Grand Prix,villeneuve,2024-06-09,ocon,OCO,alpine,10,18,Finished,18.0,58.0,12.0,0.0,120.0,6.0,0.0,13.4,12.9,0.6,12.0,7.25,4,0.0,9,2024
2024,9,Canadian Grand Prix,villeneuve,2024-06-09,hulkenberg,HUL,haas,11,17,Finished,17.0,9.0,16.0,0.0,12.0,10.0,0.0,12.4,13.1,0.5,12.4,10.4,10,0.0,9,2024
2024,9,Canadian Grand Prix,villeneuve,2024-06-09,kevin_magnussen,MAG,haas,12,14,Finished,14.0,3.0,19.0,0.0,12.0,10.0,0.0,16.0,14.7,0.6,12.4,14.428571428571429,7,0.0,9,2024
2024,9,Canadian Grand Prix,villeneuve,2024-06-09,bottas,BOT,sauber,13,19,Finished,19.0,10.0,15.0,0.0,0.0,10.0,0.0,16.2,16.7,0.8,14.0,5.777777777777778,9,0.4444444444444444,9,2024
2024,9,Canadian Grand Prix,villeneuve,2024-06-09,tsunoda,TSU,rb,14,8,Finished,8.0,17.0,14.0,0.0,0.0,10.0,0.0,10.8,11.6,0.7,10.6,16.0,2,0.0,9,2024
2024,9,Canadian Grand Prix,villeneuve,2024-06-09,zhou,ZHO,sauber,15,20,Lapped,20.0,6.0,18.0,0.0,0.0,10.0,0.0,15.4,15.3,0.6,14.0,12.0,2,0.0,9,2024
2024,9,Canadian Grand Prix,villeneuve,2024-06-09,sainz,SAI,ferrari,16,12,Retired,12.0,200.0,7.0,1.0,406.0,3.0,1.0,4.2,5.5,0.1,2.8,9.571428571428571,7,0.14285714285714285,9,2024
2024,9,Canadian Grand Prix,villeneuve,2024-06-09,albon,ALB,williams,17,10,Retired,10.0,27.0,13.0,0.0,28.0,7.0,0.0,15.8,14.2,0.5,14.6,13.0,3,0.0,9,2024
2024,9,Canadian Grand Prix,villeneuve,2024-06-09,perez,PER,red_bull,18,16,Retired,16.0,285.0,2.0,2.0,860.0,1.0,21.0,7.0,5.1,0.1,2.2,10.3,10,0.1,9,2024
2024,9,Canadian Grand Prix,villeneuve,2024-06-09,leclerc,LEC,ferrari,19,11,Retired,11.0,206.0,5.0,0.0,406.0,3.0,1.0,3.0,2.8,0.0,2.8,5.5,4,0.25,9,2024
2024,9,Canadian Grand Prix,villeneuve,2024-06-09,sargeant,SAR,williams,20,13,Retired,13.0,1.0,21.0,0.0,28.0,7.0,0.0,17.2,16.3,0.7,14.6,20.0,1,0.0,9,2024
2024,10,Spanish Grand Prix,catalunya,2024-06-23,max_verstappen,VER,red_bull,1,2,Finished,2.0,575.0,1.0,19.0,860.0,1.0,21.0,2.2,3.4,0.1,2.2,4.777777777777778,9,0.7777777777777778,10,2024
2024,10,Spanish Grand Prix,catalunya,2024-06-23,norris,NOR,mclaren,2,1,Finished,1.0,205.0,6.0,0.0,302.0,4.0,0.0,2.2,3.8,0.0,1.8,12.6,5,0.0,10,2024
2024,10,Spanish Grand Prix,catalunya,2024-06-23,hamilton,HAM,mercedes,3,3,Finished,3.0,234.0,3.0,0.0,409.0,2.0,0.0,6.4,8.4,0.1,5.2,5.142857142857143,14,0.6428571428571429,10,2024
2024,10,Spanish Grand Prix,catalunya,2024-06-23,russell,RUS,mercedes,4,4,Finished,4.0,175.0,8.0,0.0,409.0,2.0,0.0,5.8,6.7,0.1,5.2,10.8,5,0.4,10,2024
2024,10,Spanish Grand Prix,catalunya,2024-06-23,leclerc,LEC,ferrari,5,5,Finished,5.0,206.0,5.0,0.0,406.0,3.0,1.0,6.0,4.5,0.1,5.4,11.666666666666666,6,0.0,10,2024
2024,10,Spanish Grand Prix,catalunya,2024-06-23,sainz,SAI,ferrari,6,6,Finished,6.0,200.0,7.0,1.0,406.0,3.0,1.0,6.8,6.5,0.2,5.4,6.555555555555555,9,0.0,10,2024
2024,10,Spanish Grand Prix,catalunya,2024-06-23,piastri,PIA,mclaren,7,9,Finished,9.0,97.0,9.0,0.0,302.0,4.0,0.0,6.4,6.2,0.0,1.8,13.0,1,0.0,10,2024
2024,10,Spanish Grand Prix,catalunya,2024-06-23,perez,PER,red_bull,8,11,Finished,11.0,285.0,2.0,2.0,860.0,1.0,21.0,10.2,6.6,0.2,2.2,8.538461538461538,13,0.07692307692307693,10,2024
2024,10,Spanish Grand Prix,catalunya,2024-06-23,gasly,GAS,alpine,9,7,Finished,7.0,62.0,11.0,0.0,120.0,6.0,0.0,12.0,14.0,0.6,10.8,11.166666666666666,6,0.0,10,2024
2024,10,Spanish Grand Prix,catalunya,2024-06-23,ocon,OCO,alpine,10,8,Finished,8.0,58.0,12.0,0.0,120.0,6.0,0.0,12.4,13.5,0.6,10.8,9.666666666666666,6,0.0,10,2024
2024,10,Spanish Grand Prix,catalunya,2024-06-23,hulkenberg,HUL,haas,11,13,Finished,13.0,9.0,16.0,0.0,12.0,10.0,0.0,12.4,12.3,0.4,12.4,14.0,10,0.0,10,2024
2024,10,Spanish Grand Prix,catalunya,2024-06-23,alonso,ALO,aston_martin,12,10,Lapped,10.0,206.0,4.0,0.0,280.0,5.0,0.0,10.4,8.7,0.2,8.4,9.0,12,0.25,10,2024
2024,10,Spanish Grand Prix,catalunya,2024-06-23,zhou,ZHO,sauber,13,15,Lapped,15.0,6.0,18.0,0.0,0.0,10.0,0.0,14.8,15.3,0.7,13.8,14.0,2,0.0,10,2024
2024,10,Spanish Grand Prix,catalunya,2024-06-23,stroll,STR,aston_martin,14,14,Lapped,14.0,74.0,10.0,0.0,280.0,5.0,0.0,12.4,11.9,0.3,8.4,11.714285714285714,7,0.0,10,2024
2024,10,Spanish Grand Prix,catalunya,2024-06-23,ricciardo,RIC,rb,15,18,Lapped,18.0,6.0,17.0,0.0,0.0,10.0,0.0,13.2,13.7,0.7,10.2,7.818181818181818,11,0.18181818181818182,10,2024
2024,10,Spanish Grand Prix,catalunya,2024-06-23,bottas,BOT,sauber,16,12,Lapped,12.0,10.0,15.0,0.0,0.0,10.0,0.0,16.0,16.3,0.8,13.8,7.454545454545454,11,0.36363636363636365,10,2024
2024,10,Spanish Grand Prix,catalunya,2024-06-23,kevin_magnussen,MAG,haas,17,16,Lapped,16.0,3.0,19.0,0.0,12.0,10.0,0.0,15.8,14.6,0.6,12.4,12.875,8,0.0,10,2024
2024,10,Spanish Grand Prix,catalunya,2024-06-23,albon,ALB,williams,18,20,Lapped,20.0,27.0,13.0,0.0,28.0,7.0,0.0,15.2,14.7,0.6,14.6,13.25,4,0.0,10,2024
2024,10,Spanish Grand Prix,catalunya,2024-06-23,tsunoda,TSU,rb,19,17,Lapped,17.0,17.0,14.0,0.0,0.0,10.0,0.0,11.6,11.2,0.6,10.2,14.0,3,0.0,10,2024
2024,10,Spanish Grand Prix,catalunya,2024-06-23,sargeant,SAR,williams,20,19,Lapped,19.0,1.0,21.0,0.0,28.0,7.0,0.0,17.8,17.2,0.7,14.6,20.0,1,0.0,10,2024
2024,11,Austrian Grand Prix,red_bull_ring,2024-06-30,russell,RUS,mercedes,1,3,Finished,3.0,175.0,8.0,0.0,409.0,2.0,0.0,5.4,6.8,0.1,4.6,12.857142857142858,7,0.0,11,2024
2024,11,Austrian Grand Prix,red_bull_ring,2024-06-30,piastri,PIA,mclaren,2,7,Finished,7.0,97.0,9.0,0.0,302.0,4.0,0.0,6.2,6.3,0.0,1.8,16.0,1,0.0,11,2024
2024,11,Austrian Grand Prix,red_bull_ring,2024-06-30,sainz,SAI,ferrari,3,4,Finished,4.0,200.0,7.0,1.0,406.0,3.0,1.0,7.0,6.5,0.2,5.6,10.0,11,0.0,11,2024
2024,11,Austrian Grand Prix,red_bull_ring,2024-06-30,hamilton,HAM,mercedes,4,5,Finished,5.0,234.0,3.0,0.0,409.0,2.0,0.0,5.2,7.8,0.1,4.6,4.333333333333333,12,0.5,11,2024
2024,11,Austrian Grand Prix,red_bull_ring,2024-06-30,max_verstappen,VER,red_bull,5,1,Finished,1.0,575.0,1.0,19.0,860.0,1.0,21.0,2.2,3.4,0.1,2.2,5.454545454545454,11,0.7272727272727273,11,2024
2024,11,Austrian Grand Prix,red_bull_ring,2024-06-30,hulkenberg,HUL,haas,6,9,Finished,9.0,9.0,16.0,0.0,12.0,10.0,0.0,12.6,11.9,0.4,12.6,14.285714285714286,7,0.0,11,2024
2024,11,Austrian Grand Prix,red_bull_ring,2024-06-30,perez,PER,red_bull,7,8,Finished,8.0,285.0,2.0,2.0,860.0,1.0,21.0,11.2,7.0,0.2,2.2,8.5,12,0.08333333333333333,11,2024
2024,11,Austrian Grand Prix,red_bull_ring,2024-06-30,kevin_magnussen,MAG,haas,8,12,Finished,12.0,3.0,19.0,0.0,12.0,10.0,0.0,16.0,14.3,0.6,12.6,13.11111111111111,9,0.0,11,2024
2024,11,Austrian Grand Prix,red_bull_ring,2024-06-30,ricciardo,RIC,rb,9,11,Finished,11.0,6.0,17.0,0.0,0.0,10.0,0.0,12.6,14.1,0.8,9.6,10.181818181818182,11,0.09090909090909091,11,2024
2024,11,Austrian Grand Prix,red_bull_ring,2024-06-30,gasly,GAS,alpine,10,13,Finished,13.0,62.0,11.0,0.0,120.0,6.0,0.0,11.2,13.6,0.6,10.4,11.75,8,0.0,11,2024
2024,11,Austrian Grand Prix,red_bull_ring,2024-06-30,leclerc,LEC,ferrari,11,6,Finished,6.0,206.0,5.0,0.0,406.0,3.0,1.0,6.2,4.8,0.1,5.6,6.25,8,0.5,11,2024
2024,11,Austrian Grand Prix,red_bull_ring,2024-06-30,ocon,OCO,alpine,12,10,Finished,10.0,58.0,12.0,0.0,120.0,6.0,0.0,12.2,13.3,0.6,10.4,11.625,8,0.0,11,2024
2024,11,Austrian Grand Prix,red_bull_ring,2024-06-30,stroll,STR,aston_martin,13,17,Lapped,17.0,74.0,10.0,0.0,280.0,5.0,0.0,12.2,12.3,0.4,9.4,11.777777777777779,9,0.0,11,2024
2024,11,Austrian Grand Prix,red_bull_ring,2024-06-30,tsunoda,TSU,rb,14,14,Lapped,14.0,17.0,14.0,0.0,0.0,10.0,0.0,11.6,12.3,0.7,9.6,14.25,4,0.0,11,2024
2024,11,Austrian Grand Prix,red_bull_ring,2024-06-30,albon,ALB,williams,15,16,Lapped,16.0,27.0,13.0,0.0,28.0,7.0,0.0,16.4,15.1,0.7,15.8,11.0,5,0.0,11,2024
2024,11,Austrian Grand Prix,red_bull_ring,2024-06-30,bottas,BOT,sauber,16,18,Lapped,18.0,10.0,15.0,0.0,0.0,10.0,0.0,15.2,16.0,0.8,13.6,6.166666666666667,12,0.5833333333333334,11,2024
2024,11,Austrian Grand Prix,red_bull_ring,2024-06-30,zhou,ZHO,sauber,17,20,Lapped,20.0,6.0,18.0,0.0,0.0,10.0,0.0,14.6,14.9,0.8,13.6,13.0,2,0.0,11,2024
2024,11,Austrian Grand Prix,red_bull_ring,2024-06-30,alonso,ALO,aston_martin,18,15,Lapped,15.0,206.0,4.0,0.0,280.0,5.0,0.0,11.4,9.2,0.3,9.4,11.555555555555555,9,0.0,11,2024
2024,11,Austrian Grand Prix,red_bull_ring,2024-06-30,sargeant,SAR,williams,19,19,Lapped,19.0,1.0,21.0,0.0,28.0,7.0,0.0,18.4,17.6,0.8,15.8,13.0,1,0.0,11,2024
2024,11,Austrian Grand Prix,red_bull_ring,2024-06-30,norris,NOR,mclaren,20,2,Lapped,2.0,205.0,6.0,0.0,302.0,4.0,0.0,2.2,3.5,0.0,1.8,4.714285714285714,7,0.2857142857142857,11,2024
2024,12,British Grand Prix,silverstone,2024-07-07,hamilton,HAM,mercedes,1,2,Finished,2.0,234.0,3.0,0.0,409.0,2.0,0.0,4.8,7.5,0.1,3.6,2.3333333333333335,15,0.8,12,2024
2024,12,British Grand Prix,silverstone,2024-07-07,max_verstappen,VER,red_bull,2,4,Finished,4.0,575.0,1.0,19.0,860.0,1.0,21.0,2.8,3.8,0.1,2.8,7.3,10,0.4,12,2024
2024,12,British Grand Prix,silverstone,2024-07-07,norris,NOR,mclaren,3,3,Finished,3.0,205.0,6.0,0.0,302.0,4.0,0.0,6.0,4.9,0.1,2.0,6.166666666666667,6,0.16666666666666666,12,2024
2024,12,British Grand Prix,silverstone,2024-07-07,piastri,PIA,mclaren,4,5,Finished,5.0,97.0,9.0,0.0,302.0,4.0,0.0,4.0,5.7,0.0,2.0,4.0,1,0.0,12,2024
2024,12,British Grand Prix,silverstone,2024-07-07,sainz,SAI,ferrari,5,7,Finished,7.0,200.0,7.0,1.0,406.0,3.0,1.0,6.6,5.0,0.1,5.6,10.7,10,0.1,12,2024
2024,12,British Grand Prix,silverstone,2024-07-07,hulkenberg,HUL,haas,6,6,Finished,6.0,9.0,16.0,0.0,12.0,10.0,0.0,11.6,10.9,0.3,11.6,9.666666666666666,12,0.0,12,2024
2024,12,British Grand Prix,silverstone,2024-07-07,stroll,STR,aston_martin,7,8,Finished,8.0,74.0,10.0,0.0,280.0,5.0,0.0,11.4,12.6,0.5,10.2,11.125,8,0.0,12,2024
2024,12,British Grand Prix,silverstone,2024-07-07,alonso,ALO,aston_martin,8,10,Finished,10.0,206.0,4.0,0.0,280.0,5.0,0.0,13.2,10.1,0.4,10.2,7.833333333333333,12,0.25,12,2024
2024,12,British Grand Prix,silverstone,2024-07-07,albon,ALB,williams,9,9,Finished,9.0,27.0,13.0,0.0,28.0,7.0,0.0,15.8,15.1,0.7,15.2,10.6,5,0.0,12,2024
2024,12,British Grand Prix,silverstone,2024-07-07,tsunoda,TSU,rb,10,13,Finished,13.0,17.0,14.0,0.0,0.0,10.0,0.0,13.0,12.3,0.7,10.0,13.333333333333334,3,0.0,12,2024
2024,12,British Grand Prix,silverstone,2024-07-07,sargeant,SAR,williams,11,12,Finished,12.0,1.0,21.0,0.0,28.0,7.0,0.0,18.2,17.9,0.9,15.2,11.0,1,0.0,12,2024
2024,12,British Grand Prix,silverstone,2024-07-07,kevin_magnussen,MAG,haas,12,17,Finished,17.0,3.0,19.0,0.0,12.0,10.0,0.0,13.8,13.9,0.5,11.6,14.777777777777779,9,0.0,12,2024
2024,12,British Grand Prix,silverstone,2024-07-07,ricciardo,RIC,rb,13,15,Lapped,15.0,6.0,17.0,0.0,0.0,10.0,0.0,11.4,13.7,0.7,10.0,8.846153846153847,13,0.07692307692307693,12,2024
2024,12,British Grand Prix,silverstone,2024-07-07,leclerc,LEC,ferrari,14,11,Lapped,11.0,206.0,5.0,0.0,406.0,3.0,1.0,7.8,5.5,0.1,5.6,6.285714285714286,7,0.42857142857142855,12,2024
2024,12,British Grand Prix,silverstone,2024-07-07,bottas,BOT,sauber,15,16,Lapped,16.0,10.0,15.0,0.0,0.0,10.0,0.0,15.2,15.7,0.8,14.0,7.25,12,0.4166666666666667,12,2024
2024,12,British Grand Prix,silverstone,2024-07-07,ocon,OCO,alpine,16,18,Lapped,18.0,58.0,12.0,0.0,120.0,6.0,0.0,12.6,12.8,0.5,10.4,10.428571428571429,7,0.0,12,2024
2024,12,British Grand Prix,silverstone,2024-07-07,perez,PER,red_bull,17,20,Lapped,20.0,285.0,2.0,2.0,860.0,1.0,21.0,11.8,7.5,0.2,2.8,11.25,12,0.08333333333333333,12,2024
2024,12,British Grand Prix,silverstone,2024-07-07,zhou,ZHO,sauber,18,14,Lapped,14.0,6.0,18.0,0.0,0.0,10.0,0.0,15.2,15.5,0.8,14.0,17.0,2,0.0,12,2024
2024,12,British Grand Prix,silverstone,2024-07-07,russell,RUS,mercedes,19,1,Retired,1.0,175.0,8.0,0.0,409.0,2.0,0.0,4.0,6.4,0.1,3.6,13.166666666666666,6,0.0,12,2024
2024,12,British Grand Prix,silverstone,2024-07-07,gasly,GAS,alpine,20,19,Did not start,19.0,62.0,11.0,0.0,120.0,6.0,0.0,10.8,12.8,0.5,10.4,11.428571428571429,7,0.0,12,2024
2024,13,Hungarian Grand Prix,hungaroring,2024-07-21,piastri,PIA,mclaren,1,2,Finished,2.0,97.0,9.0,0.0,302.0,4.0,0.0,4.0,5.7,0.0,2.2,5.0,1,0.0,13,2024
2024,13,Hungarian Grand Prix,hungaroring,2024-07-21,norris,NOR,mclaren,2,1,Finished,1.0,205.0,6.0,0.0,302.0,4.0,0.0,6.2,4.4,0.1,2.2,9.2,5,0.2,13,2024
2024,13,Hungarian Grand Prix,hungaroring,2024-07-21,hamilton,HAM,mercedes,3,5,Finished,5.0,234.0,3.0,0.0,409.0,2.0,0.0,3.8,6.7,0.1,2.6,3.642857142857143,14,0.6428571428571429,13,2024
2024,13,Hungarian Grand Prix,hungaroring,2024-07-21,leclerc,LEC,ferrari,4,6,Finished,6.0,206.0,5.0,0.0,406.0,3.0,1.0,10.0,6.6,0.2,6.0,11.0,6,0.0,13,2024
2024,13,Hungarian Grand Prix,hungaroring,2024-07-21,max_verstappen,VER,red_bull,5,3,Finished,3.0,575.0,1.0,19.0,860.0,1.0,21.0,3.0,3.9,0.1,3.0,5.333333333333333,9,0.4444444444444444,13,2024
2024,13,Hungarian Grand Prix,hungaroring,2024-07-21,sainz,SAI,ferrari,6,4,Finished,4.0,200.0,7.0,1.0,406.0,3.0,1.0,6.6,5.2,0.1,6.0,7.777777777777778,9,0.1111111111111111,13,2024
2024,13,Hungarian Grand Prix,hungaroring,2024-07-21,perez,PER,red_bull,7,16,Finished,16.0,285.0,2.0,2.0,860.0,1.0,21.0,13.6,9.0,0.3,3.0,11.692307692307692,13,0.07692307692307693,13,2024
2024,13,Hungarian Grand Prix,hungaroring,2024-07-21,russell,RUS,mercedes,8,17,Finished,17.0,175.0,8.0,0.0,409.0,2.0,0.0,6.4,7.7,0.2,2.6,10.2,5,0.2,13,2024
2024,13,Hungarian Grand Prix,hungaroring,2024-07-21,tsunoda,TSU,rb,9,10,Finished,10.0,17.0,14.0,0.0,0.0,10.0,0.0,13.0,11.8,0.6,10.0,13.333333333333334,3,0.0,13,2024
2024,13,Hungarian Grand Prix,hungaroring,2024-07-21,stroll,STR,aston_martin,10,8,Finished,8.0,74.0,10.0,0.0,280.0,5.0,0.0,11.0,11.4,0.4,9.8,13.142857142857142,7,0.0,13,2024
2024,13,Hungarian Grand Prix,hungaroring,2024-07-21,alonso,ALO,aston_martin,11,7,Finished,7.0,206.0,4.0,0.0,280.0,5.0,0.0,11.0,10.4,0.4,9.8,5.333333333333333,12,0.25,13,2024
2024,13,Hungarian Grand Prix,hungaroring,2024-07-21,ricciardo,RIC,rb,12,9,Lapped,9.0,6.0,17.0,0.0,0.0,10.0,0.0,11.4,13.4,0.7,10.0,10.615384615384615,13,0.23076923076923078,13,2024
2024,13,Hungarian Grand Prix,hungaroring,2024-07-21,hulkenberg,HUL,haas,13,11,Lapped,11.0,9.0,16.0,0.0,12.0,10.0,0.0,10.6,10.5,0.3,10.6,13.3,10,0.0,13,2024
2024,13,Hungarian Grand Prix,hungaroring,2024-07-21,albon,ALB,williams,14,13,Lapped,13.0,27.0,13.0,0.0,28.0,7.0,0.0,13.6,14.9,0.7,13.6,10.75,4,0.0,13,2024
2024,13,Hungarian Grand Prix,hungaroring,2024-07-21,kevin_magnussen,MAG,haas,15,15,Lapped,15.0,3.0,19.0,0.0,12.0,10.0,0.0,13.8,13.9,0.5,10.6,12.875,8,0.0,13,2024
2024,13,Hungarian Grand Prix,hungaroring,2024-07-21,bottas,BOT,sauber,16,12,Lapped,12.0,10.0,15.0,0.0,0.0,10.0,0.0,14.6,15.5,0.8,14.0,10.636363636363637,11,0.18181818181818182,13,2024
2024,13,Hungarian Grand Prix,hungaroring,2024-07-21,sargeant,SAR,williams,17,14,Lapped,14.0,1.0,21.0,0.0,28.0,7.0,0.0,17.0,17.0,0.8,13.6,18.0,1,0.0,13,2024
2024,13,Hungarian Grand Prix,hungaroring,2024-07-21,ocon,OCO,alpine,18,19,Lapped,19.0,58.0,12.0,0.0,120.0,6.0,0.0,13.0,13.1,0.5,10.8,10.833333333333334,6,0.16666666666666666,13,2024
2024,13,Hungarian Grand Prix,hungaroring,2024-07-21,zhou,ZHO,sauber,19,18,Lapped,18.0,6.0,18.0,0.0,0.0,10.0,0.0,15.8,15.5,0.8,14.0,14.5,2,0.0,13,2024
2024,13,Hungarian Grand Prix,hungaroring,2024-07-21,gasly,GAS,alpine,20,20,Retired,20.0,62.0,11.0,0.0,120.0,6.0,0.0,11.6,12.8,0.5,10.8,11.5,6,0.0,13,2024
2024,14,Belgian Grand Prix,spa,2024-07-28,hamilton,HAM,mercedes,1,3,Finished,3.0,234.0,3.0,0.0,409.0,2.0,0.0,3.0,5.2,0.0,2.2,7.5,14,0.6428571428571429,14,2024
2024,14,Belgian Grand Prix,spa,2024-07-28,piastri,PIA,mclaren,2,5,Finished,5.0,97.0,9.0,0.0,302.0,4.0,0.0,3.8,5.4,0.0,2.0,20.0,1,0.0,14,2024
2024,14,Belgian Grand Prix,spa,2024-07-28,leclerc,LEC,ferrari,3,1,Finished,1.0,206.0,5.0,0.0,406.0,3.0,1.0,10.6,6.8,0.2,6.6,8.333333333333334,6,0.3333333333333333,14,2024
2024,14,Belgian Grand Prix,spa,2024-07-28,max_verstappen,VER,red_bull,4,11,Finished,11.0,575.0,1.0,19.0,860.0,1.0,21.0,2.8,2.5,0.0,2.8,7.444444444444445,9,0.5555555555555556,14,2024
2024,14,Belgian Grand Prix,spa,2024-07-28,norris,NOR,mclaren,5,4,Finished,4.0,205.0,6.0,0.0,302.0,4.0,0.0,5.8,4.3,0.1,2.0,10.2,5,0.0,14,2024
2024,14,Belgian Grand Prix,spa,2024-07-28,sainz,SAI,ferrari,6,7,Finished,7.0,200.0,7.0,1.0,406.0,3.0,1.0,7.2,5.7,0.1,6.6,14.333333333333334,9,0.1111111111111111,14,2024
2024,14,Belgian Grand Prix,spa,2024-07-28,perez,PER,red_bull,7,2,Finished,2.0,285.0,2.0,2.0,860.0,1.0,21.0,11.4,9.2,0.3,2.8,10.076923076923077,13,0.15384615384615385,14,2024
2024,14,Belgian Grand Prix,spa,2024-07-28,alonso,ALO,aston_martin,8,8,Finished,8.0,206.0,4.0,0.0,280.0,5.0,0.0,11.0,10.7,0.4,9.6,11.166666666666666,12,0.08333333333333333,14,2024
2024,14,Belgian Grand Prix,spa,2024-07-28,ocon,OCO,alpine,9,9,Finished,9.0,58.0,12.0,0.0,120.0,6.0,0.0,13.2,13.3,0.5,12.4,8.285714285714286,7,0.0,14,2024
2024,14,Belgian Grand Prix,spa,2024-07-28,ricciardo,RIC,rb,10,13,Finished,13.0,6.0,17.0,0.0,0.0,10.0,0.0,11.4,13.4,0.7,10.2,10.23076923076923,13,0.23076923076923078,14,2024
2024,14,Belgian Grand Prix,spa,2024-07-28,stroll,STR,aston_martin,11,15,Finished,15.0,74.0,10.0,0.0,280.0,5.0,0.0,10.2,11.8,0.4,9.6,11.857142857142858,7,0.0,14,2024
2024,14,Belgian Grand Prix,spa,2024-07-28,albon,ALB,williams,12,10,Finished,10.0,27.0,13.0,0.0,28.0,7.0,0.0,14.6,15.2,0.7,14.6,8.75,4,0.0,14,2024
2024,14,Belgian Grand Prix,spa,2024-07-28,gasly,GAS,alpine,13,12,Finished,12.0,62.0,11.0,0.0,120.0,6.0,0.0,13.6,13.5,0.5,12.4,8.666666666666666,6,0.0,14,2024
2024,14,Belgian Grand Prix,spa,2024-07-28,kevin_magnussen,MAG,haas,14,17,Finished,17.0,3.0,19.0,0.0,12.0,10.0,0.0,12.8,14.4,0.5,9.4,14.125,8,0.0,14,2024
2024,14,Belgian Grand Prix,spa,2024-07-28,bottas,BOT,sauber,15,14,Finished,14.0,10.0,15.0,0.0,0.0,10.0,0.0,15.2,15.7,0.8,14.6,8.363636363636363,11,0.2727272727272727,14,2024
2024,14,Belgian Grand Prix,spa,2024-07-28,tsunoda,TSU,rb,16,20,Finished,20.0,17.0,14.0,0.0,0.0,10.0,0.0,13.2,12.0,0.6,10.2,12.666666666666666,3,0.0,14,2024
2024,14,Belgian Grand Prix,spa,2024-07-28,sargeant,SAR,williams,17,18,Finished,18.0,1.0,21.0,0.0,28.0,7.0,0.0,17.4,17.3,0.8,14.6,17.0,1,0.0,14,2024
2024,14,Belgian Grand Prix,spa,2024-07-28,hulkenberg,HUL,haas,18,16,Finished,16.0,9.0,16.0,0.0,12.0,10.0,0.0,9.4,10.9,0.4,9.4,11.7,10,0.0,14,2024
2024,14,Belgian Grand Prix,spa,2024-07-28,zhou,ZHO,sauber,19,19,Retired,19.0,6.0,18.0,0.0,0.0,10.0,0.0,16.4,15.9,0.8,14.6,13.5,2,0.0,14,2024
2024,14,Belgian Grand Prix,spa,2024-07-28,russell,RUS,mercedes,20,6,Disqualified,6.0,175.0,8.0,0.0,409.0,2.0,0.0,7.0,6.8,0.1,2.2,9.2,5,0.2,14,2024
2024,15,Dutch Grand Prix,zandvoort,2024-08-25,norris,NOR,mclaren,1,1,Finished,1.0,205.0,6.0,0.0,302.0,4.0,0.0,6.4,4.3,0.1,2.0,8.0,3,0.0,15,2024
2024,15,Dutch Grand Prix,zandvoort,2024-08-25,max_verstappen,VER,red_bull,2,2,Finished,2.0,575.0,1.0,19.0,860.0,1.0,21.0,3.4,2.8,0.0,3.4,1.0,3,1.0,15,2024
2024,15,Dutch Grand Prix,zandvoort,2024-08-25,leclerc,LEC,ferrari,3,6,Finished,6.0,206.0,5.0,0.0,406.0,3.0,1.0,7.4,6.7,0.2,4.0,9.0,3,0.3333333333333333,15,2024
2024,15,Dutch Grand Prix,zandvoort,2024-08-25,piastri,PIA,mclaren,4,3,Finished,3.0,97.0,9.0,0.0,302.0,4.0,0.0,3.2,4.8,0.0,2.0,9.0,1,0.0,15,2024
2024,15,Dutch Grand Prix,zandvoort,2024-08-25,sainz,SAI,ferrari,5,10,Finished,10.0,200.0,7.0,1.0,406.0,3.0,1.0,5.2,6.0,0.1,4.0,6.666666666666667,3,0.0,15,2024
2024,15,Dutch Grand Prix,zandvoort,2024-08-25,perez,PER,red_bull,6,5,Finished,5.0,285.0,2.0,2.0,860.0,1.0,21.0,9.2,9.7,0.3,3.4,5.666666666666667,3,0.0,15,2024
2024,15,Dutch Grand Prix,zandvoort,2024-08-25,russell,RUS,mercedes,7,4,Finished,4.0,175.0,8.0,0.0,409.0,2.0,0.0,10.4,8.1,0.2,1.8,12.0,3,0.3333333333333333,15,2024
2024,15,Dutch Grand Prix,zandvoort,2024-08-25,hamilton,HAM,mercedes,8,14,Finished,14.0,234.0,3.0,0.0,409.0,2.0,0.0,2.4,4.4,0.0,1.8,4.0,3,0.3333333333333333,15,2024
2024,15,Dutch Grand Prix,zandvoort,2024-08-25,gasly,GAS,alpine,9,9,Lapped,9.0,62.0,11.0,0.0,120.0,6.0,0.0,14.4,13.2,0.4,12.4,6.0,3,0.3333333333333333,15,2024
2024,15,Dutch Grand Prix,zandvoort,2024-08-25,alonso,ALO,aston_martin,10,7,Lapped,7.0,206.0,4.0,0.0,280.0,5.0,0.0,11.4,10.9,0.4,10.0,4.666666666666667,3,0.3333333333333333,15,2024
2024,15,Dutch Grand Prix,zandvoort,2024-08-25,hulkenberg,HUL,haas,11,12,Lapped,12.0,9.0,16.0,0.0,12.0,10.0,0.0,10.8,11.6,0.3,10.0,12.0,1,0.0,15,2024
2024,15,Dutch Grand Prix,zandvoort,2024-08-25,ricciardo,RIC,rb,12,13,Lapped,13.0,6.0,17.0,0.0,0.0,10.0,0.0,11.8,12.5,0.6,10.6,14.0,2,0.0,15,2024
2024,15,Dutch Grand Prix,zandvoort,2024-08-25,stroll,STR,aston_martin,13,8,Lapped,8.0,74.0,10.0,0.0,280.0,5.0,0.0,11.0,11.7,0.3,10.0,11.0,3,0.0,15,2024
2024,15,Dutch Grand Prix,zandvoort,2024-08-25,albon,ALB,williams,14,19,Lapped,19.0,27.0,13.0,0.0,28.0,7.0,0.0,13.6,14.4,0.6,13.6,10.0,2,0.0,15,2024
2024,15,Dutch Grand Prix,zandvoort,2024-08-25,ocon,OCO,alpine,15,15,Lapped,15.0,58.0,12.0,0.0,120.0,6.0,0.0,13.0,12.7,0.4,12.4,9.333333333333334,3,0.0,15,2024
2024,15,Dutch Grand Prix,zandvoort,2024-08-25,sargeant,SAR,williams,16,18,Lapped,18.0,1.0,21.0,0.0,28.0,7.0,0.0,16.8,17.3,0.7,13.6,20.0,1,0.0,15,2024
2024,15,Dutch Grand Prix,zandvoort,2024-08-25,tsunoda,TSU,rb,17,11,Lapped,11.0,17.0,14.0,0.0,0.0,10.0,0.0,13.6,12.6,0.5,10.6,18.0,3,0.0,15,2024
2024,15,Dutch Grand Prix,zandvoort,2024-08-25,kevin_magnussen,MAG,haas,18,20,Lapped,20.0,3.0,19.0,0.0,12.0,10.0,0.0,13.2,14.5,0.4,10.0,15.5,2,0.0,15,2024
2024,15,Dutch Grand Prix,zandvoort,2024-08-25,bottas,BOT,sauber,19,16,Lapped,16.0,10.0,15.0,0.0,0.0,10.0,0.0,15.6,15.8,0.7,15.0,12.0,3,0.3333333333333333,15,2024
2024,15,Dutch Grand Prix,zandvoort,2024-08-25,zhou,ZHO,sauber,20,17,Lapped,17.0,6.0,18.0,0.0,0.0,10.0,0.0,17.2,16.0,0.8,15.0,17.0,2,0.0,15,2024
2024,16,Italian Grand Prix,monza,2024-09-01,leclerc,LEC,ferrari,1,4,Finished,4.0,206.0,5.0,0.0,406.0,3.0,1.0,7.0,6.6,0.2,3.6,6.666666666666667,6,0.3333333333333333,16,2024
2024,16,Italian Grand Prix,monza,2024-09-01,piastri,PIA,mclaren,2,2,Finished,2.0,97.0,9.0,0.0,302.0,4.0,0.0,2.6,4.4,0.0,1.8,12.0,1,0.0,16,2024
2024,16,Italian Grand Prix,monza,2024-09-01,norris,NOR,mclaren,3,1,Finished,1.0,205.0,6.0,0.0,302.0,4.0,0.0,6.2,4.2,0.1,1.8,6.2,5,0.2,16,2024
2024,16,Italian Grand Prix,monza,2024-09-01,sainz,SAI,ferrari,4,5,Finished,5.0,200.0,7.0,1.0,406.0,3.0,1.0,5.0,6.0,0.1,3.6,9.222222222222221,9,0.2222222222222222,16,2024
2024,16,Italian Grand Prix,monza,2024-09-01,hamilton,HAM,mercedes,5,6,Finished,6.0,234.0,3.0,0.0,409.0,2.0,0.0,3.4,4.3,0.0,2.6,5.785714285714286,14,0.5,16,2024
2024,16,Italian Grand Prix,monza,2024-09-01,max_verstappen,VER,red_bull,6,7,Finished,7.0,575.0,1.0,19.0,860.0,1.0,21.0,3.6,2.9,0.0,3.6,8.777777777777779,9,0.2222222222222222,16,2024
2024,16,Italian Grand Prix,monza,2024-09-01,russell,RUS,mercedes,7,3,Finished,3.0,175.0,8.0,0.0,409.0,2.0,0.0,11.0,8.2,0.2,2.6,9.0,5,0.2,16,2024
2024,16,Italian Grand Prix,monza,2024-09-01,perez,PER,red_bull,8,8,Finished,8.0,285.0,2.0,2.0,860.0,1.0,21.0,8.8,10.0,0.3,3.6,7.538461538461538,13,0.15384615384615385,16,2024
2024,16,Italian Grand Prix,monza,2024-09-01,albon,ALB,williams,9,9,Finished,9.0,27.0,13.0,0.0,28.0,7.0,0.0,12.8,14.6,0.7,12.8,9.333333333333334,3,0.0,16,2024
2024,16,Italian Grand Prix,monza,2024-09-01,kevin_magnussen,MAG,haas,10,13,Finished,13.0,3.0,19.0,0.0,12.0,10.0,0.0,13.4,14.7,0.5,10.0,15.625,8,0.0,16,2024
2024,16,Italian Grand Prix,monza,2024-09-01,alonso,ALO,aston_martin,11,11,Finished,11.0,206.0,4.0,0.0,280.0,5.0,0.0,11.0,11.2,0.5,9.6,11.083333333333334,12,0.3333333333333333,16,2024
2024,16,Italian Grand Prix,monza,2024-09-01,colapinto,COL,williams,12,18,Finished,18.0,0.0,20.0,0.0,28.0,7.0,0.0,11.0,11.0,0.1,12.8,11.0,0,0.0,16,2024
2024,16,Italian Grand Prix,monza,2024-09-01,ricciardo,RIC,rb,13,12,Finished,12.0,6.0,17.0,0.0,0.0,10.0,0.0,11.2,11.9,0.6,10.0,8.5,12,0.08333333333333333,16,2024
2024,16,Italian Grand Prix,monza,2024-09-01,ocon,OCO,alpine,14,15,Lapped,15.0,58.0,12.0,0.0,120.0,6.0,0.0,14.0,13.1,0.5,12.4,11.142857142857142,7,0.0,16,2024
2024,16,Italian Grand Prix,monza,2024-09-01,gasly,GAS,alpine,15,14,Lapped,14.0,62.0,11.0,0.0,120.0,6.0,0.0,14.4,12.8,0.5,12.4,11.333333333333334,6,0.16666666666666666,16,2024
2024,16,Italian Grand Prix,monza,2024-09-01,bottas,BOT,sauber,16,19,Lapped,19.0,10.0,15.0,0.0,0.0,10.0,0.0,16.2,15.7,0.7,16.2,6.090909090909091,11,0.36363636363636365,16,2024
2024,16,Italian Grand Prix,monza,2024-09-01,hulkenberg,HUL,haas,17,10,Lapped,10.0,9.0,16.0,0.0,12.0,10.0,0.0,10.8,11.7,0.4,10.0,11.0,10,0.0,16,2024
2024,16,Italian Grand Prix,monza,2024-09-01,zhou,ZHO,sauber,18,20,Lapped,20.0,6.0,18.0,0.0,0.0,10.0,0.0,18.6,16.6,0.9,16.2,12.0,2,0.0,16,2024
2024,16,Italian Grand Prix,monza,2024-09-01,stroll,STR,aston_martin,19,17,Lapped,17.0,74.0,10.0,0.0,280.0,5.0,0.0,10.8,11.5,0.4,9.6,10.285714285714286,7,0.14285714285714285,16,2024
2024,16,Italian Grand Prix,monza,2024-09-01,tsunoda,TSU,rb,20,16,Retired,16.0,17.0,14.0,0.0,0.0,10.0,0.0,13.2,12.4,0.5,10.0,18.0,3,0.0,16,2024
2024,17,Azerbaijan Grand Prix,baku,2024-09-15,piastri,PIA,mclaren,1,2,Finished,2.0,97.0,9.0,0.0,302.0,4.0,0.0,2.6,3.3,0.0,1.8,11.0,1,0.0,17,2024
2024,17,Azerbaijan Grand Prix,baku,2024-09-15,leclerc,LEC,ferrari,2,1,Finished,1.0,206.0,5.0,0.0,406.0,3.0,1.0,5.0,6.4,0.2,3.2,7.4,5,0.2,17,2024
2024,17,Azerbaijan Grand Prix,baku,2024-09-15,russell,RUS,mercedes,3,5,Finished,5.0,175.0,8.0,0.0,409.0,2.0,0.0,12.2,8.1,0.2,3.4,10.75,4,0.25,17,2024
2024,17,Azerbaijan Grand Prix,baku,2024-09-15,norris,NOR,mclaren,4,15,Finished,15.0,205.0,6.0,0.0,302.0,4.0,0.0,2.8,4.4,0.1,1.8,7.75,4,0.0,17,2024
2024,17,Azerbaijan Grand Prix,baku,2024-09-15,max_verstappen,VER,red_bull,5,6,Finished,6.0,575.0,1.0,19.0,860.0,1.0,21.0,3.8,3.3,0.0,3.8,9.571428571428571,7,0.2857142857142857,17,2024
2024,17,Azerbaijan Grand Prix,baku,2024-09-15,alonso,ALO,aston_martin,6,7,Finished,7.0,206.0,4.0,0.0,280.0,5.0,0.0,9.6,11.4,0.5,9.2,8.666666666666666,6,0.0,17,2024
2024,17,Azerbaijan Grand Prix,baku,2024-09-15,albon,ALB,williams,7,9,Finished,9.0,27.0,13.0,0.0,28.0,7.0,0.0,11.6,13.7,0.7,11.6,11.666666666666666,3,0.0,17,2024
2024,17,Azerbaijan Grand Prix,baku,2024-09-15,colapinto,COL,williams,8,8,Finished,8.0,0.0,20.0,0.0,28.0,7.0,0.0,12.0,12.0,0.0,11.6,11.0,0,0.0,17,2024
2024,17,Azerbaijan Grand Prix,baku,2024-09-15,hamilton,HAM,mercedes,9,19,Finished,19.0,234.0,3.0,0.0,409.0,2.0,0.0,3.6,4.2,0.0,3.4,5.428571428571429,7,0.2857142857142857,17,2024
2024,17,Azerbaijan Grand Prix,baku,2024-09-15,bearman,BEA,haas,10,10,Finished,10.0,0.0,20.0,0.0,12.0,10.0,0.0,7.0,7.0,0.0,10.8,11.0,0,0.0,17,2024
2024,17,Azerbaijan Grand Prix,baku,2024-09-15,hulkenberg,HUL,haas,11,12,Finished,12.0,9.0,16.0,0.0,12.0,10.0,0.0,13.0,12.3,0.5,10.8,15.0,5,0.0,17,2024
2024,17,Azerbaijan Grand Prix,baku,2024-09-15,gasly,GAS,alpine,12,18,Finished,18.0,62.0,11.0,0.0,120.0,6.0,0.0,15.4,13.1,0.6,13.2,10.2,5,0.2,17,2024
2024,17,Azerbaijan Grand Prix,baku,2024-09-15,ricciardo,RIC,rb,13,14,Finished,14.0,6.0,17.0,0.0,0.0,10.0,0.0,12.0,11.7,0.6,10.8,10.333333333333334,6,0.16666666666666666,17,2024
2024,17,Azerbaijan Grand Prix,baku,2024-09-15,zhou,ZHO,sauber,14,17,Finished,17.0,6.0,18.0,0.0,0.0,10.0,0.0,18.8,17.0,1.0,16.2,18.5,2,0.0,17,2024
2024,17,Azerbaijan Grand Prix,baku,2024-09-15,ocon,OCO,alpine,15,20,Lapped,20.0,58.0,12.0,0.0,120.0,6.0,0.0,14.4,13.5,0.6,13.2,14.0,5,0.0,17,2024
2024,17,Azerbaijan Grand Prix,baku,2024-09-15,bottas,BOT,sauber,16,16,Lapped,16.0,10.0,15.0,0.0,0.0,10.0,0.0,16.2,15.7,0.8,16.2,9.142857142857142,7,0.2857142857142857,17,2024
2024,17,Azerbaijan Grand Prix,baku,2024-09-15,perez,PER,red_bull,17,4,Retired,4.0,285.0,2.0,2.0,860.0,1.0,21.0,9.0,10.4,0.3,3.8,4.428571428571429,7,0.7142857142857143,17,2024
2024,17,Azerbaijan Grand Prix,baku,2024-09-15,sainz,SAI,ferrari,18,3,Retired,3.0,200.0,7.0,1.0,406.0,3.0,1.0,5.2,5.9,0.1,3.2,10.571428571428571,7,0.0,17,2024
2024,17,Azerbaijan Grand Prix,baku,2024-09-15,stroll,STR,aston_martin,19,13,Retired,13.0,74.0,10.0,0.0,280.0,5.0,0.0,12.0,11.7,0.5,9.2,10.333333333333334,6,0.16666666666666666,17,2024
2024,17,Azerbaijan Grand Prix,baku,2024-09-15,tsunoda,TSU,rb,20,11,Retired,11.0,17.0,14.0,0.0,0.0,10.0,0.0,14.4,13.7,0.6,10.8,10.0,3,0.0,17,2024
2024,18,Singapore Grand Prix,marina_bay,2024-09-22,norris,NOR,mclaren,1,1,Finished,1.0,205.0,6.0,0.0,302.0,4.0,0.0,3.0,4.6,0.1,1.4,4.333333333333333,3,0.3333333333333333,18,2024
2024,18,Singapore Grand Prix,marina_bay,2024-09-22,max_verstappen,VER,red_bull,2,2,Finished,2.0,575.0,1.0,19.0,860.0,1.0,21.0,4.4,3.7,0.0,4.4,7.142857142857143,7,0.2857142857142857,18,2024
2024,18,Singapore Grand Prix,marina_bay,2024-09-22,piastri,PIA,mclaren,3,5,Finished,5.0,97.0,9.0,0.0,302.0,4.0,0.0,2.0,3.0,0.0,1.4,7.0,1,0.0,18,2024
2024,18,Singapore Grand Prix,marina_bay,2024-09-22,russell,RUS,mercedes,4,4,Finished,4.0,175.0,8.0,0.0,409.0,2.0,0.0,9.0,7.7,0.2,3.8,16.666666666666668,3,0.0,18,2024
2024,18,Singapore Grand Prix,marina_bay,2024-09-22,leclerc,LEC,ferrari,5,9,Finished,9.0,206.0,5.0,0.0,406.0,3.0,1.0,2.6,6.3,0.2,2.6,4.25,4,0.5,18,2024
2024,18,Singapore Grand Prix,marina_bay,2024-09-22,hamilton,HAM,mercedes,6,3,Finished,3.0,234.0,3.0,0.0,409.0,2.0,0.0,5.2,4.5,0.0,3.8,7.75,12,0.4166666666666667,18,2024
2024,18,Singapore Grand Prix,marina_bay,2024-09-22,sainz,SAI,ferrari,7,10,Finished,10.0,200.0,7.0,1.0,406.0,3.0,1.0,7.8,7.2,0.2,2.6,7.285714285714286,7,0.2857142857142857,18,2024
2024,18,Singapore Grand Prix,marina_bay,2024-09-22,alonso,ALO,aston_martin,8,7,Lapped,7.0,206.0,4.0,0.0,280.0,5.0,0.0,9.2,10.1,0.4,9.0,8.636363636363637,11,0.2727272727272727,18,2024
2024,18,Singapore Grand Prix,marina_bay,2024-09-22,hulkenberg,HUL,haas,9,6,Lapped,6.0,9.0,16.0,0.0,12.0,10.0,0.0,14.0,12.3,0.4,11.6,12.9,10,0.0,18,2024
2024,18,Singapore Grand Prix,marina_bay,2024-09-22,perez,PER,red_bull,10,13,Lapped,13.0,285.0,2.0,2.0,860.0,1.0,21.0,9.0,11.3,0.4,4.4,9.0,11,0.09090909090909091,18,2024
2024,18,Singapore Grand Prix,marina_bay,2024-09-22,colapinto,COL,williams,11,12,Lapped,12.0,0.0,20.0,0.0,28.0,7.0,0.0,10.0,10.0,0.0,11.2,11.0,0,0.0,18,2024
2024,18,Singapore Grand Prix,marina_bay,2024-09-22,tsunoda,TSU,rb,12,8,Lapped,8.0,17.0,14.0,0.0,0.0,10.0,0.0,16.4,14.7,0.6,11.4,17.0,2,0.0,18,2024
2024,18,Singapore Grand Prix,marina_bay,2024-09-22,ocon,OCO,alpine,13,15,Lapped,15.0,58.0,12.0,0.0,120.0,6.0,0.0,14.2,13.6,0.6,12.4,16.4,5,0.0,18,2024
2024,18,Singapore Grand Prix,marina_bay,2024-09-22,stroll,STR,aston_martin,14,17,Lapped,17.0,74.0,10.0,0.0,280.0,5.0,0.0,14.4,12.7,0.6,9.0,12.2,5,0.0,18,2024
2024,18,Singapore Grand Prix,marina_bay,2024-09-22,zhou,ZHO,sauber,15,20,Lapped,20.0,6.0,18.0,0.0,0.0,10.0,0.0,18.0,16.9,0.9,16.0,16.0,2,0.0,18,2024
2024,18,Singapore Grand Prix,marina_bay,2024-09-22,bottas,BOT,sauber,16,19,Lapped,19.0,10.0,15.0,0.0,0.0,10.0,0.0,16.4,15.5,0.8,16.0,9.88888888888889,9,0.1111111111111111,18,2024
2024,18,Singapore Grand Prix,marina_bay,2024-09-22,gasly,GAS,alpine,17,18,Lapped,18.0,62.0,11.0,0.0,120.0,6.0,0.0,13.8,12.7,0.5,12.4,9.25,4,0.0,18,2024
2024,18,Singapore Grand Prix,marina_bay,2024-09-22,ricciardo,RIC,rb,18,16,Lapped,16.0,6.0,17.0,0.0,0.0,10.0,0.0,12.0,11.7,0.5,11.4,8.4,10,0.4,18,2024
2024,18,Singapore Grand Prix,marina_bay,2024-09-22,kevin_magnussen,MAG,haas,19,14,Retired,14.0,3.0,19.0,0.0,12.0,10.0,0.0,13.8,13.8,0.5,11.6,12.857142857142858,7,0.0,18,2024
2024,18,Singapore Grand Prix,marina_bay,2024-09-22,albon,ALB,williams,20,11,Retired,11.0,27.0,13.0,0.0,28.0,7.0,0.0,11.2,12.4,0.6,11.2,11.333333333333334,3,0.0,18,2024
2024,19,United States Grand Prix,americas,2024-10-20,leclerc,LEC,ferrari,1,4,Finished,4.0,206.0,5.0,0.0,406.0,3.0,1.0,2.8,6.7,0.2,2.8,9.2,5,0.2,19,2024
2024,19,United States Grand Prix,americas,2024-10-20,sainz,SAI,ferrari,2,3,Finished,3.0,200.0,7.0,1.0,406.0,3.0,1.0,8.0,7.6,0.2,2.8,8.125,8,0.125,19,2024
2024,19,United States Grand Prix,americas,2024-10-20,max_verstappen,VER,red_bull,3,2,Finished,2.0,575.0,1.0,19.0,860.0,1.0,21.0,3.8,3.3,0.0,3.8,4.5,8,0.625,19,2024
2024,19,United States Grand Prix,americas,2024-10-20,norris,NOR,mclaren,4,1,Finished,1.0,205.0,6.0,0.0,302.0,4.0,0.0,2.8,4.3,0.1,1.4,5.75,4,0.25,19,2024
2024,19,United States Grand Prix,americas,2024-10-20,piastri,PIA,mclaren,5,5,Finished,5.0,97.0,9.0,0.0,302.0,4.0,0.0,2.4,3.1,0.0,1.4,17.0,1,0.0,19,2024
2024,19,United States Grand Prix,americas,2024-10-20,russell,RUS,mercedes,6,20,Finished,20.0,175.0,8.0,0.0,409.0,2.0,0.0,8.2,7.6,0.2,4.0,10.25,4,0.0,19,2024
2024,19,United States Grand Prix,americas,2024-10-20,perez,PER,red_bull,7,9,Finished,9.0,285.0,2.0,2.0,860.0,1.0,21.0,9.6,10.5,0.4,3.8,7.7272727272727275,11,0.09090909090909091,19,2024
2024,19,United States Grand Prix,americas,2024-10-20,hulkenberg,HUL,haas,8,11,Finished,11.0,9.0,16.0,0.0,12.0,10.0,0.0,13.2,11.3,0.4,10.8,12.444444444444445,9,0.0,19,2024
2024,19,United States Grand Prix,americas,2024-10-20,lawson,LAW,rb,9,19,Finished,19.0,2.0,20.0,0.0,0.0,10.0,0.0,12.2,12.2,0.4,12.0,11.0,0,0.0,19,2024
2024,19,United States Grand Prix,americas,2024-10-20,colapinto,COL,williams,10,15,Finished,15.0,0.0,20.0,0.0,28.0,7.0,0.0,10.333333333333334,10.333333333333334,0.3333333333333333,10.6,11.0,0,0.0,19,2024
2024,19,United States Grand Prix,americas,2024-10-20,kevin_magnussen,MAG,haas,11,8,Finished,8.0,3.0,19.0,0.0,12.0,10.0,0.0,15.2,14.5,0.5,10.8,13.857142857142858,7,0.0,19,2024
2024,19,United States Grand Prix,americas,2024-10-20,gasly,GAS,alpine,12,6,Finished,6.0,62.0,11.0,0.0,120.0,6.0,0.0,13.2,13.4,0.5,11.4,13.6,5,0.0,19,2024
2024,19,United States Grand Prix,americas,2024-10-20,alonso,ALO,aston_martin,13,7,Lapped,7.0,206.0,4.0,0.0,280.0,5.0,0.0,8.6,9.8,0.4,8.6,10.6,10,0.1,19,2024
2024,19,United States Grand Prix,americas,2024-10-20,tsunoda,TSU,rb,14,10,Lapped,10.0,17.0,14.0,0.0,0.0,10.0,0.0,17.0,15.1,0.6,12.0,9.0,3,0.0,19,2024
2024,19,United States Grand Prix,americas,2024-10-20,stroll,STR,aston_martin,15,13,Lapped,13.0,74.0,10.0,0.0,280.0,5.0,0.0,15.2,12.7,0.6,8.6,12.5,6,0.0,19,2024
2024,19,United States Grand Prix,americas,2024-10-20,albon,ALB,williams,16,14,Lapped,14.0,27.0,13.0,0.0,28.0,7.0,0.0,12.4,13.5,0.6,10.6,9.0,3,0.0,19,2024
2024,19,United States Grand Prix,americas,2024-10-20,bottas,BOT,sauber,17,16,Lapped,16.0,10.0,15.0,0.0,0.0,10.0,0.0,16.4,15.8,0.8,15.8,9.6,10,0.1,19,2024
2024,19,United States Grand Prix,americas,2024-10-20,ocon,OCO,alpine,18,12,Lapped,12.0,58.0,12.0,0.0,120.0,6.0,0.0,13.2,13.2,0.6,11.4,15.166666666666666,6,0.0,19,2024
2024,19,United States Grand Prix,americas,2024-10-20,zhou,ZHO,sauber,19,18,Lapped,18.0,6.0,18.0,0.0,0.0,10.0,0.0,17.2,16.8,0.9,15.8,12.5,2,0.0,19,2024
2024,19,United States Grand Prix,americas,2024-10-20,hamilton,HAM,mercedes,20,17,Retired,17.0,234.0,3.0,0.0,409.0,2.0,0.0,5.8,4.4,0.0,4.0,3.3636363636363638,11,0.8181818181818182,19,2024
2024,20,Mexico City Grand Prix,rodriguez,2024-10-27,sainz,SAI,ferrari,1,1,Finished,1.0,200.0,7.0,1.0,406.0,3.0,1.0,7.2,6.2,0.1,2.4,11.5,8,0.0,20,2024
2024,20,Mexico City Grand Prix,rodriguez,2024-10-27,norris,NOR,mclaren,2,3,Finished,3.0,205.0,6.0,0.0,302.0,4.0,0.0,2.6,4.5,0.1,1.8,11.0,4,0.0,20,2024
2024,20,Mexico City Grand Prix,rodriguez,2024-10-27,leclerc,LEC,ferrari,3,4,Finished,4.0,206.0,5.0,0.0,406.0,3.0,1.0,2.4,4.9,0.1,2.4,5.0,5,0.2,20,2024
2024,20,Mexico City Grand Prix,rodriguez,2024-10-27,hamilton,HAM,mercedes,4,6,Finished,6.0,234.0,3.0,0.0,409.0,2.0,0.0,9.6,6.0,0.1,5.0,2.875,8,0.75,20,2024
2024,20,Mexico City Grand Prix,rodriguez,2024-10-27,russell,RUS,mercedes,5,5,Finished,5.0,175.0,8.0,0.0,409.0,2.0,0.0,5.4,7.9,0.2,5.0,10.5,4,0.0,20,2024
2024,20,Mexico City Grand Prix,rodriguez,2024-10-27,max_verstappen,VER,red_bull,6,2,Finished,2.0,575.0,1.0,19.0,860.0,1.0,21.0,3.6,3.5,0.0,3.6,3.0,8,0.625,20,2024
2024,20,Mexico City Grand Prix,rodriguez,2024-10-27,kevin_magnussen,MAG,haas,7,7,Finished,7.0,3.0,19.0,0.0,12.0,10.0,0.0,14.4,13.6,0.4,9.6,15.166666666666666,6,0.0,20,2024
2024,20,Mexico City Grand Prix,rodriguez,2024-10-27,piastri,PIA,mclaren,8,17,Finished,17.0,97.0,9.0,0.0,302.0,4.0,0.0,3.0,3.1,0.0,1.8,8.0,1,0.0,20,2024
2024,20,Mexico City Grand Prix,rodriguez,2024-10-27,hulkenberg,HUL,haas,9,10,Lapped,10.0,9.0,16.0,0.0,12.0,10.0,0.0,11.2,11.0,0.4,9.6,10.333333333333334,6,0.0,20,2024
2024,20,Mexico City Grand Prix,rodriguez,2024-10-27,gasly,GAS,alpine,10,8,Lapped,8.0,62.0,11.0,0.0,120.0,6.0,0.0,13.0,13.7,0.5,12.0,9.666666666666666,6,0.0,20,2024
2024,20,Mexico City Grand Prix,rodriguez,2024-10-27,stroll,STR,aston_martin,11,14,Lapped,14.0,74.0,10.0,0.0,280.0,5.0,0.0,16.0,13.5,0.7,9.6,12.666666666666666,6,0.0,20,2024
2024,20,Mexico City Grand Prix,rodriguez,2024-10-27,colapinto,COL,williams,12,16,Lapped,16.0,0.0,20.0,0.0,28.0,7.0,0.0,10.25,10.25,0.25,10.2,11.0,0,0.0,20,2024
2024,20,Mexico City Grand Prix,rodriguez,2024-10-27,ocon,OCO,alpine,13,0,Lapped,0.0,58.0,12.0,0.0,120.0,6.0,0.0,15.0,14.0,0.7,12.0,11.333333333333334,6,0.0,20,2024
2024,20,Mexico City Grand Prix,rodriguez,2024-10-27,bottas,BOT,sauber,14,15,Lapped,15.0,10.0,15.0,0.0,0.0,10.0,0.0,16.8,16.2,0.9,16.2,7.625,8,0.375,20,2024
2024,20,Mexico City Grand Prix,rodriguez,2024-10-27,zhou,ZHO,sauber,15,19,Lapped,19.0,6.0,18.0,0.0,0.0,10.0,0.0,17.2,17.2,0.9,16.2,13.5,2,0.0,20,2024
2024,20,Mexico City Grand Prix,rodriguez,2024-10-27,lawson,LAW,rb,16,12,Lapped,12.0,2.0,20.0,0.0,0.0,10.0,0.0,11.4,11.666666666666666,0.3333333333333333,11.8,11.0,0,0.0,20,2024
2024,20,Mexico City Grand Prix,rodriguez,2024-10-27,perez,PER,red_bull,17,18,Lapped,18.0,285.0,2.0,2.0,860.0,1.0,21.0,9.6,9.4,0.3,3.6,9.5,8,0.25,20,2024
2024,20,Mexico City Grand Prix,rodriguez,2024-10-27,alonso,ALO,aston_martin,18,13,Retired,13.0,206.0,4.0,0.0,280.0,5.0,0.0,9.6,10.5,0.5,9.6,15.571428571428571,7,0.0,20,2024
2024,20,Mexico City Grand Prix,rodriguez,2024-10-27,albon,ALB,williams,19,9,Retired,9.0,27.0,13.0,0.0,28.0,7.0,0.0,13.2,13.4,0.6,10.2,8.666666666666666,3,0.0,20,2024
2024,20,Mexico City Grand Prix,rodriguez,2024-10-27,tsunoda,TSU,rb,20,11,Retired,11.0,17.0,14.0,0.0,0.0,10.0,0.0,16.6,15.1,0.7,11.8,17.333333333333332,3,0.0,20,2024
2024,21,São Paulo Grand Prix,interlagos,2024-11-03,max_verstappen,VER,red_bull,1,17,Finished,17.0,575.0,1.0,19.0,860.0,1.0,21.0,4.4,4.0,0.0,4.4,3.625,8,0.625,21,2024
2024,21,São Paulo Grand Prix,interlagos,2024-11-03,ocon,OCO,alpine,2,4,Finished,4.0,58.0,12.0,0.0,120.0,6.0,0.0,14.6,14.3,0.8,12.2,11.833333333333334,6,0.0,21,2024
2024,21,São Paulo Grand Prix,interlagos,2024-11-03,gasly,GAS,alpine,3,13,Finished,13.0,62.0,11.0,0.0,120.0,6.0,0.0,13.2,13.8,0.6,12.2,9.166666666666666,6,0.16666666666666666,21,2024
2024,21,São Paulo Grand Prix,interlagos,2024-11-03,russell,RUS,mercedes,4,2,Finished,2.0,175.0,8.0,0.0,409.0,2.0,0.0,5.0,8.0,0.2,4.4,10.25,4,0.25,21,2024
2024,21,São Paulo Grand Prix,interlagos,2024-11-03,leclerc,LEC,ferrari,5,6,Finished,6.0,206.0,5.0,0.0,406.0,3.0,1.0,2.4,4.7,0.1,2.0,10.8,5,0.0,21,2024
2024,21,São Paulo Grand Prix,interlagos,2024-11-03,norris,NOR,mclaren,6,1,Finished,1.0,205.0,6.0,0.0,302.0,4.0,0.0,2.8,4.5,0.1,2.0,9.5,4,0.25,21,2024
2024,21,São Paulo Grand Prix,interlagos,2024-11-03,tsunoda,TSU,rb,7,3,Finished,3.0,17.0,14.0,0.0,0.0,10.0,0.0,17.2,15.2,0.7,12.6,13.666666666666666,3,0.0,21,2024
2024,21,São Paulo Grand Prix,interlagos,2024-11-03,piastri,PIA,mclaren,8,8,Finished,8.0,97.0,9.0,0.0,302.0,4.0,0.0,3.8,3.2,0.0,2.0,14.0,1,0.0,21,2024
2024,21,São Paulo Grand Prix,interlagos,2024-11-03,lawson,LAW,rb,9,5,Finished,5.0,2.0,20.0,0.0,0.0,10.0,0.0,12.4,12.285714285714286,0.42857142857142855,12.6,11.0,0,0.0,21,2024
2024,21,São Paulo Grand Prix,interlagos,2024-11-03,hamilton,HAM,mercedes,10,14,Finished,14.0,234.0,3.0,0.0,409.0,2.0,0.0,8.8,6.1,0.1,4.4,6.384615384615385,13,0.46153846153846156,21,2024
2024,21,São Paulo Grand Prix,interlagos,2024-11-03,perez,PER,red_bull,11,12,Finished,12.0,285.0,2.0,2.0,860.0,1.0,21.0,11.8,10.3,0.4,4.4,9.75,12,0.0,21,2024
2024,21,São Paulo Grand Prix,interlagos,2024-11-03,bearman,BEA,haas,12,15,Finished,15.0,0.0,20.0,0.0,12.0,10.0,0.0,8.5,8.5,0.0,8.8,11.0,0,0.0,21,2024
2024,21,São Paulo Grand Prix,interlagos,2024-11-03,bottas,BOT,sauber,13,11,Finished,11.0,10.0,15.0,0.0,0.0,10.0,0.0,15.8,16.0,0.9,15.2,10.2,10,0.2,21,2024
2024,21,São Paulo Grand Prix,interlagos,2024-11-03,alonso,ALO,aston_martin,14,9,Finished,9.0,206.0,4.0,0.0,280.0,5.0,0.0,11.2,11.1,0.5,9.8,7.083333333333333,12,0.3333333333333333,21,2024
2024,21,São Paulo Grand Prix,interlagos,2024-11-03,zhou,ZHO,sauber,15,19,Finished,19.0,6.0,18.0,0.0,0.0,10.0,0.0,16.2,17.4,0.9,15.2,14.5,2,0.0,21,2024
2024,21,São Paulo Grand Prix,interlagos,2024-11-03,sainz,SAI,ferrari,16,20,Retired,20.0,200.0,7.0,1.0,406.0,3.0,1.0,6.4,5.7,0.1,2.0,8.25,8,0.25,21,2024
2024,21,São Paulo Grand Prix,interlagos,2024-11-03,colapinto,COL,williams,17,16,Retired,16.0,0.0,20.0,0.0,28.0,7.0,0.0,10.6,10.6,0.4,9.8,11.0,0,0.0,21,2024
2024,21,São Paulo Grand Prix,interlagos,2024-11-03,albon,ALB,williams,18,7,Did not start,7.0,27.0,13.0,0.0,28.0,7.0,0.0,14.2,13.5,0.6,9.8,16.0,3,0.0,21,2024
2024,21,São Paulo Grand Prix,interlagos,2024-11-03,stroll,STR,aston_martin,19,10,Did not start,10.0,74.0,10.0,0.0,280.0,5.0,0.0,15.6,13.2,0.7,9.8,14.666666666666666,6,0.0,21,2024
2024,21,São Paulo Grand Prix,interlagos,2024-11-03,hulkenberg,HUL,haas,20,18,Disqualified,18.0,9.0,16.0,0.0,12.0,10.0,0.0,10.8,10.8,0.5,8.8,9.8,10,0.0,21,2024
2024,22,Las Vegas Grand Prix,vegas,2024-11-23,russell,RUS,mercedes,1,1,Finished,1.0,175.0,8.0,0.0,409.0,2.0,0.0,4.4,8.3,0.2,4.2,8.0,1,0.0,22,2024
2024,22,Las Vegas Grand Prix,vegas,2024-11-23,hamilton,HAM,mercedes,2,10,Finished,10.0,234.0,3.0,0.0,409.0,2.0,0.0,9.8,6.7,0.1,4.2,7.0,1,0.0,22,2024
2024,22,Las Vegas Grand Prix,vegas,2024-11-23,sainz,SAI,ferrari,3,2,Finished,2.0,200.0,7.0,1.0,406.0,3.0,1.0,8.8,7.0,0.2,2.8,6.0,1,0.0,22,2024
2024,22,Las Vegas Grand Prix,vegas,2024-11-23,leclerc,LEC,ferrari,4,4,Finished,4.0,206.0,5.0,0.0,406.0,3.0,1.0,3.2,4.1,0.1,2.8,2.0,1,1.0,22,2024
2024,22,Las Vegas Grand Prix,vegas,2024-11-23,max_verstappen,VER,red_bull,5,5,Finished,5.0,575.0,1.0,19.0,860.0,1.0,21.0,3.4,3.6,0.0,3.4,1.0,1,1.0,22,2024
2024,22,Las Vegas Grand Prix,vegas,2024-11-23,norris,NOR,mclaren,6,6,Finished,6.0,205.0,6.0,0.0,302.0,4.0,0.0,3.4,3.1,0.0,2.8,20.0,1,0.0,22,2024
2024,22,Las Vegas Grand Prix,vegas,2024-11-23,piastri,PIA,mclaren,7,8,Finished,8.0,97.0,9.0,0.0,302.0,4.0,0.0,5.0,3.8,0.0,2.8,10.0,1,0.0,22,2024
2024,22,Las Vegas Grand Prix,vegas,2024-11-23,hulkenberg,HUL,haas,8,9,Finished,9.0,9.0,16.0,0.0,12.0,10.0,0.0,11.4,12.2,0.6,9.2,19.0,1,0.0,22,2024
2024,22,Las Vegas Grand Prix,vegas,2024-11-23,tsunoda,TSU,rb,9,7,Finished,7.0,17.0,14.0,0.0,0.0,10.0,0.0,14.6,14.5,0.6,11.4,18.0,1,0.0,22,2024
2024,22,Las Vegas Grand Prix,vegas,2024-11-23,perez,PER,red_bull,10,15,Finished,15.0,285.0,2.0,2.0,860.0,1.0,21.0,12.4,10.7,0.4,3.4,3.0,1,1.0,22,2024
2024,22,Las Vegas Grand Prix,vegas,2024-11-23,alonso,ALO,aston_martin,11,16,Finished,16.0,206.0,4.0,0.0,280.0,5.0,0.0,11.8,10.7,0.4,10.4,9.0,1,0.0,22,2024
2024,22,Las Vegas Grand Prix,vegas,2024-11-23,kevin_magnussen,MAG,haas,12,12,Finished,12.0,3.0,19.0,0.0,12.0,10.0,0.0,13.0,13.1,0.4,9.2,13.0,1,0.0,22,2024
2024,22,Las Vegas Grand Prix,vegas,2024-11-23,zhou,ZHO,sauber,13,13,Finished,13.0,6.0,18.0,0.0,0.0,10.0,0.0,15.6,17.2,0.8,14.6,15.0,1,0.0,22,2024
2024,22,Las Vegas Grand Prix,vegas,2024-11-23,colapinto,COL,williams,14,20,Finished,20.0,0.0,20.0,0.0,28.0,7.0,0.0,11.6,11.666666666666666,0.5,11.4,11.0,0,0.0,22,2024
2024,22,Las Vegas Grand Prix,vegas,2024-11-23,stroll,STR,aston_martin,15,18,Finished,18.0,74.0,10.0,0.0,280.0,5.0,0.0,15.6,13.8,0.7,10.4,5.0,1,0.0,22,2024
2024,22,Las Vegas Grand Prix,vegas,2024-11-23,lawson,LAW,rb,16,14,Finished,14.0,2.0,20.0,0.0,0.0,10.0,0.0,12.4,11.875,0.375,11.4,11.0,0,0.0,22,2024
2024,22,Las Vegas Grand Prix,vegas,2024-11-23,ocon,OCO,alpine,17,11,Lapped,11.0,58.0,12.0,0.0,120.0,6.0,0.0,12.2,13.3,0.8,9.8,4.0,1,0.0,22,2024
2024,22,Las Vegas Grand Prix,vegas,2024-11-23,bottas,BOT,sauber,18,19,Lapped,19.0,10.0,15.0,0.0,0.0,10.0,0.0,15.2,15.7,0.8,14.6,17.0,1,0.0,22,2024
2024,22,Las Vegas Grand Prix,vegas,2024-11-23,albon,ALB,williams,19,17,Retired,17.0,27.0,13.0,0.0,28.0,7.0,0.0,16.0,13.8,0.6,11.4,12.0,1,0.0,22,2024
2024,22,Las Vegas Grand Prix,vegas,2024-11-23,gasly,GAS,alpine,20,3,Retired,3.0,62.0,11.0,0.0,120.0,6.0,0.0,10.8,13.1,0.6,9.8,11.0,1,0.0,22,2024
2024,23,Qatar Grand Prix,losail,2024-12-01,max_verstappen,VER,red_bull,1,2,Finished,2.0,575.0,1.0,19.0,860.0,1.0,21.0,3.4,3.9,0.0,3.4,1.5,2,1.0,23,2024
2024,23,Qatar Grand Prix,losail,2024-12-01,leclerc,LEC,ferrari,2,5,Finished,5.0,206.0,5.0,0.0,406.0,3.0,1.0,3.6,3.1,0.0,3.0,6.5,2,0.0,23,2024
2024,23,Qatar Grand Prix,losail,2024-12-01,piastri,PIA,mclaren,3,4,Finished,4.0,97.0,9.0,0.0,302.0,4.0,0.0,6.2,4.1,0.0,3.8,2.0,1,1.0,23,2024
2024,23,Qatar Grand Prix,losail,2024-12-01,russell,RUS,mercedes,4,1,Finished,1.0,175.0,8.0,0.0,409.0,2.0,0.0,4.0,6.5,0.1,3.8,10.5,2,0.0,23,2024
2024,23,Qatar Grand Prix,losail,2024-12-01,gasly,GAS,alpine,5,11,Finished,11.0,62.0,11.0,0.0,120.0,6.0,0.0,12.4,13.1,0.6,10.8,11.5,2,0.0,23,2024
2024,23,Qatar Grand Prix,losail,2024-12-01,sainz,SAI,ferrari,6,7,Finished,7.0,200.0,7.0,1.0,406.0,3.0,1.0,5.8,6.8,0.2,3.0,13.5,2,0.0,23,2024
2024,23,Qatar Grand Prix,losail,2024-12-01,alonso,ALO,aston_martin,7,8,Finished,8.0,206.0,4.0,0.0,280.0,5.0,0.0,12.8,11.0,0.4,11.4,4.5,2,0.5,23,2024
2024,23,Qatar Grand Prix,losail,2024-12-01,zhou,ZHO,sauber,8,12,Finished,12.0,6.0,18.0,0.0,0.0,10.0,0.0,15.4,16.7,0.7,14.4,9.0,1,0.0,23,2024
2024,23,Qatar Grand Prix,losail,2024-12-01,kevin_magnussen,MAG,haas,9,10,Finished,10.0,3.0,19.0,0.0,12.0,10.0,0.0,11.8,12.6,0.3,8.8,14.0,1,0.0,23,2024
2024,23,Qatar Grand Prix,losail,2024-12-01,norris,NOR,mclaren,10,3,Finished,3.0,205.0,6.0,0.0,302.0,4.0,0.0,3.8,3.4,0.0,3.8,6.0,2,0.5,23,2024
2024,23,Qatar Grand Prix,losail,2024-12-01,bottas,BOT,sauber,11,13,Finished,13.0,10.0,15.0,0.0,0.0,10.0,0.0,15.6,16.0,0.8,14.4,14.0,2,0.0,23,2024
2024,23,Qatar Grand Prix,losail,2024-12-01,hamilton,HAM,mercedes,12,6,Finished,6.0,234.0,3.0,0.0,409.0,2.0,0.0,8.4,6.8,0.1,3.8,10.0,2,0.5,23,2024
2024,23,Qatar Grand Prix,losail,2024-12-01,tsunoda,TSU,rb,13,14,Finished,14.0,17.0,14.0,0.0,0.0,10.0,0.0,12.4,14.4,0.6,10.6,14.0,2,0.0,23,2024
2024,23,Qatar Grand Prix,losail,2024-12-01,lawson,LAW,rb,14,17,Finished,17.0,2.0,20.0,0.0,0.0,10.0,0.0,13.4,12.333333333333334,0.3333333333333333,10.6,17.0,1,0.0,23,2024
2024,23,Qatar Grand Prix,losail,2024-12-01,albon,ALB,williams,15,16,Lapped,16.0,27.0,13.0,0.0,28.0,7.0,0.0,18.4,14.8,0.7,12.8,13.0,1,0.0,23,2024
2024,23,Qatar Grand Prix,losail,2024-12-01,hulkenberg,HUL,haas,16,18,Retired,18.0,9.0,16.0,0.0,12.0,10.0,0.0,10.8,12.4,0.6,8.8,16.0,1,0.0,23,2024
2024,23,Qatar Grand Prix,losail,2024-12-01,perez,PER,red_bull,17,9,Retired,9.0,285.0,2.0,2.0,860.0,1.0,21.0,11.0,10.0,0.3,3.4,7.0,2,0.0,23,2024
2024,23,Qatar Grand Prix,losail,2024-12-01,stroll,STR,aston_martin,18,15,Retired,15.0,74.0,10.0,0.0,280.0,5.0,0.0,14.8,14.6,0.7,11.4,8.5,2,0.0,23,2024
2024,23,Qatar Grand Prix,losail,2024-12-01,colapinto,COL,williams,19,19,Retired,19.0,0.0,20.0,0.0,28.0,7.0,0.0,12.8,12.0,0.42857142857142855,12.8,11.0,0,0.0,23,2024
2024,23,Qatar Grand Prix,losail,2024-12-01,ocon,OCO,alpine,20,20,Retired,20.0,58.0,12.0,0.0,120.0,6.0,0.0,12.6,13.4,0.8,10.8,6.0,2,0.0,23,2024
2024,24,Abu Dhabi Grand Prix,yas_marina,2024-12-08,norris,NOR,mclaren,1,1,Finished,1.0,205.0,6.0,0.0,302.0,4.0,0.0,5.6,4.2,0.0,4.2,6.2,5,0.0,24,2024
2024,24,Abu Dhabi Grand Prix,yas_marina,2024-12-08,sainz,SAI,ferrari,2,3,Finished,3.0,200.0,7.0,1.0,406.0,3.0,1.0,5.6,6.8,0.2,2.4,10.555555555555555,9,0.1111111111111111,24,2024
2024,24,Abu Dhabi Grand Prix,yas_marina,2024-12-08,leclerc,LEC,ferrari,3,19,Finished,19.0,206.0,5.0,0.0,406.0,3.0,1.0,3.0,2.9,0.0,2.4,6.166666666666667,6,0.5,24,2024
2024,24,Abu Dhabi Grand Prix,yas_marina,2024-12-08,hamilton,HAM,mercedes,4,16,Finished,16.0,234.0,3.0,0.0,409.0,2.0,0.0,9.6,7.7,0.1,3.8,5.071428571428571,14,0.7142857142857143,24,2024
2024,24,Abu Dhabi Grand Prix,yas_marina,2024-12-08,russell,RUS,mercedes,5,6,Finished,6.0,175.0,8.0,0.0,409.0,2.0,0.0,4.0,6.1,0.1,3.8,11.6,5,0.2,24,2024
2024,24,Abu Dhabi Grand Prix,yas_marina,2024-12-08,max_verstappen,VER,red_bull,6,4,Finished,4.0,575.0,1.0,19.0,860.0,1.0,21.0,3.2,3.5,0.0,3.2,3.7777777777777777,9,0.6666666666666666,24,2024
2024,24,Abu Dhabi Grand Prix,yas_marina,2024-12-08,gasly,GAS,alpine,7,5,Finished,5.0,62.0,11.0,0.0,120.0,6.0,0.0,10.0,11.6,0.5,9.2,12.857142857142858,7,0.0,24,2024
2024,24,Abu Dhabi Grand Prix,yas_marina,2024-12-08,hulkenberg,HUL,haas,8,7,Finished,7.0,9.0,16.0,0.0,12.0,10.0,0.0,12.2,12.7,0.6,8.8,12.7,10,0.0,24,2024
2024,24,Abu Dhabi Grand Prix,yas_marina,2024-12-08,alonso,ALO,aston_martin,9,8,Finished,8.0,206.0,4.0,0.0,280.0,5.0,0.0,12.6,10.6,0.4,11.2,8.916666666666666,12,0.16666666666666666,24,2024
2024,24,Abu Dhabi Grand Prix,yas_marina,2024-12-08,piastri,PIA,mclaren,10,2,Finished,2.0,97.0,9.0,0.0,302.0,4.0,0.0,6.2,4.3,0.0,4.2,6.0,1,0.0,24,2024
2024,24,Abu Dhabi Grand Prix,yas_marina,2024-12-08,albon,ALB,williams,11,18,Lapped,18.0,27.0,13.0,0.0,28.0,7.0,0.0,17.4,14.9,0.7,13.6,9.25,4,0.0,24,2024
2024,24,Abu Dhabi Grand Prix,yas_marina,2024-12-08,tsunoda,TSU,rb,12,11,Lapped,11.0,17.0,14.0,0.0,0.0,10.0,0.0,12.6,14.8,0.6,10.8,7.666666666666667,3,0.0,24,2024
2024,24,Abu Dhabi Grand Prix,yas_marina,2024-12-08,zhou,ZHO,sauber,13,15,Lapped,15.0,6.0,18.0,0.0,0.0,10.0,0.0,14.0,15.6,0.6,13.0,14.5,2,0.0,24,2024
2024,24,Abu Dhabi Grand Prix,yas_marina,2024-12-08,stroll,STR,aston_martin,14,13,Lapped,13.0,74.0,10.0,0.0,280.0,5.0,0.0,15.6,15.4,0.8,11.2,13.142857142857142,7,0.0,24,2024
2024,24,Abu Dhabi Grand Prix,yas_marina,2024-12-08,doohan,DOO,alpine,15,17,Lapped,17.0,0.0,20.0,0.0,120.0,6.0,0.0,11.0,11.0,0.1,9.2,11.0,0,0.0,24,2024
2024,24,Abu Dhabi Grand Prix,yas_marina,2024-12-08,kevin_magnussen,MAG,haas,16,14,Lapped,14.0,3.0,19.0,0.0,12.0,10.0,0.0,11.6,12.7,0.3,8.8,15.625,8,0.0,24,2024
2024,24,Abu Dhabi Grand Prix,yas_marina,2024-12-08,lawson,LAW,rb,17,12,Retired,12.0,2.0,20.0,0.0,0.0,10.0,0.0,12.8,12.5,0.3,10.8,11.0,0,0.0,24,2024
2024,24,Abu Dhabi Grand Prix,yas_marina,2024-12-08,bottas,BOT,sauber,18,9,Retired,9.0,10.0,15.0,0.0,0.0,10.0,0.0,14.6,15.5,0.7,13.0,9.454545454545455,11,0.2727272727272727,24,2024
2024,24,Abu Dhabi Grand Prix,yas_marina,2024-12-08,colapinto,COL,williams,19,20,Retired,20.0,0.0,20.0,0.0,28.0,7.0,0.0,14.4,12.875,0.5,13.6,11.0,0,0.0,24,2024
2024,24,Abu Dhabi Grand Prix,yas_marina,2024-12-08,perez,PER,red_bull,20,10,Retired,10.0,285.0,2.0,2.0,860.0,1.0,21.0,12.4,11.0,0.4,3.2,9.153846153846153,13,0.07692307692307693,24,2024
